media,desvio_padrao,maximo,minimo,rms,variancia,skewness,kurtosis,pico_a_pico,crest_factor,shape_factor,impulse_factor,margin_factor,energia,zero_crossings,mean_abs,peak_to_rms,mediana,amplitude,coeficiente_variacao
-0.0014845505709891,0.1850595819934684,0.5364420159680638,-0.5376602794411177,0.1850655364404596,0.0342470488875972,0.1662358124705052,0.7652872588536872,1.0741022954091817,2.9052425955823327,1.3184443752331534,3.830400758833293,4.602328278417554,4.178408838915402,54,0.1403665864991329,2.9052425955823327,-0.003451746506986,1.0741022954091817,-124.6569740431014
