media,desvio_padrao,maximo,minimo,rms,variancia,skewness,kurtosis,pico_a_pico,crest_factor,shape_factor,impulse_factor,margin_factor,energia,zero_crossings,mean_abs,peak_to_rms,mediana,amplitude,coeficiente_variacao
0.0046300669153496,0.0827978603686305,0.1997952095808383,-0.1924856287425149,0.0829272162879223,0.0068554856816232,-0.2628184703767172,-0.5394509398765153,0.3922808383233533,2.4092839302256515,1.212518932808334,2.9213023799094757,3.386988930793261,0.838984630554191,45,0.0683925125159517,2.4092839302256515,0.0093400199600798,0.3922808383233533,17.882648757005764
