media,desvio_padrao,maximo,minimo,rms,variancia,skewness,kurtosis,pico_a_pico,crest_factor,shape_factor,impulse_factor,margin_factor,energia,zero_crossings,mean_abs,peak_to_rms,mediana,amplitude,coeficiente_variacao
0.0017641520238212,0.1100354874027423,0.3025354291417165,-0.221317864271457,0.1100496284424542,0.012107808487959,0.3024904408383055,-0.5236183522970261,0.5238532934131737,2.749081786313478,1.2072572971387951,3.3188490469583005,3.830253917129218,1.477532327879311,58,0.0911567308006936,2.749081786313478,-0.0048730538922155,0.5238532934131737,62.37301883111071
