media,desvio_padrao,maximo,minimo,rms,variancia,skewness,kurtosis,pico_a_pico,crest_factor,shape_factor,impulse_factor,margin_factor,energia,zero_crossings,mean_abs,peak_to_rms,mediana,amplitude,coeficiente_variacao
0.0030123727953928,0.128558801458344,0.417864371257485,-0.2627388223552894,0.1285940893753066,0.0165273654324059,0.3450509642529434,0.542700878273322,0.6806031936127745,3.2494834971608397,1.3101779315118702,4.257401566792146,5.209827509727773,2.017445658316252,53,0.0981500957102188,3.2494834971608397,-0.0004060878243512,0.6806031936127745,42.676922874540736
