media,desvio_padrao,maximo,minimo,rms,variancia,skewness,kurtosis,pico_a_pico,crest_factor,shape_factor,impulse_factor,margin_factor,energia,zero_crossings,mean_abs,peak_to_rms,mediana,amplitude,coeficiente_variacao
0.0016771757298411,0.2440506491132973,0.5746142714570858,-0.5640559880239521,0.2440564120260939,0.0595607193326217,-0.0052890715855601,-0.3903492645484165,1.1386702594810378,2.354432185111569,1.2537275198681093,2.95181642413758,3.508673974165218,7.326314466879216,60,0.1946646365804975,2.354432185111569,-0.0032487025948103,1.1386702594810378,145.5128671200215
