media,desvio_padrao,maximo,minimo,rms,variancia,skewness,kurtosis,pico_a_pico,crest_factor,shape_factor,impulse_factor,margin_factor,energia,zero_crossings,mean_abs,peak_to_rms,mediana,amplitude,coeficiente_variacao
0.0037846053794051,0.0837105015280126,0.2164448103792415,-0.1855821357285429,0.0837960100717762,0.0070074480660714,0.2687268231063636,-0.4554410811788498,0.4020269461077844,2.582996615159166,1.219760461466304,3.150637143272445,3.639160004111075,0.8566560990818064,45,0.0686987426785772,2.582996615159166,0.0030456586826347,0.4020269461077844,22.11868692665932
