media,desvio_padrao,maximo,minimo,rms,variancia,skewness,kurtosis,pico_a_pico,crest_factor,shape_factor,impulse_factor,margin_factor,energia,zero_crossings,mean_abs,peak_to_rms,mediana,amplitude,coeficiente_variacao
0.0021558971487918,0.1029004682862466,0.3053780439121756,-0.2607083832335329,0.102923050217359,0.0105885063735288,0.3396731417923306,0.4037816499479629,0.5660864271457087,2.967052018641694,1.298986524607346,3.854160590024585,4.629190783972182,1.302957974723537,44,0.0792333471268844,2.967052018641694,-0.0060913173652694,0.5660864271457087,47.7297668601266
