media,desvio_padrao,maximo,minimo,rms,variancia,skewness,kurtosis,pico_a_pico,crest_factor,shape_factor,impulse_factor,margin_factor,energia,zero_crossings,mean_abs,peak_to_rms,mediana,amplitude,coeficiente_variacao
0.0025330560191093,0.0717861490737019,0.2050743512974051,-0.2582718562874251,0.0718308260541928,0.0051532511988317,-0.0353883235423683,0.7232968400692297,0.4633462075848302,3.5955573738296094,1.268737983721765,4.561820212828502,5.406094437718709,0.6294794437385807,44,0.056615965609764,3.5955573738296094,-0.0052791417165668,0.4633462075848302,28.33974003423088
