media,desvio_padrao,maximo,minimo,rms,variancia,skewness,kurtosis,pico_a_pico,crest_factor,shape_factor,impulse_factor,margin_factor,energia,zero_crossings,mean_abs,peak_to_rms,mediana,amplitude,coeficiente_variacao
0.0011489314054817,0.1021727498792458,0.2850736526946107,-0.2623327345309381,0.1021792095353131,0.0104392708178869,-0.0130524150774517,0.226175443461944,0.5474063872255489,2.789937933470598,1.2832355747578912,3.5801476075959857,4.300420233720185,1.2841926759351556,58,0.0796262288431267,2.789937933470598,0.0036547904191616,0.5474063872255489,88.92850294783916
