media,desvio_padrao,maximo,minimo,rms,variancia,skewness,kurtosis,pico_a_pico,crest_factor,shape_factor,impulse_factor,margin_factor,energia,zero_crossings,mean_abs,peak_to_rms,mediana,amplitude,coeficiente_variacao
-0.0016210227086809,0.0846872414866273,0.2339065868263473,-0.2363431137724551,0.084702754295456,0.0071719288706143,-0.1539531900923629,0.1280455102408146,0.4702497005988024,2.790264799985776,1.2526235380970083,3.4951513659857247,4.128736860903405,0.8752959033988412,49,0.0676202799319394,2.790264799985776,0.0026395708582834,0.4702497005988024,-52.243093840144994
