media,desvio_padrao,maximo,minimo,rms,variancia,skewness,kurtosis,pico_a_pico,crest_factor,shape_factor,impulse_factor,margin_factor,energia,zero_crossings,mean_abs,peak_to_rms,mediana,amplitude,coeficiente_variacao
-0.0008754188344622,0.1138528899704355,0.2838553892215569,-0.3748190618762475,0.1138562554836396,0.0129624805546201,-0.2058360470021839,0.1809264894892601,0.6586744510978044,3.2920374931011693,1.2392871365152391,4.079779718126154,4.78061924046608,1.5815161233562116,50,0.0918723773763947,3.2920374931011693,0.0056852295409181,0.6586744510978044,-130.05533521605838
