media,desvio_padrao,maximo,minimo,rms,variancia,skewness,kurtosis,pico_a_pico,crest_factor,shape_factor,impulse_factor,margin_factor,energia,zero_crossings,mean_abs,peak_to_rms,mediana,amplitude,coeficiente_variacao
0.0064341620038611,0.0786997719331406,0.3025354291417165,-0.2424344311377245,0.078962348895029,0.0061936541023283,0.0760332130152469,1.3966284386003762,0.544969860279441,3.831388419611241,1.2979411732830437,4.97291678065328,5.978112365168597,0.7606764102484751,55,0.0608366161120382,3.831388419611241,0.0064974051896207,0.544969860279441,12.23154963861853
