media,desvio_padrao,maximo,minimo,rms,variancia,skewness,kurtosis,pico_a_pico,crest_factor,shape_factor,impulse_factor,margin_factor,energia,zero_crossings,mean_abs,peak_to_rms,mediana,amplitude,coeficiente_variacao
0.0001188549729808,0.1697778152825687,0.5185741516966068,-0.4799958083832335,0.1697778568854803,0.028824506562122,-0.0536552981332965,0.9812726695351244,0.9985699600798404,3.054427480766228,1.3159332537392845,4.019422693075388,4.911197138444027,3.545416044701077,61,0.1290170731707317,3.054427480766228,-0.002842614770459,0.9985699600798404,1428.4451969030067
