media,desvio_padrao,maximo,minimo,rms,variancia,skewness,kurtosis,pico_a_pico,crest_factor,shape_factor,impulse_factor,margin_factor,energia,zero_crossings,mean_abs,peak_to_rms,mediana,amplitude,coeficiente_variacao
0.0036847477176793,0.1251854192243635,0.3208093812375249,-0.3589816367265469,0.1252396365058706,0.0156713891863796,-0.2126420767983522,0.0906198559059294,0.6797910179640718,2.866358021645325,1.2184800791088055,3.4926001489685548,3.987917526213432,1.9135659193589567,59,0.1027834912142927,2.866358021645325,0.0095430638722554,0.6797910179640718,33.97394579382589
