media,desvio_padrao,maximo,minimo,rms,variancia,skewness,kurtosis,pico_a_pico,crest_factor,shape_factor,impulse_factor,margin_factor,energia,zero_crossings,mean_abs,peak_to_rms,mediana,amplitude,coeficiente_variacao
0.0084046865285821,0.1964280924596327,0.7731912175648703,-0.6119743512974052,0.1966078184177164,0.03858399550733,0.258319862370293,2.6010823887215,1.3851655688622757,3.932657530038478,1.4090607993443365,5.5413535628235415,6.888810798495561,4.715865380082798,59,0.1395311107293609,3.932657530038478,0.014416117764471,1.3851655688622757,23.37125742782093
