media,desvio_padrao,maximo,minimo,rms,variancia,skewness,kurtosis,pico_a_pico,crest_factor,shape_factor,impulse_factor,margin_factor,energia,zero_crossings,mean_abs,peak_to_rms,mediana,amplitude,coeficiente_variacao
0.001238235005399,0.0905975168885999,0.2326883233532934,-0.1945160678642714,0.0906059782371381,0.0082079100663801,0.345689848609179,-0.1964208924402801,0.4272043912175648,2.5681343315370526,1.253016880694042,3.2179156693058366,3.7950003400602568,1.0015520816616668,55,0.0723102614443244,2.5681343315370526,-0.0062943612774451,0.4272043912175648,73.16665777786154
