media,desvio_padrao,maximo,minimo,rms,variancia,skewness,kurtosis,pico_a_pico,crest_factor,shape_factor,impulse_factor,margin_factor,energia,zero_crossings,mean_abs,peak_to_rms,mediana,amplitude,coeficiente_variacao
3.328588724192023e-06,0.0848094151890275,0.2237543912175648,-0.2387796407185628,0.0848094152543475,0.0071926369047048,0.0864690744971623,0.1593983517787141,0.4625340319361277,2.8154850496545825,1.253830573044642,3.5301412332070274,4.120750830704557,0.8775017037256923,49,0.0676402514642845,2.8154850496545825,-0.0012182634730538,0.4625340319361277,25479.091055208115
