media,desvio_padrao,maximo,minimo,rms,variancia,skewness,kurtosis,pico_a_pico,crest_factor,shape_factor,impulse_factor,margin_factor,energia,zero_crossings,mean_abs,peak_to_rms,mediana,amplitude,coeficiente_variacao
0.0038744772749582,0.0997988910677783,0.3943112774451098,-0.2383735528942115,0.0998740718730965,0.0099598186583582,0.7076573028262444,1.9050061193693215,0.6326848303393213,3.948084523339904,1.3164676229192205,5.197525447525447,6.199785522731413,1.2169292883665204,60,0.0758651942017604,3.948084523339904,-0.0071065369261477,0.6326848303393213,25.7580272086776
