media,desvio_padrao,maximo,minimo,rms,variancia,skewness,kurtosis,pico_a_pico,crest_factor,shape_factor,impulse_factor,margin_factor,energia,zero_crossings,mean_abs,peak_to_rms,mediana,amplitude,coeficiente_variacao
0.0088473888288995,0.0917975733086199,0.2270030938123752,-0.2237543912175648,0.0922229404998625,0.0084267944653514,-0.2050950006272922,-0.5155041863471492,0.4507574850299401,2.461460159283401,1.2182885782283135,2.998768797819013,3.514487152256624,1.0376186320418246,49,0.0756987647655508,2.461460159283401,0.0125887225548902,0.4507574850299401,10.375668469409582
