media,desvio_padrao,maximo,minimo,rms,variancia,skewness,kurtosis,pico_a_pico,crest_factor,shape_factor,impulse_factor,margin_factor,energia,zero_crossings,mean_abs,peak_to_rms,mediana,amplitude,coeficiente_variacao
-0.0008654330682896,0.0846085080911974,0.1876125748502994,-0.1835516966067864,0.0846129340929264,0.0071585996414182,0.1593682942045678,-0.6441770728858933,0.3711642714570858,2.2173037356706384,1.206572180864484,2.6753370039870896,3.098050090162801,0.8734405311292983,49,0.0701267072412551,2.2173037356706384,-0.0036547904191616,0.3711642714570858,-97.76435774335364
