media,desvio_padrao,maximo,minimo,rms,variancia,skewness,kurtosis,pico_a_pico,crest_factor,shape_factor,impulse_factor,margin_factor,energia,zero_crossings,mean_abs,peak_to_rms,mediana,amplitude,coeficiente_variacao
0.0019280917839118,0.0849475792902017,0.1924856287425149,-0.1770542914171656,0.0849694578374624,0.0072160912272651,-0.1395779472076056,-0.6280246144567729,0.3695399201596806,2.2653507935842034,1.202748453353396,2.7246471632862885,3.1082327500525078,0.8880364781186529,58,0.0706460753290167,2.2653507935842034,0.0117765469061876,0.3695399201596806,44.05785035702707
