media,desvio_padrao,maximo,minimo,rms,variancia,skewness,kurtosis,pico_a_pico,crest_factor,shape_factor,impulse_factor,margin_factor,energia,zero_crossings,mean_abs,peak_to_rms,mediana,amplitude,coeficiente_variacao
0.0057950729688164,0.0748639833920202,0.2038560878243513,-0.2075108782435129,0.0750879409761287,0.0056046160093206,0.3073447915912675,-0.007866633987775,0.4113669660678642,2.7635712944836643,1.2545738090523253,3.467104165508036,4.098689422817471,0.6878602633642196,48,0.0598513538496776,2.7635712944836643,-0.0020304391217564,0.4113669660678642,12.918557504774574
