media,desvio_padrao,maximo,minimo,rms,variancia,skewness,kurtosis,pico_a_pico,crest_factor,shape_factor,impulse_factor,margin_factor,energia,zero_crossings,mean_abs,peak_to_rms,mediana,amplitude,coeficiente_variacao
0.0033452316678119,0.1097838558783324,0.3411137724550898,-0.2948197604790419,0.1098348104492642,0.0120524950115144,0.0583361898462716,0.5112108332687062,0.6359335329341317,3.105698194040766,1.2935595703581118,4.017405621545337,4.889215866343808,1.4717696415439478,56,0.0849089697653872,3.105698194040766,0.0008121756487025,0.6359335329341317,32.818012855337145
