media,desvio_padrao,maximo,minimo,rms,variancia,skewness,kurtosis,pico_a_pico,crest_factor,shape_factor,impulse_factor,margin_factor,energia,zero_crossings,mean_abs,peak_to_rms,mediana,amplitude,coeficiente_variacao
-0.0025030987205916,0.0832825712829325,0.221317864271457,-0.2249726546906187,0.0833201787246149,0.0069359866794967,0.1313498264222724,0.1283412876780212,0.4462905189620758,2.7000980810925226,1.2836760658149269,3.466051282051282,4.182975413430887,0.8469547662896163,53,0.0649074801217237,2.7000980810925226,-0.0093400199600798,0.4462905189620758,-33.271788522687174
