media,desvio_padrao,maximo,minimo,rms,variancia,skewness,kurtosis,pico_a_pico,crest_factor,shape_factor,impulse_factor,margin_factor,energia,zero_crossings,mean_abs,peak_to_rms,mediana,amplitude,coeficiente_variacao
0.0023732837603481,0.0865733867306485,0.2006073852295409,-0.2160387225548902,0.086605910686405,0.0074949512900144,0.033199379780388,-0.2558455548343876,0.4166461077844311,2.4945032139567687,1.25822370173182,3.1386430678466075,3.781789778875281,0.9150712194302312,59,0.0688318862275449,2.4945032139567687,0.0036547904191616,0.4166461077844311,36.478312529281546
