media,desvio_padrao,maximo,minimo,rms,variancia,skewness,kurtosis,pico_a_pico,crest_factor,shape_factor,impulse_factor,margin_factor,energia,zero_crossings,mean_abs,peak_to_rms,mediana,amplitude,coeficiente_variacao
0.0072130517653218,0.1127931490906836,0.3195911177644711,-0.2737031936127744,0.1130235488628913,0.0127222944817931,0.1484795278296993,-0.2498867733595742,0.5932943113772455,2.8276507062450005,1.2213731946267177,3.453616776374951,3.95489730349296,1.5584673569026115,53,0.0925380951212329,2.8276507062450005,0.0113704590818363,0.5932943113772455,15.63736858689399
