media,desvio_padrao,maximo,minimo,rms,variancia,skewness,kurtosis,pico_a_pico,crest_factor,shape_factor,impulse_factor,margin_factor,energia,zero_crossings,mean_abs,peak_to_rms,mediana,amplitude,coeficiente_variacao
0.0050195117960799,0.1918946136455736,0.5307567864271456,-0.4389809381237525,0.1919602517315889,0.0368235427461839,0.101459614118701,-0.1063046799703153,0.969737724550898,2.764930664757013,1.268312342933115,3.5067956894655814,4.239836649481736,4.495546065872307,60,0.151350929288963,2.764930664757013,0.0067004491017964,0.969737724550898,38.22973656430796
