media,desvio_padrao,maximo,minimo,rms,variancia,skewness,kurtosis,pico_a_pico,crest_factor,shape_factor,impulse_factor,margin_factor,energia,zero_crossings,mean_abs,peak_to_rms,mediana,amplitude,coeficiente_variacao
0.0079220411635744,0.0689834792958773,0.1851760479041916,-0.1754299401197604,0.0694368717034552,0.0047587204157647,-0.0461487885728248,0.1897993942191229,0.360605988023952,2.6668259004383854,1.297633388204563,3.4605623289375465,4.250103242186484,0.5882204565393763,55,0.0535103923300939,2.6668259004383854,0.0036547904191616,0.360605988023952,8.707791069435872
