media,desvio_padrao,maximo,minimo,rms,variancia,skewness,kurtosis,pico_a_pico,crest_factor,shape_factor,impulse_factor,margin_factor,energia,zero_crossings,mean_abs,peak_to_rms,mediana,amplitude,coeficiente_variacao
0.0010651483917411,0.0858590540695648,0.2071047904191617,-0.2087291417165668,0.0858656608127887,0.0073717771657204,-0.1701743327034495,-0.4282934077214655,0.4158339321357285,2.430880281369463,1.2430809761849222,3.0217810331534305,3.635267454743728,0.8994952282316605,49,0.0690748732044108,2.430880281369463,0.0016243512974051,0.4158339321357285,80.60759865507403
