media,desvio_padrao,maximo,minimo,rms,variancia,skewness,kurtosis,pico_a_pico,crest_factor,shape_factor,impulse_factor,margin_factor,energia,zero_crossings,mean_abs,peak_to_rms,mediana,amplitude,coeficiente_variacao
9.652907300153712e-05,0.1267946574785788,0.3394894211576846,-0.3679155688622754,0.1267946942224794,0.0160768851651101,-0.1200103789145504,0.1348974613260227,0.70740499001996,2.9016637574496205,1.276177716405867,3.703038627759724,4.469014374953811,1.961381126922592,61,0.099355044828376,2.9016637574496205,0.0004060878243512,0.70740499001996,1313.538538555734
