media,desvio_padrao,maximo,minimo,rms,variancia,skewness,kurtosis,pico_a_pico,crest_factor,shape_factor,impulse_factor,margin_factor,energia,zero_crossings,mean_abs,peak_to_rms,mediana,amplitude,coeficiente_variacao
-0.0022467973888289,0.0867632266703356,0.2416222554890219,-0.199389121756487,0.0867923130280239,0.007527857502248,0.38485874315036,-0.1868822053942738,0.441011377245509,2.783913080078944,1.2339599801532692,3.4352373290426392,3.9956612219127288,0.9190144832920486,50,0.0703364083308792,2.783913080078944,-0.0127917664670658,0.441011377245509,-38.61639999304048
