media,desvio_padrao,maximo,minimo,rms,variancia,skewness,kurtosis,pico_a_pico,crest_factor,shape_factor,impulse_factor,margin_factor,energia,zero_crossings,mean_abs,peak_to_rms,mediana,amplitude,coeficiente_variacao
0.0031222162232911,0.1576376208365945,0.4808079840319361,-0.4247678642714571,0.1576685375627202,0.0248496195030219,-0.2265335711410724,0.869049103828559,0.9055758483033932,3.049485911801976,1.3474422267695123,4.109006087500712,5.0943143549022105,3.0328428639343663,57,0.117013208010209,3.049485911801976,0.0111674151696606,0.9055758483033932,50.48901471353884
