media,desvio_padrao,maximo,minimo,rms,variancia,skewness,kurtosis,pico_a_pico,crest_factor,shape_factor,impulse_factor,margin_factor,energia,zero_crossings,mean_abs,peak_to_rms,mediana,amplitude,coeficiente_variacao
0.0043150958246109,0.0964631223119152,0.2883223552894212,-0.3488294411177644,0.0965595879140911,0.0093051339661635,-0.312868248909854,1.8725422149415596,0.6371517964071856,3.6125821231560895,1.324170217065272,4.78367365418572,5.761204828484384,1.1468217442311086,52,0.0729208274507894,3.6125821231560895,-0.0012182634730538,0.6371517964071856,22.35480421123962
