media,desvio_padrao,maximo,minimo,rms,variancia,skewness,kurtosis,pico_a_pico,crest_factor,shape_factor,impulse_factor,margin_factor,energia,zero_crossings,mean_abs,peak_to_rms,mediana,amplitude,coeficiente_variacao
-6.324318575962825e-05,0.115911789251327,0.323651996007984,-0.2789823353293413,0.1159118065045343,0.013435542887444,0.2565383274703508,0.1011399674409658,0.6026343313373255,2.7922263121257034,1.282760841460811,3.581758573691384,4.331710855839171,1.6391367202316427,55,0.090361198095612,2.7922263121257034,-0.0010152195608782,0.6026343313373255,-1832.7949147261368
