media,desvio_padrao,maximo,minimo,rms,variancia,skewness,kurtosis,pico_a_pico,crest_factor,shape_factor,impulse_factor,margin_factor,energia,zero_crossings,mean_abs,peak_to_rms,mediana,amplitude,coeficiente_variacao
0.0067337349890383,0.0981012107283519,0.286698003992016,-0.210353493013972,0.0983320432680574,0.0096238475463685,0.0067528408388779,-0.3629924581657904,0.497051497005988,2.91561117275337,1.209781812211888,3.5272533682788,4.04440564119691,1.179641269459076,60,0.0812808080560191,2.91561117275337,0.0099491516966067,0.497051497005988,14.568617697020825
