media,desvio_padrao,maximo,minimo,rms,variancia,skewness,kurtosis,pico_a_pico,crest_factor,shape_factor,impulse_factor,margin_factor,energia,zero_crossings,mean_abs,peak_to_rms,mediana,amplitude,coeficiente_variacao
0.0036880763064035,0.0994664419271439,0.233500499001996,-0.2501500998003992,0.0995347927937148,0.0098935730696458,0.1935465369796999,-0.4007643273445955,0.4836505988023952,2.513192550858407,1.2330117620837353,3.098795975589642,3.6135870833703874,1.2086753471315057,50,0.0807249337390792,2.513192550858407,-0.0077156686626746,0.4836505988023952,26.96973534805687
