media,desvio_padrao,maximo,minimo,rms,variancia,skewness,kurtosis,pico_a_pico,crest_factor,shape_factor,impulse_factor,margin_factor,energia,zero_crossings,mean_abs,peak_to_rms,mediana,amplitude,coeficiente_variacao
0.0033751889663296,0.1422027612244955,0.464158383233533,-0.4462905189620758,0.1422428107161459,0.0202216252998708,0.1413007351049391,1.6333090325108977,0.9104489021956088,3.263141250490255,1.3164213413425068,4.295668781960446,5.099494899889715,2.4684280984523768,50,0.108052647164687,3.263141250490255,0.0030456586826347,0.9104489021956088,42.13179251386763
