media,desvio_padrao,maximo,minimo,rms,variancia,skewness,kurtosis,pico_a_pico,crest_factor,shape_factor,impulse_factor,margin_factor,energia,zero_crossings,mean_abs,peak_to_rms,mediana,amplitude,coeficiente_variacao
0.0053090990150845,0.0843712719426207,0.2672057884231537,-0.1941099800399201,0.084538145600478,0.0071185115292156,0.2522509723513365,0.3251292594045472,0.4613157684630738,3.160771821113173,1.2727433814784226,4.022851415685292,4.758631520443552,0.8718971635112509,49,0.0664219879912306,3.160771821113173,0.0054821856287425,0.4613157684630738,15.89182490341566
