media,desvio_padrao,maximo,minimo,rms,variancia,skewness,kurtosis,pico_a_pico,crest_factor,shape_factor,impulse_factor,margin_factor,energia,zero_crossings,mean_abs,peak_to_rms,mediana,amplitude,coeficiente_variacao
0.0031022446909459,0.1059270901302734,0.2249726546906187,-0.3610120758483034,0.1059725074988299,0.011220548423467,-0.6708351369649213,1.1950864816000806,0.5859847305389222,3.4066578622034527,1.293663900188926,4.407070296627388,5.202296596503439,1.3700810261619278,59,0.0819165685023395,3.4066578622034527,0.0105582834331337,0.5859847305389222,34.14530466904361
