media,desvio_padrao,maximo,minimo,rms,variancia,skewness,kurtosis,pico_a_pico,crest_factor,shape_factor,impulse_factor,margin_factor,energia,zero_crossings,mean_abs,peak_to_rms,mediana,amplitude,coeficiente_variacao
0.0105649406105821,0.0744379446057305,0.1770542914171656,-0.1758360279441117,0.075183944876755,0.0055410075971258,0.0253269577123509,-0.5067706518754225,0.3528903193612774,2.354948143614985,1.2265059667833005,2.888357949609036,3.373560405593637,0.6896203192021746,45,0.0612992899447007,2.354948143614985,0.0067004491017964,0.3528903193612774,7.0457513534124
