media,desvio_padrao,maximo,minimo,rms,variancia,skewness,kurtosis,pico_a_pico,crest_factor,shape_factor,impulse_factor,margin_factor,energia,zero_crossings,mean_abs,peak_to_rms,mediana,amplitude,coeficiente_variacao
0.0053423849023264,0.1010949457247895,0.2339065868263473,-0.2314700598802395,0.1012360070703242,0.0102201880510981,0.0021129260410325,-0.3893396916150702,0.4653766467065868,2.3105078281471783,1.224153472176768,2.8284161803179715,3.2619797242924866,1.2503449535602151,56,0.0826987868525244,2.3105078281471783,0.0052791417165668,0.4653766467065868,18.923186474408627
