media,desvio_padrao,maximo,minimo,rms,variancia,skewness,kurtosis,pico_a_pico,crest_factor,shape_factor,impulse_factor,margin_factor,energia,zero_crossings,mean_abs,peak_to_rms,mediana,amplitude,coeficiente_variacao
-0.0005092740748012,0.1013130594467808,0.2538048902195609,-0.2229422155688623,0.101314339432038,0.0102643360144669,0.2050957527171937,-0.3753900996547403,0.4767471057884231,2.505123081711587,1.209522202324824,3.030001986886549,3.4565908170750435,1.2522806356951264,50,0.0837639352442655,2.505123081711587,-0.0020304391217564,0.4767471057884231,-198.93622012140764
