media,desvio_padrao,maximo,minimo,rms,variancia,skewness,kurtosis,pico_a_pico,crest_factor,shape_factor,impulse_factor,margin_factor,energia,zero_crossings,mean_abs,peak_to_rms,mediana,amplitude,coeficiente_variacao
0.0048530823598704,0.3437029196649301,0.9555246506986028,-0.8665914171656687,0.3437371806985522,0.1181316969861974,0.1223745724936929,0.1059203644663813,1.8221160678642716,2.7798117409258998,1.2685880829448168,3.5264360473686804,4.209862156544469,14.414940426139871,62,0.270960436504041,2.7798117409258998,-0.0083248003992015,1.8221160678642716,70.82157156593303
