media,desvio_padrao,maximo,minimo,rms,variancia,skewness,kurtosis,pico_a_pico,crest_factor,shape_factor,impulse_factor,margin_factor,energia,zero_crossings,mean_abs,peak_to_rms,mediana,amplitude,coeficiente_variacao
0.0084346438270999,0.1280788230985836,0.3886260479041916,-0.3504537924151696,0.1283562547864666,0.0164041849263182,0.1742321022749718,0.456379043136311,0.7390798403193612,3.027714142569131,1.3002145993047556,3.936678130689865,4.754729846410134,2.009990033422616,59,0.0987192843820555,3.027714142569131,0.0079187125748502,0.7390798403193612,15.184852582283993
