media,desvio_padrao,maximo,minimo,rms,variancia,skewness,kurtosis,pico_a_pico,crest_factor,shape_factor,impulse_factor,margin_factor,energia,zero_crossings,mean_abs,peak_to_rms,mediana,amplitude,coeficiente_variacao
0.0048098107064559,0.0872096341988859,0.221317864271457,-0.2513683632734531,0.0873421695181396,0.0076055202971034,-0.0825162457916947,-0.0726862574494724,0.4726862275449102,2.8779725149974418,1.2435429799159907,3.578882517416237,4.258714072376093,0.9306958582885227,51,0.0702365506691534,2.8779725149974418,0.0089339321357285,0.4726862275449102,18.131614635442784
