media,desvio_padrao,maximo,minimo,rms,variancia,skewness,kurtosis,pico_a_pico,crest_factor,shape_factor,impulse_factor,margin_factor,energia,zero_crossings,mean_abs,peak_to_rms,mediana,amplitude,coeficiente_variacao
0.0026528852131801,0.0838856928077181,0.1973586826347305,-0.2209117764471058,0.0839276310745463,0.0070368094578308,0.0100306971027788,-0.42862171489744,0.4182704590818363,2.6321698065192285,1.2250001821535852,3.2244084924452223,3.749581478919783,0.859349365449789,58,0.0685123417100225,2.6321698065192285,-0.0093400199600798,0.4182704590818363,31.62055123642476
