media,desvio_padrao,maximo,minimo,rms,variancia,skewness,kurtosis,pico_a_pico,crest_factor,shape_factor,impulse_factor,margin_factor,energia,zero_crossings,mean_abs,peak_to_rms,mediana,amplitude,coeficiente_variacao
0.0065440054317594,0.23059257602577,0.583142115768463,-0.5372541916167665,0.2306854137679524,0.0531729361182005,0.0140276657825154,-0.4456581791315601,1.1203963073852294,2.527867307445144,1.208907874567423,3.055958693831984,3.494102876103712,6.492322735285556,60,0.1908213343804195,2.527867307445144,0.015025249500998,1.1203963073852294,35.23722258949477
