media,desvio_padrao,maximo,minimo,rms,variancia,skewness,kurtosis,pico_a_pico,crest_factor,shape_factor,impulse_factor,margin_factor,energia,zero_crossings,mean_abs,peak_to_rms,mediana,amplitude,coeficiente_variacao
0.0035948758221262,0.4116401701317803,1.228821756487026,-1.4054699600798404,0.4116558669547873,0.169447629666121,-0.1391244289207249,1.9779669902702048,2.6342917165668664,3.414186637194715,1.3859069636344503,4.731745035635842,5.833295588784757,20.674187441392306,62,0.2970299433919047,3.414186637194715,0.0209135229540918,2.6342917165668664,114.50747967375094
