media,desvio_padrao,maximo,minimo,rms,variancia,skewness,kurtosis,pico_a_pico,crest_factor,shape_factor,impulse_factor,margin_factor,energia,zero_crossings,mean_abs,peak_to_rms,mediana,amplitude,coeficiente_variacao
0.0053224133699813,0.094801184841533,0.1977647704590818,-0.2233483033932135,0.0949504751512042,0.0089872646473585,-0.3061647767553959,-0.4865164453423531,0.4211130738522954,2.352261039637154,1.2271776984026843,2.886642288664228,3.414143247917356,1.0999023132356145,47,0.0773730448938189,2.352261039637154,0.0050760978043912,0.4211130738522954,17.811691473686725
