media,desvio_padrao,maximo,minimo,rms,variancia,skewness,kurtosis,pico_a_pico,crest_factor,shape_factor,impulse_factor,margin_factor,energia,zero_crossings,mean_abs,peak_to_rms,mediana,amplitude,coeficiente_variacao
0.0010318625044991,0.1010881549342944,0.2672057884231537,-0.2257848303393213,0.1010934211917278,0.0102188150680199,0.0576358469690722,-0.3713624746323609,0.4929906187624751,2.643157044971173,1.2315001329811526,3.2550482523720703,3.800641461943085,1.246825336606268,58,0.0820896551159975,2.643157044971173,0.0024365269461077,0.4929906187624751,97.96669080766394
