media,desvio_padrao,maximo,minimo,rms,variancia,skewness,kurtosis,pico_a_pico,crest_factor,shape_factor,impulse_factor,margin_factor,energia,zero_crossings,mean_abs,peak_to_rms,mediana,amplitude,coeficiente_variacao
0.0059082449854389,0.0959811448085396,0.2505561876247504,-0.2481196606786427,0.0961628177497197,0.0092123801587578,-0.0058314771219387,0.2746415469641827,0.4986758483033932,2.6055412423216007,1.3279690556241697,3.4600781429556418,4.332435352199392,1.1281690771430295,52,0.0724134476947743,2.6055412423216007,0.0052791417165668,0.4986758483033932,16.245288583172826
