media,desvio_padrao,maximo,minimo,rms,variancia,skewness,kurtosis,pico_a_pico,crest_factor,shape_factor,impulse_factor,margin_factor,energia,zero_crossings,mean_abs,peak_to_rms,mediana,amplitude,coeficiente_variacao
0.0035349612250908,0.1531608082807535,0.4280165668662674,-0.391874750499002,0.1532015964149088,0.0234582331932137,-0.0204444733373216,0.4152252384334591,0.8198913173652694,2.7938127074543644,1.3045915965569077,3.6447845804988654,4.41256572083307,2.863428955577348,55,0.1174326101894571,2.7938127074543644,0.0018273952095808,0.8198913173652694,43.32743657656934
