media,desvio_padrao,maximo,minimo,rms,variancia,skewness,kurtosis,pico_a_pico,crest_factor,shape_factor,impulse_factor,margin_factor,energia,zero_crossings,mean_abs,peak_to_rms,mediana,amplitude,coeficiente_variacao
0.0053979966895477,0.0745778563233293,0.2136021956087824,-0.2026378243512974,0.074772956488583,0.0055618566537831,0.0177137508633988,0.3083403757699208,0.4162400199600798,2.856677141573199,1.2773104524738432,3.648863572274548,4.335846747490239,0.6876923877113538,52,0.0585393757201045,2.856677141573199,0.0064974051896207,0.4162400199600798,13.815839581327683
