media,desvio_padrao,maximo,minimo,rms,variancia,skewness,kurtosis,pico_a_pico,crest_factor,shape_factor,impulse_factor,margin_factor,energia,zero_crossings,mean_abs,peak_to_rms,mediana,amplitude,coeficiente_variacao
0.0037280193710938,0.1234783536291612,0.3025354291417165,-0.2879162674650698,0.1235346184006711,0.0152469038149681,0.2378627838018134,-0.5192389190326274,0.5904516966067863,2.448993108640005,1.2034115377898922,2.947146562905317,3.395132466879833,1.861817837094733,56,0.1026536762540492,2.448993108640005,-0.0060913173652694,0.5904516966067863,33.12170386950807
