media,desvio_padrao,maximo,minimo,rms,variancia,skewness,kurtosis,pico_a_pico,crest_factor,shape_factor,impulse_factor,margin_factor,energia,zero_crossings,mean_abs,peak_to_rms,mediana,amplitude,coeficiente_variacao
-0.0008754188344622,0.1459237808111861,0.4312652694610778,-0.4527879241516966,0.1459264066725649,0.021293749806231,0.0267612671504797,0.8299974870257047,0.8840531936127745,3.1028511869526043,1.3098002318951385,4.064115204206627,4.917464834307971,2.597930972052751,55,0.1114111931873956,3.1028511869526043,-0.0093400199600798,0.8840531936127745,-166.69024593334
