media,desvio_padrao,maximo,minimo,rms,variancia,skewness,kurtosis,pico_a_pico,crest_factor,shape_factor,impulse_factor,margin_factor,energia,zero_crossings,mean_abs,peak_to_rms,mediana,amplitude,coeficiente_variacao
0.0048397680049736,0.1061352992614393,0.2347187624750498,-0.267611876247505,0.1062455886315156,0.0112647017493152,0.0909570058336777,-0.1242768615347875,0.5023306387225549,2.518804589390013,1.2584414800253698,3.169768175366662,3.729273229286924,1.3771512626461846,55,0.0844263244003795,2.518804589390013,-0.0170556886227544,0.5023306387225549,21.9298319986346
