media,desvio_padrao,maximo,minimo,rms,variancia,skewness,kurtosis,pico_a_pico,crest_factor,shape_factor,impulse_factor,margin_factor,energia,zero_crossings,mean_abs,peak_to_rms,mediana,amplitude,coeficiente_variacao
0.003381846143778,0.1122076597892777,0.3204032934131736,-0.3610120758483034,0.1122586112453137,0.0125905589153863,-0.2293785965305581,0.5213060480086149,0.681415369261477,3.2158965075685795,1.259263228782273,4.049660219550445,4.752203538988632,1.5374434874446317,51,0.0891462632112823,3.2158965075685795,0.0046700099800399,0.681415369261477,33.179410008264135
