media,desvio_padrao,maximo,minimo,rms,variancia,skewness,kurtosis,pico_a_pico,crest_factor,shape_factor,impulse_factor,margin_factor,energia,zero_crossings,mean_abs,peak_to_rms,mediana,amplitude,coeficiente_variacao
0.0061578891397532,0.0844540141797174,0.1932978043912175,-0.233500499001996,0.0846782150834877,0.0071324805110679,0.0437651833646696,-0.3480111190157506,0.4267983033932135,2.757503789750152,1.2196603183098405,3.3632179499472623,3.8806631792736814,0.8747888133865004,50,0.069427703609175,2.757503789750152,0.0060913173652694,0.4267983033932135,13.714766905190046
