media,desvio_padrao,maximo,minimo,rms,variancia,skewness,kurtosis,pico_a_pico,crest_factor,shape_factor,impulse_factor,margin_factor,energia,zero_crossings,mean_abs,peak_to_rms,mediana,amplitude,coeficiente_variacao
0.0002296726219691,0.0801059814485101,0.188424750499002,-0.1811151696606786,0.0801063106961139,0.006416968263829,0.0131960014035675,-0.4602706938060326,0.3695399201596806,2.352183602785028,1.2146645409257992,2.8571140160500685,3.3011667658891697,0.7828765636277645,44,0.0659493283923955,2.352183602785028,-0.003451746506986,0.3695399201596806,348.78332803314964
