media,desvio_padrao,maximo,minimo,rms,variancia,skewness,kurtosis,pico_a_pico,crest_factor,shape_factor,impulse_factor,margin_factor,energia,zero_crossings,mean_abs,peak_to_rms,mediana,amplitude,coeficiente_variacao
0.0060483975139152,0.2407844641567517,0.6286239520958085,-0.5957308383233533,0.2408604186904531,0.057977158179254,-0.0207902160861393,0.0539211322430159,1.2243547904191616,2.6099097374056206,1.2660392742887705,3.3042482299042075,3.915175425546854,7.135690178884069,64,0.1902471934180419,2.6099097374056206,-0.0048730538922155,1.2243547904191616,39.80962950976527
