media,desvio_padrao,maximo,minimo,rms,variancia,skewness,kurtosis,pico_a_pico,crest_factor,shape_factor,impulse_factor,margin_factor,energia,zero_crossings,mean_abs,peak_to_rms,mediana,amplitude,coeficiente_variacao
0.0066405345047609,0.1359415246514053,0.436950499001996,-0.4507574850299401,0.1361036179646139,0.0184800981245486,-0.0111916917762485,1.5135706212810014,0.8877079840319362,3.311869969151989,1.3547124704019389,4.486631547559884,5.57269078999602,2.2599517684130244,54,0.1004667934622558,3.311869969151989,0.0014213073852295,0.8877079840319362,20.471473275824604
