media,desvio_padrao,maximo,minimo,rms,variancia,skewness,kurtosis,pico_a_pico,crest_factor,shape_factor,impulse_factor,margin_factor,energia,zero_crossings,mean_abs,peak_to_rms,mediana,amplitude,coeficiente_variacao
0.0044303515918981,0.090189527917703,0.221317864271457,-0.2062926147704591,0.0902982777313386,0.0081341509460181,-0.0223306834069725,-0.21468685695501,0.4276104790419162,2.450964401889662,1.262065456361569,3.093277506396836,3.673228084051325,0.9947610332720088,51,0.0715480146264847,2.450964401889662,0.0079187125748502,0.4276104790419162,20.357194242243335
