media,desvio_padrao,maximo,minimo,rms,variancia,skewness,kurtosis,pico_a_pico,crest_factor,shape_factor,impulse_factor,margin_factor,energia,zero_crossings,mean_abs,peak_to_rms,mediana,amplitude,coeficiente_variacao
0.0023308780812359,0.1131027430993895,0.4129913173652694,-0.2708605788423153,0.1131267585022928,0.0127922304966065,0.3124850892303479,1.0344529664643631,0.6838518962075848,3.650695227485891,1.2929205450909538,4.720058863482001,5.573354324160587,1.5741126091760391,51,0.0874970692760819,3.650695227485891,-0.002842614770459,0.6838518962075848,48.52366325372925
