media,desvio_padrao,maximo,minimo,rms,variancia,skewness,kurtosis,pico_a_pico,crest_factor,shape_factor,impulse_factor,margin_factor,energia,zero_crossings,mean_abs,peak_to_rms,mediana,amplitude,coeficiente_variacao
0.0063092181490677,0.0791541000813459,0.2330944111776447,-0.1673081836327345,0.0794051496651209,0.0062653715596877,0.2056507185255756,-0.1982001261883907,0.4004025948103792,2.9355074848505995,1.2304208981284914,3.611909755972784,4.215685171729916,0.7755368685808522,54,0.0645349488015838,2.9355074848505995,0.0052791417165668,0.4004025948103792,12.545785897899604
