media,desvio_padrao,maximo,minimo,rms,variancia,skewness,kurtosis,pico_a_pico,crest_factor,shape_factor,impulse_factor,margin_factor,energia,zero_crossings,mean_abs,peak_to_rms,mediana,amplitude,coeficiente_variacao
0.0027494142861817,0.1188009376537458,0.304565868263473,-0.2822310379241516,0.1188327482907227,0.0141136627874092,0.1590581032224676,-0.316605412118121,0.5867969061876247,2.5629792514632137,1.2242178232743852,3.137644880323709,3.651151614035412,1.7227890920918043,57,0.0970683043748568,2.5629792514632137,0.0004060878243512,0.5867969061876247,43.20954402936897
