media,desvio_padrao,maximo,minimo,rms,variancia,skewness,kurtosis,pico_a_pico,crest_factor,shape_factor,impulse_factor,margin_factor,energia,zero_crossings,mean_abs,peak_to_rms,mediana,amplitude,coeficiente_variacao
0.000139800726416,0.1376326605824828,0.4349200598802395,-0.3699460079840319,0.1376327315839369,0.0189427492590129,0.3596767311742617,0.6749828088726333,0.8048660678642714,3.160004563413017,1.2925499989011668,4.084463894967177,4.9091191953254665,2.3110177939972347,57,0.1064815532868688,3.160004563413017,-0.0079187125748502,0.8048660678642714,984.4917412869164
