media,desvio_padrao,maximo,minimo,rms,variancia,skewness,kurtosis,pico_a_pico,crest_factor,shape_factor,impulse_factor,margin_factor,energia,zero_crossings,mean_abs,peak_to_rms,mediana,amplitude,coeficiente_variacao
0.005195926998462,0.0732713090610058,0.2014195608782435,-0.1539072854291417,0.0734553087862734,0.0053686847315134,0.1843089365711038,-0.2661790684860063,0.3553268463073852,2.742069486962427,1.2420782265847177,3.405864805538358,3.999565992655981,0.6582732514441876,50,0.0591390358627008,2.742069486962427,0.0006091317365269,0.3553268463073852,14.101681775493171
