media,desvio_padrao,maximo,minimo,rms,variancia,skewness,kurtosis,pico_a_pico,crest_factor,shape_factor,impulse_factor,margin_factor,energia,zero_crossings,mean_abs,peak_to_rms,mediana,amplitude,coeficiente_variacao
0.0017708092012695,0.1010503054329423,0.2237543912175648,-0.3459868263473054,0.1010658201041194,0.0102111642280909,-0.295421787048586,0.6565751904975414,0.5697412175648703,3.423381178630569,1.2609204381405772,4.316611295681063,5.035573797193439,1.246144599184824,57,0.0801524164785183,3.423381178630569,-0.0030456586826347,0.5697412175648703,57.06447953878581
