media,desvio_padrao,maximo,minimo,rms,variancia,skewness,kurtosis,pico_a_pico,crest_factor,shape_factor,impulse_factor,margin_factor,energia,zero_crossings,mean_abs,peak_to_rms,mediana,amplitude,coeficiente_variacao
-0.0005359027845947,0.1277029041855871,0.3057841317365269,-0.3260885229540918,0.1277040286335078,0.0163080317374332,-0.0826796411501161,-0.1213057686905498,0.6318726546906188,2.5534709158621687,1.2411703870164643,3.1692924848759336,3.694666645670556,1.989614909365789,51,0.1028900060534668,2.5534709158621687,-0.0140100299401197,0.6318726546906188,-238.29490694316468
