media,desvio_padrao,maximo,minimo,rms,variancia,skewness,kurtosis,pico_a_pico,crest_factor,shape_factor,impulse_factor,margin_factor,energia,zero_crossings,mean_abs,peak_to_rms,mediana,amplitude,coeficiente_variacao
0.0025197416642125,0.1083497494994162,0.3053780439121756,-0.2517744510978044,0.1083790446287501,0.0117396682165862,0.153659267456024,0.4215310541906705,0.55715249500998,2.817685327991595,1.297575372193169,3.656159088191926,4.39111303098128,1.433014112386156,50,0.0835242768561238,2.817685327991595,0.0113704590818363,0.55715249500998,43.00034048660157
