media,desvio_padrao,maximo,minimo,rms,variancia,skewness,kurtosis,pico_a_pico,crest_factor,shape_factor,impulse_factor,margin_factor,energia,zero_crossings,mean_abs,peak_to_rms,mediana,amplitude,coeficiente_variacao
0.0036914048951277,0.074527123611248,0.2131961077844311,-0.1855821357285429,0.0746184871453852,0.0055542921537662,0.0529368075854832,-0.2702297870442902,0.398778243512974,2.857148622821096,1.2203960347247602,3.4868528499101745,4.053173974312408,0.6792860721116549,46,0.0611428462746637,2.857148622821096,-0.0024365269461077,0.398778243512974,20.18936576413364
