media,desvio_padrao,maximo,minimo,rms,variancia,skewness,kurtosis,pico_a_pico,crest_factor,shape_factor,impulse_factor,margin_factor,energia,zero_crossings,mean_abs,peak_to_rms,mediana,amplitude,coeficiente_variacao
0.0055853718791924,0.0811955983979714,0.2127900199600798,-0.214414371257485,0.0813874780186334,0.0065927251992046,-0.09619983715036,0.1544415636877896,0.4272043912175649,2.6344884554402275,1.273624679829487,3.35534951557454,4.012237083809102,0.8081184325444918,55,0.063902246327018,2.6344884554402275,0.0056852295409181,0.4272043912175649,14.53718752379854
