media,desvio_padrao,maximo,minimo,rms,variancia,skewness,kurtosis,pico_a_pico,crest_factor,shape_factor,impulse_factor,margin_factor,energia,zero_crossings,mean_abs,peak_to_rms,mediana,amplitude,coeficiente_variacao
-0.0034284463859166,0.101479102103907,0.2651753493013972,-0.3451746506986027,0.1015370001941966,0.0102980081638151,-0.1374243653458364,1.1637205205249188,0.61035,3.3994962431274507,1.320199067996409,4.488011771834154,5.509973297288039,1.2577910138292276,48,0.0769103710611563,3.3994962431274507,0.0018273952095808,0.61035,-29.599150950926617
