media,desvio_padrao,maximo,minimo,rms,variancia,skewness,kurtosis,pico_a_pico,crest_factor,shape_factor,impulse_factor,margin_factor,energia,zero_crossings,mean_abs,peak_to_rms,mediana,amplitude,coeficiente_variacao
0.0010951056902588,0.2022498149642125,0.5396907185628743,-0.5697412175648703,0.2022527797325194,0.0409049876530582,-0.0336972988095203,1.3506633960312984,1.1094319361277445,2.8169759561196464,1.4633413279445393,4.122197336415962,5.557245554768559,4.990554802962787,60,0.1382129895945813,2.8169759561196464,-0.0058882734530938,1.1094319361277445,184.6852014040859
