media,desvio_padrao,maximo,minimo,rms,variancia,skewness,kurtosis,pico_a_pico,crest_factor,shape_factor,impulse_factor,margin_factor,energia,zero_crossings,mean_abs,peak_to_rms,mediana,amplitude,coeficiente_variacao
0.0064541335362062,0.112369727944164,0.3252763473053892,-0.327712874251497,0.112554927026535,0.0126269557582454,-0.2515865782181838,0.7461306108325649,0.6529892215568862,2.9115817753072526,1.294438205382349,3.7688626880526734,4.527032968841834,1.5455706149497312,59,0.0869527232420405,2.9115817753072526,0.0,0.6529892215568862,17.410505579686944
