media,desvio_padrao,maximo,minimo,rms,variancia,skewness,kurtosis,pico_a_pico,crest_factor,shape_factor,impulse_factor,margin_factor,energia,zero_crossings,mean_abs,peak_to_rms,mediana,amplitude,coeficiente_variacao
0.0050361547397009,0.0701114540008643,0.1689325349301397,-0.1660899201596806,0.0702920965448999,0.0049156159821153,-0.0045718710979361,-0.4211804533083483,0.3350224550898203,2.403293445974143,1.2275584209408494,2.950183107597512,3.45164407596601,0.6027994180746591,42,0.0572617118222571,2.403293445974143,-0.0002030439121756,0.3350224550898203,13.921624259906674
