media,desvio_padrao,maximo,minimo,rms,variancia,skewness,kurtosis,pico_a_pico,crest_factor,shape_factor,impulse_factor,margin_factor,energia,zero_crossings,mean_abs,peak_to_rms,mediana,amplitude,coeficiente_variacao
-0.0018606810968227,0.0787294766564098,0.2026378243512974,-0.2513683632734531,0.0787514611212786,0.0061983304945921,-0.4189721724782241,1.002979210727137,0.4540061876247505,3.191919993539439,1.3038916677543275,4.161917883714523,4.937729670795901,0.7566187007058239,50,0.060397242400445,3.191919993539439,0.0022334830339321,0.4540061876247505,-42.312181701016016
