media,desvio_padrao,maximo,minimo,rms,variancia,skewness,kurtosis,pico_a_pico,crest_factor,shape_factor,impulse_factor,margin_factor,energia,zero_crossings,mean_abs,peak_to_rms,mediana,amplitude,coeficiente_variacao
0.0027460856974575,0.0904125340475486,0.2440587824351297,-0.240403992015968,0.0904542276488883,0.0081744263128991,0.2275002762939793,-0.0278620891030652,0.4844627744510978,2.698146773000821,1.240921898150855,3.3481894150417832,3.9001985810452906,0.998200010545944,56,0.0728927644710578,2.698146773000821,-0.0071065369261477,0.4844627744510978,32.92414877338192
