media,desvio_padrao,maximo,minimo,rms,variancia,skewness,kurtosis,pico_a_pico,crest_factor,shape_factor,impulse_factor,margin_factor,energia,zero_crossings,mean_abs,peak_to_rms,mediana,amplitude,coeficiente_variacao
-0.0019771817021694,0.1326674623596445,0.3601999001996008,-0.3853773453093812,0.1326821947980627,0.0176006555689476,-0.1048914816566554,0.1680164027559736,0.745577245508982,2.9045143992071494,1.2630353758949615,3.6685044359949295,4.339742878557157,2.1477569076045917,54,0.1050502601354667,2.9045143992071494,-0.0083248003992015,0.745577245508982,-67.09927682118305
