media,desvio_padrao,maximo,minimo,rms,variancia,skewness,kurtosis,pico_a_pico,crest_factor,shape_factor,impulse_factor,margin_factor,energia,zero_crossings,mean_abs,peak_to_rms,mediana,amplitude,coeficiente_variacao
0.0016509800071987,0.0834616159124963,0.2209117764471058,-0.1924856287425149,0.0834779435881672,0.006965841330725,0.3261233255999944,0.0388926502005357,0.4133974051896207,2.646349046844746,1.2938031472564515,3.423854725546843,4.158821406994084,0.8501651820165258,44,0.0645213638297176,2.646349046844746,-0.002842614770459,0.4133974051896207,50.552772019395306
