media,desvio_padrao,maximo,minimo,rms,variancia,skewness,kurtosis,pico_a_pico,crest_factor,shape_factor,impulse_factor,margin_factor,energia,zero_crossings,mean_abs,peak_to_rms,mediana,amplitude,coeficiente_variacao
-0.0003594875822126,0.0796166834004173,0.2278152694610778,-0.240403992015968,0.0796174949807142,0.0063388162756822,-0.0838370397874292,0.5013822578684337,0.4682192614770459,3.019487011921202,1.280750417951299,3.867209252516599,4.570645093840963,0.7733513518544946,51,0.0621647230129904,3.019487011921202,-0.0040608782435129,0.4682192614770459,-221.4726943010968
