media,desvio_padrao,maximo,minimo,rms,variancia,skewness,kurtosis,pico_a_pico,crest_factor,shape_factor,impulse_factor,margin_factor,energia,zero_crossings,mean_abs,peak_to_rms,mediana,amplitude,coeficiente_variacao
0.0011749918196394,0.0902045559997079,0.2205056886227545,-0.2062926147704591,0.0902122083139564,0.0081368619231044,-0.2008895729298513,-0.200760581121894,0.4267983033932135,2.444299865217253,1.2386197776140124,3.0275581554773545,3.538297256752388,0.992865588523442,41,0.0728328498740224,2.444299865217253,0.0056852295409181,0.4267983033932135,76.77036936937203
