media,desvio_padrao,maximo,minimo,rms,variancia,skewness,kurtosis,pico_a_pico,crest_factor,shape_factor,impulse_factor,margin_factor,energia,zero_crossings,mean_abs,peak_to_rms,mediana,amplitude,coeficiente_variacao
0.000785546938909,0.1117380270536369,0.3463929141716567,-0.2355309381237524,0.1117407883175724,0.0124853866898392,0.0266050921464206,-0.227098159124699,0.5819238522954091,3.0999684124940328,1.2268847117050807,3.803303852057598,4.413314824499923,1.523292460407568,51,0.0910768446713131,3.0999684124940328,0.0079187125748502,0.5819238522954091,142.24233017674706
