media,desvio_padrao,maximo,minimo,rms,variancia,skewness,kurtosis,pico_a_pico,crest_factor,shape_factor,impulse_factor,margin_factor,energia,zero_crossings,mean_abs,peak_to_rms,mediana,amplitude,coeficiente_variacao
-0.0001431293151402,0.1101455376331948,0.2704544910179641,-0.2395918163672654,0.1101456306283023,0.0121320394605055,0.2351088631304309,-0.394762041789761,0.5100463073852296,2.455426415693605,1.214296357857975,2.981615353565007,3.4316292702695,1.480111313473781,56,0.0907073713229279,2.455426415693605,-0.0054821856287425,0.5100463073852296,-769.5526072020464
