media,desvio_padrao,maximo,minimo,rms,variancia,skewness,kurtosis,pico_a_pico,crest_factor,shape_factor,impulse_factor,margin_factor,energia,zero_crossings,mean_abs,peak_to_rms,mediana,amplitude,coeficiente_variacao
-0.0049196541343542,0.1056325619363123,0.2663936127744511,-0.2927893213572854,0.1057470620775373,0.0111582381412288,0.010615636665599,0.4350490002868739,0.5591829341317365,2.7687702675144044,1.3267075315920307,3.673348367159442,4.589845113348655,1.3642578188397256,60,0.0797063855894767,2.7687702675144044,-0.0012182634730538,0.5591829341317365,-21.4715423181223
