media,desvio_padrao,maximo,minimo,rms,variancia,skewness,kurtosis,pico_a_pico,crest_factor,shape_factor,impulse_factor,margin_factor,energia,zero_crossings,mean_abs,peak_to_rms,mediana,amplitude,coeficiente_variacao
0.0046300669153496,0.068567633192106,0.1896430139720558,-0.1579681636726547,0.0687237792995104,0.0047015203215672,0.0442919461985927,-0.0049455283664539,0.3476111776447106,2.7594962894220054,1.272199253960644,3.510629120709841,4.217621667448959,0.5762008566273541,45,0.0540196664048951,2.7594962894220054,0.0077156686626746,0.3476111776447106,14.80920998458795
