media,desvio_padrao,maximo,minimo,rms,variancia,skewness,kurtosis,pico_a_pico,crest_factor,shape_factor,impulse_factor,margin_factor,energia,zero_crossings,mean_abs,peak_to_rms,mediana,amplitude,coeficiente_variacao
0.0043737655835869,0.0695202707566793,0.1778664670658682,-0.1729934131736527,0.0696577193960739,0.004833068046082,-0.0338546720220697,-0.0349124147669908,0.3508598802395209,2.553435119724767,1.2561286372283484,3.207442977190877,3.756176186082027,0.5919681403183853,49,0.0554542881450214,2.553435119724767,0.0036547904191616,0.3508598802395209,15.89483236540212
