media,desvio_padrao,maximo,minimo,rms,variancia,skewness,kurtosis,pico_a_pico,crest_factor,shape_factor,impulse_factor,margin_factor,energia,zero_crossings,mean_abs,peak_to_rms,mediana,amplitude,coeficiente_variacao
0.0026761853342495,0.1021940469597371,0.2842614770459082,-0.2810127744510978,0.10222908197745,0.0104436232340089,-0.0120752556661504,0.1526282173350321,0.5652742514970059,2.7806321992465053,1.267223970561637,3.523683776200693,4.177467658822813,1.274995794638169,57,0.0806716763194921,2.7806321992465053,0.0016243512974051,0.5652742514970059,38.18646102415578
