media,desvio_padrao,maximo,minimo,rms,variancia,skewness,kurtosis,pico_a_pico,crest_factor,shape_factor,impulse_factor,margin_factor,energia,zero_crossings,mean_abs,peak_to_rms,mediana,amplitude,coeficiente_variacao
-0.0002762728641078,0.1364727914332075,0.2915710578842315,-0.27857624750499,0.1364730710736269,0.0186248228015717,-0.1777103935322698,-0.8875221373119695,0.5701473053892214,2.1364731927731704,1.1660063252189865,2.49114125643432,2.7621425838704856,2.2722376936486013,60,0.1170431653087268,2.1364731927731704,0.0235530938123752,0.5701473053892214,-493.9782699032359
