media,desvio_padrao,maximo,minimo,rms,variancia,skewness,kurtosis,pico_a_pico,crest_factor,shape_factor,impulse_factor,margin_factor,energia,zero_crossings,mean_abs,peak_to_rms,mediana,amplitude,coeficiente_variacao
0.0021436111383789,0.0766675198549819,0.2050743512974051,-0.1989830339321357,0.0766974815064134,0.005877908600714,-0.03993843988586,0.0196566351442544,0.4040573852295409,2.673808152100234,1.262992879686567,3.377000657750493,3.998646027306352,0.7176654476700491,50,0.0607267726841399,2.673808152100234,0.0048730538922155,0.4040573852295409,35.76559128768043
