media,desvio_padrao,maximo,minimo,rms,variancia,skewness,kurtosis,pico_a_pico,crest_factor,shape_factor,impulse_factor,margin_factor,energia,zero_crossings,mean_abs,peak_to_rms,mediana,amplitude,coeficiente_variacao
0.0014079930303327,0.0815353921489277,0.2351248502994012,-0.2209117764471058,0.081547548198906,0.0066480201728794,0.176313240952385,0.2409428182953537,0.456036626746507,2.8832853407915886,1.255271614859771,3.6193062458369623,4.229819768171094,0.8113003193048534,54,0.064964066130035,2.8832853407915886,-0.0079187125748502,0.456036626746507,57.908945848728365
