media,desvio_padrao,maximo,minimo,rms,variancia,skewness,kurtosis,pico_a_pico,crest_factor,shape_factor,impulse_factor,margin_factor,energia,zero_crossings,mean_abs,peak_to_rms,mediana,amplitude,coeficiente_variacao
0.0032819884820522,0.0977848360359357,0.2282213572854291,-0.2732971057884232,0.0978398978278859,0.0095618741585748,-0.1777055060007614,0.3533411772908175,0.5015184630738523,2.793309394795066,1.3245227103189263,3.69980173035328,4.611158718434528,1.167862764050482,57,0.0738680409672458,2.793309394795066,-0.0004060878243512,0.5015184630738523,29.79438732667004
