media,desvio_padrao,maximo,minimo,rms,variancia,skewness,kurtosis,pico_a_pico,crest_factor,shape_factor,impulse_factor,margin_factor,energia,zero_crossings,mean_abs,peak_to_rms,mediana,amplitude,coeficiente_variacao
0.0073362095481168,0.1294172406236658,0.387813872255489,-0.3029415169660679,0.1296250058483227,0.0167488221706438,0.1984836742313544,0.33913350080863,0.690755389221557,2.9918137300551337,1.2831279226523984,3.838879736408567,4.557419474209165,2.0499223412236804,53,0.1010226677791957,2.9918137300551337,0.0018273952095808,0.690755389221557,17.640886587936368
