media,desvio_padrao,maximo,minimo,rms,variancia,skewness,kurtosis,pico_a_pico,crest_factor,shape_factor,impulse_factor,margin_factor,energia,zero_crossings,mean_abs,peak_to_rms,mediana,amplitude,coeficiente_variacao
0.0011084200451555,0.1924089227526752,0.6452735528942115,-0.5640559880239521,0.1924121153925642,0.0370211935548449,0.2825764915546304,2.009380217246089,1.2093295409181637,3.3536014693134444,1.4911113720169,5.000593288105862,6.687091812232791,4.516735502280658,50,0.129039399070711,3.3536014693134444,-0.0060913173652694,1.2093295409181637,173.58845465995398
