media,desvio_padrao,maximo,minimo,rms,variancia,skewness,kurtosis,pico_a_pico,crest_factor,shape_factor,impulse_factor,margin_factor,energia,zero_crossings,mean_abs,peak_to_rms,mediana,amplitude,coeficiente_variacao
0.0034584036844344,0.0821836378620873,0.2123839321357285,-0.2131961077844311,0.0822563729342063,0.0067541503322467,-0.2987133019410741,0.0855998253592211,0.4255800399201597,2.5918491197631384,1.2770444234364478,3.309906464782181,3.95326955384939,0.8254655283715303,49,0.0644115204018193,2.5918491197631384,0.0101521956087824,0.4255800399201597,23.76346007031501
