media,desvio_padrao,maximo,minimo,rms,variancia,skewness,kurtosis,pico_a_pico,crest_factor,shape_factor,impulse_factor,margin_factor,energia,zero_crossings,mean_abs,peak_to_rms,mediana,amplitude,coeficiente_variacao
-0.0021602540819999,0.1132152847528661,0.2306578842315369,-0.3967478043912175,0.1132358927168031,0.0128177007016725,-0.4766342552875761,0.7177623078425484,0.6274056886227545,3.503728322109512,1.2791573657910065,4.481819890956946,5.3763537489933,1.564328822723306,58,0.0885238171198586,3.503728322109512,-0.0058882734530938,0.6274056886227545,-52.40831886222061
