media,desvio_padrao,maximo,minimo,rms,variancia,skewness,kurtosis,pico_a_pico,crest_factor,shape_factor,impulse_factor,margin_factor,energia,zero_crossings,mean_abs,peak_to_rms,mediana,amplitude,coeficiente_variacao
0.0037779482019567,0.1021624979810005,0.2257848303393213,-0.2286274451097804,0.1022323279903896,0.0104371759937179,-0.1334036152507542,-0.6564261810361303,0.4544122754491018,2.2363517451277506,1.1918745524655636,2.66545073537972,3.013266077234088,1.275076764132822,56,0.0857744028336769,2.2363517451277506,0.0176648203592814,0.4544122754491018,27.041794254375063
