media,desvio_padrao,maximo,minimo,rms,variancia,skewness,kurtosis,pico_a_pico,crest_factor,shape_factor,impulse_factor,margin_factor,energia,zero_crossings,mean_abs,peak_to_rms,mediana,amplitude,coeficiente_variacao
0.0068535641831091,0.1277492918806414,0.3208093812375249,-0.376849500998004,0.1279330016767265,0.0163198815760053,-0.2142322927687085,0.3644321879320804,0.697658882235529,2.9456785665849035,1.2814525942814825,3.774747441069584,4.454391828944804,1.996756055998114,47,0.0998343616046595,2.9456785665849035,0.0156343812375249,0.697658882235529,18.63983300769012
