media,desvio_padrao,maximo,minimo,rms,variancia,skewness,kurtosis,pico_a_pico,crest_factor,shape_factor,impulse_factor,margin_factor,energia,zero_crossings,mean_abs,peak_to_rms,mediana,amplitude,coeficiente_variacao
0.0042040075586531,0.0828158368471097,0.2042621756487026,-0.1896430139720558,0.082922472902346,0.0068584628326871,-0.0367104909022343,-0.5014620001760552,0.3939051896207585,2.463290933077366,1.217426646550204,2.9988760201339004,3.50640054576702,0.8388886544933186,54,0.0681129110631196,2.463290933077366,0.0,0.3939051896207585,19.699259740065976
