media,desvio_padrao,maximo,minimo,rms,variancia,skewness,kurtosis,pico_a_pico,crest_factor,shape_factor,impulse_factor,margin_factor,energia,zero_crossings,mean_abs,peak_to_rms,mediana,amplitude,coeficiente_variacao
0.0018473667419259,0.1019736407161236,0.2781701596806387,-0.2533988023952095,0.1019903729024472,0.010398623400901,0.0176548977572643,-0.0986459021595065,0.5315689620758483,2.7274158507755017,1.236061371996535,3.3712533785146634,3.912547699149335,1.2690484121031886,53,0.0825123858839697,2.7274158507755017,-0.0004060878243512,0.5315689620758483,55.19945682783616
