media,desvio_padrao,maximo,minimo,rms,variancia,skewness,kurtosis,pico_a_pico,crest_factor,shape_factor,impulse_factor,margin_factor,energia,zero_crossings,mean_abs,peak_to_rms,mediana,amplitude,coeficiente_variacao
0.004603438205556,0.1251318673591234,0.4117730538922155,-0.3362407185628743,0.1252165159717105,0.0156579842287812,0.1759301964779372,1.1919330032385984,0.7480137724550898,3.288488349134752,1.3555727835274098,4.457785305034053,5.506627288973618,1.9128594563954229,52,0.0923716656850233,3.288488349134752,-0.0024365269461077,0.7480137724550898,27.18226285911605
