media,desvio_padrao,maximo,minimo,rms,variancia,skewness,kurtosis,pico_a_pico,crest_factor,shape_factor,impulse_factor,margin_factor,energia,zero_crossings,mean_abs,peak_to_rms,mediana,amplitude,coeficiente_variacao
0.0026096135597657,0.1046599816486463,0.2789823353293413,-0.2659875249500998,0.1046925109147081,0.0109537117586949,0.0620594918770395,-0.0518967473811891,0.5449698602794412,2.6647783388883006,1.2412202940726285,3.307576953433307,3.847932602211528,1.3371836646784077,47,0.084346438270999,2.6647783388883006,0.0083248003992015,0.5449698602794412,40.10554791033597
