media,desvio_padrao,maximo,minimo,rms,variancia,skewness,kurtosis,pico_a_pico,crest_factor,shape_factor,impulse_factor,margin_factor,energia,zero_crossings,mean_abs,peak_to_rms,mediana,amplitude,coeficiente_variacao
0.0050827549818396,0.080624076546342,0.2006073852295409,-0.1705568862275449,0.080784132830376,0.0065002417189504,0.0401587369303788,-0.7015260721949672,0.3711642714570858,2.483252319496453,1.1978572154538945,2.9745817087014466,3.405491583538047,0.7961812862930128,53,0.067440536140833,2.483252319496453,0.0048730538922155,0.3711642714570858,15.862278790617964
