media,desvio_padrao,maximo,minimo,rms,variancia,skewness,kurtosis,pico_a_pico,crest_factor,shape_factor,impulse_factor,margin_factor,energia,zero_crossings,mean_abs,peak_to_rms,mediana,amplitude,coeficiente_variacao
0.0084646011256176,0.079535282187611,0.1965465069860279,-0.2270030938123752,0.0799844396422124,0.0063258611126629,0.0275940530429576,-0.2971339470935601,0.4235496007984032,2.838090693987592,1.2350072014322062,3.505062445392404,4.145623711050262,0.7804962913552036,45,0.0647643508065835,2.838090693987592,0.0010152195608782,0.4235496007984032,9.396223284154775
