media,desvio_padrao,maximo,minimo,rms,variancia,skewness,kurtosis,pico_a_pico,crest_factor,shape_factor,impulse_factor,margin_factor,energia,zero_crossings,mean_abs,peak_to_rms,mediana,amplitude,coeficiente_variacao
-0.0031022446909459,0.0774461000985752,0.2111656686626746,-0.1323846307385229,0.0775082082272648,0.0059978984204785,0.4595787232059237,-0.3620424193054998,0.3435502994011976,2.7244297538591984,1.2253002946248568,3.3382445800884013,3.906998382245492,0.7329177257973274,44,0.063256500114525,2.7244297538591984,-0.0101521956087824,0.3435502994011976,-24.964536267756326
