media,desvio_padrao,maximo,minimo,rms,variancia,skewness,kurtosis,pico_a_pico,crest_factor,shape_factor,impulse_factor,margin_factor,energia,zero_crossings,mean_abs,peak_to_rms,mediana,amplitude,coeficiente_variacao
0.0004959597199044,0.0958776694888273,0.2379674650698602,-0.1839577844311377,0.0958789522400646,0.0091925275066088,0.2845251797482677,-0.2281661665203103,0.4219252495009979,2.481957296258621,1.2539587203276308,3.112271995124287,3.651630256253533,1.1215183648836162,51,0.0764610115833906,2.481957296258621,-0.0131978542914171,0.4219252495009979,193.3174522868477
