media,desvio_padrao,maximo,minimo,rms,variancia,skewness,kurtosis,pico_a_pico,crest_factor,shape_factor,impulse_factor,margin_factor,energia,zero_crossings,mean_abs,peak_to_rms,mediana,amplitude,coeficiente_variacao
0.0006856892771833,0.1245123884460078,0.2387796407185628,-0.30050499001996,0.12451427647589,0.0155033348765295,-0.1517862395527819,-0.7453707614165759,0.539284630738523,2.4134179511386984,1.1925378785008829,2.8780923233868902,3.284513111283779,1.891464215650356,56,0.1044111711004221,2.4134179511386984,0.0101521956087824,0.539284630738523,181.58718910915
