media,desvio_padrao,maximo,minimo,rms,variancia,skewness,kurtosis,pico_a_pico,crest_factor,shape_factor,impulse_factor,margin_factor,energia,zero_crossings,mean_abs,peak_to_rms,mediana,amplitude,coeficiente_variacao
0.0010718055691894,0.0727478465657584,0.1782725548902195,-0.1717751497005988,0.0727557416781197,0.0052922491799551,0.1414340682684895,-0.0095476793811939,0.3500477045908183,2.450288469038212,1.2592369263712972,3.0854937204747093,3.656298496862104,0.6457945495502608,43,0.0577776430745067,2.450288469038212,0.0020304391217564,0.3500477045908183,67.87410763387908
