media,desvio_padrao,maximo,minimo,rms,variancia,skewness,kurtosis,pico_a_pico,crest_factor,shape_factor,impulse_factor,margin_factor,energia,zero_crossings,mean_abs,peak_to_rms,mediana,amplitude,coeficiente_variacao
0.0032287310624652,0.0918492813564294,0.1770542914171656,-0.2871040918163672,0.0919060128063787,0.0084362904856925,-0.4589745324434163,0.1439134248824793,0.4641583832335329,3.123888013956369,1.242735845363909,3.882167611846251,4.548178238050288,1.030499253175884,53,0.0739545842740748,3.123888013956369,0.0040608782435129,0.4641583832335329,28.44748589444291
