media,desvio_padrao,maximo,minimo,rms,variancia,skewness,kurtosis,pico_a_pico,crest_factor,shape_factor,impulse_factor,margin_factor,energia,zero_crossings,mean_abs,peak_to_rms,mediana,amplitude,coeficiente_variacao
0.0011150772226039,0.0783413735120649,0.2022317365269461,-0.2062926147704591,0.0783493088735901,0.0061373708037568,0.0609316290431957,-0.0659277961362923,0.4085243512974051,2.632985762558472,1.2541049958626551,3.302040598859822,3.921577137829889,0.7489109325182469,54,0.0624742817643401,2.632985762558472,-0.0026395708582834,0.4085243512974051,70.25645571803449
