media,desvio_padrao,maximo,minimo,rms,variancia,skewness,kurtosis,pico_a_pico,crest_factor,shape_factor,impulse_factor,margin_factor,energia,zero_crossings,mean_abs,peak_to_rms,mediana,amplitude,coeficiente_variacao
0.0046966386898334,0.072918938569608,0.1754299401197604,-0.2265970059880239,0.0730700350150533,0.0053171716021182,-0.3719748457682241,0.2058746913304672,0.4020269461077844,3.101093436472861,1.2419947365345496,3.851541725601132,4.559303418993713,0.6513860620863363,45,0.0588328057000752,3.101093436472861,0.0046700099800399,0.4020269461077844,15.52577138357516
