media,desvio_padrao,maximo,minimo,rms,variancia,skewness,kurtosis,pico_a_pico,crest_factor,shape_factor,impulse_factor,margin_factor,energia,zero_crossings,mean_abs,peak_to_rms,mediana,amplitude,coeficiente_variacao
0.0038545057426131,0.0775818591354027,0.2347187624750498,-0.1847699600798403,0.0776775519788395,0.0060189448669054,0.0676150189721062,0.0937042502272738,0.4194887225548902,3.021706483991548,1.2691147672335243,3.834892321078964,4.61041781219327,0.7361238539338886,54,0.0612060894604234,3.021706483991548,0.0014213073852295,0.4194887225548902,20.12757648216829
