media,desvio_padrao,maximo,minimo,rms,variancia,skewness,kurtosis,pico_a_pico,crest_factor,shape_factor,impulse_factor,margin_factor,energia,zero_crossings,mean_abs,peak_to_rms,mediana,amplitude,coeficiente_variacao
0.002999058440496,0.0833899479050217,0.2002012974051896,-0.2724849301397205,0.0834438599486609,0.0069538834116022,-0.0131585715681897,0.2510824443968982,0.4726862275449101,3.2654880815361063,1.2624686780280077,4.122576421413103,4.924980478981216,0.8494710871020734,51,0.0660957862962599,3.2654880815361063,0.0056852295409181,0.4726862275449101,27.805376107052016
