media,desvio_padrao,maximo,minimo,rms,variancia,skewness,kurtosis,pico_a_pico,crest_factor,shape_factor,impulse_factor,margin_factor,energia,zero_crossings,mean_abs,peak_to_rms,mediana,amplitude,coeficiente_variacao
-0.0017375233140276,0.074545516954832,0.2570535928143713,-0.1713690618762475,0.0745657634932409,0.0055570340980631,0.2124112874615302,0.4656354251184318,0.4284226546906188,3.4473407200835813,1.254149318124703,4.323480013436345,5.027300453102977,0.6783264764102535,57,0.0594552517914989,3.4473407200835813,-0.0012182634730538,0.4284226546906188,-42.903318967289856
