media,desvio_padrao,maximo,minimo,rms,variancia,skewness,kurtosis,pico_a_pico,crest_factor,shape_factor,impulse_factor,margin_factor,energia,zero_crossings,mean_abs,peak_to_rms,mediana,amplitude,coeficiente_variacao
0.0060513743005791,0.1202874227798697,0.3622303393213573,-0.2956319361277445,0.1204395417209349,0.0144690640790231,0.0541212967729368,0.058678148076694,0.6578622754491018,3.00756989063164,1.2568905548844385,3.780186188689732,4.453791532698145,1.7696933516137583,48,0.0958234121920094,3.00756989063164,0.0073095808383233,0.6578622754491018,19.877703279461183
