media,desvio_padrao,maximo,minimo,rms,variancia,skewness,kurtosis,pico_a_pico,crest_factor,shape_factor,impulse_factor,margin_factor,energia,zero_crossings,mean_abs,peak_to_rms,mediana,amplitude,coeficiente_variacao
0.0056985438958149,0.1292748579387584,0.3065963073852296,-0.3764434131736526,0.12940039527613,0.0167119888950861,-0.1683516844426595,0.1197009788953828,0.6830397205588823,2.909136501247563,1.2936922872573924,3.763527454242928,4.577336487981637,2.0428244003094806,61,0.1000240911619384,2.909136501247563,0.0146191616766467,0.6830397205588823,22.68559482953167
