media,desvio_padrao,maximo,minimo,rms,variancia,skewness,kurtosis,pico_a_pico,crest_factor,shape_factor,impulse_factor,margin_factor,energia,zero_crossings,mean_abs,peak_to_rms,mediana,amplitude,coeficiente_variacao
0.0004093893513785,0.0667030336822474,0.1677142714570858,-0.1327907185628742,0.0667042899823996,0.004449294702415,0.4205399138538505,-0.0592605294518375,0.30050499001996,2.514295130063423,1.2847559496889935,3.2302556276230447,3.937259474860892,0.5472838631528957,47,0.0519198140304756,2.514295130063423,-0.0048730538922155,0.30050499001996,162.93299632156186
