media,desvio_padrao,maximo,minimo,rms,variancia,skewness,kurtosis,pico_a_pico,crest_factor,shape_factor,impulse_factor,margin_factor,energia,zero_crossings,mean_abs,peak_to_rms,mediana,amplitude,coeficiente_variacao
0.0079104587572821,0.0957987283647704,0.2627388223552894,-0.267611876247505,0.0961247715943072,0.009177396356307,0.0008313055554484,-0.2376706238583872,0.5303506986027945,2.7840053277521006,1.2052010102729311,3.355286033612055,3.818066647946666,1.1365165208291004,50,0.0797582899242166,2.7840053277521006,0.0121826347305389,0.5303506986027945,12.110388449542237
