media,desvio_padrao,maximo,minimo,rms,variancia,skewness,kurtosis,pico_a_pico,crest_factor,shape_factor,impulse_factor,margin_factor,energia,zero_crossings,mean_abs,peak_to_rms,mediana,amplitude,coeficiente_variacao
-3.994306469029125e-05,0.0697303801148852,0.2225361277445109,-0.1819273453093812,0.0697303915550085,0.0048623259109663,0.2121187360452328,0.3394972272677479,0.4044634730538922,3.1913792936177314,1.2647268667125835,4.036223134508572,4.766121131062421,0.5932039557826065,61,0.0551347436274991,3.1913792936177314,-0.0032487025948103,0.4044634730538922,-1745.744365274863
