media,desvio_padrao,maximo,minimo,rms,variancia,skewness,kurtosis,pico_a_pico,crest_factor,shape_factor,impulse_factor,margin_factor,energia,zero_crossings,mean_abs,peak_to_rms,mediana,amplitude,coeficiente_variacao
0.0018407095644775,0.3926576224049692,1.2235426147704591,-1.0034430139720558,0.3926619368418896,0.1541800084327234,0.1110151605801651,0.5187831585147169,2.226985628742515,3.1160204236020315,1.2966628106251166,4.0404278004330765,4.832046878387776,18.810374390619742,62,0.3028250163607212,3.1160204236020315,0.0060913173652694,2.226985628742515,213.31861907090587
