media,desvio_padrao,maximo,minimo,rms,variancia,skewness,kurtosis,pico_a_pico,crest_factor,shape_factor,impulse_factor,margin_factor,energia,zero_crossings,mean_abs,peak_to_rms,mediana,amplitude,coeficiente_variacao
0.003435103563365,0.1347056919078732,0.3731947105788423,-0.3374589820359281,0.1347494837424986,0.0181456234323788,0.210680059310373,-0.2633573762648149,0.7106536926147704,2.769544641016985,1.232943508798768,3.4146920874703057,3.956684219669509,2.2152056510021274,57,0.109290882170086,2.769544641016985,0.0040608782435129,0.7106536926147704,39.21444853788157
