media,desvio_padrao,maximo,minimo,rms,variancia,skewness,kurtosis,pico_a_pico,crest_factor,shape_factor,impulse_factor,margin_factor,energia,zero_crossings,mean_abs,peak_to_rms,mediana,amplitude,coeficiente_variacao
0.0047299245770753,0.0995927757513161,0.2607083832335329,-0.2245665668662674,0.0997050308076617,0.0099187209818519,0.154944833880464,0.0669297657513809,0.4852749500998004,2.61479667697469,1.2485576031017156,3.2647242716018505,3.769235992372872,1.2128133665395258,53,0.0798561720820653,2.61479667697469,-0.0018273952095808,0.4852749500998004,21.055890876995125
