media,desvio_padrao,maximo,minimo,rms,variancia,skewness,kurtosis,pico_a_pico,crest_factor,shape_factor,impulse_factor,margin_factor,energia,zero_crossings,mean_abs,peak_to_rms,mediana,amplitude,coeficiente_variacao
0.0036681047740584,0.0947377732489778,0.2806066866267465,-0.2533988023952095,0.09480875841824,0.0089752456801747,0.3538517864568503,-0.1919438610036343,0.5340054890219561,2.9597127027956227,1.236034107710316,3.658305849678875,4.293923569368332,1.096621482082601,54,0.0767039985602565,2.9597127027956227,-0.0146191616766467,0.5340054890219561,25.82744471177105
