media,desvio_padrao,maximo,minimo,rms,variancia,skewness,kurtosis,pico_a_pico,crest_factor,shape_factor,impulse_factor,margin_factor,energia,zero_crossings,mean_abs,peak_to_rms,mediana,amplitude,coeficiente_variacao
-0.0003761305258335,0.1628379484431646,0.4406052894211577,-0.3825347305389222,0.1628383828443134,0.0265161974531787,0.192944940476162,0.2052823339216813,0.8231400199600798,2.7057827627925515,1.271504830971796,3.4404158544509422,4.105937403233013,3.2349933491368468,63,0.1280674511632472,2.7057827627925515,-0.0085278443113772,0.8231400199600798,-432.9293616418968
