media,desvio_padrao,maximo,minimo,rms,variancia,skewness,kurtosis,pico_a_pico,crest_factor,shape_factor,impulse_factor,margin_factor,energia,zero_crossings,mean_abs,peak_to_rms,mediana,amplitude,coeficiente_variacao
0.0028692434802526,0.092863416255411,0.1819273453093812,-0.2131961077844311,0.0929077318460348,0.0086236140786257,-0.3128264736734027,-0.4230752764149623,0.3951234530938123,2.294707916642893,1.2291724979209355,2.8205918618988908,3.277205822894832,1.053085289686515,51,0.0755855927489283,2.294707916642893,0.007512624750499,0.3951234530938123,32.36512233783493
