media,desvio_padrao,maximo,minimo,rms,variancia,skewness,kurtosis,pico_a_pico,crest_factor,shape_factor,impulse_factor,margin_factor,energia,zero_crossings,mean_abs,peak_to_rms,mediana,amplitude,coeficiente_variacao
0.0078421550341939,0.1318770493442773,0.3679155688622754,-0.3492355289421158,0.1321100130169295,0.0173915561437529,0.2595164867608933,-0.0215552746818565,0.7171510978043912,2.784918118319525,1.252113611285638,3.487033882263865,4.105077788115789,2.129272775798662,47,0.1055096053794051,2.784918118319525,0.002842614770459,0.7171510978043912,16.816429765703155
