media,desvio_padrao,maximo,minimo,rms,variancia,skewness,kurtosis,pico_a_pico,crest_factor,shape_factor,impulse_factor,margin_factor,energia,zero_crossings,mean_abs,peak_to_rms,mediana,amplitude,coeficiente_variacao
-5.9914597035429913e-05,0.1771439090978974,0.5409089820359282,-0.4978636726546906,0.1771439192302211,0.0313799645304841,-0.2281015236675721,1.192992149551829,1.0387726546906189,3.0535001392452426,1.3729664793064156,4.19235333574119,5.215556836213874,3.828356110669659,60,0.12902275612709,3.0535001392452426,0.0054821856287425,1.0387726546906189,-2956.6068681584416
