media,desvio_padrao,maximo,minimo,rms,variancia,skewness,kurtosis,pico_a_pico,crest_factor,shape_factor,impulse_factor,margin_factor,energia,zero_crossings,mean_abs,peak_to_rms,mediana,amplitude,coeficiente_variacao
0.0067736780537286,0.1177825385080816,0.2684240518962076,-0.3407076846307385,0.1179771549571496,0.0138727263774077,-0.0778444379241607,-0.2444213651359295,0.6091317365269462,2.887912365359943,1.221392752694591,3.527275233467727,4.066667002375453,1.6980703091975629,53,0.0965923161872975,2.887912365359943,0.0107613273453093,0.6091317365269462,17.388269352903116
