media,desvio_padrao,maximo,minimo,rms,variancia,skewness,kurtosis,pico_a_pico,crest_factor,shape_factor,impulse_factor,margin_factor,energia,zero_crossings,mean_abs,peak_to_rms,mediana,amplitude,coeficiente_variacao
0.0025962992048689,0.0974403351642564,0.2814188622754491,-0.2302517964071856,0.0974749182430221,0.0094946189169226,0.29769035240219,-0.0086730004257287,0.5116706586826347,2.88709000579844,1.249964061724982,3.6087587502134193,4.232222496452865,1.1591658817510289,53,0.0779821766303458,2.88709000579844,-0.0081217564870259,0.5116706586826347,37.53047221272589
