media,desvio_padrao,maximo,minimo,rms,variancia,skewness,kurtosis,pico_a_pico,crest_factor,shape_factor,impulse_factor,margin_factor,energia,zero_crossings,mean_abs,peak_to_rms,mediana,amplitude,coeficiente_variacao
0.0063875617617224,0.1145355801457605,0.3719764471057884,-0.2481196606786427,0.1147135565858967,0.0131183991193259,0.5211268492978575,0.7293249746581454,0.6200961077844311,3.2426546449830878,1.2757976229122132,4.136971087994669,4.818263525950296,1.6054224078794606,52,0.0899151672065704,3.2426546449830878,-0.0089339321357285,0.6200961077844311,17.931032907128415
