media,desvio_padrao,maximo,minimo,rms,variancia,skewness,kurtosis,pico_a_pico,crest_factor,shape_factor,impulse_factor,margin_factor,energia,zero_crossings,mean_abs,peak_to_rms,mediana,amplitude,coeficiente_variacao
0.0031921165864991,0.0609575900259773,0.1494403193612774,-0.1490342315369261,0.0610411122939034,0.0037158277817751,-0.00286212477117,-0.6325811553799712,0.2984745508982036,2.448191288549028,1.2131002382702605,2.9699014354700006,3.46954350913111,0.4545741215893861,47,0.0503182757435947,2.448191288549028,-0.0016243512974051,0.2984745508982036,19.09629187223104
