media,desvio_padrao,maximo,minimo,rms,variancia,skewness,kurtosis,pico_a_pico,crest_factor,shape_factor,impulse_factor,margin_factor,energia,zero_crossings,mean_abs,peak_to_rms,mediana,amplitude,coeficiente_variacao
0.0006790320997349,0.1112299175695493,0.3191850299401197,-0.3216215568862275,0.1112319902146914,0.0123720945625287,-0.0391932626200556,0.1689876905882905,0.6408065868263473,2.891448370792056,1.2523295786533983,3.6210463198920704,4.248509177450217,1.509451788948789,59,0.0888200615163116,2.891448370792056,0.0002030439121756,0.6408065868263473,163.80656763202384
