media,desvio_padrao,maximo,minimo,rms,variancia,skewness,kurtosis,pico_a_pico,crest_factor,shape_factor,impulse_factor,margin_factor,energia,zero_crossings,mean_abs,peak_to_rms,mediana,amplitude,coeficiente_variacao
0.0028026717057687,0.0708088791482707,0.1851760479041916,-0.2355309381237524,0.0708643234281167,0.0050138973662344,-0.4196669376945679,0.7112795932657252,0.4207069860279441,3.3236885181394573,1.300207663250888,4.321485281543911,5.237496109256921,0.6126537848608172,41,0.0545023117699028,3.3236885181394573,0.0071065369261477,0.4207069860279441,25.264778248027948
