media,desvio_padrao,maximo,minimo,rms,variancia,skewness,kurtosis,pico_a_pico,crest_factor,shape_factor,impulse_factor,margin_factor,energia,zero_crossings,mean_abs,peak_to_rms,mediana,amplitude,coeficiente_variacao
0.0015710938778181,0.085346841178629,0.1912673652694611,-0.2172569860279441,0.0853613005708268,0.0072840832991701,-0.0513370810946498,-0.3273803627490439,0.4085243512974052,2.545146156104772,1.2414024914760229,3.159550779359086,3.745314581326981,0.8889592994874521,46,0.0687619858643369,2.545146156104772,0.0012182634730538,0.4085243512974052,54.32319633067053
