media,desvio_padrao,maximo,minimo,rms,variancia,skewness,kurtosis,pico_a_pico,crest_factor,shape_factor,impulse_factor,margin_factor,energia,zero_crossings,mean_abs,peak_to_rms,mediana,amplitude,coeficiente_variacao
0.0058383446222309,0.0869138111528641,0.2249726546906187,-0.1770542914171656,0.0871096827972852,0.0075540105691157,0.1179801622414015,-0.4443832751063996,0.4020269461077844,2.582636596371924,1.228299774062094,3.172251947808129,3.704963771032444,0.9257478141193264,50,0.0709189113576126,2.582636596371924,0.0030456586826347,0.4020269461077844,14.88672162686632
