media,desvio_padrao,maximo,minimo,rms,variancia,skewness,kurtosis,pico_a_pico,crest_factor,shape_factor,impulse_factor,margin_factor,energia,zero_crossings,mean_abs,peak_to_rms,mediana,amplitude,coeficiente_variacao
0.0010152195608782,0.1585806793672459,0.4954271457085829,-0.3293372255489022,0.1585839290071161,0.0251478318685772,0.5486047117303271,0.1038620616046164,0.824764371257485,3.1240690580087183,1.257236915584185,3.927694946562871,4.675567673278355,3.068161229798756,46,0.1261368697032165,3.1240690580087183,-0.0127917664670658,0.824764371257485,156.2033332278012
