media,desvio_padrao,maximo,minimo,rms,variancia,skewness,kurtosis,pico_a_pico,crest_factor,shape_factor,impulse_factor,margin_factor,energia,zero_crossings,mean_abs,peak_to_rms,mediana,amplitude,coeficiente_variacao
0.0011456298784544,0.077734911609891,0.1717751497005988,-0.1977647704590818,0.077743353097329,0.0060427164829975,0.0988152557985211,-0.1034543223989628,0.3695399201596806,2.5438158064972423,1.2570167881460867,3.197619174718411,3.772288414237512,0.7434155609503647,51,0.0618475058014053,2.5438158064972423,-0.0032487025948103,0.3695399201596806,67.85342550140203
