media,desvio_padrao,maximo,minimo,rms,variancia,skewness,kurtosis,pico_a_pico,crest_factor,shape_factor,impulse_factor,margin_factor,energia,zero_crossings,mean_abs,peak_to_rms,mediana,amplitude,coeficiente_variacao
0.0015611081116455,0.1332087199744626,0.3143119760479042,-0.2891345309381237,0.1332178671791852,0.0177445630772347,-0.0257378763581484,-0.5396226921638014,0.603446506986028,2.359383037000116,1.2094626104885733,2.8535855670726185,3.2802456585680027,2.165134016564068,57,0.1101463294722031,2.359383037000116,-0.0030456586826347,0.603446506986028,85.32959311450098
