media,desvio_padrao,maximo,minimo,rms,variancia,skewness,kurtosis,pico_a_pico,crest_factor,shape_factor,impulse_factor,margin_factor,energia,zero_crossings,mean_abs,peak_to_rms,mediana,amplitude,coeficiente_variacao
0.0007890649595118,0.1531888182039059,0.398778243512974,-0.4747166666666666,0.1531908503998188,0.0234668140227093,-0.1937745950919994,0.6812767084772648,0.8734949101796406,3.0988578327470924,1.3020906100767835,4.034993685982881,4.826601991619167,2.88649470748502,55,0.1176499156159226,3.0988578327470924,0.0207104790419161,0.8734949101796406,194.13967932205577
