media,desvio_padrao,maximo,minimo,rms,variancia,skewness,kurtosis,pico_a_pico,crest_factor,shape_factor,impulse_factor,margin_factor,energia,zero_crossings,mean_abs,peak_to_rms,mediana,amplitude,coeficiente_variacao
0.0090138182651091,0.5029758055133877,1.3677037924151698,-1.1394824351297406,0.5030565672482148,0.2529846609318412,-0.0337594529852738,-0.1588783087362104,2.5071862275449104,2.718787272565963,1.2356680591767588,3.359518592406057,3.854520501931325,30.87404100189003,63,0.4071130296783482,2.718787272565963,0.0414209580838323,2.5071862275449104,55.80052656046067
