media,desvio_padrao,maximo,minimo,rms,variancia,skewness,kurtosis,pico_a_pico,crest_factor,shape_factor,impulse_factor,margin_factor,energia,zero_crossings,mean_abs,peak_to_rms,mediana,amplitude,coeficiente_variacao
0.0024964415431432,0.1267397184176347,0.2797945109780439,-0.2477135728542914,0.1267643027234389,0.0160629562245813,0.1326019363735247,-0.6516122039507146,0.5275080838323354,2.2072026979746053,1.2196867221101564,2.69209582372534,3.151342056102721,1.9604409902850783,60,0.1039318543241386,2.2072026979746053,-0.0060913173652694,0.5275080838323354,50.76814987546598
