media,desvio_padrao,maximo,minimo,rms,variancia,skewness,kurtosis,pico_a_pico,crest_factor,shape_factor,impulse_factor,margin_factor,energia,zero_crossings,mean_abs,peak_to_rms,mediana,amplitude,coeficiente_variacao
-0.0003728019371093,0.0879935833559947,0.2302517964071856,-0.2257848303393213,0.0879943730764229,0.0077428707118283,0.1722404694670602,-0.4634899821674296,0.456036626746507,2.616665002058852,1.213325701498861,3.174866899210575,3.676726870525809,0.9446471825597506,52,0.0725232911226726,2.616665002058852,-0.0054821856287425,0.456036626746507,-236.0330636645137
