media,desvio_padrao,maximo,minimo,rms,variancia,skewness,kurtosis,pico_a_pico,crest_factor,shape_factor,impulse_factor,margin_factor,energia,zero_crossings,mean_abs,peak_to_rms,mediana,amplitude,coeficiente_variacao
0.0053856565557409,0.1032791138695189,0.2814188622754491,-0.2773579840319361,0.1034194404268822,0.010666575361673,-0.0757385099809616,-0.0389883744054015,0.5587768463073852,2.721140833037216,1.240024613290294,3.374281609195403,3.953349338343781,1.3048608403015525,59,0.0834011190733287,2.721140833037216,-0.0010152195608782,0.5587768463073852,19.17669884824457
