media,desvio_padrao,maximo,minimo,rms,variancia,skewness,kurtosis,pico_a_pico,crest_factor,shape_factor,impulse_factor,margin_factor,energia,zero_crossings,mean_abs,peak_to_rms,mediana,amplitude,coeficiente_variacao
0.0053357277248781,0.0838459494022526,0.2205056886227545,-0.1847699600798403,0.0840155534500556,0.0070301432311651,-0.1483554360224634,-0.17998611327664,0.4052756487025948,2.6245817538277314,1.273426823045937,3.3422128046011808,4.020540899303994,0.8611508130253367,60,0.065975957102189,2.6245817538277314,0.0101521956087824,0.4052756487025948,15.714060710278842
