media,desvio_padrao,maximo,minimo,rms,variancia,skewness,kurtosis,pico_a_pico,crest_factor,shape_factor,impulse_factor,margin_factor,energia,zero_crossings,mean_abs,peak_to_rms,mediana,amplitude,coeficiente_variacao
0.0043005366316547,0.0887330916776194,0.1937038922155688,-0.263550998003992,0.0888372454209889,0.0078735615586688,-0.3988774895499176,0.2051847512818079,0.4572548902195609,2.966672331577322,1.258447874370264,3.733402489626556,4.388590411679993,0.9628308532266604,49,0.0705927096626419,2.966672331577322,0.0136039421157684,0.4572548902195609,20.63302775390555
