media,desvio_padrao,maximo,minimo,rms,variancia,skewness,kurtosis,pico_a_pico,crest_factor,shape_factor,impulse_factor,margin_factor,energia,zero_crossings,mean_abs,peak_to_rms,mediana,amplitude,coeficiente_variacao
0.005944859461405,0.1034057560150109,0.3041597804391217,-0.2574596806387225,0.1035765018286088,0.0106927503770359,-0.0066816456918291,0.2971548064320712,0.5616194610778442,2.936571278902853,1.3032854035125268,3.8271904841682014,4.673942849938703,1.3088271911883218,56,0.0794733843787834,2.936571278902853,0.0058882734530938,0.5616194610778442,17.394146436318135
