media,desvio_padrao,maximo,minimo,rms,variancia,skewness,kurtosis,pico_a_pico,crest_factor,shape_factor,impulse_factor,margin_factor,energia,zero_crossings,mean_abs,peak_to_rms,mediana,amplitude,coeficiente_variacao
-5.9914597035440606e-05,0.1351408712550017,0.3874077844311377,-0.3269006986027944,0.1351408845365454,0.0182630550835609,0.0798147748041723,-0.3214014645293415,0.7143084830339321,2.8666956395891665,1.2282947533819863,3.5211472136503903,4.125838348566814,2.228093158145028,54,0.110023171689408,2.8666956395891665,-0.0008121756487025,0.7143084830339321,-2255.5583771190745
