media,desvio_padrao,maximo,minimo,rms,variancia,skewness,kurtosis,pico_a_pico,crest_factor,shape_factor,impulse_factor,margin_factor,energia,zero_crossings,mean_abs,peak_to_rms,mediana,amplitude,coeficiente_variacao
0.0033352459016393,0.1070398594012675,0.3419259481037924,-0.3151241516966068,0.107091808117463,0.0114575315006431,0.0466183700408687,0.7071293864234649,0.6570500998003992,3.192830097039289,1.3166368230676695,4.203797675560648,5.179242846149619,1.399175954635838,45,0.0813373940643303,3.192830097039289,0.0030456586826347,0.6570500998003992,32.09354349214707
