media,desvio_padrao,maximo,minimo,rms,variancia,skewness,kurtosis,pico_a_pico,crest_factor,shape_factor,impulse_factor,margin_factor,energia,zero_crossings,mean_abs,peak_to_rms,mediana,amplitude,coeficiente_variacao
0.005308855459812,0.1082706573779467,0.2737031936127744,-0.293601497005988,0.1084007342933889,0.0117225352490527,-0.0603012043248589,0.2340988717658922,0.5673046906187624,2.708482547833572,1.280158847789217,3.467287897691828,4.176622306805478,1.445338461027546,57,0.0846775651948136,2.708482547833572,-0.0024365269461077,0.5673046906187624,20.39435019422797
