media,desvio_padrao,maximo,minimo,rms,variancia,skewness,kurtosis,pico_a_pico,crest_factor,shape_factor,impulse_factor,margin_factor,energia,zero_crossings,mean_abs,peak_to_rms,mediana,amplitude,coeficiente_variacao
0.0013880214979876,0.0953657990183797,0.4426357285429141,-0.2627388223552894,0.0953758996083018,0.0090946356224139,0.6983438653634744,3.797368776910875,0.7053745508982037,4.640959931814741,1.3769789445909346,6.390504108799079,7.812125007450464,1.1097805915833303,43,0.0692646027616897,4.640959931814741,-0.0054821856287425,0.7053745508982037,68.70628384116687
