media,desvio_padrao,maximo,minimo,rms,variancia,skewness,kurtosis,pico_a_pico,crest_factor,shape_factor,impulse_factor,margin_factor,energia,zero_crossings,mean_abs,peak_to_rms,mediana,amplitude,coeficiente_variacao
0.0065872770851739,0.1546631401242565,0.4251739520958084,-0.3163424151696606,0.1548033563347134,0.0239206869130954,0.4494134682854048,0.0711100181313977,0.741516367265469,2.7465422078866544,1.2743445527508883,3.500041101520756,4.1740404187069,2.923617654164057,60,0.1214768454893491,2.7465422078866544,-0.0217256986027944,0.741516367265469,23.47907005040963
