media,desvio_padrao,maximo,minimo,rms,variancia,skewness,kurtosis,pico_a_pico,crest_factor,shape_factor,impulse_factor,margin_factor,energia,zero_crossings,mean_abs,peak_to_rms,mediana,amplitude,coeficiente_variacao
-0.0001631008474853,0.2017332552646358,0.5181680638722554,-0.486087125748503,0.2017333211979448,0.0406963062796667,0.1272277044188964,0.0242064144908122,1.0042551896207583,2.568579453286344,1.2623937650689416,3.2425586869128717,3.882093452571648,4.964952611549486,56,0.1598022160596838,2.568579453286344,-0.0115735029940119,1.0042551896207583,-1236.862091000163
