media,desvio_padrao,maximo,minimo,rms,variancia,skewness,kurtosis,pico_a_pico,crest_factor,shape_factor,impulse_factor,margin_factor,energia,zero_crossings,mean_abs,peak_to_rms,mediana,amplitude,coeficiente_variacao
0.008141728019371,0.0765705708276519,0.1880186626746507,-0.2083230538922155,0.0770022080982998,0.0058630523168724,-0.3479330688542166,0.1020692027510712,0.3963417165668662,2.7054166242385365,1.2631642668350875,3.417385606639729,4.075347540654309,0.7233794863456919,54,0.0609597738948332,2.7054166242385365,0.0107613273453093,0.3963417165668662,9.40470753204632
