media,desvio_padrao,maximo,minimo,rms,variancia,skewness,kurtosis,pico_a_pico,crest_factor,shape_factor,impulse_factor,margin_factor,energia,zero_crossings,mean_abs,peak_to_rms,mediana,amplitude,coeficiente_variacao
0.0003037404865066,0.2389629768630352,0.6489283433133732,-0.7484198602794411,0.2389631699018212,0.0571033043112435,0.025128038746311,0.736631956413726,1.3973482035928142,3.131946486092111,1.3203617275516917,4.13530227297603,5.017470772228992,7.023717778051781,59,0.1809831085795887,3.131946486092111,0.0044669660678642,1.3973482035928142,786.7340294715499
