media,desvio_padrao,maximo,minimo,rms,variancia,skewness,kurtosis,pico_a_pico,crest_factor,shape_factor,impulse_factor,margin_factor,energia,zero_crossings,mean_abs,peak_to_rms,mediana,amplitude,coeficiente_variacao
0.0090791993249273,0.1024991422615062,0.3021293413173652,-0.1892369261477045,0.1029004665913924,0.0105060741643445,0.456814320271134,-0.267172607993817,0.4913662674650698,2.9361318886637418,1.2096381761355297,3.5516572226965764,4.089940498528568,1.3023862410413305,49,0.0850671453840287,2.9361318886637418,0.0052791417165668,0.4913662674650698,11.289447295213568
