media,desvio_padrao,maximo,minimo,rms,variancia,skewness,kurtosis,pico_a_pico,crest_factor,shape_factor,impulse_factor,margin_factor,energia,zero_crossings,mean_abs,peak_to_rms,mediana,amplitude,coeficiente_variacao
0.0056153291777101,0.0762908220170359,0.1742116766467066,-0.2099474051896207,0.0764971989409357,0.005820289524035,-0.1759960622752266,-0.0502640646139509,0.3841590818363273,2.7445110160402524,1.2662885934116388,3.4753429941043588,4.153183372236152,0.7139222163887097,39,0.0604105567553417,2.7445110160402524,0.0077156686626746,0.3841590818363273,13.586170926518358
