media,desvio_padrao,maximo,minimo,rms,variancia,skewness,kurtosis,pico_a_pico,crest_factor,shape_factor,impulse_factor,margin_factor,energia,zero_crossings,mean_abs,peak_to_rms,mediana,amplitude,coeficiente_variacao
0.0005558743169398,0.1113489920464257,0.2395918163672654,-0.2907588822355289,0.1113503795503689,0.0123985980297549,-0.0835482928714444,-0.1585607498330148,0.5303506986027944,2.6112069254690358,1.2712418735911828,3.3194755842675288,4.0225606214994,1.512666657173368,48,0.0875918122770851,2.6112069254690358,0.0030456586826347,0.5303506986027944,200.3132518505376
