media,desvio_padrao,maximo,minimo,rms,variancia,skewness,kurtosis,pico_a_pico,crest_factor,shape_factor,impulse_factor,margin_factor,energia,zero_crossings,mean_abs,peak_to_rms,mediana,amplitude,coeficiente_variacao
0.002126968194758,0.145375796855784,0.4166461077844311,-0.4341078842315369,0.1453913556754861,0.0211341223114542,-0.1824672385031441,0.5549934398837784,0.850753992015968,2.9857888195256037,1.2749067295835297,3.8066022591284554,4.499137805773753,2.578914849228997,48,0.1140407782795065,2.9857888195256037,0.0054821856287425,0.850753992015968,68.34883437094504
