media,desvio_padrao,maximo,minimo,rms,variancia,skewness,kurtosis,pico_a_pico,crest_factor,shape_factor,impulse_factor,margin_factor,energia,zero_crossings,mean_abs,peak_to_rms,mediana,amplitude,coeficiente_variacao
-0.0004593452439383,0.4865005846206731,1.1382641716566868,-1.209735628742515,0.4865008014734506,0.2366828188362566,-0.0101867956639452,-0.1790395673748479,2.3479998003992018,2.486605623420608,1.2252349703658605,3.0466761673233296,3.515131654503568,28.8753296397858,64,0.3970673489087399,2.486605623420608,0.0038578343313373,2.3479998003992018,-1059.1174961331724
