media,desvio_padrao,maximo,minimo,rms,variancia,skewness,kurtosis,pico_a_pico,crest_factor,shape_factor,impulse_factor,margin_factor,energia,zero_crossings,mean_abs,peak_to_rms,mediana,amplitude,coeficiente_variacao
0.0001298149602434,0.1980079856198702,0.5778629740518962,-0.8633427145708583,0.1980080281735128,0.0392071623692387,-0.9932842496177532,3.9951310782078178,1.4412056886227544,4.360139952579691,1.384225278348883,6.03541593949971,7.355020603303407,4.783275864981843,63,0.1430461004221066,4.360139952579691,0.0148222055888223,1.4412056886227544,1525.3094500705795
