media,desvio_padrao,maximo,minimo,rms,variancia,skewness,kurtosis,pico_a_pico,crest_factor,shape_factor,impulse_factor,margin_factor,energia,zero_crossings,mean_abs,peak_to_rms,mediana,amplitude,coeficiente_variacao
-0.0025297274303851,0.0770563921494179,0.1754299401197604,-0.1912673652694611,0.0770979058856783,0.0059376875710848,-0.1626707410723568,-0.482248049354586,0.3666973053892215,2.480837359617451,1.2072521964793936,2.994996351506307,3.422557654312808,0.7251786252187442,47,0.0638623032623278,2.480837359617451,-0.0018273952095808,0.3666973053892215,-30.460353642798047
