media,desvio_padrao,maximo,minimo,rms,variancia,skewness,kurtosis,pico_a_pico,crest_factor,shape_factor,impulse_factor,margin_factor,energia,zero_crossings,mean_abs,peak_to_rms,mediana,amplitude,coeficiente_variacao
0.0080352131801969,0.1617263600809017,0.4763410179640718,-0.4174582834331337,0.1619258478312486,0.0261554155450174,-0.0432706785027897,0.4063215652170919,0.8937993013972055,2.941723167387653,1.289755491974894,3.794103611008006,4.539314630152023,3.1988375838959806,54,0.1255477094990347,2.941723167387653,0.0014213073852295,0.8937993013972055,20.12720216054516
