media,desvio_padrao,maximo,minimo,rms,variancia,skewness,kurtosis,pico_a_pico,crest_factor,shape_factor,impulse_factor,margin_factor,energia,zero_crossings,mean_abs,peak_to_rms,mediana,amplitude,coeficiente_variacao
0.0064874194234481,0.1292602033085038,0.3321798403193612,-0.3736007984031936,0.1294228989403787,0.0167082001593557,0.0428544252630965,0.9006905309843583,0.7057806387225549,2.8866668994588065,1.356908530952881,3.916942941894957,4.811355112808231,2.0435349859560423,48,0.095380709891692,2.8866668994588065,-0.0134008982035928,0.7057806387225549,19.92474894428818
