media,desvio_padrao,maximo,minimo,rms,variancia,skewness,kurtosis,pico_a_pico,crest_factor,shape_factor,impulse_factor,margin_factor,energia,zero_crossings,mean_abs,peak_to_rms,mediana,amplitude,coeficiente_variacao
0.0041401148921668,0.0871714790937752,0.2525866267465069,-0.2176630738522954,0.0872697388486801,0.0075988667673964,0.009824461105351,0.1250730550198828,0.4702497005988023,2.894320873177759,1.2865347928492958,3.723644505013141,4.509861172336299,0.9367689002021704,49,0.0678331743018028,2.894320873177759,0.0004060878243512,0.4702497005988023,21.05532850276788
