media,desvio_padrao,maximo,minimo,rms,variancia,skewness,kurtosis,pico_a_pico,crest_factor,shape_factor,impulse_factor,margin_factor,energia,zero_crossings,mean_abs,peak_to_rms,mediana,amplitude,coeficiente_variacao
0.0055188001047086,0.0818775512883399,0.1705568862275449,-0.2200996007984032,0.0820633326131132,0.0067039334049747,-0.2247816158478381,-0.1717191041508399,0.3906564870259481,2.6820699792446945,1.258247014035626,3.3747065428192307,4.0222905196268295,0.8215956482675966,47,0.0652203674617977,2.6820699792446945,0.007512624750499,0.3906564870259481,14.836114687046257
