media,desvio_padrao,maximo,minimo,rms,variancia,skewness,kurtosis,pico_a_pico,crest_factor,shape_factor,impulse_factor,margin_factor,energia,zero_crossings,mean_abs,peak_to_rms,mediana,amplitude,coeficiente_variacao
0.0030589730375314,0.1804146934220699,0.4418235528942116,-0.4536000998003992,0.1804406243577755,0.0325494616025795,0.1327025743361806,-0.0201525051575268,0.8954236526946109,2.513846875751252,1.290606574713932,3.2443873056686425,3.986991211653731,3.97217590807211,56,0.139810712182193,2.513846875751252,0.0036547904191616,0.8954236526946109,58.97884394811774
