media,desvio_padrao,maximo,minimo,rms,variancia,skewness,kurtosis,pico_a_pico,crest_factor,shape_factor,impulse_factor,margin_factor,energia,zero_crossings,mean_abs,peak_to_rms,mediana,amplitude,coeficiente_variacao
0.0009719479074637,0.15083624407625,0.4710618762475049,-0.4316713572854291,0.1508393755282913,0.02275157252703,0.1298250237238443,0.3949806581400836,0.902733233532934,3.122937062008407,1.2637714072003907,3.9466785654526175,4.692283489376449,2.7758070995913164,57,0.1193565344720395,3.122937062008407,0.006903493013972,0.902733233532934,155.1896381667703
