media,desvio_padrao,maximo,minimo,rms,variancia,skewness,kurtosis,pico_a_pico,crest_factor,shape_factor,impulse_factor,margin_factor,energia,zero_crossings,mean_abs,peak_to_rms,mediana,amplitude,coeficiente_variacao
0.0060646886554759,0.0984731607636946,0.229439620758483,-0.2810127744510978,0.0986597376809826,0.0096969633907924,-0.2020312252314759,0.0491925794378702,0.5104523952095809,2.848302469237813,1.2296760092146417,3.5024892134085626,4.04756186653658,1.1875167483921976,55,0.0802323026078989,2.848302469237813,0.010964371257485,0.5104523952095809,16.23713373559271
