media,desvio_padrao,maximo,minimo,rms,variancia,skewness,kurtosis,pico_a_pico,crest_factor,shape_factor,impulse_factor,margin_factor,energia,zero_crossings,mean_abs,peak_to_rms,mediana,amplitude,coeficiente_variacao
0.0022634403324498,0.0992103078251352,0.2152265469061876,-0.3110632734530938,0.0992361241730885,0.009842685178758,-0.2538107551166247,0.1097086655189398,0.5262898203592814,3.1345770105907635,1.2376815406072548,3.8796081036200594,4.496978327936767,1.201432617589392,54,0.0801790451883119,3.1345770105907635,0.0127917664670658,0.5262898203592814,43.8316426560068
