media,desvio_padrao,maximo,minimo,rms,variancia,skewness,kurtosis,pico_a_pico,crest_factor,shape_factor,impulse_factor,margin_factor,energia,zero_crossings,mean_abs,peak_to_rms,mediana,amplitude,coeficiente_variacao
0.0031421877556362,0.1807462445377056,0.4052756487025948,-0.4527879241516966,0.1807735551964826,0.032669204914484,-0.1369063322367072,-0.0313213378427317,0.8580635728542914,2.5047243423384677,1.276966131633439,3.198448154244063,3.78147801678189,3.9868475475218426,55,0.1415648784398416,2.5047243423384677,0.0316748502994011,0.8580635728542914,57.52242023523063
