media,desvio_padrao,maximo,minimo,rms,variancia,skewness,kurtosis,pico_a_pico,crest_factor,shape_factor,impulse_factor,margin_factor,energia,zero_crossings,mean_abs,peak_to_rms,mediana,amplitude,coeficiente_variacao
0.0056053434115375,0.0959421627990196,0.2322822355289421,-0.188424750499002,0.0961057671386835,0.0092048986025535,0.312051172236177,-0.4578041309023564,0.4207069860279441,2.416943773975102,1.216107624699321,2.939263752000674,3.3761594229996863,1.1268308542324132,52,0.0790273534897418,2.416943773975102,-0.0081217564870259,0.4207069860279441,17.116197127465945
