media,desvio_padrao,maximo,minimo,rms,variancia,skewness,kurtosis,pico_a_pico,crest_factor,shape_factor,impulse_factor,margin_factor,energia,zero_crossings,mean_abs,peak_to_rms,mediana,amplitude,coeficiente_variacao
-0.0005958173816301,0.0970600619383754,0.3224337325349301,-0.27857624750499,0.0970618906772042,0.0094206556234812,0.0303905447113161,0.7835711316863381,0.6010099800399201,3.3219395406920134,1.312393588732904,4.359692155362527,5.31241383567396,1.1493632958636917,59,0.073957912862799,3.3219395406920134,-0.0006091317365269,0.6010099800399201,-162.90236728712966
