media,desvio_padrao,maximo,minimo,rms,variancia,skewness,kurtosis,pico_a_pico,crest_factor,shape_factor,impulse_factor,margin_factor,energia,zero_crossings,mean_abs,peak_to_rms,mediana,amplitude,coeficiente_variacao
-0.0011483631098458,0.2142717599508504,0.810957385229541,-0.6586744510978044,0.2142748371840868,0.0459123871124348,0.3205771264734332,2.3300224980402966,1.4696318363273453,3.784659906346515,1.39292610862128,5.27175159580223,6.618290506814409,5.601472113732565,57,0.1538307278884853,3.784659906346515,-0.0174617764471057,1.4696318363273453,-186.5888568813465
