media,desvio_padrao,maximo,minimo,rms,variancia,skewness,kurtosis,pico_a_pico,crest_factor,shape_factor,impulse_factor,margin_factor,energia,zero_crossings,mean_abs,peak_to_rms,mediana,amplitude,coeficiente_variacao
-0.0049695829652171,0.1334296553509771,0.3264946107784431,-0.3390833333333333,0.1335221692526328,0.0178034729270805,-0.1501649466887169,-0.1304405547401104,0.6655779441117764,2.539528343729686,1.275436329287709,3.239006708848686,3.937955169795488,2.175036701195304,57,0.1046874439645299,2.539528343729686,0.002842614770459,0.6655779441117764,-26.84926608225927
