media,desvio_padrao,maximo,minimo,rms,variancia,skewness,kurtosis,pico_a_pico,crest_factor,shape_factor,impulse_factor,margin_factor,energia,zero_crossings,mean_abs,peak_to_rms,mediana,amplitude,coeficiente_variacao
-0.0001331435489676,0.1038749284380652,0.2452770459081836,-0.2200996007984032,0.1038750137675938,0.0107900007580131,0.1262556945936294,-0.5780004028627723,0.4653766467065868,2.36127088711591,1.2050866360317862,2.845535990114303,3.271591861287703,1.3163822551965727,56,0.0861971336016491,2.36127088711591,0.0046700099800399,0.4653766467065868,-780.1724472832985
