media,desvio_padrao,maximo,minimo,rms,variancia,skewness,kurtosis,pico_a_pico,crest_factor,shape_factor,impulse_factor,margin_factor,energia,zero_crossings,mean_abs,peak_to_rms,mediana,amplitude,coeficiente_variacao
0.0038611629200615,0.0716591858904622,0.1616229540918163,-0.2006073852295409,0.0717631346972739,0.0051350389224838,-0.3087632704828844,-0.2266166379429055,0.3622303393213573,2.7954100120595946,1.226512004302721,3.428603936739106,4.035762805446188,0.6282935951926486,53,0.0585099325938287,2.7954100120595946,-0.0004060878243512,0.3622303393213573,18.558964585032484
