media,desvio_padrao,maximo,minimo,rms,variancia,skewness,kurtosis,pico_a_pico,crest_factor,shape_factor,impulse_factor,margin_factor,energia,zero_crossings,mean_abs,peak_to_rms,mediana,amplitude,coeficiente_variacao
0.0053490420797748,0.1143542194302944,0.301723253493014,-0.2667997005988023,0.1144792546825979,0.0130768875015119,-0.0435899309395872,-0.2849919284372872,0.5685229540918164,2.6356151106116443,1.2285311814159403,3.237935345597428,3.777305124307863,1.5988709698273411,54,0.093183841333726,2.6356151106116443,0.0190861277445109,0.5685229540918164,21.378448276314028
