media,desvio_padrao,maximo,minimo,rms,variancia,skewness,kurtosis,pico_a_pico,crest_factor,shape_factor,impulse_factor,margin_factor,energia,zero_crossings,mean_abs,peak_to_rms,mediana,amplitude,coeficiente_variacao
0.0050328261509767,0.2450481513000362,0.7000954091816367,-0.6801971057884232,0.2450998282223621,0.0600485964555654,0.0851053335641595,1.3385205099068165,1.3802925149700598,2.856368420407413,1.3677605860726545,3.9068281447358655,4.85602609739291,7.329018946945032,56,0.1791979025555446,2.856368420407413,0.0131978542914171,1.3802925149700598,48.6899694026743
