media,desvio_padrao,maximo,minimo,rms,variancia,skewness,kurtosis,pico_a_pico,crest_factor,shape_factor,impulse_factor,margin_factor,energia,zero_crossings,mean_abs,peak_to_rms,mediana,amplitude,coeficiente_variacao
0.003871148686234,0.0738256229548071,0.1644655688622754,-0.244464870259481,0.0739270478026566,0.0054502226046653,-0.2779763129946611,0.1105020409335537,0.4089304391217565,3.306839343998476,1.2202476393237958,4.03516290313719,4.6237819913348845,0.6667554244115861,46,0.0605836433689997,3.306839343998476,0.0119795908183632,0.4089304391217565,19.070727822295517
