media,desvio_padrao,maximo,minimo,rms,variancia,skewness,kurtosis,pico_a_pico,crest_factor,shape_factor,impulse_factor,margin_factor,energia,zero_crossings,mean_abs,peak_to_rms,mediana,amplitude,coeficiente_variacao
0.0015744224665423,0.091502328213041,0.2838553892215569,-0.2586779441117764,0.0915158722545452,0.008372676068407,0.1395191857424716,0.4091377529812492,0.5425333333333333,3.101706646384052,1.2811097345640492,3.97362657844462,4.76895674518276,1.0217688946902503,50,0.0714348426098622,3.101706646384052,0.0010152195608782,0.5425333333333333,58.1180275037578
