media,desvio_padrao,maximo,minimo,rms,variancia,skewness,kurtosis,pico_a_pico,crest_factor,shape_factor,impulse_factor,margin_factor,energia,zero_crossings,mean_abs,peak_to_rms,mediana,amplitude,coeficiente_variacao
0.0006124603252511,0.0920923322200684,0.3228398203592814,-0.2111656686626746,0.0920943687821435,0.0084809976537314,0.5683117732484847,1.528554627609532,0.5340054890219561,3.5055326903101345,1.3015190681374245,4.562517640417725,5.372059607647341,1.0347274768885384,43,0.0707591390988514,3.5055326903101345,-0.0071065369261477,0.5340054890219561,150.36456799435308
