media,desvio_padrao,maximo,minimo,rms,variancia,skewness,kurtosis,pico_a_pico,crest_factor,shape_factor,impulse_factor,margin_factor,energia,zero_crossings,mean_abs,peak_to_rms,mediana,amplitude,coeficiente_variacao
0.0052691559503942,0.105707511911013,0.2647692614770459,-0.2058865269461077,0.1058387550892703,0.0111740780744169,0.0420162543762926,-0.8019243779631315,0.4706557884231537,2.501628644948863,1.1918319901461365,2.9815210465159865,3.4078397649951597,1.3666247336192787,57,0.0888034185726907,2.501628644948863,0.0079187125748502,0.4706557884231537,20.061564490818103
