media,desvio_padrao,maximo,minimo,rms,variancia,skewness,kurtosis,pico_a_pico,crest_factor,shape_factor,impulse_factor,margin_factor,energia,zero_crossings,mean_abs,peak_to_rms,mediana,amplitude,coeficiente_variacao
-0.000123157782795,0.1032375789635121,0.2176630738522954,-0.244464870259481,0.1032376524243305,0.0106579977102474,0.1862402171424832,-0.4524085068253156,0.4621279441117765,2.367981686126241,1.2437519578543983,2.9451818582828726,3.500162907701456,1.300277571126599,50,0.08300501701515,2.367981686126241,-0.0089339321357285,0.4621279441117765,-838.2546081988388
