media,desvio_padrao,maximo,minimo,rms,variancia,skewness,kurtosis,pico_a_pico,crest_factor,shape_factor,impulse_factor,margin_factor,energia,zero_crossings,mean_abs,peak_to_rms,mediana,amplitude,coeficiente_variacao
0.0018806526291678,0.0881970488708115,0.2452770459081836,-0.214414371257485,0.0882170974575332,0.0077787194295203,-0.0558768500065075,-0.1614344832617447,0.4596914171656687,2.7803799147467694,1.2474866058257692,3.4684867027535886,4.071134029902631,0.9494352666274934,55,0.070715867445437,2.7803799147467694,-0.0067004491017964,0.4596914171656687,46.89704387877048
