media,desvio_padrao,maximo,minimo,rms,variancia,skewness,kurtosis,pico_a_pico,crest_factor,shape_factor,impulse_factor,margin_factor,energia,zero_crossings,mean_abs,peak_to_rms,mediana,amplitude,coeficiente_variacao
0.00069900363208,0.1166055313231077,0.3033476047904191,-0.2432466067864271,0.116607626428214,0.0135968499351442,0.0670877077405416,-0.3668969372790456,0.5465942115768463,2.6014388087829388,1.2410426558448353,3.2284965282698037,3.823723263462387,1.6588753020290756,49,0.0939594025064624,2.6014388087829388,0.0012182634730538,0.5465942115768463,166.81677457971523
