media,desvio_padrao,maximo,minimo,rms,variancia,skewness,kurtosis,pico_a_pico,crest_factor,shape_factor,impulse_factor,margin_factor,energia,zero_crossings,mean_abs,peak_to_rms,mediana,amplitude,coeficiente_variacao
0.0023266835182094,0.1735538105431642,0.5969491017964071,-0.5604011976047903,0.1735694057437728,0.0301209251540525,-0.0938984860813806,2.081008471930696,1.1573502994011975,3.4392530137346733,1.4310229171764268,4.92164988062241,6.265652779372677,3.6754133104500673,53,0.1212904445207944,3.4392530137346733,0.0087308882235528,1.1573502994011975,74.59278805427046
