media,desvio_padrao,maximo,minimo,rms,variancia,skewness,kurtosis,pico_a_pico,crest_factor,shape_factor,impulse_factor,margin_factor,energia,zero_crossings,mean_abs,peak_to_rms,mediana,amplitude,coeficiente_variacao
0.0021669112594483,0.1226190525884666,0.301723253493014,-0.4718740518962075,0.1226381978100602,0.0150354320576931,-0.3235534451804625,1.4066638934256863,0.7735973053892216,3.847692320357131,1.2831784319907813,4.937275798418835,5.815773168240209,1.8348955625761356,47,0.0955737680376951,3.847692320357131,0.0056852295409181,0.7735973053892216,56.58702083613919
