media,desvio_padrao,maximo,minimo,rms,variancia,skewness,kurtosis,pico_a_pico,crest_factor,shape_factor,impulse_factor,margin_factor,energia,zero_crossings,mean_abs,peak_to_rms,mediana,amplitude,coeficiente_variacao
0.0018007664997873,0.103851939443002,0.2680179640718563,-0.2237543912175648,0.1038675506886521,0.0107852253260729,0.1288916619102317,-0.4829724911060475,0.4917723552894212,2.580382056714254,1.1937978274459136,3.0804544932858944,3.4861229726696523,1.316193106499287,53,0.0870059806616275,2.580382056714254,-0.0085278443113772,0.4917723552894212,57.670963700884016
