media,desvio_padrao,maximo,minimo,rms,variancia,skewness,kurtosis,pico_a_pico,crest_factor,shape_factor,impulse_factor,margin_factor,energia,zero_crossings,mean_abs,peak_to_rms,mediana,amplitude,coeficiente_variacao
0.0065972628513464,0.1161782187533392,0.2797945109780439,-0.2838553892215569,0.116365383125002,0.0134973785126987,0.0400342253944375,-0.3517919367477535,0.5636499001996008,2.439345633543214,1.2207338329945006,2.9777917452336062,3.429825394319084,1.6519900915590775,56,0.0953241238833807,2.439345633543214,0.0131978542914171,0.5636499001996008,17.610063653842072
