media,desvio_padrao,maximo,minimo,rms,variancia,skewness,kurtosis,pico_a_pico,crest_factor,shape_factor,impulse_factor,margin_factor,energia,zero_crossings,mean_abs,peak_to_rms,mediana,amplitude,coeficiente_variacao
0.0030356729164621,0.0840222897213108,0.1880186626746507,-0.2586779441117764,0.0840771103218209,0.0070597451700119,-0.1056554421865564,-0.1216227926169764,0.4466966067864272,3.0766750084730328,1.2351631513099133,3.8001955990220058,4.421998942378707,0.8624131785682527,44,0.0680696394097051,3.0766750084730328,0.0052791417165668,0.4466966067864272,27.678307918374934
