media,desvio_padrao,maximo,minimo,rms,variancia,skewness,kurtosis,pico_a_pico,crest_factor,shape_factor,impulse_factor,margin_factor,energia,zero_crossings,mean_abs,peak_to_rms,mediana,amplitude,coeficiente_variacao
0.0015511223454729,0.0841601871177661,0.2757336327345309,-0.2095413173652694,0.084174479958168,0.0070829370956974,-0.0478831302981891,0.2379464291138404,0.4852749500998004,3.275739070458904,1.260635043506283,4.129511465603191,4.870807515072793,0.8644118552998197,53,0.0667714898072707,3.275739070458904,0.0014213073852295,0.4852749500998004,54.25760731472327
