media,desvio_padrao,maximo,minimo,rms,variancia,skewness,kurtosis,pico_a_pico,crest_factor,shape_factor,impulse_factor,margin_factor,energia,zero_crossings,mean_abs,peak_to_rms,mediana,amplitude,coeficiente_variacao
0.0054821856287425,0.3805497885866706,1.0387726546906186,-0.9648646706586826,0.3805892746158616,0.1448181415933597,-0.0854259288029207,0.2638432871973935,2.003637325349301,2.7293797381418017,1.2995934497268868,3.547084029506371,4.296095441712662,17.67147990622058,64,0.292852564543045,2.7293797381418017,0.0176648203592814,2.003637325349301,69.41570650061328
