media,desvio_padrao,maximo,minimo,rms,variancia,skewness,kurtosis,pico_a_pico,crest_factor,shape_factor,impulse_factor,margin_factor,energia,zero_crossings,mean_abs,peak_to_rms,mediana,amplitude,coeficiente_variacao
0.0057413555003813,0.1565797477760551,0.5299446107784431,-0.4885236526946108,0.1566849724019339,0.024517217413613,0.1193370075899984,1.2223004872866912,1.018468263473054,3.382229978118195,1.317152840885633,4.454913824206933,5.365430941804062,3.019672210921162,56,0.1189573203187121,3.382229978118195,-0.0056852295409181,1.018468263473054,27.272261361564325
