media,desvio_padrao,maximo,minimo,rms,variancia,skewness,kurtosis,pico_a_pico,crest_factor,shape_factor,impulse_factor,margin_factor,energia,zero_crossings,mean_abs,peak_to_rms,mediana,amplitude,coeficiente_variacao
0.0080285560027485,0.1055754572410161,0.2517744510978044,-0.2980684630738523,0.1058802856207844,0.0111461771716496,-0.1678155210081247,-0.1092401502155504,0.5498429141716568,2.815146005002286,1.2239077562136993,3.445479030396307,3.9724187374240567,1.367697455742945,58,0.0865100209417231,2.815146005002286,0.0142130738522954,0.5498429141716568,13.149993249704194
