media,desvio_padrao,maximo,minimo,rms,variancia,skewness,kurtosis,pico_a_pico,crest_factor,shape_factor,impulse_factor,margin_factor,energia,zero_crossings,mean_abs,peak_to_rms,mediana,amplitude,coeficiente_variacao
0.0043504654625175,0.149826573974672,0.3800982035928144,-0.3009110778443113,0.1498897221917781,0.0224480022689878,0.1492589646088135,-0.7255271018411746,0.6810092814371258,2.535852345543035,1.1889376376068412,3.014970297029703,3.435123790143072,2.740965315884867,58,0.1260702979287327,2.535852345543035,-0.0081217564870259,0.6810092814371258,34.43920547480185
