media,desvio_padrao,maximo,minimo,rms,variancia,skewness,kurtosis,pico_a_pico,crest_factor,shape_factor,impulse_factor,margin_factor,energia,zero_crossings,mean_abs,peak_to_rms,mediana,amplitude,coeficiente_variacao
0.0014179787965053,0.0936720859888372,0.2497440119760479,-0.2160387225548902,0.0936828178342617,0.0087744596935001,0.0949353864308674,-0.280097537703261,0.4657827345309381,2.665846499385627,1.223053464463569,3.260472796801669,3.748060415219558,1.0707293835988303,46,0.0765974837210824,2.665846499385627,0.0127917664670658,0.4657827345309381,66.0602868108429
