media,desvio_padrao,maximo,minimo,rms,variancia,skewness,kurtosis,pico_a_pico,crest_factor,shape_factor,impulse_factor,margin_factor,energia,zero_crossings,mean_abs,peak_to_rms,mediana,amplitude,coeficiente_variacao
0.0012615351264683,0.1007804587196567,0.2586779441117764,-0.2261909181636726,0.100788354141834,0.0101567008597444,-0.0639432909148665,-0.2145151517003469,0.4848688622754491,2.566545969663845,1.253346815297613,3.216772217393104,3.808589299967388,1.2393116643356106,53,0.0804153749877294,2.566545969663845,0.0081217564870259,0.4848688622754491,79.88716017903404
