media,desvio_padrao,maximo,minimo,rms,variancia,skewness,kurtosis,pico_a_pico,crest_factor,shape_factor,impulse_factor,margin_factor,energia,zero_crossings,mean_abs,peak_to_rms,mediana,amplitude,coeficiente_variacao
0.0025829848499721,0.0940124631143731,0.1912673652694611,-0.2611144710578842,0.0940479400708306,0.0088383432208313,-0.4618426915073182,0.0366981770647312,0.4523818363273453,2.7763975570462263,1.2475538294795632,3.463705404450724,4.068853761434149,1.0790918338511202,54,0.0753858774254769,2.7763975570462263,0.014416117764471,0.4523818363273453,36.39683102105128
