media,desvio_padrao,maximo,minimo,rms,variancia,skewness,kurtosis,pico_a_pico,crest_factor,shape_factor,impulse_factor,margin_factor,energia,zero_crossings,mean_abs,peak_to_rms,mediana,amplitude,coeficiente_variacao
0.0035149896927456,0.3117428051108455,0.8458809381237524,-0.9774533932135728,0.3117626207403939,0.0971835765383786,-0.0138418160372237,1.0195068789982766,1.8233343313373247,3.135248834168296,1.3570284445598533,4.254621848739496,5.231746780401994,11.857903666292088,59,0.2297391937436602,3.135248834168296,-0.0174617764471057,1.8233343313373247,88.68953606157925
