media,desvio_padrao,maximo,minimo,rms,variancia,skewness,kurtosis,pico_a_pico,crest_factor,shape_factor,impulse_factor,margin_factor,energia,zero_crossings,mean_abs,peak_to_rms,mediana,amplitude,coeficiente_variacao
0.0074859960407054,0.0990340271423558,0.2655814371257485,-0.3508598802395209,0.0993165578781017,0.0098077385320328,-0.4991802529296189,1.568558081002644,0.6164413173652694,3.53274305650178,1.3264030876636377,4.6858412980662365,5.645886518749885,1.2033809975880276,53,0.0748766033506757,3.53274305650178,0.0136039421157684,0.6164413173652694,13.22923851466837
