media,desvio_padrao,maximo,minimo,rms,variancia,skewness,kurtosis,pico_a_pico,crest_factor,shape_factor,impulse_factor,margin_factor,energia,zero_crossings,mean_abs,peak_to_rms,mediana,amplitude,coeficiente_variacao
0.0066704918032786,0.1174423468513061,0.4064939121756487,-0.2667997005988023,0.1176316296530831,0.0137927048339425,0.4819347667879307,0.7380431915315513,0.6732936127744511,3.455651455093093,1.31335628602967,4.53850156087409,5.5143206372093525,1.6881384359704945,53,0.0895656653905304,3.455651455093093,-0.0058882734530938,0.6732936127744511,17.606250080928188
