media,desvio_padrao,maximo,minimo,rms,variancia,skewness,kurtosis,pico_a_pico,crest_factor,shape_factor,impulse_factor,margin_factor,energia,zero_crossings,mean_abs,peak_to_rms,mediana,amplitude,coeficiente_variacao
0.0033552174339844,0.1115739925548983,0.2233483033932135,-0.3419259481037924,0.1116244296678367,0.0124487558146405,-0.5626210472237074,0.2710171216906532,0.565274251497006,3.063182039283596,1.2455453175256752,3.815332045758432,4.427675906940924,1.5201216224377194,54,0.0896189228101174,3.063182039283596,0.025989620758483,0.565274251497006,33.253878399886176
