media,desvio_padrao,maximo,minimo,rms,variancia,skewness,kurtosis,pico_a_pico,crest_factor,shape_factor,impulse_factor,margin_factor,energia,zero_crossings,mean_abs,peak_to_rms,mediana,amplitude,coeficiente_variacao
0.0050627834494944,0.0898793742726445,0.2237543912175648,-0.2517744510978044,0.0900218512134614,0.0080783019196421,-0.0593941074635525,0.2723643153576609,0.4755288423153693,2.7968148588812314,1.2687081119601795,3.548341699113384,4.192163765182024,0.988679910899628,59,0.0709555258335787,2.7968148588812314,-0.0054821856287425,0.4755288423153693,17.752956485156307
