media,desvio_padrao,maximo,minimo,rms,variancia,skewness,kurtosis,pico_a_pico,crest_factor,shape_factor,impulse_factor,margin_factor,energia,zero_crossings,mean_abs,peak_to_rms,mediana,amplitude,coeficiente_variacao
8.654330682896178e-05,0.1208048841521935,0.2781701596806387,-0.3139058882235529,0.120804915151532,0.0145938200350249,0.2285407229740816,-0.2300370598207699,0.5920760479041915,2.5984529506088725,1.2413850583340948,3.225680667669996,3.773592973248834,1.7804469580218008,50,0.0973146199404469,2.5984529506088725,-0.0172587325349301,0.5920760479041915,1395.8893943230523
