media,desvio_padrao,maximo,minimo,rms,variancia,skewness,kurtosis,pico_a_pico,crest_factor,shape_factor,impulse_factor,margin_factor,energia,zero_crossings,mean_abs,peak_to_rms,mediana,amplitude,coeficiente_variacao
0.0048070233516706,0.0815177359337335,0.2148204590818363,-0.1790847305389221,0.0816593457313088,0.0066451412717619,0.3112881617510292,0.0484647299494622,0.3939051896207585,2.630690426894672,1.2856747618807003,3.382212288179645,4.066250659077518,0.8201945956676467,52,0.0635147769501647,2.630690426894672,0.006903493013972,0.3939051896207585,16.958048665480842
