media,desvio_padrao,maximo,minimo,rms,variancia,skewness,kurtosis,pico_a_pico,crest_factor,shape_factor,impulse_factor,margin_factor,energia,zero_crossings,mean_abs,peak_to_rms,mediana,amplitude,coeficiente_variacao
0.0050261689735283,0.0927687786158775,0.2956319361277445,-0.2018256487025948,0.0929048365825598,0.0086060462858816,0.3498972712237334,0.2755031493501039,0.4974575848303393,3.1820941406536054,1.2623780762398658,4.017005879692447,4.706822613067148,1.053019656572723,61,0.0735950966918621,3.1820941406536054,0.0079187125748502,0.4974575848303393,18.457154764288425
