media,desvio_padrao,maximo,minimo,rms,variancia,skewness,kurtosis,pico_a_pico,crest_factor,shape_factor,impulse_factor,margin_factor,energia,zero_crossings,mean_abs,peak_to_rms,mediana,amplitude,coeficiente_variacao
0.0075891822911553,0.1235343238667878,0.3179667664670659,-0.3496416167664671,0.1237672204627413,0.0152607291732244,0.0344447971929835,0.4113908520008671,0.667608383233533,2.824993689437524,1.2925157087794767,3.65134872080089,4.363810846845969,1.868835633050884,53,0.0957568404175256,2.824993689437524,-0.0032487025948103,0.667608383233533,16.27768567514284
