media,desvio_padrao,maximo,minimo,rms,variancia,skewness,kurtosis,pico_a_pico,crest_factor,shape_factor,impulse_factor,margin_factor,energia,zero_crossings,mean_abs,peak_to_rms,mediana,amplitude,coeficiente_variacao
-2.662870979352663e-05,0.1583873667688188,0.4446661676646706,-0.4223313373253493,0.1583873690072808,0.0250865579519603,-0.0252716397785694,-0.0138060273749065,0.8669975049900199,2.8074597769486918,1.2435694350417634,3.491271168722559,4.116084085210901,3.060560156647922,58,0.1273651189424429,2.8074597769486918,-0.0016243512974051,0.8669975049900199,-5947.992523743017
