media,desvio_padrao,maximo,minimo,rms,variancia,skewness,kurtosis,pico_a_pico,crest_factor,shape_factor,impulse_factor,margin_factor,energia,zero_crossings,mean_abs,peak_to_rms,mediana,amplitude,coeficiente_variacao
0.0007755611727364,0.2117508814253175,0.6513648702594811,-0.5445637724550898,0.2117523017101149,0.0448384357843988,0.1892698473067422,0.6651697210676142,1.1959286427145708,3.0760698466984686,1.3584795911146073,4.178778107582908,5.266309699366606,5.470362548102847,59,0.1558744813651385,3.0760698466984686,-0.0046700099800399,1.1959286427145708,273.02924497648434
