media,desvio_padrao,maximo,minimo,rms,variancia,skewness,kurtosis,pico_a_pico,crest_factor,shape_factor,impulse_factor,margin_factor,energia,zero_crossings,mean_abs,peak_to_rms,mediana,amplitude,coeficiente_variacao
-0.0007589182291155,0.1039691567345826,0.2643631736526946,-0.2192874251497006,0.1039719265425946,0.0108095855521002,0.1716745933192933,-0.4304523235399138,0.4836505988023952,2.542639945643324,1.1969665389852435,3.043454935622318,3.430255010933948,1.318839704095402,56,0.0868628513464873,2.542639945643324,0.0026395708582834,0.4836505988023952,-136.99652050228215
