media,desvio_padrao,maximo,minimo,rms,variancia,skewness,kurtosis,pico_a_pico,crest_factor,shape_factor,impulse_factor,margin_factor,energia,zero_crossings,mean_abs,peak_to_rms,mediana,amplitude,coeficiente_variacao
0.0038644915087857,0.1995296812479861,0.5839542914171657,-0.4994880239520958,0.1995671014810417,0.0398120936989229,0.1898432232665831,0.7701194076101201,1.0834423153692616,2.9261049896675457,1.3710688564951914,4.011891422168356,5.130070272898489,4.85889741521242,51,0.1455558563201466,2.9261049896675457,0.0024365269461077,1.0834423153692616,51.63154862531498
