media,desvio_padrao,maximo,minimo,rms,variancia,skewness,kurtosis,pico_a_pico,crest_factor,shape_factor,impulse_factor,margin_factor,energia,zero_crossings,mean_abs,peak_to_rms,mediana,amplitude,coeficiente_variacao
0.0047898391741107,0.1729352229261297,0.6115682634730539,-0.4868993013972056,0.1730015430215119,0.0299065913285102,0.2708940814344899,1.4646028720116506,1.0984675648702595,3.5350451377015077,1.316241862660413,4.652974396636869,5.642994866377848,3.651403134314534,54,0.1314359829521285,3.5350451377015077,0.0115735029940119,1.0984675648702595,36.10459905644622
