media,desvio_padrao,maximo,minimo,rms,variancia,skewness,kurtosis,pico_a_pico,crest_factor,shape_factor,impulse_factor,margin_factor,energia,zero_crossings,mean_abs,peak_to_rms,mediana,amplitude,coeficiente_variacao
0.004932968489251,0.0921728102419797,0.1945160678642714,-0.2716727544910179,0.092304718871897,0.0084958269479039,-0.2648004097225176,-0.0798643444352116,0.4661888223552894,2.9432163145207424,1.245996015817393,3.667235801581597,4.311181248476742,1.0394596573744328,45,0.074081070645594,2.9432163145207424,0.0113704590818363,0.4661888223552894,18.6850596031224
