media,desvio_padrao,maximo,minimo,rms,variancia,skewness,kurtosis,pico_a_pico,crest_factor,shape_factor,impulse_factor,margin_factor,energia,zero_crossings,mean_abs,peak_to_rms,mediana,amplitude,coeficiente_variacao
-0.0002230154445207,0.2232420180681243,0.6371517964071857,-0.6318726546906188,0.2232421294626469,0.0498369986311287,-0.0132893708052107,0.2054451820435536,1.2690244510978044,2.854084029483308,1.264457729272879,3.608868611074452,4.282629395392599,6.080119900776102,60,0.1765516745198128,2.854084029483308,-0.0054821856287425,1.2690244510978044,-1001.0159545129968
