media,desvio_padrao,maximo,minimo,rms,variancia,skewness,kurtosis,pico_a_pico,crest_factor,shape_factor,impulse_factor,margin_factor,energia,zero_crossings,mean_abs,peak_to_rms,mediana,amplitude,coeficiente_variacao
0.0014545932724714,0.0840122445896096,0.1815212574850299,-0.2148204590818363,0.0840248361055986,0.0070580572409843,-0.097057616209714,-0.5682135459090039,0.3963417165668663,2.556630504007883,1.201436477356528,3.071629146637476,3.5120264642767984,0.8613411160738703,51,0.0699369776839763,2.556630504007883,0.0083248003992015,0.3963417165668663,57.7565194199387
