media,desvio_padrao,maximo,minimo,rms,variancia,skewness,kurtosis,pico_a_pico,crest_factor,shape_factor,impulse_factor,margin_factor,energia,zero_crossings,mean_abs,peak_to_rms,mediana,amplitude,coeficiente_variacao
0.0022101829128627,0.0920976131365498,0.2416222554890219,-0.2180691616766467,0.0921241295967452,0.0084819703454495,0.1251536441645045,-0.2440588422640877,0.4596914171656687,2.6227901044674686,1.2606647226596248,3.3064589596428897,3.982458409893451,1.0353963409828646,48,0.0730758368508883,2.6227901044674686,-0.0036547904191616,0.4596914171656687,41.66967928335758
