media,desvio_padrao,maximo,minimo,rms,variancia,skewness,kurtosis,pico_a_pico,crest_factor,shape_factor,impulse_factor,margin_factor,energia,zero_crossings,mean_abs,peak_to_rms,mediana,amplitude,coeficiente_variacao
0.0062111465593403,0.1222209303722133,0.3037536926147705,-0.3317737524950099,0.1223786507632398,0.0149379558210494,0.0478743392255741,-0.0307139444652801,0.6355274451097804,2.7110427384665066,1.252245477360013,3.394891008174387,4.002617184097433,1.827137167840985,54,0.0977273649422466,2.7110427384665066,-0.0052791417165668,0.6355274451097804,19.6776761270296
