media,desvio_padrao,maximo,minimo,rms,variancia,skewness,kurtosis,pico_a_pico,crest_factor,shape_factor,impulse_factor,margin_factor,energia,zero_crossings,mean_abs,peak_to_rms,mediana,amplitude,coeficiente_variacao
-0.0021162788244648,0.1180807214955511,0.2862919161676647,-0.2598962075848303,0.1180996842712663,0.0139430567889099,0.1646326486311869,-0.4882548922315202,0.546188123752495,2.4241547971463926,1.217578218905781,2.9515980802614106,3.4145756347192493,1.7155468572716543,54,0.0969955625334696,2.4241547971463926,-0.0134008982035928,0.546188123752495,-55.7963913499954
