media,desvio_padrao,maximo,minimo,rms,variancia,skewness,kurtosis,pico_a_pico,crest_factor,shape_factor,impulse_factor,margin_factor,energia,zero_crossings,mean_abs,peak_to_rms,mediana,amplitude,coeficiente_variacao
0.0080784848336114,0.1895599578833566,0.6879127744510979,-0.492990618762475,0.1897320203601565,0.0359329776327399,0.4648337339094519,0.7337953922476896,1.1809033932135728,3.6257073168001672,1.2897554016891712,4.676275596786967,5.590079432135047,4.391785225093516,48,0.1471069786656196,3.6257073168001672,-0.0158374251497005,1.1809033932135728,23.46479095865485
