media,desvio_padrao,maximo,minimo,rms,variancia,skewness,kurtosis,pico_a_pico,crest_factor,shape_factor,impulse_factor,margin_factor,energia,zero_crossings,mean_abs,peak_to_rms,mediana,amplitude,coeficiente_variacao
0.0044137086482772,0.1511280969412707,0.3269006986027944,-0.4105547904191617,0.1511925345680864,0.0228397016850901,-0.2793952165934908,0.1133789353450285,0.7374554890219561,2.715443534245912,1.2755522002368131,3.463689974726201,4.115432044160756,2.788820266112884,54,0.1185310444684401,2.715443534245912,0.0142130738522954,0.7374554890219561,34.240614636006775
