media,desvio_padrao,maximo,minimo,rms,variancia,skewness,kurtosis,pico_a_pico,crest_factor,shape_factor,impulse_factor,margin_factor,energia,zero_crossings,mean_abs,peak_to_rms,mediana,amplitude,coeficiente_variacao
0.0023473857163721,0.0911894811960084,0.218475249500998,-0.2205056886227545,0.0912196892150954,0.0083155214807971,0.0546234287945193,-0.4280058277555634,0.4389809381237525,2.417303660208745,1.2356131162784807,2.986852108581906,3.532924213352735,1.0234868991613282,56,0.0738254458562549,2.417303660208745,-0.0004060878243512,0.4389809381237525,38.8472506073442
