media,desvio_padrao,maximo,minimo,rms,variancia,skewness,kurtosis,pico_a_pico,crest_factor,shape_factor,impulse_factor,margin_factor,energia,zero_crossings,mean_abs,peak_to_rms,mediana,amplitude,coeficiente_variacao
0.0036980620725761,0.0855198016019984,0.1969525948103792,-0.1823334331337325,0.0855997203800211,0.0073136364660451,-0.0206456110369618,-0.8361118633844895,0.3792860279441118,2.3008555861631974,1.1762576300407974,2.706398938846452,3.0519001114198048,0.8939320797548117,55,0.072772935276987,2.3008555861631974,0.0002030439121756,0.3792860279441118,23.12557223854908
