media,desvio_padrao,maximo,minimo,rms,variancia,skewness,kurtosis,pico_a_pico,crest_factor,shape_factor,impulse_factor,margin_factor,energia,zero_crossings,mean_abs,peak_to_rms,mediana,amplitude,coeficiente_variacao
0.0025929706161447,0.0829944249747773,0.1794908183632734,-0.2464953093812375,0.0830349208075141,0.0068880745768939,-0.3316713887726561,0.1218710362881467,0.4259861277445109,2.968574028662544,1.2418969445548578,3.686663015880919,4.27695196847804,0.8411653649682372,42,0.0668613617028238,2.968574028662544,0.0060913173652694,0.4259861277445109,32.00746836775725
