media,desvio_padrao,maximo,minimo,rms,variancia,skewness,kurtosis,pico_a_pico,crest_factor,shape_factor,impulse_factor,margin_factor,energia,zero_crossings,mean_abs,peak_to_rms,mediana,amplitude,coeficiente_variacao
0.0023766123490723,0.1168986787707155,0.4052756487025948,-0.2814188622754491,0.1169228351717349,0.0136653010983389,0.3286592345468719,0.7943148677047209,0.6866945109780439,3.4661804779821708,1.304957630689826,4.523218664090942,5.483485905887056,1.667855824920797,52,0.0895989512777723,3.4661804779821708,-0.0024365269461077,0.6866945109780439,49.18710399545985
