media,desvio_padrao,maximo,minimo,rms,variancia,skewness,kurtosis,pico_a_pico,crest_factor,shape_factor,impulse_factor,margin_factor,energia,zero_crossings,mean_abs,peak_to_rms,mediana,amplitude,coeficiente_variacao
0.0024860498515164,0.1363726061879497,0.3930930139720558,-0.4048695608782435,0.1363952644425672,0.0185974877184936,0.0826882429955405,0.7667253003173773,0.7979625748502994,2.96835496842872,1.316825978521497,3.908806935900297,4.736124138453234,2.2882511839700146,58,0.1035788074257988,2.96835496842872,-0.0012182634730538,0.7979625748502994,54.855137399904905
