media,desvio_padrao,maximo,minimo,rms,variancia,skewness,kurtosis,pico_a_pico,crest_factor,shape_factor,impulse_factor,margin_factor,energia,zero_crossings,mean_abs,peak_to_rms,mediana,amplitude,coeficiente_variacao
0.0039477062268904,0.1404888798966614,0.4466966067864271,-0.2838553892215569,0.1405443337850102,0.0197371253746185,0.3592135797230099,-0.2399227378534738,0.730551996007984,3.1783323792315668,1.232800005684052,3.918248175182482,4.59793468562457,2.40983059060683,55,0.1140041638035404,3.1783323792315668,0.0006091317365269,0.730551996007984,35.58747075445921
