media,desvio_padrao,maximo,minimo,rms,variancia,skewness,kurtosis,pico_a_pico,crest_factor,shape_factor,impulse_factor,margin_factor,energia,zero_crossings,mean_abs,peak_to_rms,mediana,amplitude,coeficiente_variacao
0.0063875617617224,0.1340407313660619,0.4917723552894212,-0.4771531936127745,0.1341928411295051,0.0179669176651487,-0.1509092426502003,2.805562440660676,0.9689255489021956,3.664669077352851,1.391091968894835,5.097891722162797,6.2868635359880765,2.196941670469849,42,0.0964658298157782,3.664669077352851,-0.0014213073852295,0.9689255489021956,20.984647407920605
