media,desvio_padrao,maximo,minimo,rms,variancia,skewness,kurtosis,pico_a_pico,crest_factor,shape_factor,impulse_factor,margin_factor,energia,zero_crossings,mean_abs,peak_to_rms,mediana,amplitude,coeficiente_variacao
-0.004167393082687,0.1420213932473988,0.4109608782435129,-0.3943112774451098,0.1420825228697672,0.0201700761399323,-0.1230386863546786,1.5972310829354637,0.8052721556886228,2.892409776677455,1.4266549026035371,4.126470588235294,5.310162125614431,2.4628680832146284,53,0.0995913746277935,2.892409776677455,0.0036547904191616,0.8052721556886228,-34.07919301815061
