media,desvio_padrao,maximo,minimo,rms,variancia,skewness,kurtosis,pico_a_pico,crest_factor,shape_factor,impulse_factor,margin_factor,energia,zero_crossings,mean_abs,peak_to_rms,mediana,amplitude,coeficiente_variacao
0.0035349612250907,0.1107318248463588,0.2765458083832335,-0.3443624750499002,0.1107882348657455,0.0122615370338046,-0.079320082047649,0.3073948303921989,0.6209082834331336,3.1082946259339064,1.2442559294164628,3.867514018691589,4.47700060745168,1.4974320241294456,59,0.0890397483721082,3.1082946259339064,-0.0060913173652694,0.6209082834331336,31.324763638253085
