media,desvio_padrao,maximo,minimo,rms,variancia,skewness,kurtosis,pico_a_pico,crest_factor,shape_factor,impulse_factor,margin_factor,energia,zero_crossings,mean_abs,peak_to_rms,mediana,amplitude,coeficiente_variacao
0.0044769518340368,0.1395119827577854,0.4312652694610778,-0.3147180638722555,0.1395837971640437,0.0194635933330086,0.313707708909834,0.0945051719003258,0.7459833333333333,3.0896513651526467,1.262526824036193,3.90076772542526,4.678090126661772,2.377003644549414,60,0.1105590744740028,3.0896513651526467,-0.0046700099800399,0.7459833333333333,31.162270207403147
