media,desvio_padrao,maximo,minimo,rms,variancia,skewness,kurtosis,pico_a_pico,crest_factor,shape_factor,impulse_factor,margin_factor,energia,zero_crossings,mean_abs,peak_to_rms,mediana,amplitude,coeficiente_variacao
0.0023599694054513,0.1231990058201179,0.3699460079840319,-0.3926869261477045,0.1232216072393966,0.0151779950350654,-0.0879113664506757,0.987179040743004,0.7626329341317365,3.186834963001147,1.2905412106024492,4.112741851141712,4.857710996388758,1.8523948678605369,57,0.0954805675534177,3.186834963001147,0.0,0.7626329341317365,52.20364532503493
