media,desvio_padrao,maximo,minimo,rms,variancia,skewness,kurtosis,pico_a_pico,crest_factor,shape_factor,impulse_factor,margin_factor,energia,zero_crossings,mean_abs,peak_to_rms,mediana,amplitude,coeficiente_variacao
0.0013480784332973,0.1189452972180403,0.3269006986027944,-0.2903527944111777,0.1189529362636764,0.0141479837302879,0.203847346543722,0.6642529471907102,0.6172534930139721,2.74815157045112,1.3272701188269178,3.6475394614670384,4.4977771520546,1.7262757275815337,51,0.0896222513988416,2.74815157045112,0.003451746506986,0.6172534930139721,88.23321720762597
