media,desvio_padrao,maximo,minimo,rms,variancia,skewness,kurtosis,pico_a_pico,crest_factor,shape_factor,impulse_factor,margin_factor,energia,zero_crossings,mean_abs,peak_to_rms,mediana,amplitude,coeficiente_variacao
0.0001452671891988,0.1121827807488963,0.3102510978043912,-0.2915710578842315,0.1121828748032033,0.0125849762965549,-0.0185253060997873,0.0806549467249877,0.6018221556886227,2.7655834132317323,1.2944414177341432,3.5798857142857146,4.382333284644086,1.5479546800906774,57,0.0866650844652159,2.7655834132317323,-0.0020304391217564,0.6018221556886227,772.2513347136058
