media,desvio_padrao,maximo,minimo,rms,variancia,skewness,kurtosis,pico_a_pico,crest_factor,shape_factor,impulse_factor,margin_factor,energia,zero_crossings,mean_abs,peak_to_rms,mediana,amplitude,coeficiente_variacao
0.0041773788488596,0.1250738230661665,0.2793884231536926,-0.3037536926147705,0.1251435643987881,0.0156434612163867,0.1313160092856516,-0.2180962752024675,0.5831421157684631,2.427241816821001,1.2540136635864678,3.043794403121977,3.5931360343210623,1.910631228672904,61,0.0997944185399692,2.427241816821001,-0.0081217564870259,0.5831421157684631,29.94074217144784
