media,desvio_padrao,maximo,minimo,rms,variancia,skewness,kurtosis,pico_a_pico,crest_factor,shape_factor,impulse_factor,margin_factor,energia,zero_crossings,mean_abs,peak_to_rms,mediana,amplitude,coeficiente_variacao
0.0022634403324498,0.0989048922395294,0.2464953093812375,-0.214414371257485,0.0989307882868194,0.0097821777089129,-0.090978221464466,-0.4465105728189242,0.4609096806387225,2.491593503395526,1.2291787268597216,3.0626137303556664,3.609377124850496,1.1940507062682817,54,0.0804852753509374,2.491593503395526,-0.0024365269461077,0.4609096806387225,43.69670842282776
