media,desvio_padrao,maximo,minimo,rms,variancia,skewness,kurtosis,pico_a_pico,crest_factor,shape_factor,impulse_factor,margin_factor,energia,zero_crossings,mean_abs,peak_to_rms,mediana,amplitude,coeficiente_variacao
0.0038644915087857,0.0703335961992334,0.1677142714570858,-0.1608107784431137,0.0704396837651781,0.0049468147543168,-0.1090558464851202,-0.4094752948844689,0.3285250499001996,2.3809628676952617,1.2468053257109406,2.968597183762446,3.555250056786621,0.6053333839704722,48,0.0564961364156932,2.3809628676952617,0.0050760978043912,0.3285250499001996,18.19996137637613
