media,desvio_padrao,maximo,minimo,rms,variancia,skewness,kurtosis,pico_a_pico,crest_factor,shape_factor,impulse_factor,margin_factor,energia,zero_crossings,mean_abs,peak_to_rms,mediana,amplitude,coeficiente_variacao
0.0039244061058211,0.4229706421638062,0.958367265469062,-1.0948127744510978,0.4229888474838859,0.1789041641324626,-0.0754388489780224,-0.2307308633159008,2.05318003992016,2.588278109372152,1.2668860021170285,3.279053306349507,3.944517356798975,21.828186941681015,64,0.3338807491574229,2.588278109372152,0.0071065369261477,2.05318003992016,107.77952912070096
