media,desvio_padrao,maximo,minimo,rms,variancia,skewness,kurtosis,pico_a_pico,crest_factor,shape_factor,impulse_factor,margin_factor,energia,zero_crossings,mean_abs,peak_to_rms,mediana,amplitude,coeficiente_variacao
-0.0031222162232911,0.1302680354653278,0.4085243512974052,-0.4702497005988024,0.1303054461568698,0.0169697610639959,0.2209182651015629,1.6577512632927949,0.8787740518962076,3.608826142482844,1.3483280125827335,4.865881380450506,5.977925176568971,2.07150013437319,55,0.0966422450181604,3.608826142482844,-0.0127917664670658,0.8787740518962076,-41.72293849911927
