media,desvio_padrao,maximo,minimo,rms,variancia,skewness,kurtosis,pico_a_pico,crest_factor,shape_factor,impulse_factor,margin_factor,energia,zero_crossings,mean_abs,peak_to_rms,mediana,amplitude,coeficiente_variacao
0.0051726268773927,0.0884782691943747,0.2460892215568862,-0.176242115768463,0.0886293415774086,0.0078284041196322,0.2098001023444524,-0.2120179456822315,0.4223313373253493,2.776611189669648,1.2320332436610366,3.4208772903942264,3.998140666753947,0.958329542990287,49,0.071937459507215,2.776611189669648,0.0044669660678642,0.4223313373253493,17.10509404439625
