media,desvio_padrao,maximo,minimo,rms,variancia,skewness,kurtosis,pico_a_pico,crest_factor,shape_factor,impulse_factor,margin_factor,energia,zero_crossings,mean_abs,peak_to_rms,mediana,amplitude,coeficiente_variacao
0.0052258842969798,0.1603167407897409,0.3926869261477045,-0.3870016966067864,0.1604018928944743,0.0257014573774449,0.0365019403428906,-0.3165814072320851,0.779688622754491,2.448143965520698,1.218189986509452,2.982304464330855,3.4088019357862223,3.138909603783909,57,0.1316723127515461,2.448143965520698,0.0304565868263473,0.779688622754491,30.67743786107028
