media,desvio_padrao,maximo,minimo,rms,variancia,skewness,kurtosis,pico_a_pico,crest_factor,shape_factor,impulse_factor,margin_factor,energia,zero_crossings,mean_abs,peak_to_rms,mediana,amplitude,coeficiente_variacao
0.0051160408690815,0.1170403435992964,0.3926869261477045,-0.2278152694610778,0.1171521058454157,0.0136984420298413,0.1788704438357894,-0.0082135751960028,0.6205021956087824,3.351940823546629,1.2420414562776472,4.163249461834351,4.879926350085822,1.6744031402898891,53,0.0943222186773992,3.351940823546629,0.0064974051896207,0.6205021956087824,22.87713225799716
