media,desvio_padrao,maximo,minimo,rms,variancia,skewness,kurtosis,pico_a_pico,crest_factor,shape_factor,impulse_factor,margin_factor,energia,zero_crossings,mean_abs,peak_to_rms,mediana,amplitude,coeficiente_variacao
0.0004926311311802,0.1037402473925111,0.2306578842315369,-0.2525866267465069,0.1037414170642122,0.0107620389290594,0.0131528296631523,-0.2222389425327229,0.4832445109780439,2.43477131790252,1.270868838141228,3.094274995922361,3.727588911214579,1.3129983569678805,59,0.0816303098720591,2.43477131790252,0.0,0.4832445109780439,210.5840269249064
