media,desvio_padrao,maximo,minimo,rms,variancia,skewness,kurtosis,pico_a_pico,crest_factor,shape_factor,impulse_factor,margin_factor,energia,zero_crossings,mean_abs,peak_to_rms,mediana,amplitude,coeficiente_variacao
0.005735158371781,0.2380596455898974,0.5620255489021956,-0.4946149700598802,0.2381287191834218,0.0566723948583875,0.0316094052652379,-0.1661936629606706,1.0566405189620758,2.360175416176021,1.2596701211437336,2.97304245241491,3.5090041949105357,6.918045001792314,55,0.1890405394129773,2.360175416176021,0.0054821856287425,1.0566405189620758,41.50881809319043
