media,desvio_padrao,maximo,minimo,rms,variancia,skewness,kurtosis,pico_a_pico,crest_factor,shape_factor,impulse_factor,margin_factor,energia,zero_crossings,mean_abs,peak_to_rms,mediana,amplitude,coeficiente_variacao
0.0017108946042341,0.0903233138012245,0.2066987025948103,-0.2672057884231537,0.0903395161398448,0.0081583010160344,-0.337867232484887,0.2496371029582822,0.473904491017964,2.9577952134426027,1.26931466380863,3.754372836965672,4.439500676249942,0.995669837518516,54,0.0711718841006511,2.9577952134426027,0.0142130738522954,0.473904491017964,52.79303212348134
