media,desvio_padrao,maximo,minimo,rms,variancia,skewness,kurtosis,pico_a_pico,crest_factor,shape_factor,impulse_factor,margin_factor,energia,zero_crossings,mean_abs,peak_to_rms,mediana,amplitude,coeficiente_variacao
0.0012315778279506,0.0850323579144585,0.2111656686626746,-0.1811151696606786,0.08504127631003,0.0072305018924925,0.1025077359989746,-0.7203228411523974,0.3922808383233532,2.483096183703078,1.188092845088348,2.950148809523809,3.350072719222341,0.8823062785255437,50,0.0715779719250024,2.483096183703078,-0.0032487025948103,0.3922808383233532,69.04343029295384
