media,desvio_padrao,maximo,minimo,rms,variancia,skewness,kurtosis,pico_a_pico,crest_factor,shape_factor,impulse_factor,margin_factor,energia,zero_crossings,mean_abs,peak_to_rms,mediana,amplitude,coeficiente_variacao
-0.0009020475442557,0.0897592272177684,0.2330944111776447,-0.2318761477045908,0.089763759727983,0.0080567188707309,-0.2192951130786701,-0.2030269670959659,0.4649705588822355,2.5967541008086763,1.2605764975005214,3.2734071892675165,3.939450379362057,0.983018972381375,48,0.0712084985766172,2.5967541008086763,0.0048730538922155,0.4649705588822355,-99.50609343083528
