media,desvio_padrao,maximo,minimo,rms,variancia,skewness,kurtosis,pico_a_pico,crest_factor,shape_factor,impulse_factor,margin_factor,energia,zero_crossings,mean_abs,peak_to_rms,mediana,amplitude,coeficiente_variacao
-0.0009053761329799,0.0878224636379653,0.2574596806387225,-0.1997952095808383,0.0878271303492486,0.0077127851194417,0.0827546429162336,0.0684484153599158,0.4572548902195609,2.9314367851360066,1.2711097431922846,3.7261778591386463,4.478407500285237,0.941059788696838,51,0.0690948447367559,2.9314367851360066,0.0012182634730538,0.4572548902195609,-97.00108103016572
