media,desvio_padrao,maximo,minimo,rms,variancia,skewness,kurtosis,pico_a_pico,crest_factor,shape_factor,impulse_factor,margin_factor,energia,zero_crossings,mean_abs,peak_to_rms,mediana,amplitude,coeficiente_variacao
-0.0032487025948103,0.0932936964000456,0.2083230538922155,-0.2107595808383233,0.0933502429377311,0.0087037137879838,-0.0628964679535082,-0.5387379868696351,0.4190826347305389,2.257729323520985,1.225421289803241,2.7666695796556846,3.215328213190574,1.0631406784970776,58,0.0761780815418343,2.257729323520985,0.0105582834331337,0.4190826347305389,-28.717216697236992
