media,desvio_padrao,maximo,minimo,rms,variancia,skewness,kurtosis,pico_a_pico,crest_factor,shape_factor,impulse_factor,margin_factor,energia,zero_crossings,mean_abs,peak_to_rms,mediana,amplitude,coeficiente_variacao
-0.0002130296783482,0.1212098886956111,0.2956319361277445,-0.3147180638722555,0.1212100758981954,0.0146918371176024,-0.1029734641391326,-0.4691910778608323,0.61035,2.596467839328702,1.219111317231638,3.1653833277536,3.666197065166137,1.7924096649080483,56,0.099424945191584,2.596467839328702,0.0186800399201596,0.61035,-568.9812313262825
