media,desvio_padrao,maximo,minimo,rms,variancia,skewness,kurtosis,pico_a_pico,crest_factor,shape_factor,impulse_factor,margin_factor,energia,zero_crossings,mean_abs,peak_to_rms,mediana,amplitude,coeficiente_variacao
0.0047998249402833,0.1178813618915777,0.2899467065868263,-0.2533988023952095,0.117979039667521,0.0138960154814131,-0.0513662550042657,-0.3196996780463816,0.5433455089820359,2.457612025016738,1.2632462224500032,3.104569106850097,3.722815765297307,1.6981245637062004,54,0.09339354242335,2.457612025016738,0.0018273952095808,0.5433455089820359,24.5595127651923
