media,desvio_padrao,maximo,minimo,rms,variancia,skewness,kurtosis,pico_a_pico,crest_factor,shape_factor,impulse_factor,margin_factor,energia,zero_crossings,mean_abs,peak_to_rms,mediana,amplitude,coeficiente_variacao
4.327165341448231e-05,0.0815350377579622,0.1827395209580838,-0.2075108782435129,0.0815350492403624,0.0066479623821923,0.0296981311416857,-0.2939389342400025,0.3902503992015967,2.5450512408691672,1.2112634660933956,3.082727587400485,3.512863669153156,0.8110516390646552,41,0.0673140497693138,2.5450512408691672,-0.0056852295409181,0.3902503992015967,1884.259817321282
