media,desvio_padrao,maximo,minimo,rms,variancia,skewness,kurtosis,pico_a_pico,crest_factor,shape_factor,impulse_factor,margin_factor,energia,zero_crossings,mean_abs,peak_to_rms,mediana,amplitude,coeficiente_variacao
0.0016875944831648,0.1160887682206847,0.2590840319361277,-0.3329920159680639,0.1161010339408546,0.0134766021069958,-0.2653073960366028,-0.1861800053711007,0.5920760479041915,2.868122743314242,1.226138352449479,3.516715295110205,4.075873584485268,1.644492910020528,57,0.0946883634370603,2.868122743314242,0.0180709081836327,0.5920760479041915,68.789492605462
