media,desvio_padrao,maximo,minimo,rms,variancia,skewness,kurtosis,pico_a_pico,crest_factor,shape_factor,impulse_factor,margin_factor,energia,zero_crossings,mean_abs,peak_to_rms,mediana,amplitude,coeficiente_variacao
0.0033419030790877,0.2130349354771887,0.640400499001996,-0.5266959081836327,0.2130611462701728,0.0453838837337699,0.0327800328763331,0.6923321621311729,1.167096407185629,3.005712257785069,1.3377106339186653,4.020773249738767,4.973069509131658,5.538196350095119,51,0.1592729704525375,3.005712257785069,0.0067004491017964,1.167096407185629,63.74659301470311
