media,desvio_padrao,maximo,minimo,rms,variancia,skewness,kurtosis,pico_a_pico,crest_factor,shape_factor,impulse_factor,margin_factor,energia,zero_crossings,mean_abs,peak_to_rms,mediana,amplitude,coeficiente_variacao
0.00240656964759,0.0953118427756903,0.3000989021956087,-0.2663936127744511,0.0953422201900428,0.0090843473732979,0.0651228121361343,0.2098745808968818,0.5664925149700599,3.147597167314022,1.2586648780772742,3.961770004833677,4.711887109511902,1.108996951993528,49,0.0757486935964137,3.147597167314022,-0.0020304391217564,0.5664925149700599,39.604855347168304
