media,desvio_padrao,maximo,minimo,rms,variancia,skewness,kurtosis,pico_a_pico,crest_factor,shape_factor,impulse_factor,margin_factor,energia,zero_crossings,mean_abs,peak_to_rms,mediana,amplitude,coeficiente_variacao
0.000135362608117,0.1288213670067874,0.3423320359281437,-0.2737031936127744,0.1288214381247667,0.0165949445974974,0.0582640745775982,-0.1567214023421796,0.6160352295409182,2.657415108163804,1.2652402500911448,3.3622685560491585,4.021897083359118,2.041180439225571,56,0.1018157919932492,2.657415108163804,0.0085278443113772,0.6160352295409182,951.6761593079436
