media,desvio_padrao,maximo,minimo,rms,variancia,skewness,kurtosis,pico_a_pico,crest_factor,shape_factor,impulse_factor,margin_factor,energia,zero_crossings,mean_abs,peak_to_rms,mediana,amplitude,coeficiente_variacao
0.0025929706161447,0.1915906114890962,0.5920760479041917,-0.5100463073852296,0.1916081572047025,0.0367069624107658,0.0940331087073169,1.071952493862626,1.1021223552894213,3.090035709031184,1.3933046910616187,4.305361248941064,5.485620813213642,4.479069680700605,58,0.1375206431399495,3.090035709031184,0.0091369760479041,1.1021223552894213,73.888462251051
