media,desvio_padrao,maximo,minimo,rms,variancia,skewness,kurtosis,pico_a_pico,crest_factor,shape_factor,impulse_factor,margin_factor,energia,zero_crossings,mean_abs,peak_to_rms,mediana,amplitude,coeficiente_variacao
-0.0007056608095284,0.0905541636822085,0.2570535928143713,-0.229439620758483,0.0905569131395406,0.0082000565601842,0.0374471465029816,-0.1496774163155021,0.4864932135728543,2.838586077004116,1.2423873506954808,3.526623435930221,4.146313409852543,1.000467651118203,51,0.0728894358823337,2.838586077004116,-0.0062943612774451,0.4864932135728543,-128.32534053112025
