media,desvio_padrao,maximo,minimo,rms,variancia,skewness,kurtosis,pico_a_pico,crest_factor,shape_factor,impulse_factor,margin_factor,energia,zero_crossings,mean_abs,peak_to_rms,mediana,amplitude,coeficiente_variacao
0.0056120005889859,0.0866925437096824,0.1965465069860279,-0.1888308383233533,0.0868739989033887,0.0075155971348552,-0.130873360094214,-0.7180693329174801,0.3853773453093812,2.2624319067504235,1.1875215685698264,2.686686686686686,3.052272663671215,0.92074518562685,53,0.0731557229802689,2.2624319067504235,0.0099491516966067,0.3853773453093812,15.447707521596517
