media,desvio_padrao,maximo,minimo,rms,variancia,skewness,kurtosis,pico_a_pico,crest_factor,shape_factor,impulse_factor,margin_factor,energia,zero_crossings,mean_abs,peak_to_rms,mediana,amplitude,coeficiente_variacao
0.004846425182422,0.2897619564485824,0.9396872255489024,-0.9299411177644712,0.2898024831535419,0.0839619914049101,0.2188158672814492,1.570622923701413,1.8696283433133731,3.2425092267102524,1.3572045408680613,4.4007482462977405,5.412616240380881,10.246228467518993,60,0.2135289666568502,3.2425092267102524,-0.017867864271457,1.8696283433133731,59.78880216691427
