media,desvio_padrao,maximo,minimo,rms,variancia,skewness,kurtosis,pico_a_pico,crest_factor,shape_factor,impulse_factor,margin_factor,energia,zero_crossings,mean_abs,peak_to_rms,mediana,amplitude,coeficiente_variacao
-0.0012881638362619,0.1153907469719971,0.3053780439121756,-0.3666973053892216,0.1153979369522025,0.0133150244867554,-0.2929885462002926,1.2560395824649389,0.6720753493013972,3.1776764392339727,1.3237896809631262,4.206575279697583,5.115277803268737,1.6246354300445918,43,0.0871724100978371,3.1776764392339727,0.0014213073852295,0.6720753493013972,-89.57769479606523
