media,desvio_padrao,maximo,minimo,rms,variancia,skewness,kurtosis,pico_a_pico,crest_factor,shape_factor,impulse_factor,margin_factor,energia,zero_crossings,mean_abs,peak_to_rms,mediana,amplitude,coeficiente_variacao
0.0034916895716763,0.1123663940773293,0.2793884231536926,-0.3423320359281437,0.1124206316207422,0.0126262065179416,-0.1585062128669215,0.1344884851312811,0.6217204590818364,3.045099738302676,1.2597166532242188,3.835962851068592,4.543896012742965,1.5418846065088088,51,0.0892427922842838,3.045099738302676,0.0004060878243512,0.6217204590818364,32.18109507466426
