media,desvio_padrao,maximo,minimo,rms,variancia,skewness,kurtosis,pico_a_pico,crest_factor,shape_factor,impulse_factor,margin_factor,energia,zero_crossings,mean_abs,peak_to_rms,mediana,amplitude,coeficiente_variacao
0.003085601747325,0.4573692530252218,1.5492250499001996,-1.5045553892215568,0.4573796612782344,0.2091866336128493,0.1361246006066803,1.760231015252076,3.0537804391217565,3.3871752092574376,1.372845557269267,4.650068437721673,5.735280244605816,25.521930855221083,61,0.3331617739929976,3.3871752092574376,0.0071065369261477,3.0537804391217565,148.22692313475815
