media,desvio_padrao,maximo,minimo,rms,variancia,skewness,kurtosis,pico_a_pico,crest_factor,shape_factor,impulse_factor,margin_factor,energia,zero_crossings,mean_abs,peak_to_rms,mediana,amplitude,coeficiente_variacao
0.0101422098426098,0.1612765054168845,0.4734984031936128,-0.4089304391217565,0.1615950977597214,0.0260101111994824,-0.1380958910256849,0.4644909785037923,0.8824288423153692,2.930153264288164,1.3268367866940731,3.887835141709257,4.843541637312379,3.1857830256368205,59,0.1217897328294231,2.930153264288164,0.0095430638722554,0.8824288423153692,15.90151534228006
