media,desvio_padrao,maximo,minimo,rms,variancia,skewness,kurtosis,pico_a_pico,crest_factor,shape_factor,impulse_factor,margin_factor,energia,zero_crossings,mean_abs,peak_to_rms,mediana,amplitude,coeficiente_variacao
-0.0010418482706717,0.1719171185911258,0.4649705588822355,-0.4487270459081836,0.1719202754549164,0.0295554956646752,0.1249087582013284,0.6293075524656331,0.9136976047904192,2.704570811394304,1.325810503516121,3.585748389249685,4.436614366204049,3.60590289572431,57,0.1296718309283073,2.704570811394304,-0.0048730538922155,0.9136976047904192,-165.01166573926838
