media,desvio_padrao,maximo,minimo,rms,variancia,skewness,kurtosis,pico_a_pico,crest_factor,shape_factor,impulse_factor,margin_factor,energia,zero_crossings,mean_abs,peak_to_rms,mediana,amplitude,coeficiente_variacao
0.0036448046529891,0.0712496001456004,0.1868003992015968,-0.2046682634730539,0.071342765028182,0.0050765055209079,-0.0116624426095917,0.0858136630819514,0.3914686626746507,2.8688019505860933,1.2720836459706018,3.649356044869132,4.384865839949765,0.6209543948676998,54,0.0560833914138935,2.8688019505860933,-0.0002030439121756,0.3914686626746507,19.548263056339284
