media,desvio_padrao,maximo,minimo,rms,variancia,skewness,kurtosis,pico_a_pico,crest_factor,shape_factor,impulse_factor,margin_factor,energia,zero_crossings,mean_abs,peak_to_rms,mediana,amplitude,coeficiente_variacao
0.0047332531657995,0.0902754807035854,0.2058865269461077,-0.2046682634730539,0.090399480650029,0.0081496624162634,0.1838320966116309,-0.5635357083463473,0.4105547904191616,2.277518913445679,1.2201680805483326,2.7789558810315382,3.2292449548128848,0.9969920644189864,49,0.0740877278230424,2.277518913445679,-0.006903493013972,0.4105547904191616,19.072607684684428
