media,desvio_padrao,maximo,minimo,rms,variancia,skewness,kurtosis,pico_a_pico,crest_factor,shape_factor,impulse_factor,margin_factor,energia,zero_crossings,mean_abs,peak_to_rms,mediana,amplitude,coeficiente_variacao
0.0036015329995746,0.1000044001506566,0.2639570858283433,-0.2988806387225549,0.1000692314822078,0.0100008800494926,-0.0302492542237726,0.0941614181222538,0.5628377245508982,2.9867386238066147,1.2549491317057238,3.7482050425780593,4.437429387749101,1.221689832911642,51,0.0797396714767187,2.9867386238066147,-0.0022334830339321,0.5628377245508982,27.76717585607803
