media,desvio_padrao,maximo,minimo,rms,variancia,skewness,kurtosis,pico_a_pico,crest_factor,shape_factor,impulse_factor,margin_factor,energia,zero_crossings,mean_abs,peak_to_rms,mediana,amplitude,coeficiente_variacao
0.0007655754065639,0.081360937057761,0.2310639720558882,-0.1685264471057884,0.0813645388644223,0.0066196020789169,0.1980995854395978,-0.4739531929122149,0.3995904191616767,2.839860893710833,1.2383057268379878,3.5166160081053706,4.225371647550755,0.8076629585236513,46,0.0657063414155295,2.839860893710833,-0.0040608782435129,0.3995904191616767,106.27423028507094
