media,desvio_padrao,maximo,minimo,rms,variancia,skewness,kurtosis,pico_a_pico,crest_factor,shape_factor,impulse_factor,margin_factor,energia,zero_crossings,mean_abs,peak_to_rms,mediana,amplitude,coeficiente_variacao
0.00160437976506,0.1136524014589538,0.3805042914171656,-0.3191850299401197,0.1136637250481337,0.0129168683573872,0.1914821677483944,1.2494394838600735,0.6996893213572853,3.3476317202874664,1.3330622577204745,4.462601499063085,5.496663427732628,1.5761719718017655,57,0.0852651287588757,3.3476317202874664,-0.0038578343313373,0.6996893213572853,70.83883998917207
