media,desvio_padrao,maximo,minimo,rms,variancia,skewness,kurtosis,pico_a_pico,crest_factor,shape_factor,impulse_factor,margin_factor,energia,zero_crossings,mean_abs,peak_to_rms,mediana,amplitude,coeficiente_variacao
0.001760823435097,0.1064062733618302,0.2525866267465069,-0.2708605788423153,0.1064208415204565,0.0113222950107525,-0.3713762696004959,-0.1019890551165758,0.5234472055888223,2.545183584084417,1.253450445301234,3.190261496844004,3.7734869313107824,1.3816982522104992,57,0.0849023125879388,2.545183584084417,0.0164465568862275,0.5234472055888223,60.42983710968564
