media,desvio_padrao,maximo,minimo,rms,variancia,skewness,kurtosis,pico_a_pico,crest_factor,shape_factor,impulse_factor,margin_factor,energia,zero_crossings,mean_abs,peak_to_rms,mediana,amplitude,coeficiente_variacao
0.001099408500073,0.0884036571580852,0.2931954091816367,-0.2237543912175648,0.0884104931440511,0.0078152065989242,0.0699244082231806,0.8817212813026627,0.5169498003992016,3.316296502315857,1.285273198359228,4.262347012239022,5.008232654189335,0.96141908165084,50,0.068787315612677,3.316296502315857,0.0121826347305389,0.5169498003992016,80.4101998049073
