media,desvio_padrao,maximo,minimo,rms,variancia,skewness,kurtosis,pico_a_pico,crest_factor,shape_factor,impulse_factor,margin_factor,energia,zero_crossings,mean_abs,peak_to_rms,mediana,amplitude,coeficiente_variacao
0.0046234097379012,0.104371168854435,0.3195911177644711,-0.2838553892215569,0.1044735220314004,0.010893340888041,0.1915118341932057,0.8954756667683683,0.603446506986028,3.0590633066664967,1.3429777049341711,4.108253818835308,5.116541832997562,1.331595450288754,55,0.0777924470730669,3.0590633066664967,0.0012182634730538,0.603446506986028,22.57450123851956
