media,desvio_padrao,maximo,minimo,rms,variancia,skewness,kurtosis,pico_a_pico,crest_factor,shape_factor,impulse_factor,margin_factor,energia,zero_crossings,mean_abs,peak_to_rms,mediana,amplitude,coeficiente_variacao
0.0049396256666993,0.1809511912473199,0.4917723552894212,-0.5628377245508982,0.1810185999160066,0.0327433336138241,-0.1051814031238693,0.5236238679336487,1.0546100798403195,3.10928117227764,1.3135987386740746,4.084347826086956,5.068491445847012,3.997663488897256,56,0.1378035731815058,3.10928117227764,0.0030456586826347,1.0546100798403195,36.63257166776968
