media,desvio_padrao,maximo,minimo,rms,variancia,skewness,kurtosis,pico_a_pico,crest_factor,shape_factor,impulse_factor,margin_factor,energia,zero_crossings,mean_abs,peak_to_rms,mediana,amplitude,coeficiente_variacao
0.0069600790222832,0.1079484780672472,0.2728910179640718,-0.2233483033932135,0.1081726241570915,0.0116528739170349,-0.0619143578466017,-0.4147731309161457,0.4962393213572854,2.5227364140466,1.2291707100382825,3.10087370929309,3.6189147553164553,1.4275606272778296,57,0.0880045572788848,2.5227364140466,0.0156343812375249,0.4962393213572854,15.509662709523957
