media,desvio_padrao,maximo,minimo,rms,variancia,skewness,kurtosis,pico_a_pico,crest_factor,shape_factor,impulse_factor,margin_factor,energia,zero_crossings,mean_abs,peak_to_rms,mediana,amplitude,coeficiente_variacao
0.0050960693367363,0.0894354220448846,0.2777640718562874,-0.2229422155688623,0.089580492513892,0.0079986947163466,0.0732022425374146,0.279636406288358,0.5007062874251498,3.100720525880254,1.2889723874435934,3.996743139039226,4.828160584249944,0.9790090859618388,57,0.0694976039723831,3.100720525880254,0.0030456586826347,0.5007062874251498,17.549883279681016
