media,desvio_padrao,maximo,minimo,rms,variancia,skewness,kurtosis,pico_a_pico,crest_factor,shape_factor,impulse_factor,margin_factor,energia,zero_crossings,mean_abs,peak_to_rms,mediana,amplitude,coeficiente_variacao
0.0020469467568927,0.0770516508718758,0.248525748502994,-0.2058865269461077,0.0770788355718156,0.0059369569020814,0.0955810105995044,0.4124713257129722,0.4544122754491018,3.2243059545371366,1.2697933037465292,4.094202110301317,4.876291455635033,0.73076106785216,54,0.0607018759229508,3.2243059545371366,0.0004060878243512,0.4544122754491018,37.64223500802767
