media,desvio_padrao,maximo,minimo,rms,variancia,skewness,kurtosis,pico_a_pico,crest_factor,shape_factor,impulse_factor,margin_factor,energia,zero_crossings,mean_abs,peak_to_rms,mediana,amplitude,coeficiente_variacao
-0.0007722325840123,0.2461886384486605,0.7528868263473053,-0.5937003992015968,0.2461898495965443,0.0606088457012053,0.2532188068879989,0.6810615228695118,1.3465872255489022,3.0581554340324573,1.3530831554427465,4.137938604515019,5.195963344342961,7.39435192941303,57,0.1819473168417264,3.0581554340324573,0.0044669660678642,1.3465872255489022,-318.8011533643568
