media,desvio_padrao,maximo,minimo,rms,variancia,skewness,kurtosis,pico_a_pico,crest_factor,shape_factor,impulse_factor,margin_factor,energia,zero_crossings,mean_abs,peak_to_rms,mediana,amplitude,coeficiente_variacao
0.0003827877032819,0.2344648824724592,0.7760338323353294,-0.6842579840319362,0.2344651949421276,0.0549737811128241,0.2330233668660126,1.331277627354808,1.4602918163672656,3.309803966967787,1.3548464408972467,4.484276124713895,5.512593987945175,6.706819171988488,58,0.1730566563594122,3.309803966967787,-0.003451746506986,1.4602918163672656,612.5193689927703
