media,desvio_padrao,maximo,minimo,rms,variancia,skewness,kurtosis,pico_a_pico,crest_factor,shape_factor,impulse_factor,margin_factor,energia,zero_crossings,mean_abs,peak_to_rms,mediana,amplitude,coeficiente_variacao
0.0037380051372664,0.090401199253404,0.2416222554890219,-0.2477135728542914,0.0904784477588993,0.0081723768264536,0.0033691247681445,-0.1511241579490154,0.4893358283433134,2.737818552263199,1.2230472457906396,3.348481439820022,3.82863532067056,0.9987346400809064,45,0.0739778843951441,2.737818552263199,0.0040608782435129,0.4893358283433134,24.184343234882
