media,desvio_padrao,maximo,minimo,rms,variancia,skewness,kurtosis,pico_a_pico,crest_factor,shape_factor,impulse_factor,margin_factor,energia,zero_crossings,mean_abs,peak_to_rms,mediana,amplitude,coeficiente_variacao
0.0002030439121756,0.0967711330570895,0.2655814371257485,-0.2282213572854291,0.0967713460688813,0.0093646521931529,0.0086637392166048,-0.1589279924943429,0.4938027944111776,2.7444222687231106,1.2362455041824534,3.392779691287154,3.9821194164810096,1.1424925972379494,49,0.0782784210267988,2.7444222687231106,0.0042639221556886,0.4938027944111776,476.6019922497064
