media,desvio_padrao,maximo,minimo,rms,variancia,skewness,kurtosis,pico_a_pico,crest_factor,shape_factor,impulse_factor,margin_factor,energia,zero_crossings,mean_abs,peak_to_rms,mediana,amplitude,coeficiente_variacao
-0.001324778312228,0.1019105083436271,0.2627388223552894,-0.2221300399201596,0.1019191186600092,0.0103857517108564,0.2124424557865603,-0.3730775993430288,0.4848688622754491,2.5779149762053644,1.2347495204332024,3.1830792805871444,3.701770261597801,1.2672758233088317,46,0.0825423431824874,2.5779149762053644,-0.0040608782435129,0.4848688622754491,-76.9264618864681
