media,desvio_padrao,maximo,minimo,rms,variancia,skewness,kurtosis,pico_a_pico,crest_factor,shape_factor,impulse_factor,margin_factor,energia,zero_crossings,mean_abs,peak_to_rms,mediana,amplitude,coeficiente_variacao
0.005578714701744,0.1025210594420869,0.3041597804391217,-0.2452770459081836,0.1026727309798049,0.0105105676291279,0.1256306242636783,-0.0917504687193866,0.5494368263473054,2.9624202798204338,1.2517541013706317,3.7082217352487614,4.3571815422882585,1.286086141795869,55,0.0820230833415137,2.9624202798204338,0.0083248003992015,0.5494368263473054,18.377182724550547
