media,desvio_padrao,maximo,minimo,rms,variancia,skewness,kurtosis,pico_a_pico,crest_factor,shape_factor,impulse_factor,margin_factor,energia,zero_crossings,mean_abs,peak_to_rms,mediana,amplitude,coeficiente_variacao
0.0054739318111744,0.0758340416914632,0.1697447105788423,-0.2278152694610778,0.0760313475399191,0.0057508018792625,-0.232950630650841,-0.1046827855967413,0.3975599800399201,2.996333444458114,1.227828208616873,3.678982725527831,4.279774542769122,0.711034194474524,47,0.0619234409230319,2.996333444458114,0.002842614770459,0.3975599800399201,13.853669411200327
