media,desvio_padrao,maximo,minimo,rms,variancia,skewness,kurtosis,pico_a_pico,crest_factor,shape_factor,impulse_factor,margin_factor,energia,zero_crossings,mean_abs,peak_to_rms,mediana,amplitude,coeficiente_variacao
-0.0018917749866121,0.1057612686028152,0.2777640718562874,-0.301723253493014,0.1057781865465503,0.0111854459364768,-0.0723175967187945,0.0570042515520854,0.5794873253493014,2.852414692893539,1.286145488370267,3.668620288226085,4.5304720085718095,1.3762500441364478,53,0.082244339775733,2.852414692893539,-0.0008121756487025,0.5794873253493014,-55.90583941075161
