media,desvio_padrao,maximo,minimo,rms,variancia,skewness,kurtosis,pico_a_pico,crest_factor,shape_factor,impulse_factor,margin_factor,energia,zero_crossings,mean_abs,peak_to_rms,mediana,amplitude,coeficiente_variacao
0.0046467098589705,0.0815510215278503,0.2806066866267465,-0.2814188622754491,0.0816832970976892,0.0066505691122359,0.1091718625524622,1.1898286409975478,0.5620255489021957,3.4452436700600613,1.30268175104956,4.488056056906253,5.426399520072091,0.8140036450194222,55,0.0627039543863093,3.4452436700600613,0.0004060878243512,0.5620255489021957,17.550271913451656
