media,desvio_padrao,maximo,minimo,rms,variancia,skewness,kurtosis,pico_a_pico,crest_factor,shape_factor,impulse_factor,margin_factor,energia,zero_crossings,mean_abs,peak_to_rms,mediana,amplitude,coeficiente_variacao
0.004183034743521,0.0812011535491804,0.2038560878243513,-0.1904551896207585,0.0813088255811328,0.0065936273377175,-0.1301004391154978,-0.3262038139918495,0.3943112774451098,2.507182785722766,1.2376321408085396,3.102969998492386,3.63779609578718,0.8131683894381199,49,0.0656970863151745,2.507182785722766,0.0036547904191616,0.3943112774451098,19.412019867860103
