media,desvio_padrao,maximo,minimo,rms,variancia,skewness,kurtosis,pico_a_pico,crest_factor,shape_factor,impulse_factor,margin_factor,energia,zero_crossings,mean_abs,peak_to_rms,mediana,amplitude,coeficiente_variacao
0.0019938246457903,0.0947436095924003,0.3037536926147705,-0.2737031936127744,0.0947645867152668,0.0089763515585971,0.1689464671964725,1.0723156699995702,0.5774568862275449,3.205350259453353,1.343870643300759,4.3075761151758325,5.249427295272029,1.0955998812284713,44,0.0705161521219855,3.205350259453353,0.0052791417165668,0.5774568862275449,47.518526663031786
