media,desvio_padrao,maximo,minimo,rms,variancia,skewness,kurtosis,pico_a_pico,crest_factor,shape_factor,impulse_factor,margin_factor,energia,zero_crossings,mean_abs,peak_to_rms,mediana,amplitude,coeficiente_variacao
0.0038445199764405,0.1364111705104399,0.3857834331337325,-0.3358346307385229,0.1364653354294693,0.0186080074400283,0.0325434465831264,-0.0670695662781279,0.7216180638722555,2.8269701746574367,1.253645121624461,3.5440173684371463,4.186492506047517,2.271980108413064,58,0.108854837047217,2.8269701746574367,0.0073095808383233,0.7216180638722555,35.48197729401214
