media,desvio_padrao,maximo,minimo,rms,variancia,skewness,kurtosis,pico_a_pico,crest_factor,shape_factor,impulse_factor,margin_factor,energia,zero_crossings,mean_abs,peak_to_rms,mediana,amplitude,coeficiente_variacao
-0.0039876492915807,0.083760184165508,0.2521805389221557,-0.1790847305389221,0.0838550523123829,0.0070157684514398,0.4285314859195421,-0.0455282235094864,0.4312652694610778,3.0073386393310506,1.2193791909116314,3.667086156824783,4.234316385397441,0.857863715394122,44,0.0687686430417852,3.0073386393310506,-0.0060913173652694,0.4312652694610778,-21.00490239759878
