media,desvio_padrao,maximo,minimo,rms,variancia,skewness,kurtosis,pico_a_pico,crest_factor,shape_factor,impulse_factor,margin_factor,energia,zero_crossings,mean_abs,peak_to_rms,mediana,amplitude,coeficiente_variacao
9.652907300153756e-05,0.0870294226670811,0.2131961077844311,-0.2757336327345309,0.0870294761998909,0.0075741204097654,-0.3345127816962404,0.4402103457050721,0.4889297405189621,3.168278665738729,1.2604762430083978,3.993539989394012,4.703025430843374,0.9240438267705408,49,0.0690449159058931,3.168278665738729,0.0058882734530938,0.4889297405189621,901.5876767582224
