media,desvio_padrao,maximo,minimo,rms,variancia,skewness,kurtosis,pico_a_pico,crest_factor,shape_factor,impulse_factor,margin_factor,energia,zero_crossings,mean_abs,peak_to_rms,mediana,amplitude,coeficiente_variacao
0.0089172891921075,0.2450594525567502,0.9547124750499002,-0.8531905189620758,0.2452216412430799,0.0600541352874141,0.4350517271521382,3.614485557822319,1.807902994011976,3.8932635399154103,1.5322979868161233,5.965639884356998,7.916457727442799,7.336305706741875,62,0.1600352172703772,3.8932635399154103,-0.0129948103792415,1.807902994011976,27.48138445186286
