media,desvio_padrao,maximo,minimo,rms,variancia,skewness,kurtosis,pico_a_pico,crest_factor,shape_factor,impulse_factor,margin_factor,energia,zero_crossings,mean_abs,peak_to_rms,mediana,amplitude,coeficiente_variacao
0.0005558743169398,0.0872767082193258,0.2590840319361277,-0.2282213572854291,0.087278478411677,0.0076172237976013,0.230986179512795,0.2118214481384424,0.4873053892215568,2.968475581277603,1.2521305501864772,3.716918962800248,4.325434310796139,0.9293390008506242,51,0.0697039764732829,2.968475581277603,-0.0058882734530938,0.4873053892215568,157.00798824415463
