media,desvio_padrao,maximo,minimo,rms,variancia,skewness,kurtosis,pico_a_pico,crest_factor,shape_factor,impulse_factor,margin_factor,energia,zero_crossings,mean_abs,peak_to_rms,mediana,amplitude,coeficiente_variacao
0.0005026168973528,0.1221549800214383,0.3723825349301397,-0.338677245508982,0.1221560140467243,0.014921839144038,0.1816116519055773,1.2323106654136788,0.7110597804391218,3.048417532580135,1.358267922411805,4.140567748621341,5.2032724392915926,1.8204951956695887,51,0.0899351387389156,3.048417532580135,0.0002030439121756,0.7110597804391218,243.0379493104981
