media,desvio_padrao,maximo,minimo,rms,variancia,skewness,kurtosis,pico_a_pico,crest_factor,shape_factor,impulse_factor,margin_factor,energia,zero_crossings,mean_abs,peak_to_rms,mediana,amplitude,coeficiente_variacao
0.0015544509341971,0.0662158092519606,0.1827395209580838,-0.1315724550898203,0.066234052515295,0.004384533394892,0.2650067014747095,-0.2639661729028932,0.3143119760479042,2.75899652849846,1.2156233729363022,3.353900665892846,3.838012278495537,0.535207864937062,52,0.0544856688262818,2.75899652849846,-0.0050760978043912,0.3143119760479042,42.59755505641542
