media,desvio_padrao,maximo,minimo,rms,variancia,skewness,kurtosis,pico_a_pico,crest_factor,shape_factor,impulse_factor,margin_factor,energia,zero_crossings,mean_abs,peak_to_rms,mediana,amplitude,coeficiente_variacao
0.0051060551029089,0.178480784115679,0.5811116766467066,-0.573396007984032,0.1785538072886198,0.0318553902985476,-0.137049254601299,2.2069207592361844,1.1545076846307385,3.2545465452180475,1.3641853412759668,4.4398046894868015,5.363463252512687,3.889538375865913,55,0.130886765812637,3.2545465452180475,0.018476996007984,1.1545076846307385,34.954731298140125
