media,desvio_padrao,maximo,minimo,rms,variancia,skewness,kurtosis,pico_a_pico,crest_factor,shape_factor,impulse_factor,margin_factor,energia,zero_crossings,mean_abs,peak_to_rms,mediana,amplitude,coeficiente_variacao
0.0095830069369457,0.1206570350831515,0.3898443113772455,-0.3082206586826347,0.12103699491069,0.0145581201150568,0.3683611863715301,0.8224614384107216,0.6980649700598802,3.2208690546630074,1.3303646411283307,4.284930304028097,5.316559448271117,1.78729440471527,58,0.0909803155983115,3.2208690546630074,0.0004060878243512,0.6980649700598802,12.590728137530329
