media,desvio_padrao,maximo,minimo,rms,variancia,skewness,kurtosis,pico_a_pico,crest_factor,shape_factor,impulse_factor,margin_factor,energia,zero_crossings,mean_abs,peak_to_rms,mediana,amplitude,coeficiente_variacao
0.0008521187133928,0.1130109777047034,0.2972562874251497,-0.3305554890219561,0.1130141902066934,0.0127714810817729,-0.1820803236301087,0.6374273769285872,0.6278117764471058,2.9249025137232585,1.296197014009954,3.791249904558296,4.532886073155878,1.5582092769451117,59,0.087189053041458,2.9249025137232585,0.0067004491017964,0.6278117764471058,132.6235135181189
