media,desvio_padrao,maximo,minimo,rms,variancia,skewness,kurtosis,pico_a_pico,crest_factor,shape_factor,impulse_factor,margin_factor,energia,zero_crossings,mean_abs,peak_to_rms,mediana,amplitude,coeficiente_variacao
-0.0018540239193743,0.0730850634214098,0.2192874251497006,-0.1888308383233533,0.0731085761043471,0.0053414264953115,0.2970032182303456,0.2361561786545722,0.4081182634730539,2.999476078383935,1.27112887181617,3.812720643555761,4.50670552041795,0.6520733958006243,43,0.0575146845652956,2.999476078383935,-0.0085278443113772,0.4081182634730539,-39.41969823456876
