media,desvio_padrao,maximo,minimo,rms,variancia,skewness,kurtosis,pico_a_pico,crest_factor,shape_factor,impulse_factor,margin_factor,energia,zero_crossings,mean_abs,peak_to_rms,mediana,amplitude,coeficiente_variacao
-0.0005492171394915,0.1158565463202783,0.3805042914171656,-0.2627388223552894,0.1158578480929501,0.0134227393252627,0.1859182867706886,0.0657880870462568,0.643243113772455,3.2842340651096475,1.2584293707573244,4.132976607975704,4.985491967844616,1.6376109976969513,52,0.0920654355223978,3.2842340651096475,0.0064974051896207,0.643243113772455,-210.94852652913045
