media,desvio_padrao,maximo,minimo,rms,variancia,skewness,kurtosis,pico_a_pico,crest_factor,shape_factor,impulse_factor,margin_factor,energia,zero_crossings,mean_abs,peak_to_rms,mediana,amplitude,coeficiente_variacao
0.0018587597163396,0.112813911386127,0.4109608782435129,-0.3800982035928144,0.1128292231202538,0.0127269786022369,-0.0657971881622819,2.018063010954212,0.7910590818363273,3.642326578864318,1.3448844890398803,4.898508519932314,5.933196213349176,1.565843331560163,57,0.0838951032893562,3.642326578864318,0.0052791417165668,0.7910590818363273,60.69311186078614
