media,desvio_padrao,maximo,minimo,rms,variancia,skewness,kurtosis,pico_a_pico,crest_factor,shape_factor,impulse_factor,margin_factor,energia,zero_crossings,mean_abs,peak_to_rms,mediana,amplitude,coeficiente_variacao
0.0059049163967147,0.2962539662528067,0.9157280439121755,-0.9161341317365268,0.2963128086299533,0.0877664125205191,-0.1769583175038773,1.2299784157890823,1.8318621756487024,3.0917803923914406,1.3768761856612348,4.256998793578124,5.441153639969197,10.7117562280969,65,0.2152065753738425,3.0917803923914406,0.0020304391217564,1.8318621756487024,50.17073000688532
