media,desvio_padrao,maximo,minimo,rms,variancia,skewness,kurtosis,pico_a_pico,crest_factor,shape_factor,impulse_factor,margin_factor,energia,zero_crossings,mean_abs,peak_to_rms,mediana,amplitude,coeficiente_variacao
0.0001848855135257,0.1013285566353518,0.2209117764471058,-0.2290335329341317,0.1013287253075692,0.0102674763898037,0.1025433307351823,-0.4887559110766655,0.4499453093812375,2.260302123005419,1.232787287152567,2.786471722365038,3.2718845254027262,1.2629038004121895,54,0.0821948168703244,2.260302123005419,0.0016243512974051,0.4499453093812375,548.0610930678248
