media,desvio_padrao,maximo,minimo,rms,variancia,skewness,kurtosis,pico_a_pico,crest_factor,shape_factor,impulse_factor,margin_factor,energia,zero_crossings,mean_abs,peak_to_rms,mediana,amplitude,coeficiente_variacao
-0.0031355305781878,0.0819381575267759,0.2192874251497006,-0.1847699600798403,0.0819981293133538,0.0067138616588827,0.2075533346720753,-0.1176545490383791,0.4040573852295409,2.674297901500887,1.265514390250864,3.3843624781670605,4.054891232683477,0.8202905717285192,41,0.0647943081051012,2.674297901500887,-0.0048730538922155,0.4040573852295409,-26.132150678667703
