media,desvio_padrao,maximo,minimo,rms,variancia,skewness,kurtosis,pico_a_pico,crest_factor,shape_factor,impulse_factor,margin_factor,energia,zero_crossings,mean_abs,peak_to_rms,mediana,amplitude,coeficiente_variacao
0.0024664842446254,0.090596104202249,0.2339065868263473,-0.2229422155688623,0.0906296730720891,0.0082076540966247,-0.1480666366941451,-0.3390395072612371,0.4568488023952096,2.5809051152627704,1.2204786094917208,3.149939486305975,3.644372556540033,1.002075992220758,53,0.0742574858479761,2.5809051152627704,0.010355239520958,0.4568488023952096,36.73086677916517
