media,desvio_padrao,maximo,minimo,rms,variancia,skewness,kurtosis,pico_a_pico,crest_factor,shape_factor,impulse_factor,margin_factor,energia,zero_crossings,mean_abs,peak_to_rms,mediana,amplitude,coeficiente_variacao
0.008298171689408,0.1015833298631942,0.3431442115768462,-0.3191850299401197,0.101921698177971,0.0103191729060945,-0.1880032707433156,1.1226816412181124,0.6623292415169659,3.3667434678890795,1.3241121542120466,4.457945945945946,5.403548993529699,1.2673399722567338,52,0.076973614246916,3.3667434678890795,0.0138069860279441,0.6623292415169659,12.241651976525985
