media,desvio_padrao,maximo,minimo,rms,variancia,skewness,kurtosis,pico_a_pico,crest_factor,shape_factor,impulse_factor,margin_factor,energia,zero_crossings,mean_abs,peak_to_rms,mediana,amplitude,coeficiente_variacao
0.0057950729688164,0.3282963964162758,0.8710583832335329,-0.8852714570858283,0.3283475396140899,0.1077785238999124,-0.0277432612226363,-0.0028543995693213,1.7563298403193612,2.6961415886541937,1.257821753351587,3.391265540325151,4.041310789144004,13.15307702601642,63,0.2610445706946762,2.6961415886541937,0.003451746506986,1.7563298403193612,56.65095127927688
