media,desvio_padrao,maximo,minimo,rms,variancia,skewness,kurtosis,pico_a_pico,crest_factor,shape_factor,impulse_factor,margin_factor,energia,zero_crossings,mean_abs,peak_to_rms,mediana,amplitude,coeficiente_variacao
0.0060513743005791,0.0999131831277737,0.3394894211576846,-0.2708605788423153,0.1000962701285605,0.009982644162724,0.0438894494978388,0.8869595318819501,0.61035,3.391629085895557,1.2788842627969972,4.337501063196393,5.11727930148581,1.2223501218252717,51,0.0782684352606263,3.391629085895557,0.0010152195608782,0.61035,16.51082517209541
