media,desvio_padrao,maximo,minimo,rms,variancia,skewness,kurtosis,pico_a_pico,crest_factor,shape_factor,impulse_factor,margin_factor,energia,zero_crossings,mean_abs,peak_to_rms,mediana,amplitude,coeficiente_variacao
0.0047365817545237,0.0911457100944016,0.2838553892215569,-0.1859882235528942,0.0912687004143808,0.0083075404686127,0.4096301907072028,0.180449893501851,0.4698436127744511,3.110106618509833,1.2593413293962084,3.9166858035181193,4.652119522834677,1.016257032390259,60,0.0724733622918098,3.110106618509833,-0.0012182634730538,0.4698436127744511,19.24292977891739
