media,desvio_padrao,maximo,minimo,rms,variancia,skewness,kurtosis,pico_a_pico,crest_factor,shape_factor,impulse_factor,margin_factor,energia,zero_crossings,mean_abs,peak_to_rms,mediana,amplitude,coeficiente_variacao
0.0017774663787179,0.1593753595734777,0.5076097804391217,-0.5319750499001996,0.1593852710444186,0.0254005052391753,0.057648882210791,1.8169130319056304,1.0395848303393214,3.337667567487744,1.3823250057718213,4.6137413394919164,5.767302388412025,3.099247084360142,50,0.1153023134059749,3.337667567487744,0.002842614770459,1.0395848303393214,89.66434554358767
