media,desvio_padrao,maximo,minimo,rms,variancia,skewness,kurtosis,pico_a_pico,crest_factor,shape_factor,impulse_factor,margin_factor,energia,zero_crossings,mean_abs,peak_to_rms,mediana,amplitude,coeficiente_variacao
0.0037175194326793,0.0910006162045455,0.2071047904191617,-0.2290335329341317,0.0910765178316526,0.0082811121496069,0.0759045748038289,-0.4545139331414565,0.4361383233532934,2.514737479944952,1.215571503129129,3.056843218471843,3.5242672207893198,1.0202766483417398,58,0.0749248543563279,2.514737479944952,0.0056852295409181,0.4361383233532934,24.478854207080197
