media,desvio_padrao,maximo,minimo,rms,variancia,skewness,kurtosis,pico_a_pico,crest_factor,shape_factor,impulse_factor,margin_factor,energia,zero_crossings,mean_abs,peak_to_rms,mediana,amplitude,coeficiente_variacao
0.0045302092536239,0.2049876579759395,0.7508563872255489,-0.6842579840319362,0.2050377104786883,0.0420199399224607,0.1170719690400502,1.7041370721296687,1.4351143712574852,3.6620404386713696,1.3119846666931478,4.8045409043470855,5.729440021609497,5.128936451637773,50,0.1562805691894898,3.6620404386713696,-0.0058882734530938,1.4351143712574852,45.24904844339398
