rms,skewness,kurtosis,crest_factor
0.382112606079471,0.5977759916531811,1.572537070316118,3.4230979596718463
