rms,skewness,kurtosis,crest_factor
0.64197132747768,0.5477421561304798,4.949810332238395,4.123683432011453
