rms,skewness,kurtosis,crest_factor
0.5680420471807696,0.3737924690375661,0.8360278715867437,2.9875271142102933
