rms,skewness,kurtosis,crest_factor
0.712728764914984,0.3715417943139925,2.567674032885812,3.671564933164866
