rms,skewness,kurtosis,crest_factor
0.2755091312220014,0.3959054051244323,6.346207183718472,4.492612216273109
