rms,skewness,kurtosis,crest_factor
0.6679902932067657,0.4682931136697513,4.317999430762001,4.1995440938996405
