rms,skewness,kurtosis,crest_factor
0.1417299772942141,-0.044146440243978,1.6410408684496265,3.346579092845717
