rms,skewness,kurtosis,crest_factor
0.4949254616340826,-0.4256869614201567,2.1975488297368457,3.316473112150168
