rms,skewness,kurtosis,crest_factor
0.2657416242278379,-0.1230094744622378,-0.6792351715140454,2.234126478780675
