rms,skewness,kurtosis,crest_factor
0.2674467849049236,-1.0464410206693344,5.998730194324572,4.905909640848657
