rms,skewness,kurtosis,crest_factor
0.3167617893320149,0.4075174778576484,2.402955012712216,3.280631621340386
