rms,skewness,kurtosis,crest_factor
0.7811202234318569,0.4126472343065079,3.9927121440817386,4.001506925911272
