rms,skewness,kurtosis,crest_factor
0.6267723014965882,0.2449580281762274,0.2353754693358549,2.7827445492154
