rms,skewness,kurtosis,crest_factor
0.5323425278494001,-0.4820152748129768,2.0266749756847777,3.681426408362745
