rms,skewness,kurtosis,crest_factor
0.3273707006536196,0.23308139014155,5.261831416759137,4.44454152966548
