rms,skewness,kurtosis,crest_factor
0.6127400297165524,0.5041827694651959,3.126398809433142,3.7537639546574817
