rms,skewness,kurtosis,crest_factor
0.3857302684047198,0.3054817799480672,1.058574373637308,2.986727389710166
