rms,skewness,kurtosis,crest_factor
0.5068533689193124,-0.5306847935336704,4.307255516828457,4.128552135983451
