rms,skewness,kurtosis,crest_factor
0.232190631813136,-0.5813605221694611,2.9154715863512437,4.10651456577372
