rms,skewness,kurtosis,crest_factor
0.6708970125932603,0.2237965572109839,0.6377367939342387,3.272807636719417
