rms,skewness,kurtosis,crest_factor
0.6533855355869267,0.3963806964111757,1.4064425093950197,3.3679807713877885
