rms,skewness,kurtosis,crest_factor
0.6628783677561125,0.4434388942731202,2.142884997415087,3.423893372749865
