rms,skewness,kurtosis,crest_factor
0.5394268527573226,-0.4672113814316952,0.2202672881133889,2.941242397612512
