rms,skewness,kurtosis,crest_factor
0.1958013025488389,-0.1878825383849307,1.0719586540689503,3.166966203556077
