rms,skewness,kurtosis,crest_factor
0.5587685199354738,0.1009378911939283,0.6078464671182888,2.962253443066247
