rms,skewness,kurtosis,crest_factor
0.4093860069932973,-0.2822107297657864,1.0032242432429808,3.2248086021847904
