rms,skewness,kurtosis,crest_factor
0.4470740953445597,0.6811855969513627,1.3117934173864132,3.249980821208461
