rms,skewness,kurtosis,crest_factor
0.4868941391423729,-0.4362502613861305,3.9702134150845634,3.8515837881259234
