rms,skewness,kurtosis,crest_factor
0.3134035260212,-0.317954679744836,0.8465467594602312,3.5684533689254723
