rms,skewness,kurtosis,crest_factor
0.3145117633414045,0.915650564035194,2.794698056444456,3.878671536450931
