rms,skewness,kurtosis,crest_factor
0.4213454588539481,-0.5453973142931585,2.538840261915104,3.637337051811056
