rms,skewness,kurtosis,crest_factor
0.6772166079567025,0.47843653156299,2.0781004062139248,3.328015584186316
