rms,skewness,kurtosis,crest_factor
0.5276381518116253,0.3833188932372109,2.0535379786964256,3.541851856709304
