rms,skewness,kurtosis,crest_factor
0.7078222332073703,0.3728408235068661,1.038338041587016,3.1376441812425964
