rms,skewness,kurtosis,crest_factor
0.4313226681255498,-0.4068624032512126,3.77916873949332,4.022063558977552
