rms,skewness,kurtosis,crest_factor
0.3833673655315708,0.0876544642636361,1.591859034852546,3.36210869880335
