rms,skewness,kurtosis,crest_factor
0.7956411893714342,0.411603977260142,3.267793433971651,3.924904103731152
