rms,skewness,kurtosis,crest_factor
0.6446439937830226,0.3801709106322926,2.647014958751206,3.6864160234519474
