rms,skewness,kurtosis,crest_factor
0.2884147463286862,-0.0172200121538936,1.565151325411982,3.577726779963939
