rms,skewness,kurtosis,crest_factor
0.6614382045289837,0.6206889699348623,2.0537822957581127,3.4958126942529306
