rms,skewness,kurtosis,crest_factor
0.2314021058180186,-0.5122405853166195,3.3123908820750554,4.26616472442289
