rms,skewness,kurtosis,crest_factor
0.6495207533325973,0.376027117258539,2.6907168441598897,3.820042075723932
