rms,skewness,kurtosis,crest_factor
0.4911069900262598,0.388182155423724,0.1094150228544532,2.916414927041542
