rms,skewness,kurtosis,crest_factor
0.674765589835028,0.2631040903310022,3.172900447829103,3.777026013214228
