rms,skewness,kurtosis,crest_factor
0.3501041547573914,-0.0775095146816535,0.5564909862742504,3.221058284798161
