rms,skewness,kurtosis,crest_factor
0.6180164901975744,0.197955574016158,1.9553200788152587,3.9740349984698287
