rms,skewness,kurtosis,crest_factor
0.7504499805914956,0.2759046580038687,3.446068407772824,3.990261435420712
