rms,skewness,kurtosis,crest_factor
0.3498782221774698,0.3201844318937947,2.056362803182416,3.165105533331188
