rms,skewness,kurtosis,crest_factor
0.4255388132884423,-0.16952311351853,1.289798349316445,3.04800518889183
