rms,skewness,kurtosis,crest_factor
0.4165308086854901,-0.1006988534840527,0.4605064810341113,3.582862836006601
