rms,skewness,kurtosis,crest_factor
0.2272204347382704,0.2671600324947151,2.052628636450166,4.092682591843675
