rms,skewness,kurtosis,crest_factor
0.2266858339713361,0.2795793539455085,1.470264211370386,3.4162235348850523
