rms,skewness,kurtosis,crest_factor
0.6323263607050519,0.4029874910766649,1.397694674685212,3.40179903806379
