rms,skewness,kurtosis,crest_factor
0.2501779940881514,0.3360107277554192,1.7837270686783082,3.5726535607375243
