rms,skewness,kurtosis,crest_factor
0.4175755301053784,0.2572790135087705,1.8220398897611172,3.4396954111944
