rms,skewness,kurtosis,crest_factor
0.1918390669853558,-0.3873370228684424,0.9405072936817244,3.363619115930484
