rms,skewness,kurtosis,crest_factor
0.7669664789720488,0.5087520512941899,4.467397624076019,3.980575875447505
