rms,skewness,kurtosis,crest_factor
0.3121493977590563,-0.4844226146668698,3.950996741527984,4.027712093047408
