rms,skewness,kurtosis,crest_factor
0.4050485589857924,-0.4999954245010205,1.1937216432053015,3.171115561154749
