rms,skewness,kurtosis,crest_factor
0.2815278920615802,-0.3006633575288199,3.132867297044883,3.3709883541535404
