rms,skewness,kurtosis,crest_factor
0.4221160475833816,-0.3013276716513717,0.6395832788691798,3.0573277495058937
