rms,skewness,kurtosis,crest_factor
0.6060233917571257,0.2888480552819067,0.6900790201586666,3.112549729545316
