rms,skewness,kurtosis,crest_factor
0.4594292616288002,-0.3162188650766586,4.174480282465159,3.8396455261208655
