rms,skewness,kurtosis,crest_factor
0.6742888930824481,0.3790692849595339,2.9148310238649584,3.920019558114532
