rms,skewness,kurtosis,crest_factor
0.5027722831133296,0.1375211369401005,2.005073316364009,3.788908116087499
