rms,skewness,kurtosis,crest_factor
0.3508449224603566,-0.1724723525245861,0.3709278341987159,3.1471249082589767
