rms,skewness,kurtosis,crest_factor
0.4858285628597132,0.2779544593713824,1.3154061269240098,3.4462776127139034
