rms,skewness,kurtosis,crest_factor
0.4464309424480824,-0.3386376961715056,1.8273688308576015,3.593045986892289
