rms,skewness,kurtosis,crest_factor
0.247350345777378,-0.0301417878364928,-0.4471738413280741,2.357555288373466
