rms,skewness,kurtosis,crest_factor
0.4790921950123923,-0.3928467765374804,0.8617057527983478,3.1862012105979782
