rms,skewness,kurtosis,crest_factor
0.6319584498718902,0.3545287937950125,3.5253975897174525,3.83431228492222
