rms,skewness,kurtosis,crest_factor
0.2355162172670348,-0.1549743090628954,2.2216398577035035,3.66402210752258
