rms,skewness,kurtosis,crest_factor
0.3607709392771663,-0.0254808075580706,1.1009620709632713,3.533293682669414
