rms,skewness,kurtosis,crest_factor
0.2899204799442852,-0.3324346542383061,0.5389707406129824,2.6725106450264358
