rms,skewness,kurtosis,crest_factor
0.5759386984386945,0.2994753898342616,2.098440295156445,3.477497093232377
