rms,skewness,kurtosis,crest_factor
0.4063898265382111,-0.1805840283520203,0.4831426578573583,2.996771340473088
