rms,skewness,kurtosis,crest_factor
0.776772711194864,0.3376260479013092,5.213242187980893,4.203219372578312
