rms,skewness,kurtosis,crest_factor
0.6429582504245623,0.5818309629778188,6.152649471252725,4.40283365472582
