rms,skewness,kurtosis,crest_factor
0.4307712144644071,0.1420366207980481,1.6656259613962463,3.3720362432077304
