rms,skewness,kurtosis,crest_factor
0.5077303635491629,-0.0191772376141494,0.0503020359203127,2.5697895444348
