rms,skewness,kurtosis,crest_factor
0.6192143148820521,0.7646533745972472,5.785713721693262,4.48968503907816
