rms,skewness,kurtosis,crest_factor
0.3561049089298905,-0.8422354540921172,4.420523789484274,4.222753396159752
