rms,skewness,kurtosis,crest_factor
0.1825557274180083,0.1896233696162076,0.2256947314831929,3.007469260418256
