rms,skewness,kurtosis,crest_factor
0.6860226974395982,0.2917406776001809,2.3167300588923108,3.532728792755325
