rms,skewness,kurtosis,crest_factor
0.5082584195120949,-0.1149680381164797,-0.1853273354447213,2.6454196031181527
