rms,skewness,kurtosis,crest_factor
0.3921257681440747,-0.3156569211413395,1.2036906653069384,3.162740927327151
