rms,skewness,kurtosis,crest_factor
0.4563163084215009,0.0724860712855203,0.02791180320584,2.9972713382661245
