rms,skewness,kurtosis,crest_factor
0.4875896077075332,0.1957497350120813,2.8405419264664844,3.660365109944032
