rms,skewness,kurtosis,crest_factor
0.8206015727431217,0.3376552602802367,1.7039990587494218,3.0765819708979807
