rms,skewness,kurtosis,crest_factor
0.4158632122838089,0.0821058589405501,0.3646765164595908,2.8425732831589805
