rms,skewness,kurtosis,crest_factor
0.2452075021614715,0.1624519125361176,2.04931665847747,3.65169762263214
