rms,skewness,kurtosis,crest_factor
0.601081866510073,0.4085184410446677,2.4529690104560986,3.795491969257996
