rms,skewness,kurtosis,crest_factor
0.4574177063756254,0.098772043315162,0.0087021536694575,2.824038840771713
