rms,skewness,kurtosis,crest_factor
0.4741239662817931,-0.1208954611651822,0.460946228137673,2.798189959811434
