rms,skewness,kurtosis,crest_factor
0.3508962539729887,-0.2177601135998156,0.5006244073229817,2.852713517719695
