rms,skewness,kurtosis,crest_factor
0.3896402102594525,0.2364957960299318,0.569470227971308,3.145396757372999
