rms,skewness,kurtosis,crest_factor
0.4121416630550589,0.4383933406410664,0.0703586548677575,2.743106568294164
