rms,skewness,kurtosis,crest_factor
0.713479955525577,0.6005339235580629,5.581141008932464,4.284105012649709
