rms,skewness,kurtosis,crest_factor
0.7243176844795375,0.2489460275332267,0.5256066659079939,2.883977311646168
