rms,skewness,kurtosis,crest_factor
0.2471621868891245,0.0693493157377258,1.5509301666343376,3.407584947783329
