rms,skewness,kurtosis,crest_factor
0.844556189723718,0.4128182210396415,3.605168645752532,4.061569726245861
