rms,skewness,kurtosis,crest_factor
0.3548795771859235,0.1676994458001892,1.2940482743989596,3.196023007035307
