rms,skewness,kurtosis,crest_factor
0.2048116595630653,0.1333170626697819,0.4836997594120928,3.378585253255756
