rms,skewness,kurtosis,crest_factor
0.6605196836389048,0.5231992867074898,5.249242763115357,4.135762888036175
