rms,skewness,kurtosis,crest_factor
0.4546904665588528,-0.2438421191000107,0.2603586840050802,3.002630065683044
