rms,skewness,kurtosis,crest_factor
0.5111598655781118,0.5368390246876746,1.934220866994643,3.6115418557228143
