rms,skewness,kurtosis,crest_factor
0.3181556279810733,0.6067735119955926,3.527739280006021,4.2095048049574375
