rms,skewness,kurtosis,crest_factor
0.6986016517813967,0.4187276113323432,3.328209257936956,3.939961015600895
