rms,skewness,kurtosis,crest_factor
0.4756785927493961,-0.3958129520392092,2.151462311749859,3.6521376808943136
