rms,skewness,kurtosis,crest_factor
0.2796392247302121,0.588943644551922,3.177910811364656,4.204074920573874
