rms,skewness,kurtosis,crest_factor
0.4498318692144009,0.1492504648436309,2.0736776034634463,3.6001856567905626
