rms,skewness,kurtosis,crest_factor
0.5304368895584277,0.3558133790715709,0.6948576446612114,3.1993269159254853
