rms,skewness,kurtosis,crest_factor
0.664355830166586,0.3088388792962645,0.6114707634529153,3.227402568345356
