rms,skewness,kurtosis,crest_factor
0.1962099212875562,0.0740643146630741,2.437457079840912,3.882682147181256
