rms,skewness,kurtosis,crest_factor
0.3496069393481379,0.3558137366689024,1.233204553226293,3.6647072515700834
