rms,skewness,kurtosis,crest_factor
0.8157220125414983,0.4146895449821254,1.4316016203865027,3.369785834845412
