rms,skewness,kurtosis,crest_factor
0.510839308891754,-0.4487083895893066,1.69671081609538,3.4397157489311363
