rms,skewness,kurtosis,crest_factor
0.8526895872381679,0.4393030596516787,4.159114140898432,4.171416312252346
