rms,skewness,kurtosis,crest_factor
0.5456776335740718,-0.1259756480941389,0.470470870452544,2.628478990818095
