rms,skewness,kurtosis,crest_factor
0.2033731721635297,0.0028563563951643,-0.3000189920718945,2.7315704318457588
