rms,skewness,kurtosis,crest_factor
0.3955563635126849,-0.1569293131915857,0.8009450601469923,3.177402596196535
