rms,skewness,kurtosis,crest_factor
0.3044861137114923,-0.3852337513037346,3.2569952506075506,4.034389791012365
