rms,skewness,kurtosis,crest_factor
0.6323380621526857,0.2890237266564578,0.0723906110673042,2.732563158909683
