rms,skewness,kurtosis,crest_factor
0.8755931265325456,0.3782092243287222,2.589146627696504,3.778000668262111
