rms,skewness,kurtosis,crest_factor
0.2938386632970335,-0.5385896902631285,3.6442440311069726,3.969131286028077
