rms,skewness,kurtosis,crest_factor
0.8277121851212695,0.2397419311095252,0.5146047973644694,2.982447194334655
