rms,skewness,kurtosis,crest_factor
0.2742283968417964,-0.1137868590911018,0.4354415667336662,2.5263095883647115
