rms,skewness,kurtosis,crest_factor
0.3433110121146755,0.7984728996475197,2.5021636664830984,4.026445133749691
