rms,skewness,kurtosis,crest_factor
0.6853290956769423,0.6010223476075681,5.3944893068331705,4.127070796276346
