rms,skewness,kurtosis,crest_factor
0.4571184619707407,0.512799891745116,1.8705751273561624,3.6360759919958103
