rms,skewness,kurtosis,crest_factor
0.5105354760605837,-0.4418309875836437,1.7243577239305423,3.551530149715547
