rms,skewness,kurtosis,crest_factor
0.6758509082906199,0.3886482127549862,2.8273980640411915,3.702463284367867
