rms,skewness,kurtosis,crest_factor
0.449042509329304,0.4450842178807284,2.0277725702860607,3.5007063594308296
