rms,skewness,kurtosis,crest_factor
0.6037059736061539,-0.1900940363115467,0.912016817405064,2.831218718086886
