rms,skewness,kurtosis,crest_factor
0.4101389029147966,0.5391634145294306,1.7315525011169166,3.3575059634401967
