rms,skewness,kurtosis,crest_factor
0.3811342312644532,-0.5843037916608808,3.57575781106792,3.913478392885113
