rms,skewness,kurtosis,crest_factor
0.8707897277971584,0.3459173673200648,1.3925094547377208,3.1566845534427794
