rms,skewness,kurtosis,crest_factor
0.1968023357842938,0.1007628425171107,1.095522202769463,2.725790899941521
