rms,skewness,kurtosis,crest_factor
0.8345460423514476,0.4979637757156015,4.234363044891396,3.994476974220616
