rms,skewness,kurtosis,crest_factor
0.8563051734228468,0.4124339849347633,5.421185070952583,4.336857079641615
