rms,skewness,kurtosis,crest_factor
0.2919092697930235,0.1280726482560946,6.889540572750994,4.585210569061089
