rms,skewness,kurtosis,crest_factor
0.4901884514325919,-0.4431377448259722,2.299911200374419,3.689007924506349
