rms,skewness,kurtosis,crest_factor
0.6794070044262509,0.417320464422715,1.5692731693136142,3.592830065443661
