rms,skewness,kurtosis,crest_factor
0.6447925978709211,0.4039124817943344,0.4781429439781028,2.800702987058377
