rms,skewness,kurtosis,crest_factor
0.6069162787192733,0.5001875019561612,1.9742660343826663,3.668676585206671
