rms,skewness,kurtosis,crest_factor
0.2039103757128519,-0.4680174083458343,1.397760369902933,3.3238160465004616
