rms,skewness,kurtosis,crest_factor
0.5569066807915783,-0.6047774113880975,3.0358363795890053,4.008328230658278
