rms,skewness,kurtosis,crest_factor
0.2138067584014908,-0.4232483852464373,1.653348198450031,3.4814567490806594
