rms,skewness,kurtosis,crest_factor
0.3270999926678536,0.4757423665922513,1.293248916383845,3.652431690680772
