rms,skewness,kurtosis,crest_factor
0.4449223330792436,0.3110615241650737,0.6569838817898326,3.0703773210558447
