rms,skewness,kurtosis,crest_factor
0.6345200271803351,0.8369573431511825,6.714152874058773,5.262655293134944
