rms,skewness,kurtosis,crest_factor
0.3606995306003914,-0.1442294167790853,0.4574605543423216,2.7999493580726624
