rms,skewness,kurtosis,crest_factor
0.3182736604808572,0.4378153443520177,1.7515695733902472,3.9004499372218127
