rms,skewness,kurtosis,crest_factor
0.2795126757381051,0.2445942839264728,4.377309296218733,3.832597851993161
