rms,skewness,kurtosis,crest_factor
0.4387334596920488,0.2585132088405621,2.456566775827576,3.6125824083615887
