rms,skewness,kurtosis,crest_factor
0.829802450853743,0.2555764531552399,2.3490977901946755,3.454036393026554
