rms,skewness,kurtosis,crest_factor
0.4918374522393188,0.4475825108573237,0.8161251400512488,3.116020226040197
