rms,skewness,kurtosis,crest_factor
0.2514492473341544,-0.2134858617635751,0.2810690423585993,2.890830707569541
