rms,skewness,kurtosis,crest_factor
0.3762801961516453,-0.5416621786559831,2.872269743427757,3.706029716909027
