rms,skewness,kurtosis,crest_factor
0.7081727636897294,0.3942792438910283,0.2466561204914485,2.6406472078853342
