rms,skewness,kurtosis,crest_factor
0.2396811759569168,-0.0847971316651992,1.1963766643973854,2.839618884943698
