rms,skewness,kurtosis,crest_factor
0.2647936351203021,0.8953124375382752,7.008670074974973,5.214243923072873
