rms,skewness,kurtosis,crest_factor
0.3900986989866206,-0.141064310062956,0.2431092316189391,2.8189938372007486
