rms,skewness,kurtosis,crest_factor
0.6758546832731974,0.2998579976815782,0.2696418823669937,2.631726486002172
