rms,skewness,kurtosis,crest_factor
0.7050320523566312,0.4881933207590458,1.664599993018367,3.409254691756173
