rms,skewness,kurtosis,crest_factor
0.3705048107770271,-0.3639840126141838,0.1750426876026716,2.938481297456162
