rms,skewness,kurtosis,crest_factor
0.2593908786267349,0.1388459773589242,3.0490422574900604,3.552219254320864
