rms,skewness,kurtosis,crest_factor
0.4744108277343802,0.3646725194764949,4.429909015683874,4.020554337022811
