rms,skewness,kurtosis,crest_factor
0.491317336149931,0.0776365289504533,0.694496108473384,3.0259211624814726
