rms,skewness,kurtosis,crest_factor
0.2972899306414722,-0.2562377347523908,1.2130499289492729,3.4613568804225
