rms,skewness,kurtosis,crest_factor
0.5821987640940023,0.4196995906640902,1.0713458045519628,3.2085330770546925
