rms,skewness,kurtosis,crest_factor
0.2955128831034559,-0.0946041228794119,1.8585540664367448,3.2471867854443928
