rms,skewness,kurtosis,crest_factor
0.536857086122924,0.3750493330582681,0.4069310215261703,3.050629744754429
