rms,skewness,kurtosis,crest_factor
0.211649794625463,0.0093156529183301,0.179656128086707,2.816619440631316
