rms,skewness,kurtosis,crest_factor
0.3960748779036224,-0.2717044361147421,0.6120709428998166,3.155813188579568
