rms,skewness,kurtosis,crest_factor
0.405942783827187,-0.3660252025436543,0.977468228278386,2.9390497268994875
