rms,skewness,kurtosis,crest_factor
0.7988354504680618,0.3890469948833719,2.3555851441126348,3.4191606105943944
