rms,skewness,kurtosis,crest_factor
0.3941047668808477,0.369910571027442,1.1539080048723225,3.5229573152482425
