rms,skewness,kurtosis,crest_factor
0.4972569908023594,0.291666935601368,1.2556997276732045,2.9963102683399025
