rms,skewness,kurtosis,crest_factor
0.4814060734593649,0.4451439685656133,0.6231619316242161,2.9481907777127048
