rms,skewness,kurtosis,crest_factor
0.2074282202305847,0.1993468284039275,4.464439521219607,4.338323000419731
