rms,skewness,kurtosis,crest_factor
0.1813376603594144,0.0814169895282571,0.969636930712853,3.421805456069832
