rms,skewness,kurtosis,crest_factor
0.7218774504934814,0.2666522302665755,2.116202522619602,3.334198253851502
