rms,skewness,kurtosis,crest_factor
0.5194211722583393,-0.4299870794269687,2.561848497030704,3.7010808629936007
