rms,skewness,kurtosis,crest_factor
0.2830409953009445,-0.3165807863995069,2.6696966017619586,3.4720501667443795
