rms,skewness,kurtosis,crest_factor
0.4365616048846887,-0.4977637172029718,4.199281089840541,4.084490291347391
