rms,skewness,kurtosis,crest_factor
0.5216797714134506,-0.4247360884871122,3.975412031807687,3.942715326619792
