rms,skewness,kurtosis,crest_factor
0.3136653259644135,-0.3109426611451876,0.6832677900248578,3.0346671483459864
