rms,skewness,kurtosis,crest_factor
0.9087597199328928,0.3480367311272507,1.3312576036784245,3.102991682447856
