rms,skewness,kurtosis,crest_factor
0.7148692342091906,0.3260460388511579,1.9593555488329968,3.447549409108896
