rms,skewness,kurtosis,crest_factor
0.3578163830062813,-0.2238518648911209,1.956299085371373,3.4126612022762397
