rms,skewness,kurtosis,crest_factor
0.2710165908269072,-0.0740807314490897,2.056635632343352,3.633589261259818
