rms,skewness,kurtosis,crest_factor
0.5090412600332479,0.4311713284516812,1.102425928511245,3.388045577891495
