rms,skewness,kurtosis,crest_factor
0.8691128920769067,0.4167233999219057,1.5290742211854198,3.399667680592388
