rms,skewness,kurtosis,crest_factor
0.6786026603351957,0.3265821548578217,0.1598484199140699,3.010639308873655
