rms,skewness,kurtosis,crest_factor
0.4051763975782664,-0.0576046517630905,1.0203102388816347,2.998730374526275
