rms,skewness,kurtosis,crest_factor
0.6336720101059151,0.4271456392691798,4.036016810547561,3.886746795521162
