rms,skewness,kurtosis,crest_factor
0.6730951159099747,0.4027481928102775,2.555266364059581,3.6741833239363015
