rms,skewness,kurtosis,crest_factor
0.9487114506184948,0.2519566842765061,1.2360281911143849,3.1563776476127314
