rms,skewness,kurtosis,crest_factor
0.4446247635649691,0.2523779989669962,0.4895080102656521,2.9957127290721104
