rms,skewness,kurtosis,crest_factor
0.2110138454261688,0.0683876165453493,0.3281014162663167,3.0425721544610105
