rms,skewness,kurtosis,crest_factor
0.3397588622346735,0.2706506734031423,1.0192946918893666,3.114752808209403
