rms,skewness,kurtosis,crest_factor
0.7595602240669301,0.447315322650225,1.9270393311916372,3.5473062295761246
