rms,skewness,kurtosis,crest_factor
0.1974181602101999,-0.1766736481593288,3.0608601198746985,3.661447997365964
