rms,skewness,kurtosis,crest_factor
0.1992113053206081,0.0655918813767468,0.565061452737913,2.8620228378687336
