rms,skewness,kurtosis,crest_factor
0.8757193416126896,0.4552728121946061,5.643020039535089,4.325572184546132
