rms,skewness,kurtosis,crest_factor
0.7204961278949319,0.3833041615008573,2.2514247412155197,3.619583654951071
