rms,skewness,kurtosis,crest_factor
0.4967911176674022,-0.3135817451093212,0.3328105754724815,3.0228253304973194
