rms,skewness,kurtosis,crest_factor
0.2549844850687278,0.1461327984918978,0.2977424519273208,3.1660851623689226
