rms,skewness,kurtosis,crest_factor
0.4292555603019136,-0.6381833142141733,4.306092413836499,4.039540009127541
