rms,skewness,kurtosis,crest_factor
0.5011831000715954,-0.3188343597945337,1.0379624982312912,3.21510539121483
