rms,skewness,kurtosis,crest_factor
0.7780574222823442,0.3867404737281874,4.912022161086146,4.2093272419226855
