rms,skewness,kurtosis,crest_factor
0.3338192710611069,0.0931777606371744,2.3321686002369275,3.1945028918096843
