rms,skewness,kurtosis,crest_factor
0.6301648493765417,0.2321734297801438,0.5519203708964806,2.7039662917788165
