rms,skewness,kurtosis,crest_factor
0.2437619560019747,0.0382695847713602,0.7595524295306388,3.3868145811050985
