rms,skewness,kurtosis,crest_factor
0.4806569044976522,-0.5175105496010967,4.236420341542668,3.90663294801286
