rms,skewness,kurtosis,crest_factor
0.3402307437161591,0.2368386862558409,3.095319040888513,3.266789952928973
