rms,skewness,kurtosis,crest_factor
0.7195275526750414,0.2363515905069078,-0.0169766891486129,2.614213723160537
