rms,skewness,kurtosis,crest_factor
0.5908300867209922,0.4392222282330875,1.5832840444994307,3.6221629237069446
