rms,skewness,kurtosis,crest_factor
0.1950728443712177,-0.0014695154456153,0.378685093168484,2.981028786172037
