rms,skewness,kurtosis,crest_factor
0.5988003164278235,0.0101801062575088,-0.0635233249949815,2.4861676308938607
