rms,skewness,kurtosis,crest_factor
0.5392644959099171,0.2701797120447161,1.603335417367565,3.37211385366056
