rms,skewness,kurtosis,crest_factor
0.488432283658851,-0.7350609502810665,5.072549999420862,4.244351597285755
