rms,skewness,kurtosis,crest_factor
0.5549246041886279,0.3022120596450085,2.366698479253208,3.8228667072943088
