rms,skewness,kurtosis,crest_factor
0.3333736554051307,-0.1290292447094695,-0.1379522014905174,2.79435838422744
