rms,skewness,kurtosis,crest_factor
0.5188761976718563,-0.0616261856311801,0.6548854014189707,3.008427836563788
