rms,skewness,kurtosis,crest_factor
0.4992871397600598,-0.5372975762296257,2.24272162593456,3.674648602607425
