rms,skewness,kurtosis,crest_factor
0.3782624743128402,-0.2990704474315052,2.317459633561163,3.596429209765436
