rms,skewness,kurtosis,crest_factor
0.2878489483949274,-0.2794660875956496,1.6362168660519574,3.3660902855647548
