rms,skewness,kurtosis,crest_factor
0.4766897706605389,-0.2800919503260414,1.3407776112621832,3.4033053741334065
