rms,skewness,kurtosis,crest_factor
0.3223849315239436,0.7042140741993043,2.849334898668927,3.5572134545714382
