rms,skewness,kurtosis,crest_factor
0.1903084871405094,0.2694497324587724,0.5437003874269113,2.814534697676897
