rms,skewness,kurtosis,crest_factor
0.4651951364198637,-0.4963836646142972,1.8717949635589912,3.3154292384824053
