rms,skewness,kurtosis,crest_factor
0.3099764698414651,0.3144326158998441,1.6043631771758178,3.3472037143600395
