rms,skewness,kurtosis,crest_factor
0.4219003243949263,0.1784221618798814,0.9256947969493936,3.145517870561749
