rms,skewness,kurtosis,crest_factor
0.4697619603175229,0.1784253379055586,1.4433721876356538,3.223550702109717
