rms,skewness,kurtosis,crest_factor
0.5937301426858471,0.0579041183699844,0.7204754957190689,2.964967738709415
