rms,skewness,kurtosis,crest_factor
0.7755636403882478,0.4488982199880754,5.641321751291147,4.280982087084595
