rms,skewness,kurtosis,crest_factor
0.2394170637874889,-0.1455361213054702,2.078207225969257,3.402481689324232
