rms,skewness,kurtosis,crest_factor
0.4499088942695385,-0.3169062287695733,1.3198574688388622,3.5129196877543443
