rms,skewness,kurtosis,crest_factor
0.4648781152197772,-0.4111984896640355,3.3944832618272667,3.87587975784766
