rms,skewness,kurtosis,crest_factor
0.6437468772392858,0.3256909911633686,2.4495777733948225,3.596930496006745
