rms,skewness,kurtosis,crest_factor
0.6509217308450452,0.6205520556655499,5.840066476382314,4.237296701422619
