rms,skewness,kurtosis,crest_factor
0.2076414142695556,0.3543408798323282,2.2966454403305008,3.872319474629292
