rms,skewness,kurtosis,crest_factor
0.4797255559446914,-0.2497154902154318,0.9288320741650842,3.124432586729748
