rms,skewness,kurtosis,crest_factor
0.4760161824604704,0.7911206438060531,3.589658017569826,4.357617835731209
