rms,skewness,kurtosis,crest_factor
0.4421161585252836,-0.5720007696183789,3.126165495575481,3.787014040348968
