rms,skewness,kurtosis,crest_factor
0.8961603324093181,0.3842204524327798,5.995032160297241,4.180687464030531
