rms,skewness,kurtosis,crest_factor
0.2656363404406882,0.0373265856835759,5.5842886228158894,4.317150334421664
