rms,skewness,kurtosis,crest_factor
0.3188347366767374,0.4833971713050482,2.885306212810801,3.7700407822832473
