rms,skewness,kurtosis,crest_factor
0.8718416227802883,0.4528548647321218,2.930709606304931,3.7234584619990767
