rms,skewness,kurtosis,crest_factor
0.7114252381821737,0.5987732320007375,5.326121039638257,4.197157497651887
