rms,skewness,kurtosis,crest_factor
0.6776673819222226,0.0822137861076291,5.01167126291736,4.243243751934877
