rms,skewness,kurtosis,crest_factor
0.689720591264764,0.3274382516067445,1.4536675802739767,3.239420771074466
