rms,skewness,kurtosis,crest_factor
0.4477617848464536,0.1737778399651001,2.0915384226664813,3.504370865038196
