rms,skewness,kurtosis,crest_factor
0.488532409875732,0.4081695048445858,5.308875313820544,4.343230539761433
