rms,skewness,kurtosis,crest_factor
0.3227997324509403,0.3165294206234192,0.9424228998840364,3.733796969171372
