rms,skewness,kurtosis,crest_factor
0.6223374713244476,0.2261378538902306,0.6814290961728724,3.042049570141925
