rms,skewness,kurtosis,crest_factor
0.461764973696632,-0.2826868351183271,0.602656194613707,3.207264257297616
