rms,skewness,kurtosis,crest_factor
0.3770743503895803,-0.4562194094592738,1.846304854513228,3.3611411078238675
