rms,skewness,kurtosis,crest_factor
0.4336531816388504,-0.2195600070496434,1.019045730038325,3.3599271848209136
