rms,skewness,kurtosis,crest_factor
0.3976256691904403,-0.2049507883861156,0.9821814594230468,2.8146523995566097
