rms,skewness,kurtosis,crest_factor
0.6179438635018126,0.4743402056809027,2.66487528236182,3.7819542634472025
