rms,skewness,kurtosis,crest_factor
0.4107990809282618,0.4624360073743273,0.3996814077244215,2.803475283483888
