rms,skewness,kurtosis,crest_factor
0.291038056783867,-0.6839268128484797,4.101624559201288,4.25429509160927
