rms,skewness,kurtosis,crest_factor
0.7780841428432712,0.4610958823539913,5.002399912645962,4.251457181838487
