rms,skewness,kurtosis,crest_factor
0.6455169998344312,0.5700404489699318,3.45510614781218,3.924258925718653
