rms,skewness,kurtosis,crest_factor
0.4037517369616955,0.2514505176038407,3.9490188414083898,3.990958649866613
