rms,skewness,kurtosis,crest_factor
0.6918147793175756,0.5078694906043822,5.007206873438684,4.355460083779793
