rms,skewness,kurtosis,crest_factor
0.722517039559546,0.3803128963666415,0.5145636790437353,3.038420768292742
