rms,skewness,kurtosis,crest_factor
0.4488541679417529,-0.3815579814339636,1.1536897295204067,3.3501821325807377
