rms,skewness,kurtosis,crest_factor
0.9010428240535142,0.3613366771298227,1.8572305173764436,3.517608025335801
