rms,skewness,kurtosis,crest_factor
0.6641500543105092,0.2722415791225197,3.038725283926873,3.669862113143728
