rms,skewness,kurtosis,crest_factor
0.7718327449140953,0.1166435694297729,1.6405326624128334,3.307281377594788
