rms,skewness,kurtosis,crest_factor
0.7440159194232373,0.3292958945465955,0.3464667281362028,2.8185385153797893
