rms,skewness,kurtosis,crest_factor
0.4015492468541621,-0.3277074117730162,3.027387912618692,3.901605690014673
