rms,skewness,kurtosis,crest_factor
0.7540322239050922,0.5703228626125421,4.964948978265997,4.401071460066008
