rms,skewness,kurtosis,crest_factor
0.3948343724769371,-0.2070523614446047,0.392258272845686,2.611365822989917
