rms,skewness,kurtosis,crest_factor
0.2298382397199999,0.2220326542051151,3.0917510764280625,4.079637868656863
