rms,skewness,kurtosis,crest_factor
0.4113599391697566,-0.451141825328341,3.3305163060236325,3.9161577144652457
