rms,skewness,kurtosis,crest_factor
0.7564991702627656,0.2339672167388815,1.0682965807511096,3.271251706379578
