rms,skewness,kurtosis,crest_factor
0.6607251949125312,0.510584095529616,1.6737245368064615,3.1603208245915315
