rms,skewness,kurtosis,crest_factor
0.5587227565416968,0.308832256031675,1.4582515117091177,3.649335814936864
