rms,skewness,kurtosis,crest_factor
0.682610171820249,0.322810785403311,1.3148049894318683,3.2695948211308576
