rms,skewness,kurtosis,crest_factor
0.3245634579741276,-0.2903103497807637,1.4693746146718247,3.469526557163784
