rms,skewness,kurtosis,crest_factor
0.3706491864078693,0.1670317142668893,0.5389612956884369,3.213431008348944
