rms,skewness,kurtosis,crest_factor
0.387463379038882,0.2263244522301321,1.3269486434307618,3.330758919693715
