rms,skewness,kurtosis,crest_factor
0.3813617991116188,-0.3643546997356581,1.373542609009884,3.2360370154494422
