rms,skewness,kurtosis,crest_factor
0.3256286627767848,0.490088021120124,2.448092544442175,3.9632478749976623
