rms,skewness,kurtosis,crest_factor
0.3027563221126529,-0.6842383961891209,3.857842181250909,4.094996659667432
