rms,skewness,kurtosis,crest_factor
0.5891225917151424,-0.1320620983151879,1.090559185181189,2.7944608865317173
