rms,skewness,kurtosis,crest_factor
0.4936427238443054,-0.5501726078552787,3.202188162153932,3.7109068708292567
