rms,skewness,kurtosis,crest_factor
0.4413832392978464,0.1764567142941009,0.9522496511971452,3.1879196718381397
