rms,skewness,kurtosis,crest_factor
0.7147483958951586,0.4721673549939719,5.521614323866378,4.1929833783805694
