rms,skewness,kurtosis,crest_factor
0.573151611084986,0.2185592395120218,0.3389672289191545,2.9460148780814026
