rms,skewness,kurtosis,crest_factor
0.621433635327907,0.2516723580396144,0.1504226467116209,2.9562952710081096
