rms,skewness,kurtosis,crest_factor
0.3943927990549383,-0.3870547342420704,3.2677745350300094,3.619231147260313
