rms,skewness,kurtosis,crest_factor
0.3007622675070309,0.6608856802808198,5.016010651449581,4.559609801459796
