rms,skewness,kurtosis,crest_factor
0.6799085871119965,0.4860722930355508,2.009413752260099,3.6242238513716143
