rms,skewness,kurtosis,crest_factor
0.628518375576535,0.594388171877669,2.6840369426133286,4.399317670659388
