media,desvio_padrao,maximo,minimo,rms,variancia,skewness,kurtosis,pico_a_pico,crest_factor,shape_factor,impulse_factor,margin_factor,energia,zero_crossings,mean_abs,peak_to_rms,mediana,amplitude,coeficiente_variacao
0.0033641523564441,0.1094889881078897,0.2780889421157685,-0.3009922954091816,0.109540659291274,0.0119878385168896,-0.2061062970323144,0.2664437969911093,0.5790812375249501,2.747767791033904,1.2696557274945828,3.488719113711334,4.113908940635091,1.4518978805940057,60,0.0862758753567245,2.747767791033904,0.0108831536926147,0.5790812375249501,32.54578761813813
