media,desvio_padrao,maximo,minimo,rms,variancia,skewness,kurtosis,pico_a_pico,crest_factor,shape_factor,impulse_factor,margin_factor,energia,zero_crossings,mean_abs,peak_to_rms,mediana,amplitude,coeficiente_variacao
0.0001211606295605,0.0966526783894676,0.2218863872255489,-0.2707793612774451,0.0966527543309347,0.0093417402398578,-0.0281133025464697,-0.1714022210495973,0.492665748502994,2.8015690101319684,1.2741183540088354,3.569530495831506,4.354765539428938,1.139694100210235,51,0.075858537024312,2.8015690101319684,0.0062537524950099,0.492665748502994,797.7234745315113
