media,desvio_padrao,maximo,minimo,rms,variancia,skewness,kurtosis,pico_a_pico,crest_factor,shape_factor,impulse_factor,margin_factor,energia,zero_crossings,mean_abs,peak_to_rms,mediana,amplitude,coeficiente_variacao
0.0023009405981425,0.1013558923213816,0.2561601996007984,-0.2132773253493014,0.1013820064700816,0.0102730169082635,0.0365410111158608,-0.7219152686757964,0.4694375249500998,2.526683072468018,1.1958946911273058,3.0216468725257326,3.460570139012852,1.2436756595438616,64,0.0847750284554857,2.526683072468018,0.017542994011976,0.4694375249500998,44.04976486711629
