media,desvio_padrao,maximo,minimo,rms,variancia,skewness,kurtosis,pico_a_pico,crest_factor,shape_factor,impulse_factor,margin_factor,energia,zero_crossings,mean_abs,peak_to_rms,mediana,amplitude,coeficiente_variacao
0.0017787317926131,0.1590003780772307,0.3178855489021956,-0.3490730938123752,0.1590103270718363,0.0252811202287023,-0.0577118914136695,-0.9322432112229712,0.6669586427145708,2.1952856788645807,1.1754023479386366,2.580343941333492,2.93006847921514,3.0593983779745755,62,0.135281614292077,2.1952856788645807,-0.008771497005988,0.6669586427145708,89.3897431515769
