media,desvio_padrao,maximo,minimo,rms,variancia,skewness,kurtosis,pico_a_pico,crest_factor,shape_factor,impulse_factor,margin_factor,energia,zero_crossings,mean_abs,peak_to_rms,mediana,amplitude,coeficiente_variacao
0.0036366674914633,0.1024359112470683,0.2611956886227545,-0.2239980439121756,0.1025004451866465,0.0104931159130172,0.3479345263008619,-0.2734375651526592,0.4851937325349301,2.548239552980813,1.250698439127885,3.187079231437042,3.769819491442592,1.2712672928787483,62,0.0819545639299912,2.548239552980813,-0.0138069860279441,0.4851937325349301,28.1675219105196
