media,desvio_padrao,maximo,minimo,rms,variancia,skewness,kurtosis,pico_a_pico,crest_factor,shape_factor,impulse_factor,margin_factor,energia,zero_crossings,mean_abs,peak_to_rms,mediana,amplitude,coeficiente_variacao
-0.0037279533494993,0.1394617775724419,0.3828596007984032,-0.381560119760479,0.1395115946430306,0.0194495874036652,0.1111689173317415,0.6100824019721443,0.7644197205588823,2.744285174132149,1.3428083459321385,3.685049035442482,4.529153312080698,2.355081689820797,56,0.1038953883967602,2.744285174132149,-0.0149440319361277,0.7644197205588823,-37.409743228458346
