media,desvio_padrao,maximo,minimo,rms,variancia,skewness,kurtosis,pico_a_pico,crest_factor,shape_factor,impulse_factor,margin_factor,energia,zero_crossings,mean_abs,peak_to_rms,mediana,amplitude,coeficiente_variacao
0.0034661777271902,0.1302190285571775,0.3904940518962076,-0.4517320958083832,0.1302651518496465,0.016956995398375,-0.2786251206316711,1.2561409273693984,0.8422261477045909,3.467789269764006,1.3087881786540996,4.538601602330664,5.458777148563225,2.0532501841557886,53,0.0995311189191864,3.467789269764006,0.0108831536926147,0.8422261477045909,37.568479981762415
