media,desvio_padrao,maximo,minimo,rms,variancia,skewness,kurtosis,pico_a_pico,crest_factor,shape_factor,impulse_factor,margin_factor,energia,zero_crossings,mean_abs,peak_to_rms,mediana,amplitude,coeficiente_variacao
0.000687020712673,0.100846172645388,0.2551855888223553,-0.2842614770459082,0.1008485128035265,0.0101699505372234,-0.0416256391277843,0.2183268450010622,0.5394470658682635,2.8186977590805684,1.2718574333604764,3.5849816972831388,4.275772579166248,1.2407915492313322,58,0.0792923091521874,2.8186977590805684,-0.0052791417165668,0.5394470658682635,146.7876743526735
