media,desvio_padrao,maximo,minimo,rms,variancia,skewness,kurtosis,pico_a_pico,crest_factor,shape_factor,impulse_factor,margin_factor,energia,zero_crossings,mean_abs,peak_to_rms,mediana,amplitude,coeficiente_variacao
0.0058290245738032,0.1318668303062418,0.3112257085828343,-0.2771143313373254,0.1319956001634038,0.0173888609350151,0.0930381912552737,-0.5196514282598805,0.5883400399201597,2.357849111618514,1.2250124947128984,2.888394622380387,3.36391774805748,2.125586292424655,60,0.1077504113085305,2.357849111618514,-0.0047918363273453,0.5883400399201597,22.62245228796554
