media,desvio_padrao,maximo,minimo,rms,variancia,skewness,kurtosis,pico_a_pico,crest_factor,shape_factor,impulse_factor,margin_factor,energia,zero_crossings,mean_abs,peak_to_rms,mediana,amplitude,coeficiente_variacao
0.0025640586595404,0.0948471436478573,0.2589215968063872,-0.2152265469061876,0.0948817951715019,0.0089959806581572,0.0942643303764386,-0.0595811792892981,0.4741481437125748,2.7288859400096506,1.2486513221386122,3.40742703695852,4.027108214109254,1.0893091616509891,53,0.0759874221804325,2.7288859400096506,0.0008121756487025,0.4741481437125748,36.99101941172343
