media,desvio_padrao,maximo,minimo,rms,variancia,skewness,kurtosis,pico_a_pico,crest_factor,shape_factor,impulse_factor,margin_factor,energia,zero_crossings,mean_abs,peak_to_rms,mediana,amplitude,coeficiente_variacao
0.0033951604986747,0.1257411061709372,0.3066775249500998,-0.3398142914171657,0.1257869345198565,0.0158108257810909,-0.0158070900746945,-0.1621037285382085,0.6464918163672655,2.701507058060336,1.2320640911739034,3.328429838288993,3.866665503520393,1.9303270533001256,52,0.1020944733483852,2.701507058060336,0.0041420958083832,0.6464918163672655,37.035393826011216
