media,desvio_padrao,maximo,minimo,rms,variancia,skewness,kurtosis,pico_a_pico,crest_factor,shape_factor,impulse_factor,margin_factor,energia,zero_crossings,mean_abs,peak_to_rms,mediana,amplitude,coeficiente_variacao
0.0070397505814816,0.1015677520436759,0.3079770059880239,-0.205642874251497,0.1018114254072454,0.0103160082552056,0.2178944538282694,-0.4981121198700506,0.513619880239521,3.024974896050387,1.189171935966683,3.5972152533868544,4.069879396750034,1.2542335275580672,37,0.0856153953250523,3.024974896050387,0.0045481836327345,0.513619880239521,14.42774866354694
