media,desvio_padrao,maximo,minimo,rms,variancia,skewness,kurtosis,pico_a_pico,crest_factor,shape_factor,impulse_factor,margin_factor,energia,zero_crossings,mean_abs,peak_to_rms,mediana,amplitude,coeficiente_variacao
-0.0028705749157422,0.103046882888559,0.308301876247505,-0.3071648303393213,0.1030868579082479,0.0106186600730484,0.0005366223131574,0.6252584651462256,0.6154667065868263,2.9907000999284308,1.294608389413788,3.871785439588001,4.706253807514088,1.2964818333542258,60,0.0796278308955858,2.9907000999284308,-0.0082841916167664,0.6154667065868263,-35.89764626014392
