media,desvio_padrao,maximo,minimo,rms,variancia,skewness,kurtosis,pico_a_pico,crest_factor,shape_factor,impulse_factor,margin_factor,energia,zero_crossings,mean_abs,peak_to_rms,mediana,amplitude,coeficiente_variacao
-0.0040447689744477,0.1014835312271403,0.2452770459081836,-0.2303330139720558,0.1015641042218491,0.0102989071103299,0.1797611288553753,-0.5448558881897321,0.4756100598802395,2.4149973830559133,1.216751583052695,2.938451888901398,3.432361179479074,1.2481473392327822,51,0.0834715201002952,2.4149973830559133,-0.0071471457085828,0.4756100598802395,-25.090068646255677
