media,desvio_padrao,maximo,minimo,rms,variancia,skewness,kurtosis,pico_a_pico,crest_factor,shape_factor,impulse_factor,margin_factor,energia,zero_crossings,mean_abs,peak_to_rms,mediana,amplitude,coeficiente_variacao
0.003974962141832,0.1089840214959237,0.3417635129740519,-0.3557329341317365,0.1090564865812803,0.0118775169414239,-0.1057724251573196,1.3610185170367632,0.6974964471057884,3.261914492968808,1.294519446535509,4.222611744084136,5.01378382498512,1.4390913891198092,60,0.0842447650154237,3.261914492968808,0.0009746107784431,0.6974964471057884,27.417625025654576
