media,desvio_padrao,maximo,minimo,rms,variancia,skewness,kurtosis,pico_a_pico,crest_factor,shape_factor,impulse_factor,margin_factor,energia,zero_crossings,mean_abs,peak_to_rms,mediana,amplitude,coeficiente_variacao
0.004989846092938,0.1193696285928329,0.3453370858283433,-0.3081394411177645,0.1194738749452033,0.0142491082303908,-0.0793138375801191,-0.025458384888632,0.6534765269461078,2.8904820069386044,1.2674653336537811,3.663585741344689,4.404144037394277,1.7271548221250737,48,0.0942620454957852,2.8904820069386044,0.0125075049900199,0.6534765269461078,23.922507101325564
