media,desvio_padrao,maximo,minimo,rms,variancia,skewness,kurtosis,pico_a_pico,crest_factor,shape_factor,impulse_factor,margin_factor,energia,zero_crossings,mean_abs,peak_to_rms,mediana,amplitude,coeficiente_variacao
0.0030970069777799,0.0976221933889152,0.2374801596806387,-0.261358123752495,0.0976713064020502,0.0095300926420627,0.1421334850786129,-0.3293287262338653,0.4988382834331337,2.6758946243295942,1.2191732482215938,3.2623791410426133,3.806870862407717,1.1543017754082654,56,0.0801127375002061,2.6758946243295942,-0.0076344510978043,0.4988382834331337,31.5214638162984
