media,desvio_padrao,maximo,minimo,rms,variancia,skewness,kurtosis,pico_a_pico,crest_factor,shape_factor,impulse_factor,margin_factor,energia,zero_crossings,mean_abs,peak_to_rms,mediana,amplitude,coeficiente_variacao
0.0051831573217201,0.0962252486237441,0.210678363273453,-0.1791659481037924,0.0963647424762972,0.0092592984727013,0.1803977005221348,-0.8558796231598653,0.3898443113772455,2.1862598068507637,1.184367433889921,2.589334917256513,2.938557733506427,1.1236257946952928,58,0.0813638907309348,2.1862598068507637,-0.0016243512974051,0.3898443113772455,18.56498706309937
