media,desvio_padrao,maximo,minimo,rms,variancia,skewness,kurtosis,pico_a_pico,crest_factor,shape_factor,impulse_factor,margin_factor,energia,zero_crossings,mean_abs,peak_to_rms,mediana,amplitude,coeficiente_variacao
0.0054556724567394,0.1378059161082583,0.3937427544910179,-0.3789611576846307,0.1379138676000044,0.0189904705144363,-0.2247004801363434,0.7066745431810766,0.7727039121756487,2.854990301867259,1.316728603001777,3.7592473917612974,4.516632774013866,2.3014484200433785,56,0.1047397825835931,2.854990301867259,0.0084466267465069,0.7727039121756487,25.259198971526608
