media,desvio_padrao,maximo,minimo,rms,variancia,skewness,kurtosis,pico_a_pico,crest_factor,shape_factor,impulse_factor,margin_factor,energia,zero_crossings,mean_abs,peak_to_rms,mediana,amplitude,coeficiente_variacao
0.0081244413652034,0.1083564566703802,0.2644443912175648,-0.3162611976047904,0.1086606103869134,0.0117411217021599,-0.0318627045834991,-0.1800589949815152,0.5807055888223553,2.910541331202381,1.231629255032873,3.5847078514911748,4.193391379295699,1.42866251820845,34,0.0882250969136108,2.910541331202381,0.0040608782435129,0.5807055888223553,13.337096275254655
