media,desvio_padrao,maximo,minimo,rms,variancia,skewness,kurtosis,pico_a_pico,crest_factor,shape_factor,impulse_factor,margin_factor,energia,zero_crossings,mean_abs,peak_to_rms,mediana,amplitude,coeficiente_variacao
0.0005087844146417,0.095960130882649,0.2217239520958083,-0.2347187624750498,0.0959614796707288,0.0092083467190151,0.0414341188956106,-0.4416402487071185,0.4564427145708583,2.445968562390208,1.233378715136372,3.0168055627447936,3.548927233958873,1.1142412752520812,61,0.077803742267531,2.445968562390208,-0.0045481836327345,0.4564427145708583,188.6066634926504
