media,desvio_padrao,maximo,minimo,rms,variancia,skewness,kurtosis,pico_a_pico,crest_factor,shape_factor,impulse_factor,margin_factor,energia,zero_crossings,mean_abs,peak_to_rms,mediana,amplitude,coeficiente_variacao
0.0050905290245954,0.1236562343080516,0.295794371257485,-0.2592464670658682,0.1237609702975781,0.0152908642832477,0.194648853366643,-0.3673249491536232,0.5550408383233533,2.390045670668707,1.2452202353308204,2.976133232481496,3.496919894933437,1.85333011004876,57,0.0993888203757773,2.390045670668707,-0.0022740918163672,0.5550408383233533,24.29143095159525
