media,desvio_padrao,maximo,minimo,rms,variancia,skewness,kurtosis,pico_a_pico,crest_factor,shape_factor,impulse_factor,margin_factor,energia,zero_crossings,mean_abs,peak_to_rms,mediana,amplitude,coeficiente_variacao
0.0017196644727074,0.1433947601441992,0.4119354890219561,-0.4359758882235529,0.1434050713284265,0.0205620572368124,-0.1907627888814975,0.6339196388037602,0.8479113772455089,3.04017064518646,1.2671166213259193,3.852250756182907,4.538811381177466,2.4883667524080444,61,0.1131743273783012,3.04017064518646,-0.0019492215568862,0.8479113772455089,83.3853129026007
