media,desvio_padrao,maximo,minimo,rms,variancia,skewness,kurtosis,pico_a_pico,crest_factor,shape_factor,impulse_factor,margin_factor,energia,zero_crossings,mean_abs,peak_to_rms,mediana,amplitude,coeficiente_variacao
0.0024019096233761,0.1205381833496352,0.3394894211576846,-0.3419259481037924,0.1205621118555458,0.0145294536452302,-0.1059893136296108,0.1484211982472185,0.681415369261477,2.8360978655838287,1.2728131324767995,3.609822608304519,4.335210766225197,1.773297183438437,57,0.0947209836065573,2.8360978655838287,0.0016243512974051,0.681415369261477,50.18431258883217
