media,desvio_padrao,maximo,minimo,rms,variancia,skewness,kurtosis,pico_a_pico,crest_factor,shape_factor,impulse_factor,margin_factor,energia,zero_crossings,mean_abs,peak_to_rms,mediana,amplitude,coeficiente_variacao
0.0058906227214991,0.1097291206231157,0.2894594011976048,-0.3109008383233533,0.1098871209413065,0.0120404799127222,0.0080476066793399,-0.1044283458560833,0.6003602395209582,2.829274583410128,1.2465935367452678,3.526955409356725,4.183065305614937,1.4610967012010885,57,0.0881499203246399,2.829274583410128,0.0012994810379241,0.6003602395209582,18.627762430385268
