media,desvio_padrao,maximo,minimo,rms,variancia,skewness,kurtosis,pico_a_pico,crest_factor,shape_factor,impulse_factor,margin_factor,energia,zero_crossings,mean_abs,peak_to_rms,mediana,amplitude,coeficiente_variacao
0.0088726861032034,0.1218368444725939,0.2961192415169661,-0.2823122554890219,0.1221594909522998,0.014844216671039,-0.0851565861989918,-0.5965589843151773,0.5784314970059881,2.424037945873507,1.1966898902479366,2.9008217034042008,3.336515682114744,1.8205988300264528,53,0.1020811589934884,2.424037945873507,0.0093400199600798,0.5784314970059881,13.73167528473767
