media,desvio_padrao,maximo,minimo,rms,variancia,skewness,kurtosis,pico_a_pico,crest_factor,shape_factor,impulse_factor,margin_factor,energia,zero_crossings,mean_abs,peak_to_rms,mediana,amplitude,coeficiente_variacao
0.0061188373665891,0.1109063871605731,0.2834493013972056,-0.2802005988023952,0.1110750506807433,0.0123002267130109,-0.088056709227342,-0.4971541538891677,0.5636499001996007,2.551871906967728,1.2216693540598258,3.1175437042286798,3.641004060171096,1.492857692931295,64,0.0909207146038501,2.551871906967728,0.0061725349301397,0.5636499001996007,18.12540201937029
