media,desvio_padrao,maximo,minimo,rms,variancia,skewness,kurtosis,pico_a_pico,crest_factor,shape_factor,impulse_factor,margin_factor,energia,zero_crossings,mean_abs,peak_to_rms,mediana,amplitude,coeficiente_variacao
0.0027936157437191,0.2166099218084465,0.5080970858283433,-0.6255376846307384,0.2166279356749375,0.0469198582258613,-0.2537376893178155,0.7101840269432937,1.1336347704590817,2.887613191169366,1.3186643489047654,3.807792568622164,4.590402685432048,5.678247164288969,62,0.1642782986093927,2.887613191169366,0.0034111377245508,1.1336347704590817,77.53747890898956
