media,desvio_padrao,maximo,minimo,rms,variancia,skewness,kurtosis,pico_a_pico,crest_factor,shape_factor,impulse_factor,margin_factor,energia,zero_crossings,mean_abs,peak_to_rms,mediana,amplitude,coeficiente_variacao
-6.443707626070557e-05,0.1496917574965744,0.4130725349301397,-0.3833469061876247,0.1496917713655298,0.0224076222624132,-0.0682668211644923,0.5243597049402271,0.7964194411177645,2.759487252786025,1.327878984033535,3.6642651296829976,4.509523094668352,2.711322796160557,63,0.1127299800399201,2.759487252786025,-0.0105582834331337,0.7964194411177645,-2323.068739042993
