media,desvio_padrao,maximo,minimo,rms,variancia,skewness,kurtosis,pico_a_pico,crest_factor,shape_factor,impulse_factor,margin_factor,energia,zero_crossings,mean_abs,peak_to_rms,mediana,amplitude,coeficiente_variacao
0.0045334168027581,0.1378759817681365,0.437600239520958,-0.3576821556886227,0.1379504919035632,0.0190097863485275,-0.03921289257506,0.4379747167831498,0.7952823952095809,3.172154252460879,1.2830219991043872,4.06994369045984,4.915687271594575,2.3026709241886416,60,0.1075199739364246,3.172154252460879,0.0051979241516966,0.7952823952095809,30.413259527395155
