media,desvio_padrao,maximo,minimo,rms,variancia,skewness,kurtosis,pico_a_pico,crest_factor,shape_factor,impulse_factor,margin_factor,energia,zero_crossings,mean_abs,peak_to_rms,mediana,amplitude,coeficiente_variacao
0.0045656353408884,0.1402533716217202,0.4479960878243513,-0.471386746506986,0.1403276639773011,0.0196710082512603,-0.0649991364351239,1.6382983256646655,0.9193828343313372,3.359186158641078,1.343131134089318,4.5118275148727305,5.490166085941743,2.382714246556485,56,0.104478006961284,3.359186158641078,-0.0027613972055888,0.9193828343313372,30.71935473375477
