media,desvio_padrao,maximo,minimo,rms,variancia,skewness,kurtosis,pico_a_pico,crest_factor,shape_factor,impulse_factor,margin_factor,energia,zero_crossings,mean_abs,peak_to_rms,mediana,amplitude,coeficiente_variacao
0.005023506102549,0.1177428236075448,0.2802005988023952,-0.2347187624750498,0.117849939009911,0.0138633725110774,0.0704541462940191,-0.5560748088219603,0.5149193612774451,2.377604953862815,1.223727623900707,2.909540860765093,3.4031493894168348,1.6944101912060507,63,0.0963040604037826,2.377604953862815,-0.0002436526946107,0.5149193612774451,23.438375748722667
