media,desvio_padrao,maximo,minimo,rms,variancia,skewness,kurtosis,pico_a_pico,crest_factor,shape_factor,impulse_factor,margin_factor,energia,zero_crossings,mean_abs,peak_to_rms,mediana,amplitude,coeficiente_variacao
0.0011195942000296,0.1109232602410039,0.2715915369261477,-0.3143119760479042,0.1109289103600419,0.0123039696624934,-0.0685799220865666,0.0845877707553044,0.585903512974052,2.8334541016200547,1.3024045680240992,3.690303565236579,4.609623059676086,1.488932001593613,58,0.08517239042576,2.8334541016200547,0.0017867864271457,0.585903512974052,99.07452203491412
