media,desvio_padrao,maximo,minimo,rms,variancia,skewness,kurtosis,pico_a_pico,crest_factor,shape_factor,impulse_factor,margin_factor,energia,zero_crossings,mean_abs,peak_to_rms,mediana,amplitude,coeficiente_variacao
0.0001624351297405,0.0900990383322807,0.2217239520958083,-0.2611956886227545,0.0900991847553193,0.0081178367084018,0.1071865394939459,-0.246796628204053,0.4829196407185628,2.8989794894601832,1.2263787881162025,3.5552469530579063,4.122208291236436,0.982261434322354,57,0.0734676640108213,2.8989794894601832,-0.0125075049900199,0.4829196407185628,554.6770484698046
