media,desvio_padrao,maximo,minimo,rms,variancia,skewness,kurtosis,pico_a_pico,crest_factor,shape_factor,impulse_factor,margin_factor,energia,zero_crossings,mean_abs,peak_to_rms,mediana,amplitude,coeficiente_variacao
0.0038545057426131,0.1911557972053087,0.5586144111776447,-0.539284630738523,0.1911946547885608,0.0365405388051971,-0.0630755153769728,0.998654545945972,1.0978990419161676,2.921705168982927,1.3462242020413613,3.933270209714162,4.876832694288479,4.45975831440547,56,0.1420228922482903,2.921705168982927,0.0002436526946107,1.0978990419161676,49.59281681487803
