media,desvio_padrao,maximo,minimo,rms,variancia,skewness,kurtosis,pico_a_pico,crest_factor,shape_factor,impulse_factor,margin_factor,energia,zero_crossings,mean_abs,peak_to_rms,mediana,amplitude,coeficiente_variacao
0.0048717114531268,0.1499637091790405,0.3632049500998003,-0.3354285429141716,0.1500428193657343,0.0224891140707358,-0.0121250297572658,-0.5067490331502311,0.6986334930139719,2.420675322119057,1.231571517615874,2.981234780117462,3.5458930030758853,2.724054564829423,56,0.1218303746226555,2.420675322119057,0.0099085429141716,0.6986334930139719,30.782551598533093
