media,desvio_padrao,maximo,minimo,rms,variancia,skewness,kurtosis,pico_a_pico,crest_factor,shape_factor,impulse_factor,margin_factor,energia,zero_crossings,mean_abs,peak_to_rms,mediana,amplitude,coeficiente_variacao
0.0022554517195117,0.140506587628337,0.4124227944111777,-0.3752251497005988,0.1405246890386832,0.0197421011669595,0.0055119356151702,0.3552709097161384,0.7876479441117765,2.934877829885446,1.2932380768215943,3.795495760427389,4.599332748315474,2.409156963989071,59,0.1086611131834691,2.934877829885446,0.0055227944111776,0.7876479441117765,62.29642887623001
