media,desvio_padrao,maximo,minimo,rms,variancia,skewness,kurtosis,pico_a_pico,crest_factor,shape_factor,impulse_factor,margin_factor,energia,zero_crossings,mean_abs,peak_to_rms,mediana,amplitude,coeficiente_variacao
0.0034259045545273,0.0922596060873113,0.3066775249500998,-0.2418659081836327,0.092323191763514,0.0085118349153858,0.2993597774545833,1.1836512065326694,0.5485434331337325,3.321782090632812,1.3657304616092838,4.536658988005402,5.779389334414955,1.031352180225714,48,0.0675998627538311,3.321782090632812,-0.000324870259481,0.5485434331337325,26.929998959075206
