media,desvio_padrao,maximo,minimo,rms,variancia,skewness,kurtosis,pico_a_pico,crest_factor,shape_factor,impulse_factor,margin_factor,energia,zero_crossings,mean_abs,peak_to_rms,mediana,amplitude,coeficiente_variacao
0.0040810148298444,0.1534748026565847,0.4424732934131736,-0.497051497005988,0.1535290517541193,0.0235545150504776,-0.1554013684887662,1.4153183513434442,0.9395247904191616,3.23750776369041,1.3623728219464193,4.410692588092345,5.525967674470939,2.8521115376348045,64,0.1126923917454347,3.23750776369041,0.0030862674650698,0.9395247904191616,37.60701910079435
