media,desvio_padrao,maximo,minimo,rms,variancia,skewness,kurtosis,pico_a_pico,crest_factor,shape_factor,impulse_factor,margin_factor,energia,zero_crossings,mean_abs,peak_to_rms,mediana,amplitude,coeficiente_variacao
0.0033386460137576,0.0864216507753747,0.2366679840319361,-0.1746177644710579,0.086486116110888,0.0074687017227408,0.2643750004606539,-0.3526617923907231,0.411285748502994,2.7364852842795333,1.247934353886533,3.414953995157385,4.051291971534824,0.9050616418734668,54,0.0693034179574734,2.7364852842795333,0.005035489021956,0.411285748502994,25.88523923148956
