media,desvio_padrao,maximo,minimo,rms,variancia,skewness,kurtosis,pico_a_pico,crest_factor,shape_factor,impulse_factor,margin_factor,energia,zero_crossings,mean_abs,peak_to_rms,mediana,amplitude,coeficiente_variacao
0.0034470864827721,0.154513573290982,0.5209294610778443,-0.4777217165668662,0.1545520195156549,0.0238744443311476,0.2761015399127386,2.100236980180216,0.9986511776447106,3.3705768627958843,1.4228012480663477,4.795660967089539,6.198754934982274,2.9141318618368195,61,0.1086251644252478,3.3705768627958843,-0.0043045309381237,0.9986511776447106,44.82439708525142
