media,desvio_padrao,maximo,minimo,rms,variancia,skewness,kurtosis,pico_a_pico,crest_factor,shape_factor,impulse_factor,margin_factor,energia,zero_crossings,mean_abs,peak_to_rms,mediana,amplitude,coeficiente_variacao
0.0069887048853113,0.105015127355827,0.2574596806387225,-0.2412161676646706,0.1052474178758536,0.0110281769735605,0.0017623569985736,-0.4324375206542115,0.4986758483033932,2.446232751690056,1.219821290349135,2.983966791660879,3.450388507956476,1.3513963142832146,57,0.0862810140374987,2.446232751690056,0.0160810778443113,0.4986758483033932,15.026407478808382
