media,desvio_padrao,maximo,minimo,rms,variancia,skewness,kurtosis,pico_a_pico,crest_factor,shape_factor,impulse_factor,margin_factor,energia,zero_crossings,mean_abs,peak_to_rms,mediana,amplitude,coeficiente_variacao
0.00160824202834,0.0941449454121936,0.2257848303393213,-0.2071047904191617,0.0941586809013733,0.0088632707466649,0.1548426762057342,-0.425250211957211,0.432889620758483,2.397918366930184,1.2455604914620249,2.986752379599375,3.557307889204507,1.0727687198794842,53,0.0755954299665132,2.397918366930184,-0.004710618762475,0.432889620758483,58.53904061279106
