media,desvio_padrao,maximo,minimo,rms,variancia,skewness,kurtosis,pico_a_pico,crest_factor,shape_factor,impulse_factor,margin_factor,energia,zero_crossings,mean_abs,peak_to_rms,mediana,amplitude,coeficiente_variacao
0.0073981818181818,0.0987198887346872,0.2615205588822355,-0.1926480638722554,0.0989967147232871,0.009745616431789,0.1471597988685456,-0.3237806534982965,0.454168622754491,2.6417094709984106,1.27790242948276,3.375846950976485,4.112757383256056,1.1858422926464722,51,0.0774681324953398,2.6417094709984106,0.0034111377245508,0.454168622754491,13.343804080628653
