media,desvio_padrao,maximo,minimo,rms,variancia,skewness,kurtosis,pico_a_pico,crest_factor,shape_factor,impulse_factor,margin_factor,energia,zero_crossings,mean_abs,peak_to_rms,mediana,amplitude,coeficiente_variacao
0.0063216557049834,0.0870509442276813,0.2298457085828343,-0.2061301796407185,0.087280182296918,0.0075778668909308,0.1841459871147737,-0.2055837220574328,0.4359758882235529,2.6334237914504266,1.2394767123756183,3.2640674633187112,3.802825506773682,0.929375287057556,63,0.0704169601780046,2.6334237914504266,0.0036547904191616,0.4359758882235529,13.770276062180605
