media,desvio_padrao,maximo,minimo,rms,variancia,skewness,kurtosis,pico_a_pico,crest_factor,shape_factor,impulse_factor,margin_factor,energia,zero_crossings,mean_abs,peak_to_rms,mediana,amplitude,coeficiente_variacao
0.0009186904878767,0.1403300249139176,0.355895369261477,-0.3201596407185628,0.1403330320507373,0.0196925158923407,0.1006328321895107,-0.3907759124529435,0.6760550099800399,2.5360769596484123,1.210323346332588,3.069473152358642,3.493257995868849,2.4025899059154985,56,0.1159467281829783,2.5360769596484123,0.0067410578842315,0.6760550099800399,152.75005757189365
