media,desvio_padrao,maximo,minimo,rms,variancia,skewness,kurtosis,pico_a_pico,crest_factor,shape_factor,impulse_factor,margin_factor,energia,zero_crossings,mean_abs,peak_to_rms,mediana,amplitude,coeficiente_variacao
0.0070182715560614,0.1085883858474642,0.4054380838323353,-0.2186376846307385,0.1088149515305336,0.0117914375409577,0.4006631380115701,0.8469563934989282,0.6240757684630739,3.725940949563063,1.2752130974649292,4.751368699263733,5.624105436635951,1.4327239348676797,61,0.0853307982382342,3.725940949563063,0.0092588023952095,0.6240757684630739,15.472240562376117
