media,desvio_padrao,maximo,minimo,rms,variancia,skewness,kurtosis,pico_a_pico,crest_factor,shape_factor,impulse_factor,margin_factor,energia,zero_crossings,mean_abs,peak_to_rms,mediana,amplitude,coeficiente_variacao
0.0040286597053826,0.098143019659099,0.2691550099800399,-0.2538861077844311,0.098225670813836,0.0096320523078063,0.0987683343273693,-0.1131063659169737,0.5230411177644712,2.7401697310895523,1.2420355291094092,3.403388161803399,3.970672566841087,1.1674421712261975,40,0.0790844291582124,2.7401697310895523,0.0024365269461077,0.5230411177644712,24.36120864911272
