media,desvio_padrao,maximo,minimo,rms,variancia,skewness,kurtosis,pico_a_pico,crest_factor,shape_factor,impulse_factor,margin_factor,energia,zero_crossings,mean_abs,peak_to_rms,mediana,amplitude,coeficiente_variacao
0.0030943220996024,0.114998881830296,0.3178855489021956,-0.2925456686626746,0.1150405043950803,0.0132247428222184,0.270164952108047,0.1779539783129671,0.6104312175648703,2.763248914577864,1.2759278034459898,3.5257061179518487,4.163021933487258,1.6013524358284137,53,0.0901622365186981,2.763248914577864,-0.0077968862275449,0.6104312175648703,37.1644832466119
