media,desvio_padrao,maximo,minimo,rms,variancia,skewness,kurtosis,pico_a_pico,crest_factor,shape_factor,impulse_factor,margin_factor,energia,zero_crossings,mean_abs,peak_to_rms,mediana,amplitude,coeficiente_variacao
0.0022190518137279,0.1042137941623903,0.304240998003992,-0.2990430738522954,0.1042374169128968,0.010860514893721,-0.0079085958850938,0.7549219677081949,0.6032840718562875,2.9187311717271625,1.3236244550097318,3.863303956497281,4.691462587097081,1.3147181292454406,54,0.0787515042641988,2.9187311717271625,-0.0066598403193612,0.6032840718562875,46.96320902363937
