media,desvio_padrao,maximo,minimo,rms,variancia,skewness,kurtosis,pico_a_pico,crest_factor,shape_factor,impulse_factor,margin_factor,energia,zero_crossings,mean_abs,peak_to_rms,mediana,amplitude,coeficiente_variacao
-0.001060526880124,0.1013286984189347,0.2568099401197605,-0.2483633133732534,0.101334248112565,0.0102675051232754,0.1211719466399689,0.1580789523671528,0.505173253493014,2.534285741524311,1.2794097277121783,3.242389830508474,3.889279486224617,1.242504210705207,56,0.0792039062371125,2.534285741524311,-0.0037360079840319,0.505173253493014,-95.54562012335074
