media,desvio_padrao,maximo,minimo,rms,variancia,skewness,kurtosis,pico_a_pico,crest_factor,shape_factor,impulse_factor,margin_factor,energia,zero_crossings,mean_abs,peak_to_rms,mediana,amplitude,coeficiente_variacao
0.0039507982382342,0.1080343122180582,0.2277340518962076,-0.3399767265469062,0.1081065281245684,0.0116714126164288,-0.2378866384523242,0.4568108948187053,0.5677107784431138,3.144830681780469,1.2832432745794489,4.03558282208589,4.800449809739483,1.414129592200922,54,0.0842447650154236,3.144830681780469,0.0004873053892215,0.5677107784431138,27.344932771444626
