media,desvio_padrao,maximo,minimo,rms,variancia,skewness,kurtosis,pico_a_pico,crest_factor,shape_factor,impulse_factor,margin_factor,energia,zero_crossings,mean_abs,peak_to_rms,mediana,amplitude,coeficiente_variacao
-0.0034460411408587,0.141258103468285,0.4400367664670658,-0.3156114570858283,0.1413001309093562,0.0199538517954567,0.2750601847810659,0.4554027890037653,0.7556482235528942,3.114199283717214,1.2825650967410809,3.994163305591773,4.783488778527836,2.415852966395148,56,0.110169948697646,3.114199283717214,-0.0095836726546906,0.7556482235528942,-40.991415277497936
