media,desvio_padrao,maximo,minimo,rms,variancia,skewness,kurtosis,pico_a_pico,crest_factor,shape_factor,impulse_factor,margin_factor,energia,zero_crossings,mean_abs,peak_to_rms,mediana,amplitude,coeficiente_variacao
0.0017008703254647,0.103350780324496,0.2813376447105788,-0.2784138123752495,0.1033647752067709,0.0106813837936822,-0.0085122924932389,0.1769362240914089,0.5597514570858283,2.7217941909880903,1.274818117300255,3.4697925462342085,4.144183069050959,1.2927974871791,61,0.0810819785222942,2.7217941909880903,0.0019492215568862,0.5597514570858283,60.76346842976098
