media,desvio_padrao,maximo,minimo,rms,variancia,skewness,kurtosis,pico_a_pico,crest_factor,shape_factor,impulse_factor,margin_factor,energia,zero_crossings,mean_abs,peak_to_rms,mediana,amplitude,coeficiente_variacao
0.0062799300572408,0.0795761560666356,0.2163635928143712,-0.1541509381237525,0.0798235687993552,0.0063323646143415,0.1227426498854693,-0.5101787400254767,0.3705145309381237,2.71052266979222,1.2224834405097875,3.3135690789473675,3.8595079808386736,0.770988058439713,47,0.0652962372775111,2.71052266979222,0.0008121756487025,0.3705145309381237,12.671503558368888
