media,desvio_padrao,maximo,minimo,rms,variancia,skewness,kurtosis,pico_a_pico,crest_factor,shape_factor,impulse_factor,margin_factor,energia,zero_crossings,mean_abs,peak_to_rms,mediana,amplitude,coeficiente_variacao
-0.0035977367578891,0.12140147561917,0.3377026347305389,-0.5009499401197605,0.1214547734438256,0.0147383182825119,-0.2546486651093895,2.11703804352055,0.8386525748502993,4.124580087841967,1.3217029435386158,5.451469642961492,6.4942913329800325,1.7849027010672116,61,0.0918926405041157,4.124580087841967,-0.0107207185628742,0.8386525748502993,-33.743846142427934
