media,desvio_padrao,maximo,minimo,rms,variancia,skewness,kurtosis,pico_a_pico,crest_factor,shape_factor,impulse_factor,margin_factor,energia,zero_crossings,mean_abs,peak_to_rms,mediana,amplitude,coeficiente_variacao
0.002349268405338,0.0949889742868788,0.1905364071856287,-0.2431653892215568,0.0950180209124229,0.0090229052360733,-0.3794187130317721,-0.3013484806537696,0.4337017964071856,2.5591502210478545,1.2224548485371705,3.128445595854921,3.6215374753507934,1.0924393400717511,51,0.0777272232394714,2.5591502210478545,0.009096367265469,0.4337017964071856,40.433427730540174
