media,desvio_padrao,maximo,minimo,rms,variancia,skewness,kurtosis,pico_a_pico,crest_factor,shape_factor,impulse_factor,margin_factor,energia,zero_crossings,mean_abs,peak_to_rms,mediana,amplitude,coeficiente_variacao
0.0019344547269098,0.1477230081183726,0.4851937325349301,-0.4340266666666666,0.1477356735613686,0.0218220871275407,0.0838732990535469,1.807914728555951,0.9192203992015968,3.2842015800156976,1.3992217212868303,4.595326187842494,5.767876625867808,2.640925338358383,58,0.1055841767704261,3.2842015800156976,-0.000649740518962,0.9192203992015968,76.36415888334184
