media,desvio_padrao,maximo,minimo,rms,variancia,skewness,kurtosis,pico_a_pico,crest_factor,shape_factor,impulse_factor,margin_factor,energia,zero_crossings,mean_abs,peak_to_rms,mediana,amplitude,coeficiente_variacao
0.0038071572557364,0.0962294474341987,0.2114905389221557,-0.2251350898203593,0.0963047298935058,0.0092601065534912,-0.2432136106177001,-0.5939798330219919,0.436625628742515,2.33773657918271,1.1981998540595582,2.801075628006414,3.19628017686016,1.122226720983196,60,0.0803745131225153,2.33773657918271,0.0152689021956087,0.436625628742515,25.275931875208023
