media,desvio_padrao,maximo,minimo,rms,variancia,skewness,kurtosis,pico_a_pico,crest_factor,shape_factor,impulse_factor,margin_factor,energia,zero_crossings,mean_abs,peak_to_rms,mediana,amplitude,coeficiente_variacao
-0.0022969132808762,0.1126194169814816,0.339002115768463,-0.2953070658682635,0.112642837730007,0.0126831330812488,-0.0403182065677088,0.3387015901356771,0.6343091816367266,3.0095310327764926,1.278147215979644,3.846623710947616,4.641463391426536,1.5352974759161135,45,0.0881297837383084,3.0095310327764926,-0.0032487025948103,0.6343091816367266,-49.03076573205143
