media,desvio_padrao,maximo,minimo,rms,variancia,skewness,kurtosis,pico_a_pico,crest_factor,shape_factor,impulse_factor,margin_factor,energia,zero_crossings,mean_abs,peak_to_rms,mediana,amplitude,coeficiente_variacao
0.0037937328648488,0.0868555461777455,0.2347187624750498,-0.2665560479041916,0.0869383592603651,0.0075438859018344,-0.1925691445768065,1.0186669764273484,0.5012748103792415,3.0660349490367422,1.29398762607474,3.967411285166241,4.6715886196133685,0.9145516756170023,53,0.0671863915144916,3.0660349490367422,0.0058476646706586,0.5012748103792415,22.894481312196152
