media,desvio_padrao,maximo,minimo,rms,variancia,skewness,kurtosis,pico_a_pico,crest_factor,shape_factor,impulse_factor,margin_factor,energia,zero_crossings,mean_abs,peak_to_rms,mediana,amplitude,coeficiente_variacao
-7.651902805958346e-05,0.1006594070493497,0.2530739321357285,-0.2319573652694611,0.1006594361333717,0.0101323162275266,0.136494060039418,-0.3959364124649371,0.4850312974051896,2.5141600415922327,1.2296042682885877,3.091421918302422,3.607414418960854,1.2260109720052892,54,0.0818632780719552,2.5141600415922327,-0.0077968862275449,0.4850312974051896,-1315.4820389376716
