media,desvio_padrao,maximo,minimo,rms,variancia,skewness,kurtosis,pico_a_pico,crest_factor,shape_factor,impulse_factor,margin_factor,energia,zero_crossings,mean_abs,peak_to_rms,mediana,amplitude,coeficiente_variacao
-2.147902542023489e-05,0.1596672557046487,0.4587168063872255,-0.3705145309381237,0.1596672571493674,0.0254936325442536,0.1792536315647618,0.1919702129864546,0.8292313373253493,2.8729547596480587,1.287126121709639,3.6978551176330536,4.485507775963333,3.084729593677868,56,0.1240494264363834,2.8729547596480587,-0.0076344510978043,0.8292313373253493,-7433.635957906635
