media,desvio_padrao,maximo,minimo,rms,variancia,skewness,kurtosis,pico_a_pico,crest_factor,shape_factor,impulse_factor,margin_factor,energia,zero_crossings,mean_abs,peak_to_rms,mediana,amplitude,coeficiente_variacao
0.0008534501488825,0.1124473702211847,0.2592464670658682,-0.3438751696606786,0.112450608921503,0.0126444110696601,-0.0486526784478883,0.2096689109875718,0.6031216367265468,3.0580107387477398,1.2489932564891415,3.8194347909673048,4.507827938859728,1.5427070125116522,60,0.0900329992474067,3.0580107387477398,-0.0030862674650698,0.6031216367265468,131.75622544376355
