media,desvio_padrao,maximo,minimo,rms,variancia,skewness,kurtosis,pico_a_pico,crest_factor,shape_factor,impulse_factor,margin_factor,energia,zero_crossings,mean_abs,peak_to_rms,mediana,amplitude,coeficiente_variacao
0.0066598403193612,0.0900871881682069,0.235693373253493,-0.2369928542914171,0.0903330224510024,0.0081157014720539,-0.0253745799851574,0.0127556239058068,0.4726862275449102,2.6235461613161943,1.2601400891279628,3.306035693552314,3.9415921480684495,0.9873666483611316,54,0.0716849049009419,2.6235461613161943,0.0040608782435129,0.4726862275449102,13.526929152686783
