media,desvio_padrao,maximo,minimo,rms,variancia,skewness,kurtosis,pico_a_pico,crest_factor,shape_factor,impulse_factor,margin_factor,energia,zero_crossings,mean_abs,peak_to_rms,mediana,amplitude,coeficiente_variacao
0.0051925543953415,0.0951104085550985,0.2535612375249501,-0.2533988023952095,0.0952520468896408,0.0090459898155177,0.1285564071904705,-0.0874432438921597,0.5069600399201597,2.662003030955612,1.2410267720594623,3.3036170287193483,3.8778316691307406,1.0978272448366275,58,0.0767526124610283,2.662003030955612,0.000649740518962,0.5069600399201597,18.31668988204072
