media,desvio_padrao,maximo,minimo,rms,variancia,skewness,kurtosis,pico_a_pico,crest_factor,shape_factor,impulse_factor,margin_factor,energia,zero_crossings,mean_abs,peak_to_rms,mediana,amplitude,coeficiente_variacao
0.005299113248912,0.1110167555548164,0.3224337325349301,-0.2680179640718563,0.1111431537034227,0.0123247200139178,0.0956520835561484,0.4856496758905431,0.5904516966067864,2.901066973457677,1.2915212401687683,3.746789615372714,4.418067608433224,1.5070416750474047,60,0.0860560014397434,2.901066973457677,-0.0064974051896207,0.5904516966067864,20.950062838836264
