media,desvio_padrao,maximo,minimo,rms,variancia,skewness,kurtosis,pico_a_pico,crest_factor,shape_factor,impulse_factor,margin_factor,energia,zero_crossings,mean_abs,peak_to_rms,mediana,amplitude,coeficiente_variacao
0.0002550634268652,0.1152928093898402,0.3182104191616766,-0.2967689820359281,0.1152930915291708,0.013292431897002,0.167317168084851,0.0885605102901068,0.6149794011976049,2.7600128935840424,1.2746110780761355,3.517943009795191,4.240264725076403,1.6083921314768057,44,0.09045354580096,2.7600128935840424,-0.0014619161676646,0.6149794011976049,452.0162330083404
