media,desvio_padrao,maximo,minimo,rms,variancia,skewness,kurtosis,pico_a_pico,crest_factor,shape_factor,impulse_factor,margin_factor,energia,zero_crossings,mean_abs,peak_to_rms,mediana,amplitude,coeficiente_variacao
0.0019304274096435,0.1243764553194186,0.4265546506986028,-0.3234083433133732,0.1243914353474838,0.0154695026378233,0.1666372491927067,1.095225313441806,0.7499629940119761,3.429131993750494,1.3069219576896245,4.48160789844852,5.372737270663069,1.8722607317246769,55,0.0951789313934115,3.429131993750494,-0.0038984431137724,0.7499629940119761,64.4294909500827
