media,desvio_padrao,maximo,minimo,rms,variancia,skewness,kurtosis,pico_a_pico,crest_factor,shape_factor,impulse_factor,margin_factor,energia,zero_crossings,mean_abs,peak_to_rms,mediana,amplitude,coeficiente_variacao
0.0071538579040266,0.1268450210287427,0.3485857884231537,-0.2925456686626746,0.127046593983047,0.0160896593597821,-0.0372423890162405,-0.3068534004817085,0.6411314570858283,2.743763350866917,1.2285784727487865,3.3709285871921697,3.919531434511201,1.9530412821658765,63,0.1034094254466274,2.743763350866917,0.0193297804391217,0.6411314570858283,17.730995321747454
