media,desvio_padrao,maximo,minimo,rms,variancia,skewness,kurtosis,pico_a_pico,crest_factor,shape_factor,impulse_factor,margin_factor,energia,zero_crossings,mean_abs,peak_to_rms,mediana,amplitude,coeficiente_variacao
0.0043615845993962,0.1142318266194258,0.3612557285429141,-0.2608708183632734,0.1143150630189576,0.0130489102128105,0.1198943930410254,0.0660682842562607,0.6221265469061876,3.1601760870569144,1.257694899032322,3.974537344735404,4.727183071887332,1.5812199695964193,54,0.090892523382986,3.1601760870569144,0.0014619161676646,0.6221265469061876,26.19044157374326
