media,desvio_padrao,maximo,minimo,rms,variancia,skewness,kurtosis,pico_a_pico,crest_factor,shape_factor,impulse_factor,margin_factor,energia,zero_crossings,mean_abs,peak_to_rms,mediana,amplitude,coeficiente_variacao
0.000877955164052,0.117072451702956,0.2776016367265469,-0.3329920159680639,0.1170757436577323,0.0137059589477409,-0.2215218456496871,0.3694811600323207,0.6105936526946107,2.844244294886194,1.2884294815775592,3.66460820234015,4.4223782931218025,1.658514300114339,59,0.0908670170402995,2.844244294886194,0.0027613972055888,0.6105936526946107,133.34673169712516
