media,desvio_padrao,maximo,minimo,rms,variancia,skewness,kurtosis,pico_a_pico,crest_factor,shape_factor,impulse_factor,margin_factor,energia,zero_crossings,mean_abs,peak_to_rms,mediana,amplitude,coeficiente_variacao
0.0046300724171491,0.0857488929408065,0.227896487025948,-0.2434902594810379,0.0858738039867918,0.0073528726405738,0.2557895722016212,0.2799651146329887,0.471386746506986,2.835442803005315,1.2863418107769342,3.6473486295722832,4.414810584411367,0.8922915355505946,56,0.0667581534451757,2.835442803005315,0.0,0.471386746506986,18.519989584440182
