media,desvio_padrao,maximo,minimo,rms,variancia,skewness,kurtosis,pico_a_pico,crest_factor,shape_factor,impulse_factor,margin_factor,energia,zero_crossings,mean_abs,peak_to_rms,mediana,amplitude,coeficiente_variacao
-0.0021546147374672,0.1171153994839966,0.3016420359281437,-0.2546982834331337,0.1171352174239798,0.0137160167962961,0.0663942029916918,-0.485468934715191,0.5563403193612775,2.575160934190503,1.2367021120556456,3.1847069661965848,3.777914395484922,1.6601997584765271,66,0.0947157899077877,2.575160934190503,-0.0037360079840319,0.5563403193612775,-54.355610517018846
