media,desvio_padrao,maximo,minimo,rms,variancia,skewness,kurtosis,pico_a_pico,crest_factor,shape_factor,impulse_factor,margin_factor,energia,zero_crossings,mean_abs,peak_to_rms,mediana,amplitude,coeficiente_variacao
0.0025667435377179,0.0697800941112142,0.1603234730538922,-0.2007698203592814,0.0698272848287711,0.0048692615341699,-0.0640671374179022,-0.3558513262571057,0.3610932934131736,2.875234528330932,1.2291515457805031,3.534098964979441,4.1501103288935,0.5899778144935582,58,0.0568093373583411,2.875234528330932,0.0024365269461077,0.3610932934131736,27.18623543248676
