media,desvio_padrao,maximo,minimo,rms,variancia,skewness,kurtosis,pico_a_pico,crest_factor,shape_factor,impulse_factor,margin_factor,energia,zero_crossings,mean_abs,peak_to_rms,mediana,amplitude,coeficiente_variacao
0.0032660112561761,0.1147176970202996,0.2691550099800399,-0.3160987624750499,0.1147641792510482,0.0131601500096412,-0.2499347378948442,0.3270852470849248,0.5852537724550899,2.754332968160557,1.3005390118258988,3.582117476651026,4.372303720308381,1.6068396543783414,59,0.0882435499492817,2.754332968160557,-0.0027613972055888,0.5852537724550899,35.12470962963257
