media,desvio_padrao,maximo,minimo,rms,variancia,skewness,kurtosis,pico_a_pico,crest_factor,shape_factor,impulse_factor,margin_factor,energia,zero_crossings,mean_abs,peak_to_rms,mediana,amplitude,coeficiente_variacao
0.0042206284950759,0.1423178794111577,0.3813976846307385,-0.4155090618762475,0.142380449869293,0.0202543788000888,-0.1639859330883021,0.4120613349722979,0.7969067465069861,2.9183013697294102,1.2585856552385224,3.672932241604367,4.274715830453805,2.4529352931028545,53,0.1131273420101944,2.9183013697294102,0.0113704590818363,0.7969067465069861,33.7195940313615
