media,desvio_padrao,maximo,minimo,rms,variancia,skewness,kurtosis,pico_a_pico,crest_factor,shape_factor,impulse_factor,margin_factor,energia,zero_crossings,mean_abs,peak_to_rms,mediana,amplitude,coeficiente_variacao
0.0073310598637435,0.1455108798969921,0.3773368063872255,-0.3760373253493014,0.145695437839085,0.0211734161683968,-0.0278533011727612,-0.1445965725415599,0.753374131736527,2.58990131732182,1.245971987695798,3.2269444922794333,3.8238978085481,2.568486433461844,59,0.1169331568268421,2.58990131732182,0.0011370459081836,0.753374131736527,19.84854613132123
