media,desvio_padrao,maximo,minimo,rms,variancia,skewness,kurtosis,pico_a_pico,crest_factor,shape_factor,impulse_factor,margin_factor,energia,zero_crossings,mean_abs,peak_to_rms,mediana,amplitude,coeficiente_variacao
-0.0003728019371093,0.1313868448307371,0.424118123752495,-0.4088492215568862,0.1313873737307375,0.0172625029945761,0.1941899646814064,1.1820666692964936,0.8329673453093813,3.2279975747264227,1.3116193194460628,4.233903982136212,5.127734774284466,2.106042321054982,63,0.1001718805012924,3.2279975747264227,-0.0071471457085828,0.8329673453093813,-352.4306924193512
