media,desvio_padrao,maximo,minimo,rms,variancia,skewness,kurtosis,pico_a_pico,crest_factor,shape_factor,impulse_factor,margin_factor,energia,zero_crossings,mean_abs,peak_to_rms,mediana,amplitude,coeficiente_variacao
0.0015491747084343,0.1495088221038308,0.4890921756487025,-0.5009499401197605,0.1495168479775847,0.0223528878868749,0.002560071296966,1.2787173097229545,0.990042115768463,3.350458138301992,1.343153893326355,4.500180892887292,5.517784761116665,2.704989827327413,64,0.1113177341185397,3.350458138301992,-0.0017867864271457,0.990042115768463,96.50869026575296
