media,desvio_padrao,maximo,minimo,rms,variancia,skewness,kurtosis,pico_a_pico,crest_factor,shape_factor,impulse_factor,margin_factor,energia,zero_crossings,mean_abs,peak_to_rms,mediana,amplitude,coeficiente_variacao
0.0041655884924366,0.1010919166034358,0.2748402395209581,-0.2386172055888223,0.1011777037199617,0.010219575602556,-0.1224573973418604,-0.1641396844352067,0.5134574451097804,2.716411120395233,1.2531143406808245,3.403973730152132,4.040939065388869,1.2386682553353667,34,0.080740998993748,2.716411120395233,0.0110455888223552,0.5134574451097804,24.268339704458715
