media,desvio_padrao,maximo,minimo,rms,variancia,skewness,kurtosis,pico_a_pico,crest_factor,shape_factor,impulse_factor,margin_factor,energia,zero_crossings,mean_abs,peak_to_rms,mediana,amplitude,coeficiente_variacao
0.0015290381221029,0.1535171812721617,0.3263321756487026,-0.3973163273453094,0.1535247957280145,0.0235675249457497,-0.0247684129741861,-0.7110934537027975,0.7236485029940121,2.587961934495567,1.206598142486186,3.122630062987308,3.638011475661476,2.851953411302761,60,0.1272377192721994,2.587961934495567,-0.0034111377245508,0.7236485029940121,100.40114700412312
