media,desvio_padrao,maximo,minimo,rms,variancia,skewness,kurtosis,pico_a_pico,crest_factor,shape_factor,impulse_factor,margin_factor,energia,zero_crossings,mean_abs,peak_to_rms,mediana,amplitude,coeficiente_variacao
-0.001781460685187,0.1244315578187021,0.2456019161676646,-0.2779265069860279,0.1244443095660138,0.015483212581189,-0.0719395696398664,-0.432860223585545,0.5235284231536926,2.2333404231601,1.238948441819934,2.766993637327678,3.2483582836517115,1.8893391143701517,59,0.1004434933411864,2.2333404231601,0.0103958483033932,0.5235284231536926,-69.84805157551942
