media,desvio_padrao,maximo,minimo,rms,variancia,skewness,kurtosis,pico_a_pico,crest_factor,shape_factor,impulse_factor,margin_factor,energia,zero_crossings,mean_abs,peak_to_rms,mediana,amplitude,coeficiente_variacao
0.0002027083024034,0.146141751985199,0.5485434331337325,-0.3399767265469062,0.146141892570061,0.0213574116733034,0.4851360792626801,1.504912496710184,0.8885201596806387,3.753498900876478,1.351545803218819,5.073025686866053,6.34345225252821,2.5842517844390724,56,0.1081294412827238,3.753498900876478,-0.0011370459081836,0.8885201596806387,720.9460601881544
