media,desvio_padrao,maximo,minimo,rms,variancia,skewness,kurtosis,pico_a_pico,crest_factor,shape_factor,impulse_factor,margin_factor,energia,zero_crossings,mean_abs,peak_to_rms,mediana,amplitude,coeficiente_variacao
0.0067820022764388,0.1219553398223062,0.3365655888223552,-0.3134998003992015,0.1221437696571209,0.0148731049111741,0.0051358852898189,0.2328714948166315,0.6500653892215569,2.7554871588387537,1.2800930239809734,3.5272798896986406,4.257035935432239,1.8052111563922693,61,0.0954178855512116,2.7554871588387537,0.005035489021956,0.6500653892215569,17.982202725880448
