media,desvio_padrao,maximo,minimo,rms,variancia,skewness,kurtosis,pico_a_pico,crest_factor,shape_factor,impulse_factor,margin_factor,energia,zero_crossings,mean_abs,peak_to_rms,mediana,amplitude,coeficiente_variacao
-0.0020821230266739,0.1255948830816195,0.2686677045908183,-0.3477736127744511,0.1256121407053628,0.0157740746562856,-0.0178028163387296,-0.1467204877011663,0.6164413173652694,2.7686305704334147,1.260016506528956,3.488520219226781,4.168542693356766,1.9091875970026493,57,0.0996908691707494,2.7686305704334147,-0.0034111377245508,0.6164413173652694,-60.32058695506105
