media,desvio_padrao,maximo,minimo,rms,variancia,skewness,kurtosis,pico_a_pico,crest_factor,shape_factor,impulse_factor,margin_factor,energia,zero_crossings,mean_abs,peak_to_rms,mediana,amplitude,coeficiente_variacao
-0.0005289210009732,0.1351491815563916,0.4312652694610778,-0.4437727744510978,0.135150216547321,0.0182653012753625,0.2264866161826416,1.6783047511238882,0.8750380439121757,3.283552078480885,1.387550583603784,4.55609460278957,5.777975977841386,2.210135304967321,56,0.0974020105244057,3.283552078480885,0.005035489021956,0.8750380439121757,-255.51865270561407
