media,desvio_padrao,maximo,minimo,rms,variancia,skewness,kurtosis,pico_a_pico,crest_factor,shape_factor,impulse_factor,margin_factor,energia,zero_crossings,mean_abs,peak_to_rms,mediana,amplitude,coeficiente_variacao
0.0075026389843264,0.149704752106462,0.4280165668662674,-0.3760373253493014,0.1498926362266885,0.0224115128032572,0.0167122244487576,-0.0058123766446498,0.8040538922155689,2.855487618610971,1.2664917843466166,3.61645160927428,4.328376325836859,2.741071892188339,59,0.1183526321128235,2.855487618610971,0.0014619161676646,0.8040538922155689,19.953612644724927
