media,desvio_padrao,maximo,minimo,rms,variancia,skewness,kurtosis,pico_a_pico,crest_factor,shape_factor,impulse_factor,margin_factor,energia,zero_crossings,mean_abs,peak_to_rms,mediana,amplitude,coeficiente_variacao
0.005788597350753,0.0938640837065038,0.24414,-0.1798156886227545,0.0940424056973805,0.0088104662100615,0.1380276544294645,-0.5394866826758822,0.4239556886227544,2.5960628951328526,1.2285757192681128,3.189459838653104,3.720030044605722,1.070120862391436,54,0.0765458768413586,2.5960628951328526,0.0103958483033932,0.4239556886227544,16.215341648230737
