media,desvio_padrao,maximo,minimo,rms,variancia,skewness,kurtosis,pico_a_pico,crest_factor,shape_factor,impulse_factor,margin_factor,energia,zero_crossings,mean_abs,peak_to_rms,mediana,amplitude,coeficiente_variacao
0.0047227007142739,0.1046112964535797,0.3318549700598802,-0.3115505788423153,0.1047178458894917,0.0109435233456987,-0.1023706017203209,0.3238795889806689,0.6434055489021956,3.1690393097856995,1.2583181551936031,3.987659698025552,4.750090489475264,1.326865096975977,56,0.0832204839906963,3.1690393097856995,0.0092588023952095,0.6434055489021956,22.15073594170421
