media,desvio_padrao,maximo,minimo,rms,variancia,skewness,kurtosis,pico_a_pico,crest_factor,shape_factor,impulse_factor,margin_factor,energia,zero_crossings,mean_abs,peak_to_rms,mediana,amplitude,coeficiente_variacao
0.0014805562645201,0.134438616823638,0.4077121756487026,-0.4319150099800399,0.1344467691702013,0.0180737416934529,-0.0004956855185299,1.2050934119739116,0.8396271856287425,3.2125354342525125,1.359361482565096,4.3669969306984,5.415155970414195,2.2052639163172576,58,0.0989043539151205,3.2125354342525125,0.0017867864271457,0.8396271856287425,90.80277463633624
