media,desvio_padrao,maximo,minimo,rms,variancia,skewness,kurtosis,pico_a_pico,crest_factor,shape_factor,impulse_factor,margin_factor,energia,zero_crossings,mean_abs,peak_to_rms,mediana,amplitude,coeficiente_variacao
0.0002915843722391,0.0986668802417459,0.2454394810379241,-0.2506374051896207,0.0986673110917955,0.009735153256639,0.2631052494941253,-0.1839003484104382,0.4960768862275448,2.5402273804384823,1.2120899012055313,3.078983954595265,3.5091823646201297,1.1876990699263907,52,0.0814026344033245,2.5402273804384823,-0.0133196806387225,0.4960768862275448,338.38192178841746
