media,desvio_padrao,maximo,minimo,rms,variancia,skewness,kurtosis,pico_a_pico,crest_factor,shape_factor,impulse_factor,margin_factor,energia,zero_crossings,mean_abs,peak_to_rms,mediana,amplitude,coeficiente_variacao
0.0074035515745368,0.123469619806882,0.3867580439121756,-0.3196723353293413,0.123691388508549,0.0152447470152559,0.3217643564005853,0.7240798506873087,0.706430379241517,3.126798466535481,1.3154675410931966,4.113201890267408,4.997040584425444,1.851246710531912,57,0.0940284610943402,3.126798466535481,0.0056852295409181,0.706430379241517,16.677079718270967
