media,desvio_padrao,maximo,minimo,rms,variancia,skewness,kurtosis,pico_a_pico,crest_factor,shape_factor,impulse_factor,margin_factor,energia,zero_crossings,mean_abs,peak_to_rms,mediana,amplitude,coeficiente_variacao
-0.0008135180877913,0.0917528576294938,0.2637946506986028,-0.1765669860279441,0.0917564640494462,0.0084185868831781,0.2840834224244165,-0.1547233537016583,0.4403616367265469,2.8749435086823696,1.263691769375633,3.633042449341814,4.388228588513106,1.0187290920777368,57,0.0726098454331007,2.8749435086823696,-0.0017867864271457,0.4403616367265469,-112.78527055077032
