media,desvio_padrao,maximo,minimo,rms,variancia,skewness,kurtosis,pico_a_pico,crest_factor,shape_factor,impulse_factor,margin_factor,energia,zero_crossings,mean_abs,peak_to_rms,mediana,amplitude,coeficiente_variacao
-0.0032231962521238,0.1044356173510489,0.2676930938123752,-0.2431653892215568,0.1044853442621232,0.0109067981714947,0.0231027712595512,-0.2951878266316639,0.5108584830339321,2.562015713331157,1.2539264012015634,3.2125791432391937,3.856998943627203,1.3209796470345043,55,0.0833265366787087,2.562015713331157,0.0016243512974051,0.5108584830339321,-32.401259241423304
