media,desvio_padrao,maximo,minimo,rms,variancia,skewness,kurtosis,pico_a_pico,crest_factor,shape_factor,impulse_factor,margin_factor,energia,zero_crossings,mean_abs,peak_to_rms,mediana,amplitude,coeficiente_variacao
0.0032809211329407,0.1158611024928285,0.3999152894211576,-0.2875101796407185,0.1159075472708067,0.0134237950708537,0.1402561478423081,0.650495297777252,0.6874254690618762,3.450295505665343,1.27768749792949,4.408399431750917,5.187429457774813,1.6255817012344491,56,0.0907166638623579,3.450295505665343,0.0081217564870259,0.6874254690618762,35.31358962870916
