media,desvio_padrao,maximo,minimo,rms,variancia,skewness,kurtosis,pico_a_pico,crest_factor,shape_factor,impulse_factor,margin_factor,energia,zero_crossings,mean_abs,peak_to_rms,mediana,amplitude,coeficiente_variacao
0.0036071338315105,0.1271365574013263,0.3586567664670658,-0.402514251497006,0.1271877181269448,0.0161637042278607,-0.0289936322056907,0.6555820410966051,0.7611710179640718,3.164725788187036,1.2761992148215415,4.038820566009779,4.713117457567883,1.9573825927230395,61,0.0996613355107965,3.164725788187036,-0.017867864271457,0.7611710179640718,35.24586648011512
