media,desvio_padrao,maximo,minimo,rms,variancia,skewness,kurtosis,pico_a_pico,crest_factor,shape_factor,impulse_factor,margin_factor,energia,zero_crossings,mean_abs,peak_to_rms,mediana,amplitude,coeficiente_variacao
0.0037534596921858,0.0930714666484133,0.1864755289421157,-0.2413786027944111,0.0931471221442057,0.0086622979040867,-0.1441218419275777,-0.2538908640755153,0.427854131736527,2.5913694082863965,1.2616641096550127,3.269437777292894,3.95657047313558,1.049842750013458,58,0.073828780125699,2.5913694082863965,0.0027613972055888,0.427854131736527,24.796181198421767
