media,desvio_padrao,maximo,minimo,rms,variancia,skewness,kurtosis,pico_a_pico,crest_factor,shape_factor,impulse_factor,margin_factor,energia,zero_crossings,mean_abs,peak_to_rms,mediana,amplitude,coeficiente_variacao
0.0057348997872024,0.1335676445665884,0.3620679041916168,-0.3300681836327345,0.1336907055506693,0.0178403156750665,0.0455879779457776,-0.2744956996244738,0.6921360878243513,2.7082503806099787,1.2191253523959646,3.301696699637646,3.811664970011012,2.162657774826928,65,0.1096611642830042,2.7082503806099787,0.0008121756487025,0.6921360878243513,23.29031884125463
