media,desvio_padrao,maximo,minimo,rms,variancia,skewness,kurtosis,pico_a_pico,crest_factor,shape_factor,impulse_factor,margin_factor,energia,zero_crossings,mean_abs,peak_to_rms,mediana,amplitude,coeficiente_variacao
-0.0015129288530377,0.1260094157374423,0.3469614371257485,-0.4176207185628742,0.1260184978810886,0.0158783728544915,-0.2374287176245357,1.4209027964491687,0.7645821556886228,3.3139636290296237,1.308058056637932,4.334856824357278,5.190541522851033,1.921560078792918,63,0.0963401412051929,3.3139636290296237,-0.004385748502994,0.7645821556886228,-83.28839488019202
