media,desvio_padrao,maximo,minimo,rms,variancia,skewness,kurtosis,pico_a_pico,crest_factor,shape_factor,impulse_factor,margin_factor,energia,zero_crossings,mean_abs,peak_to_rms,mediana,amplitude,coeficiente_variacao
0.005332168060573,0.1308849970552907,0.304565868263473,-0.3354285429141716,0.1309935665229008,0.0171308824541634,0.007928291627343,-0.4693733889317535,0.6399944111776447,2.5606489831356,1.2226078600059078,3.1306695734977192,3.652648844645207,2.0762770509171484,55,0.1071427485524818,2.5606489831356,-0.0004873053892215,0.6399944111776447,24.546300035641423
