media,desvio_padrao,maximo,minimo,rms,variancia,skewness,kurtosis,pico_a_pico,crest_factor,shape_factor,impulse_factor,margin_factor,energia,zero_crossings,mean_abs,peak_to_rms,mediana,amplitude,coeficiente_variacao
0.0024929093878359,0.1281529650644953,0.4752851896207585,-0.3026166467065868,0.1281772095656546,0.0164231824548217,0.1850899138727742,1.0313552284123153,0.7779018363273453,3.708031960060023,1.3079746065394255,4.850011643995123,5.854938897232569,1.9879570432965656,54,0.0979967110407284,3.708031960060023,-0.000324870259481,0.7779018363273453,51.40698883393639
