media,desvio_padrao,maximo,minimo,rms,variancia,skewness,kurtosis,pico_a_pico,crest_factor,shape_factor,impulse_factor,margin_factor,energia,zero_crossings,mean_abs,peak_to_rms,mediana,amplitude,coeficiente_variacao
0.0056436139291664,0.13152397006586,0.3139871057884231,-0.3628800798403194,0.1316449964110552,0.0172985547018852,-0.2545232344689719,0.0692742269829156,0.6768671856287425,2.756504916504716,1.247189766437537,3.4378847229994407,4.044663735137297,2.096979014688076,52,0.1055533006713845,2.756504916504716,0.0157562075848303,0.6768671856287425,23.304919811424053
