media,desvio_padrao,maximo,minimo,rms,variancia,skewness,kurtosis,pico_a_pico,crest_factor,shape_factor,impulse_factor,margin_factor,energia,zero_crossings,mean_abs,peak_to_rms,mediana,amplitude,coeficiente_variacao
0.006963231553422,0.1078887638251977,0.2431653892215568,-0.2038560878243513,0.1081132367168603,0.0116399853597292,0.0520021589067958,-0.9473994134963069,0.4470214770459081,2.249173150355188,1.1631104260799152,2.616036741237128,2.9313658611474205,1.4143051063609005,67,0.092951824945151,2.249173150355188,0.0125075049900199,0.4470214770459081,15.494065219212164
