media,desvio_padrao,maximo,minimo,rms,variancia,skewness,kurtosis,pico_a_pico,crest_factor,shape_factor,impulse_factor,margin_factor,energia,zero_crossings,mean_abs,peak_to_rms,mediana,amplitude,coeficiente_variacao
0.0029385991653057,0.1209569008252187,0.3242205189620758,-0.3057029141716567,0.120992591600875,0.0146305718572418,0.0179634707945554,-0.2547116326606189,0.6299234331337324,2.6796724879784373,1.196629333118773,3.2065747022663604,3.609788716914208,1.771344073897833,63,0.1011111697266623,2.6796724879784373,0.0012994810379241,0.6299234331337324,41.16141536187824
