media,desvio_padrao,maximo,minimo,rms,variancia,skewness,kurtosis,pico_a_pico,crest_factor,shape_factor,impulse_factor,margin_factor,energia,zero_crossings,mean_abs,peak_to_rms,mediana,amplitude,coeficiente_variacao
0.0060060724831329,0.089264143556982,0.2017444311377245,-0.2158762874251497,0.0894659724791171,0.0079680873249615,-0.2708608371075799,-0.3134116678159495,0.4176207185628743,2.4129429485108296,1.218628292058305,2.9404805441778827,3.393620319017043,0.9685033880277324,50,0.0734153088863595,2.4129429485108296,0.0120201996007984,0.4176207185628743,14.862315399567038
