media,desvio_padrao,maximo,minimo,rms,variancia,skewness,kurtosis,pico_a_pico,crest_factor,shape_factor,impulse_factor,margin_factor,energia,zero_crossings,mean_abs,peak_to_rms,mediana,amplitude,coeficiente_variacao
0.0034018176761231,0.082204037459815,0.2574596806387225,-0.2641195209580838,0.0822743953985458,0.0067575037746946,-0.1334704630611685,0.9368746225008238,0.5215792015968064,3.2102274307658054,1.280301516836721,4.110059049000311,4.848573585809838,0.825827288859944,55,0.0642617339092307,3.2102274307658054,0.0088527145708582,0.5215792015968064,24.164739350022383
