media,desvio_padrao,maximo,minimo,rms,variancia,skewness,kurtosis,pico_a_pico,crest_factor,shape_factor,impulse_factor,margin_factor,energia,zero_crossings,mean_abs,peak_to_rms,mediana,amplitude,coeficiente_variacao
0.0068462412879159,0.1354236538146969,0.3666160878243513,-0.3334793213572854,0.1355965966840438,0.0183395660125228,0.0928305718497095,-0.0858406851597544,0.7000954091816367,2.7037263234460838,1.253321620509944,3.388638657116838,3.977200239046697,2.243145317940021,57,0.1081897850201236,2.7037263234460838,0.0070659281437125,0.7000954091816367,19.780730494224315
