media,desvio_padrao,maximo,minimo,rms,variancia,skewness,kurtosis,pico_a_pico,crest_factor,shape_factor,impulse_factor,margin_factor,energia,zero_crossings,mean_abs,peak_to_rms,mediana,amplitude,coeficiente_variacao
0.0054003023461274,0.1096172706507582,0.3063526546906188,-0.2611956886227545,0.1097502131676799,0.0120159460249215,0.0806079017830908,-0.171345387814831,0.5675483433133732,2.791362730408217,1.2686220958509518,3.541184437330707,4.279376780703337,1.4695033334228438,60,0.0865113523772127,2.791362730408217,0.0024365269461077,0.5675483433133732,20.29835805940852
