media,desvio_padrao,maximo,minimo,rms,variancia,skewness,kurtosis,pico_a_pico,crest_factor,shape_factor,impulse_factor,margin_factor,energia,zero_crossings,mean_abs,peak_to_rms,mediana,amplitude,coeficiente_variacao
0.0083714501575361,0.1402098446106763,0.3770119361277445,-0.3013171656686627,0.1404595376024358,0.0196588005257499,0.1069646251834314,-0.3311028999967176,0.6783291017964073,2.684131975393933,1.2485692257539054,3.351324582338903,3.962009655900199,2.387194686122302,62,0.1124963956384751,2.684131975393933,0.000324870259481,0.6783291017964073,16.74857306346814
