media,desvio_padrao,maximo,minimo,rms,variancia,skewness,kurtosis,pico_a_pico,crest_factor,shape_factor,impulse_factor,margin_factor,energia,zero_crossings,mean_abs,peak_to_rms,mediana,amplitude,coeficiente_variacao
-0.0020821230266739,0.1260011903462705,0.2715915369261477,-0.4275292614770459,0.1260183923281649,0.015876299968677,-0.3994349058645055,0.8059800818033755,0.6991207984031935,3.3925941569204885,1.2843967847483408,4.357437027104684,5.122882925422518,1.92155685980201,41,0.0981148456805397,3.3925941569204885,-0.0128323752495009,0.6991207984031935,-60.51572780862543
