media,desvio_padrao,maximo,minimo,rms,variancia,skewness,kurtosis,pico_a_pico,crest_factor,shape_factor,impulse_factor,margin_factor,energia,zero_crossings,mean_abs,peak_to_rms,mediana,amplitude,coeficiente_variacao
0.000210762936936,0.143233925158275,0.3859458682634731,-0.3199972055888224,0.1432340802227666,0.0205159573162463,0.0600762969806772,-0.3848710938715247,0.7059430738522955,2.694511443528146,1.2188498075747718,3.284204754452301,3.7861883448887768,2.4824362102086943,56,0.117515775391366,2.694511443528146,-0.0030862674650698,0.7059430738522955,679.597310801094
