media,desvio_padrao,maximo,minimo,rms,variancia,skewness,kurtosis,pico_a_pico,crest_factor,shape_factor,impulse_factor,margin_factor,energia,zero_crossings,mean_abs,peak_to_rms,mediana,amplitude,coeficiente_variacao
0.0010108566338397,0.1144854595311889,0.342738123752495,-0.2832868662674651,0.1144899221556275,0.0131069204440674,0.2482717011195242,0.2330219606566768,0.6260249900199601,2.993609544834931,1.285826335127641,3.8492619898382254,4.6071132718072505,1.5860610152994017,54,0.0890399574404909,2.993609544834931,-0.0139694211576846,0.6260249900199601,113.25588189129655
