media,desvio_padrao,maximo,minimo,rms,variancia,skewness,kurtosis,pico_a_pico,crest_factor,shape_factor,impulse_factor,margin_factor,energia,zero_crossings,mean_abs,peak_to_rms,mediana,amplitude,coeficiente_variacao
0.0052717583015786,0.1243208005965862,0.3308803592814371,-0.3843215169660678,0.1244325234678073,0.0154556614609761,-0.1184823402816461,0.7444010595733741,0.715201876247505,3.0885937715913783,1.3098477194248763,4.045587507948845,4.879070251212666,1.8734978004845384,54,0.0949977021164283,3.0885937715913783,-0.0025989620758483,0.715201876247505,23.58241662167206
