media,desvio_padrao,maximo,minimo,rms,variancia,skewness,kurtosis,pico_a_pico,crest_factor,shape_factor,impulse_factor,margin_factor,energia,zero_crossings,mean_abs,peak_to_rms,mediana,amplitude,coeficiente_variacao
0.000509939792546,0.1269140453289919,0.3057029141716567,-0.248850618762475,0.1269150697922096,0.0161071749017694,0.1732395432895707,-0.741561408933217,0.5545535329341318,2.408720372388918,1.1974972928524634,2.884436125174307,3.3065804637217497,1.965107062724096,64,0.1059835964137299,2.408720372388918,-0.0125075049900199,0.5545535329341318,248.8804505632472
