media,desvio_padrao,maximo,minimo,rms,variancia,skewness,kurtosis,pico_a_pico,crest_factor,shape_factor,impulse_factor,margin_factor,energia,zero_crossings,mean_abs,peak_to_rms,mediana,amplitude,coeficiente_variacao
0.0081843339550407,0.1397831640908979,0.3761997604790419,-0.4103111377245509,0.1400225563455778,0.0195393329632628,0.0842412227968657,0.1590802667377704,0.7865108982035929,2.930321716966063,1.2663504954591054,3.7108143581345514,4.394485481354541,2.391970586837163,57,0.1105717231111547,2.930321716966063,0.0139694211576846,0.7865108982035929,17.0793573256875
