media,desvio_padrao,maximo,minimo,rms,variancia,skewness,kurtosis,pico_a_pico,crest_factor,shape_factor,impulse_factor,margin_factor,energia,zero_crossings,mean_abs,peak_to_rms,mediana,amplitude,coeficiente_variacao
-0.0027976430609854,0.150506417937033,0.389357005988024,-0.4616406387225549,0.1505324172626399,0.0226521818402368,-0.3625967762390228,1.1737073265292342,0.8509976447105789,3.0667190969046354,1.4068391044138226,4.314380347778084,5.518151350646603,2.7418610462789585,54,0.1070004500090727,3.0667190969046354,0.0014619161676646,0.8509976447105789,-53.7975769803948
