media,desvio_padrao,maximo,minimo,rms,variancia,skewness,kurtosis,pico_a_pico,crest_factor,shape_factor,impulse_factor,margin_factor,energia,zero_crossings,mean_abs,peak_to_rms,mediana,amplitude,coeficiente_variacao
0.0039843592154533,0.1554719031192532,0.3505350099800399,-0.3549207584830339,0.1555229493607944,0.0241715126595224,-0.0439725576003047,-0.5058217156904252,0.7054557684630739,2.2821118037033923,1.2196128926249483,2.7832929782082325,3.228295830074741,2.926673921123508,64,0.1275182890417512,2.2821118037033923,0.0022740918163672,0.7054557684630739,39.02055379852633
