media,desvio_padrao,maximo,minimo,rms,variancia,skewness,kurtosis,pico_a_pico,crest_factor,shape_factor,impulse_factor,margin_factor,energia,zero_crossings,mean_abs,peak_to_rms,mediana,amplitude,coeficiente_variacao
0.0069341160302346,0.121520283152685,0.3563826746506985,-0.308301876247505,0.1217179575191331,0.0147671792175087,0.1288869877961921,0.1925012664557539,0.6646845508982036,2.927938341346863,1.2657296788588592,3.7059784565115055,4.450030933120759,1.8074618642807987,60,0.0961642596773665,2.927938341346863,0.0048730538922155,0.6646845508982036,17.524985538578232
