media,desvio_padrao,maximo,minimo,rms,variancia,skewness,kurtosis,pico_a_pico,crest_factor,shape_factor,impulse_factor,margin_factor,energia,zero_crossings,mean_abs,peak_to_rms,mediana,amplitude,coeficiente_variacao
0.0024698128333496,0.1618913786612342,0.3835093413173652,-0.4257424750499002,0.161910217281884,0.0262088184848351,-0.1610318448173554,-0.2995584117414225,0.8092518163672655,2.629497274459751,1.2227459653683033,3.215207183292611,3.729346623632864,3.1982200521525623,61,0.1324152537547855,2.629497274459751,0.0099085429141716,0.8092518163672655,65.54803524997011
