media,desvio_padrao,maximo,minimo,rms,variancia,skewness,kurtosis,pico_a_pico,crest_factor,shape_factor,impulse_factor,margin_factor,energia,zero_crossings,mean_abs,peak_to_rms,mediana,amplitude,coeficiente_variacao
0.0025573464640966,0.1323853522422645,0.3671033932135728,-0.2857233932135729,0.1324100506353119,0.0175258814883084,0.2397366070970456,-0.2036645201195472,0.6528267864271458,2.7724737771202945,1.2561792127427542,3.482723926692902,4.164302017219729,2.121423002618751,63,0.1054069748107091,2.7724737771202945,-0.0016243512974051,0.6528267864271458,51.76668632931225
