media,desvio_padrao,maximo,minimo,rms,variancia,skewness,kurtosis,pico_a_pico,crest_factor,shape_factor,impulse_factor,margin_factor,energia,zero_crossings,mean_abs,peak_to_rms,mediana,amplitude,coeficiente_variacao
0.0035265874861846,0.1627230150012672,0.3503725748502994,-0.4892546107784431,0.1627612252055149,0.0264787796111026,-0.2560339151581459,0.2585677731521776,0.8396271856287425,3.005965396000628,1.2692801862544945,3.815412317710242,4.471281997430427,3.205437188078443,54,0.1282311241978852,3.005965396000628,0.0029238323353293,0.8396271856287425,46.14177746581696
