media,desvio_padrao,maximo,minimo,rms,variancia,skewness,kurtosis,pico_a_pico,crest_factor,shape_factor,impulse_factor,margin_factor,energia,zero_crossings,mean_abs,peak_to_rms,mediana,amplitude,coeficiente_variacao
0.0050059553620032,0.1228733485506526,0.2918959281437125,-0.3360782834331337,0.1229752795204651,0.0150978597840501,-0.3596884743314439,0.287784782168361,0.6279742115768463,2.7328930232454125,1.3165733089238656,3.59805401054916,4.479585449071947,1.8298732441495211,55,0.0934055693571534,2.7328930232454125,0.0107207185628742,0.6279742115768463,24.54543432074904
