media,desvio_padrao,maximo,minimo,rms,variancia,skewness,kurtosis,pico_a_pico,crest_factor,shape_factor,impulse_factor,margin_factor,energia,zero_crossings,mean_abs,peak_to_rms,mediana,amplitude,coeficiente_variacao
0.0052301426898269,0.1271113844571123,0.2621702994011975,-0.2649316966067864,0.1272189390427374,0.0161573040586038,-0.0952476827000026,-0.8269789296214562,0.5271019960079839,2.0824862917445506,1.198520429588117,2.495902364993044,2.9170868281833724,1.9583436725903305,58,0.1061466587486184,2.0824862917445506,0.0103958483033932,0.5271019960079839,24.303616936561603
