media,desvio_padrao,maximo,minimo,rms,variancia,skewness,kurtosis,pico_a_pico,crest_factor,shape_factor,impulse_factor,margin_factor,energia,zero_crossings,mean_abs,peak_to_rms,mediana,amplitude,coeficiente_variacao
-0.0009222556539812,0.1188848624468916,0.3641795608782435,-0.4728486626746507,0.1188884396167586,0.0141336105190163,-0.3513250359015796,2.39949788740746,0.8370282235528942,3.977246771838341,1.3550010723816928,5.389173640967578,6.570743276602544,1.7102697900154264,53,0.0877404764025667,3.977246771838341,-0.0037360079840319,0.8370282235528942,-128.90662359582882
