media,desvio_padrao,maximo,minimo,rms,variancia,skewness,kurtosis,pico_a_pico,crest_factor,shape_factor,impulse_factor,margin_factor,energia,zero_crossings,mean_abs,peak_to_rms,mediana,amplitude,coeficiente_variacao
0.0072666227874828,0.0875158810828473,0.2322822355289421,-0.1781913373253492,0.0878170441796047,0.007659029441707,0.5434158711072753,-0.0469928510829533,0.4104735728542914,2.6450700737988284,1.293446096168775,3.4212555610479485,4.140041532687139,0.9331318230615608,58,0.0678938569142706,2.6450700737988284,-0.0071471457085828,0.4104735728542914,12.043542597752255
