media,desvio_padrao,maximo,minimo,rms,variancia,skewness,kurtosis,pico_a_pico,crest_factor,shape_factor,impulse_factor,margin_factor,energia,zero_crossings,mean_abs,peak_to_rms,mediana,amplitude,coeficiente_variacao
0.0023049679154088,0.1077060009859895,0.248525748502994,-0.2382923353293413,0.107730661956033,0.0116005826483939,0.0732592484936136,-0.4628633457691089,0.4868180838323353,2.3069174921102986,1.241087273520778,2.8630859405205613,3.3870778691578343,1.4043133585836916,47,0.086803453918609,2.3069174921102986,-0.0032487025948103,0.4868180838323353,46.72776582527173
