media,desvio_padrao,maximo,minimo,rms,variancia,skewness,kurtosis,pico_a_pico,crest_factor,shape_factor,impulse_factor,margin_factor,energia,zero_crossings,mean_abs,peak_to_rms,mediana,amplitude,coeficiente_variacao
0.0026921625601256,0.0740730496286575,0.1876125748502994,-0.2002825149700599,0.0741219563998395,0.0054868166812895,-0.0471918180113188,0.0323704754940439,0.3878950898203593,2.7020673049921475,1.243149212294156,3.359072841766781,3.89557243420266,0.670275859305845,56,0.0596243440986878,2.7020673049921475,-0.0009746107784431,0.3878950898203593,27.514330198990823
