media,desvio_padrao,maximo,minimo,rms,variancia,skewness,kurtosis,pico_a_pico,crest_factor,shape_factor,impulse_factor,margin_factor,energia,zero_crossings,mean_abs,peak_to_rms,mediana,amplitude,coeficiente_variacao
0.0076317662196268,0.1041639772265479,0.4803206786427146,-0.2233483033932135,0.1044431807600852,0.0108501341516528,0.7438504946537602,2.4383575857757265,0.7036689820359282,4.598870650502799,1.286116699758974,5.914684343643065,6.985697709323467,1.3199137388813444,51,0.0812081677966381,4.598870650502799,0.0056852295409181,0.7036689820359282,13.648737949895017
