media,desvio_padrao,maximo,minimo,rms,variancia,skewness,kurtosis,pico_a_pico,crest_factor,shape_factor,impulse_factor,margin_factor,energia,zero_crossings,mean_abs,peak_to_rms,mediana,amplitude,coeficiente_variacao
0.0065135144586859,0.1096701363582701,0.2879974850299401,-0.2495003592814371,0.1098633909882863,0.0120275388088415,-0.1639023896801421,-0.2585309274541343,0.5374978443113773,2.621414489751608,1.2376541233464635,3.2444044522412434,3.8020219882427337,1.460465726212855,54,0.0887674423054717,2.621414489751608,0.0099085429141716,0.5374978443113773,16.837321395981906
