media,desvio_padrao,maximo,minimo,rms,variancia,skewness,kurtosis,pico_a_pico,crest_factor,shape_factor,impulse_factor,margin_factor,energia,zero_crossings,mean_abs,peak_to_rms,mediana,amplitude,coeficiente_variacao
0.0037561445703634,0.1098716050062027,0.2616829940119761,-0.2408912974051896,0.109935791299615,0.012071769586639,0.1735791850901067,-0.7115481143218707,0.5025742914171657,2.380325742130648,1.2090676957351705,2.877974960137011,3.318689422132425,1.4623912632493736,52,0.0909260843602052,2.380325742130648,-0.0095836726546906,0.5025742914171657,29.251165110392087
