media,desvio_padrao,maximo,minimo,rms,variancia,skewness,kurtosis,pico_a_pico,crest_factor,shape_factor,impulse_factor,margin_factor,energia,zero_crossings,mean_abs,peak_to_rms,mediana,amplitude,coeficiente_variacao
0.0014525190940433,0.106174446724395,0.26606874251497,-0.2153889820359281,0.1061843818503924,0.0112730131372313,0.0903909938623051,-0.5689191743618851,0.4814577245508982,2.5057238915780027,1.207014899891179,3.024446072147958,3.4696850858056707,1.3642898768229446,55,0.087972718364923,2.5057238915780027,-0.0056852295409181,0.4814577245508982,73.09676489610997
