media,desvio_padrao,maximo,minimo,rms,variancia,skewness,kurtosis,pico_a_pico,crest_factor,shape_factor,impulse_factor,margin_factor,energia,zero_crossings,mean_abs,peak_to_rms,mediana,amplitude,coeficiente_variacao
0.003039282096963,0.1060137318736129,0.2428405189620758,-0.2909213173652694,0.10605728914806,0.0112389113457702,-0.1461701971614749,-0.4543370777524473,0.5337618363273453,2.743058206580522,1.225125258887772,3.3605898954811897,3.9401901066195113,1.361025978353661,40,0.0865685270780752,2.743058206580522,0.009096367265469,0.5337618363273453,34.88117538662952
