media,desvio_padrao,maximo,minimo,rms,variancia,skewness,kurtosis,pico_a_pico,crest_factor,shape_factor,impulse_factor,margin_factor,energia,zero_crossings,mean_abs,peak_to_rms,mediana,amplitude,coeficiente_variacao
0.0050932139027729,0.0973592629906802,0.2901091417165669,-0.2311451896207584,0.0974923941543536,0.0094788260900884,-0.05886075001245,-0.0453591155853416,0.5212543313373253,2.975710507809,1.231613606464561,3.664925550317133,4.219144425381384,1.15007679707169,41,0.0791582633080945,2.975710507809,0.013482115768463,0.5212543313373253,19.11548677303219
