media,desvio_padrao,maximo,minimo,rms,variancia,skewness,kurtosis,pico_a_pico,crest_factor,shape_factor,impulse_factor,margin_factor,energia,zero_crossings,mean_abs,peak_to_rms,mediana,amplitude,coeficiente_variacao
0.0019707005823064,0.1335318685748659,0.3911437924151696,-0.3365655888223552,0.1335464098576984,0.0178307599250952,0.2291460798048195,0.6192300533325801,0.7277093812375249,2.9288978478115326,1.3243925777396932,3.879010570599356,4.7485745083119415,2.157991873891524,57,0.1008359697134656,2.9288978478115326,0.0024365269461077,0.7277093812375249,67.75857772294528
