media,desvio_padrao,maximo,minimo,rms,variancia,skewness,kurtosis,pico_a_pico,crest_factor,shape_factor,impulse_factor,margin_factor,energia,zero_crossings,mean_abs,peak_to_rms,mediana,amplitude,coeficiente_variacao
0.0046716880289008,0.1115870376489279,0.257297245508982,-0.2860482634730539,0.1116847869689629,0.0124516669712632,0.0526478437275289,-0.3823660152995289,0.5433455089820359,2.561210628915344,1.2211275847648726,3.1275649493615147,3.6287796206646887,1.5092924884766197,56,0.0914603751175335,2.561210628915344,0.0110455888223552,0.5433455089820359,23.8858067915938
