media,desvio_padrao,maximo,minimo,rms,variancia,skewness,kurtosis,pico_a_pico,crest_factor,shape_factor,impulse_factor,margin_factor,energia,zero_crossings,mean_abs,peak_to_rms,mediana,amplitude,coeficiente_variacao
0.0007302868642879,0.1232847642806836,0.2915710578842315,-0.2946573253493014,0.1232869272171542,0.0151991331037437,0.2097901066490298,-0.3921152029160395,0.5862283832335329,2.3900127288459387,1.2514376666658005,2.990951952688524,3.566332000475741,1.839159637140393,64,0.0985162349680803,2.3900127288459387,-0.0100709780439121,0.5862283832335329,168.81689964516738
