media,desvio_padrao,maximo,minimo,rms,variancia,skewness,kurtosis,pico_a_pico,crest_factor,shape_factor,impulse_factor,margin_factor,energia,zero_crossings,mean_abs,peak_to_rms,mediana,amplitude,coeficiente_variacao
0.0059966754095115,0.091188733629949,0.2568099401197605,-0.2624951696606786,0.0913856950348402,0.0083153851410337,-0.1145469376299563,0.0202979548339192,0.5193051097804391,2.8723879548172597,1.2482235886436566,3.5853824009388124,4.212362741828657,1.0105127760971009,42,0.073212600583956,2.8723879548172597,0.0001624351297405,0.5193051097804391,15.206548195907198
