media,desvio_padrao,maximo,minimo,rms,variancia,skewness,kurtosis,pico_a_pico,crest_factor,shape_factor,impulse_factor,margin_factor,energia,zero_crossings,mean_abs,peak_to_rms,mediana,amplitude,coeficiente_variacao
0.0039440860427904,0.116296162163104,0.3885448303393213,-0.4210318562874252,0.1163630231155066,0.0135247973338669,-0.1020586141547007,1.9435260957043443,0.8095766866267465,3.6182615835744656,1.3452989217529172,4.867643407002732,5.887475815044294,1.6383827309781716,56,0.0864960353672819,3.6182615835744656,0.0110455888223552,0.8095766866267465,29.48621325736196
