media,desvio_padrao,maximo,minimo,rms,variancia,skewness,kurtosis,pico_a_pico,crest_factor,shape_factor,impulse_factor,margin_factor,energia,zero_crossings,mean_abs,peak_to_rms,mediana,amplitude,coeficiente_variacao
0.0046945094934098,0.0950609983694925,0.2879974850299401,-0.2358558083832335,0.0951768450327514,0.0090365934110046,0.1745525905701469,0.0616668947795506,0.5238532934131737,3.025919643909575,1.22553535536694,3.7083715061105247,4.258477799047874,1.0960944514769948,58,0.077661443724122,3.025919643909575,0.0027613972055888,0.5238532934131737,20.24939953853297
