media,desvio_padrao,maximo,minimo,rms,variancia,skewness,kurtosis,pico_a_pico,crest_factor,shape_factor,impulse_factor,margin_factor,energia,zero_crossings,mean_abs,peak_to_rms,mediana,amplitude,coeficiente_variacao
0.000598727833589,0.1059860066219248,0.3147992814371257,-0.2948197604790419,0.1059876977515853,0.0112330335996627,0.004778990014954,0.4779254899388192,0.6096190419161677,2.970149254255473,1.284266834630852,3.8144641811438618,4.56488500253276,1.3592404410364516,53,0.0825277854208937,2.970149254255473,-0.0016243512974051,0.6096190419161677,177.01867305316642
