media,desvio_padrao,maximo,minimo,rms,variancia,skewness,kurtosis,pico_a_pico,crest_factor,shape_factor,impulse_factor,margin_factor,energia,zero_crossings,mean_abs,peak_to_rms,mediana,amplitude,coeficiente_variacao
-0.0006483980798733,0.1189352965839598,0.3221088622754491,-0.3669409580838323,0.1189370640027089,0.0141456047735145,-0.0901203761368814,0.6105695397731301,0.6890498203592814,3.085169128401174,1.246398379571661,3.845349802343738,4.414290532438869,1.7116690484237227,61,0.0954245977466554,3.085169128401174,0.0136445508982035,0.6890498203592814,-183.4294398391779
