media,desvio_padrao,maximo,minimo,rms,variancia,skewness,kurtosis,pico_a_pico,crest_factor,shape_factor,impulse_factor,margin_factor,energia,zero_crossings,mean_abs,peak_to_rms,mediana,amplitude,coeficiente_variacao
0.0041924372742119,0.108210155876221,0.3287687025948103,-0.2738656287425149,0.1082913402126608,0.011709437834756,0.217149080285527,0.4223561323889857,0.6026343313373252,3.0359648513831243,1.275316594911343,3.871816356536448,4.597886558731895,1.418968738171566,45,0.0849132996816284,3.0359648513831243,0.0073095808383233,0.6026343313373252,25.81079901703773
