media,desvio_padrao,maximo,minimo,rms,variancia,skewness,kurtosis,pico_a_pico,crest_factor,shape_factor,impulse_factor,margin_factor,energia,zero_crossings,mean_abs,peak_to_rms,mediana,amplitude,coeficiente_variacao
0.0034648352881014,0.0930664188875226,0.2288710978043912,-0.2038560878243513,0.0931308939510488,0.0086613583245478,0.1730257807720904,-0.6442766735560252,0.4327271856287425,2.4575206797079563,1.21146233801649,2.9771937483628745,3.464381555637346,1.0494769723827029,38,0.0768747744181059,2.4575206797079563,0.0008121756487025,0.4327271856287425,26.860272177185468
