media,desvio_padrao,maximo,minimo,rms,variancia,skewness,kurtosis,pico_a_pico,crest_factor,shape_factor,impulse_factor,margin_factor,energia,zero_crossings,mean_abs,peak_to_rms,mediana,amplitude,coeficiente_variacao
0.0048690265749492,0.1116524134667456,0.2587591616766467,-0.2897842714570858,0.1117585292169536,0.0124662614329491,-0.2253208161748264,0.07118203212252,0.5485434331337324,2.592949938474367,1.2834798558675935,3.3279990133049657,4.037512387044361,1.5112862311811397,58,0.0870746266145395,2.592949938474367,0.0094212375249501,0.5485434331337324,22.931157131322276
