media,desvio_padrao,maximo,minimo,rms,variancia,skewness,kurtosis,pico_a_pico,crest_factor,shape_factor,impulse_factor,margin_factor,energia,zero_crossings,mean_abs,peak_to_rms,mediana,amplitude,coeficiente_variacao
0.0040514811698916,0.0932670884060661,0.2475511377245509,-0.2558353293413173,0.0933550442098065,0.0086987497797449,0.029556719635503,0.0863637409959756,0.5033864670658683,2.740455339149665,1.2444767926502185,3.410433070866141,3.970259976779253,1.0545348778092072,60,0.0750154962801669,2.740455339149665,-0.0063349700598802,0.5033864670658683,23.020491641223902
