media,desvio_padrao,maximo,minimo,rms,variancia,skewness,kurtosis,pico_a_pico,crest_factor,shape_factor,impulse_factor,margin_factor,energia,zero_crossings,mean_abs,peak_to_rms,mediana,amplitude,coeficiente_variacao
4.027317266293548e-05,0.128879916560258,0.3303930538922155,-0.3013171656686627,0.1288799228526597,0.016610032892579,0.0931328844255125,-0.2986134481900659,0.6317102195608783,2.563572716209127,1.248690213742173,3.201108162946777,3.7935988570243055,2.0098141762554094,58,0.103212086900579,2.563572716209127,-0.004385748502994,0.6317102195608783,3200.1431235356795
