media,desvio_padrao,maximo,minimo,rms,variancia,skewness,kurtosis,pico_a_pico,crest_factor,shape_factor,impulse_factor,margin_factor,energia,zero_crossings,mean_abs,peak_to_rms,mediana,amplitude,coeficiente_variacao
0.0072416776283498,0.1177642273129814,0.2694798802395209,-0.2506374051896207,0.1179866735250066,0.0138684132346235,0.0222970060552341,-0.735863077603621,0.5201172854291417,2.2839857433764013,1.193178039665428,2.72520163190564,3.095600375872157,1.6983443257985726,61,0.0988843823827754,2.2839857433764013,0.022253612774451,0.5201172854291417,16.26200907534957
