media,desvio_padrao,maximo,minimo,rms,variancia,skewness,kurtosis,pico_a_pico,crest_factor,shape_factor,impulse_factor,margin_factor,energia,zero_crossings,mean_abs,peak_to_rms,mediana,amplitude,coeficiente_variacao
0.0013155903069893,0.1097095993880295,0.2972562874251497,-0.2624951696606786,0.1097174871009073,0.0120361961978819,-0.2543761976601784,0.4614102269582991,0.5597514570858284,2.7092881479482167,1.304256919211226,3.53360781309843,4.218777313370262,1.4565891640642707,56,0.0841226030583461,2.7092881479482167,0.0108831536926147,0.5597514570858284,83.39191829338998
