media,desvio_padrao,maximo,minimo,rms,variancia,skewness,kurtosis,pico_a_pico,crest_factor,shape_factor,impulse_factor,margin_factor,energia,zero_crossings,mean_abs,peak_to_rms,mediana,amplitude,coeficiente_variacao
0.0024593484106167,0.0816596065974801,0.1994703393213573,-0.1603234730538922,0.0816966323924066,0.0066682913496552,0.2515774042433423,-0.7558204608037111,0.3597938123752495,2.4415980620016007,1.1910765159850962,2.9081301131248294,3.322859260556742,0.8075951090554636,62,0.0685905828013394,2.4415980620016007,0.0030862674650698,0.3597938123752495,33.20375683451888
