media,desvio_padrao,maximo,minimo,rms,variancia,skewness,kurtosis,pico_a_pico,crest_factor,shape_factor,impulse_factor,margin_factor,energia,zero_crossings,mean_abs,peak_to_rms,mediana,amplitude,coeficiente_variacao
0.0013612332360073,0.1416067595641371,0.3645044311377245,-0.4007274650698603,0.1416133020241324,0.0200524743542553,-0.1380381559906174,-0.0586970166533959,0.7652318962075848,2.8297303949707486,1.2245154263840987,3.46504852114965,3.988656545742596,2.4265736045315576,62,0.1156484426188944,2.8297303949707486,0.0079593213572854,0.7652318962075848,104.02828539471194
