media,desvio_padrao,maximo,minimo,rms,variancia,skewness,kurtosis,pico_a_pico,crest_factor,shape_factor,impulse_factor,margin_factor,energia,zero_crossings,mean_abs,peak_to_rms,mediana,amplitude,coeficiente_variacao
0.0066960861747579,0.1053389505394721,0.2628200399201597,-0.2629824750499002,0.1055515611955462,0.0110962945007573,-0.14679071699955,0.0953214976230936,0.5258025149700599,2.49150720341024,1.2823195290342018,3.19490834366234,3.881792031928441,1.3480769805688744,57,0.0823129951666914,2.49150720341024,0.0038984431137724,0.5258025149700599,15.731420980895653
