media,desvio_padrao,maximo,minimo,rms,variancia,skewness,kurtosis,pico_a_pico,crest_factor,shape_factor,impulse_factor,margin_factor,energia,zero_crossings,mean_abs,peak_to_rms,mediana,amplitude,coeficiente_variacao
0.0051871846389864,0.0926913335027739,0.2197747305389221,-0.2269218762475049,0.0928363624395172,0.0085916833065224,-0.0201741643813595,-0.3132283750467648,0.4466966067864271,2.444321064338817,1.247789515117315,3.049998195662372,3.6031444291018,1.0428494131111703,54,0.0744006591775127,2.444321064338817,0.0115328942115768,0.4466966067864271,17.869295186855865
