media,desvio_padrao,maximo,minimo,rms,variancia,skewness,kurtosis,pico_a_pico,crest_factor,shape_factor,impulse_factor,margin_factor,energia,zero_crossings,mean_abs,peak_to_rms,mediana,amplitude,coeficiente_variacao
-0.000421525873872,0.1594181081625861,0.3965041516966067,-0.5232035528942116,0.1594186654510705,0.025414133210138,-0.1617954080587926,0.6929951349938297,0.9197077045908184,3.281946636636446,1.303316621404125,4.277415602089644,5.168901883357951,3.0751316181982413,65,0.122317680011877,3.281946636636446,-0.0053603592814371,0.9197077045908184,-378.192936766107
