media,desvio_padrao,maximo,minimo,rms,variancia,skewness,kurtosis,pico_a_pico,crest_factor,shape_factor,impulse_factor,margin_factor,energia,zero_crossings,mean_abs,peak_to_rms,mediana,amplitude,coeficiente_variacao
0.004231368007786,0.1020470626267389,0.2840990419161676,-0.2595713373253493,0.102134751509772,0.0104136029907455,0.2026393619181728,0.0818522737375326,0.543670379241517,2.7816099585750256,1.27324495642133,3.541670850486996,4.2313608371964895,1.26221240338151,53,0.080216105310041,2.7816099585750256,0.0034111377245508,0.543670379241517,24.11680157314692
