media,desvio_padrao,maximo,minimo,rms,variancia,skewness,kurtosis,pico_a_pico,crest_factor,shape_factor,impulse_factor,margin_factor,energia,zero_crossings,mean_abs,peak_to_rms,mediana,amplitude,coeficiente_variacao
-0.0012806868906814,0.0936799341703718,0.2550231536926148,-0.3006674251497006,0.0936886878180987,0.0087759300661652,-0.2150741422851335,0.4939437477819757,0.5556905788423154,3.209218019292375,1.278718504758832,4.103686467074646,4.860386289097626,1.0620859972343375,58,0.0732676405865953,3.209218019292375,-0.0053603592814371,0.5556905788423154,-73.14819481014996
