media,desvio_padrao,maximo,minimo,rms,variancia,skewness,kurtosis,pico_a_pico,crest_factor,shape_factor,impulse_factor,margin_factor,energia,zero_crossings,mean_abs,peak_to_rms,mediana,amplitude,coeficiente_variacao
0.002138505468402,0.0984779605006971,0.2548607185628742,-0.1957343313373253,0.0985011772011647,0.0096979087043768,0.0717260271059175,-0.419623944428467,0.4505950499001996,2.587387539972067,1.232547467325647,3.1890779593825065,3.747306457729324,1.1740003111118456,58,0.0799167413932465,2.587387539972067,-0.0077968862275449,0.4505950499001996,46.04989884560975
