media,desvio_padrao,maximo,minimo,rms,variancia,skewness,kurtosis,pico_a_pico,crest_factor,shape_factor,impulse_factor,margin_factor,energia,zero_crossings,mean_abs,peak_to_rms,mediana,amplitude,coeficiente_variacao
0.0046931670543211,0.1056785560049437,0.2868604391217564,-0.2816625149700599,0.1057827160564985,0.01116795719929,0.1125415396300345,0.4073828914335378,0.5685229540918164,2.711789315076239,1.310475543764499,3.5537335772492926,4.383415295937777,1.3539879449710654,59,0.0807208624074165,2.711789315076239,0.0001624351297405,0.5685229540918164,22.51753555366052
