media,desvio_padrao,maximo,minimo,rms,variancia,skewness,kurtosis,pico_a_pico,crest_factor,shape_factor,impulse_factor,margin_factor,energia,zero_crossings,mean_abs,peak_to_rms,mediana,amplitude,coeficiente_variacao
0.0054717817258045,0.1394015999830965,0.3904940518962076,-0.3589816367265469,0.1395089476453109,0.0194328060778472,0.0258954199270731,0.229001017939642,0.7494756886227545,2.799060981299952,1.293334260931429,3.620121465551573,4.381986043407003,2.3549923232453547,54,0.1078676656604147,2.799060981299952,-0.0022740918163672,0.7494756886227545,25.476454831099545
