media,desvio_padrao,maximo,minimo,rms,variancia,skewness,kurtosis,pico_a_pico,crest_factor,shape_factor,impulse_factor,margin_factor,energia,zero_crossings,mean_abs,peak_to_rms,mediana,amplitude,coeficiente_variacao
0.0040355809692091,0.0712386152839043,0.1830643912175648,-0.244464870259481,0.0713528291052791,0.0050749403075681,-0.2290311784167756,0.6393147439277143,0.4275292614770459,3.4261412381950525,1.2985752548961462,4.449102231699338,5.432857712727817,0.6211295990019147,61,0.0549470112234547,3.4261412381950525,0.0029238323353293,0.4275292614770459,17.65262940514495
