media,desvio_padrao,maximo,minimo,rms,variancia,skewness,kurtosis,pico_a_pico,crest_factor,shape_factor,impulse_factor,margin_factor,energia,zero_crossings,mean_abs,peak_to_rms,mediana,amplitude,coeficiente_variacao
0.0041508216624602,0.0924525220364914,0.2322822355289421,-0.2387796407185628,0.0925456544165174,0.0085474688309079,-0.1872404888774012,-0.0820304874790625,0.4710618762475049,2.580128070021467,1.2540189615550126,3.2355295230472585,3.873036069719203,1.036328476317159,52,0.0737992464657461,2.580128070021467,0.0107207185628742,0.4710618762475049,22.273306240214268
