media,desvio_padrao,maximo,minimo,rms,variancia,skewness,kurtosis,pico_a_pico,crest_factor,shape_factor,impulse_factor,margin_factor,energia,zero_crossings,mean_abs,peak_to_rms,mediana,amplitude,coeficiente_variacao
0.002366720113492,0.112857134078452,0.3294184431137724,-0.2818249500998004,0.11288194752261,0.0127367327124016,0.2961957601913806,0.087244398164219,0.6112433932135728,2.918256199006404,1.251912434918895,3.6534012238152656,4.273126132549371,1.5418224232561732,57,0.0901676062750532,2.918256199006404,-0.0022740918163672,0.6112433932135728,47.68503611182594
