media,desvio_padrao,maximo,minimo,rms,variancia,skewness,kurtosis,pico_a_pico,crest_factor,shape_factor,impulse_factor,margin_factor,energia,zero_crossings,mean_abs,peak_to_rms,mediana,amplitude,coeficiente_variacao
-0.0041843826396793,0.1294188871804637,0.3813976846307385,-0.2847487824351297,0.1294865144217916,0.0167492483590296,0.3103205439678623,0.1372457139254161,0.6661464670658683,2.94546259379851,1.2706144690667065,3.742547389775137,4.444422417002731,2.0287776474696866,62,0.1019085785453885,2.94546259379851,-0.0099085429141716,0.6661464670658683,-30.929027845881244
