media,desvio_padrao,maximo,minimo,rms,variancia,skewness,kurtosis,pico_a_pico,crest_factor,shape_factor,impulse_factor,margin_factor,energia,zero_crossings,mean_abs,peak_to_rms,mediana,amplitude,coeficiente_variacao
0.0034124801636396,0.1103095453640826,0.2391045109780439,-0.2410537325349301,0.1103623161196693,0.0121681957984305,-0.1420600908319128,-0.6480389478529176,0.4801582435129741,2.184203277081897,1.187907073755269,2.594630523365026,2.931605190011995,1.4737607391350376,62,0.0929048395770442,2.184203277081897,-0.0058476646706586,0.4801582435129741,32.325329401015274
