media,desvio_padrao,maximo,minimo,rms,variancia,skewness,kurtosis,pico_a_pico,crest_factor,shape_factor,impulse_factor,margin_factor,energia,zero_crossings,mean_abs,peak_to_rms,mediana,amplitude,coeficiente_variacao
0.0029466537998383,0.1006672666088239,0.3105759680638723,-0.2009322554890219,0.1007103834522942,0.010133898566492,0.4769567299440167,0.511745705649965,0.5115082235528943,3.0838525027659123,1.254711397906099,3.869344884681641,4.522142877117946,1.2272523415480847,54,0.0802657755563253,3.0838525027659123,0.0035735728542914,0.5115082235528943,34.16324870412218
