media,desvio_padrao,maximo,minimo,rms,variancia,skewness,kurtosis,pico_a_pico,crest_factor,shape_factor,impulse_factor,margin_factor,energia,zero_crossings,mean_abs,peak_to_rms,mediana,amplitude,coeficiente_variacao
0.0021183688820705,0.1476363045465618,0.4377626746506985,-0.3817225548902195,0.1476515015395566,0.0217964784201651,-0.0033146718919255,0.2324181913340925,0.8194852295409181,2.9648372694226857,1.2786863698413158,3.7910970052083326,4.55858177728884,2.6379168747331687,61,0.1154712406591775,2.9648372694226857,0.0064974051896207,0.8194852295409181,69.69338805725705
