media,desvio_padrao,maximo,minimo,rms,variancia,skewness,kurtosis,pico_a_pico,crest_factor,shape_factor,impulse_factor,margin_factor,energia,zero_crossings,mean_abs,peak_to_rms,mediana,amplitude,coeficiente_variacao
0.0028862440408439,0.1047395891202231,0.2646068263473054,-0.2667184830339321,0.1047793487941992,0.0109703815290731,0.0797798914382616,-0.1609850531202439,0.5313253093812376,2.5455252977168525,1.2606840899170857,3.2091032433130886,3.825289620291585,1.3284241439821132,55,0.0831130888635951,2.5455252977168525,-0.0053603592814371,0.5313253093812376,36.28923529612469
