media,desvio_padrao,maximo,minimo,rms,variancia,skewness,kurtosis,pico_a_pico,crest_factor,shape_factor,impulse_factor,margin_factor,energia,zero_crossings,mean_abs,peak_to_rms,mediana,amplitude,coeficiente_variacao
0.0021062869302716,0.1194175561918728,0.2365055489021956,-0.308301876247505,0.1194361300924964,0.0142605527268391,-0.2632602293608969,-0.5123822569798562,0.5448074251497006,2.581311668493804,1.208611206049902,3.1198022088489803,3.60322866650345,1.7260636897480806,63,0.0988209686412299,2.581311668493804,0.0004873053892215,0.5448074251497006,56.69576849934176
