media,desvio_padrao,maximo,minimo,rms,variancia,skewness,kurtosis,pico_a_pico,crest_factor,shape_factor,impulse_factor,margin_factor,energia,zero_crossings,mean_abs,peak_to_rms,mediana,amplitude,coeficiente_variacao
0.0034930265089655,0.1291493360061536,0.2831244311377245,-0.2798757285429142,0.1291965642926417,0.0166795509908303,-0.0661479455327995,-0.5574746592185553,0.5630001596806387,2.191423840779716,1.2188162488380487,2.6709429852334026,3.090588883632816,2.0197020192277484,60,0.1060016753270319,2.191423840779716,0.0081217564870259,0.5630001596806387,36.973477205130415
