media,desvio_padrao,maximo,minimo,rms,variancia,skewness,kurtosis,pico_a_pico,crest_factor,shape_factor,impulse_factor,margin_factor,energia,zero_crossings,mean_abs,peak_to_rms,mediana,amplitude,coeficiente_variacao
0.0018972955727888,0.0988985228878008,0.2694798802395209,-0.3609308582834331,0.098916720325127,0.0097809178293888,-0.2424212008676825,1.001741263370529,0.630410738522954,3.6488356781047537,1.2904189121276204,4.7085265662723845,5.591497504933888,1.1937111423052864,53,0.0766547354471385,3.6488356781047537,0.0007309580838323,0.630410738522954,52.12604947073648
