media,desvio_padrao,maximo,minimo,rms,variancia,skewness,kurtosis,pico_a_pico,crest_factor,shape_factor,impulse_factor,margin_factor,energia,zero_crossings,mean_abs,peak_to_rms,mediana,amplitude,coeficiente_variacao
-0.002189518153775,0.1822723738919544,0.4868180838323353,-0.4871429540918163,0.1822855240384001,0.0332232182842084,0.0355967538166042,0.7800640492328772,0.9739610379241516,2.6724171140940145,1.342974531483918,3.5889881217300137,4.3788633103648085,4.020589485148452,60,0.1357326738259019,2.6724171140940145,-0.0081217564870259,0.9739610379241516,-83.2477107247028
