media,desvio_padrao,maximo,minimo,rms,variancia,skewness,kurtosis,pico_a_pico,crest_factor,shape_factor,impulse_factor,margin_factor,energia,zero_crossings,mean_abs,peak_to_rms,mediana,amplitude,coeficiente_variacao
0.0041145758070635,0.111387222159032,0.274190499001996,-0.2746778043912176,0.1114631912084775,0.0124071132603055,-0.1198420090068386,-0.3718078472254666,0.5488683033932136,2.4642915873229225,1.2249074698177538,3.018529173120897,3.500318812530848,1.503309202319693,66,0.0909972336319097,2.4642915873229225,0.0095836726546906,0.5488683033932136,27.071374397285805
