media,desvio_padrao,maximo,minimo,rms,variancia,skewness,kurtosis,pico_a_pico,crest_factor,shape_factor,impulse_factor,margin_factor,energia,zero_crossings,mean_abs,peak_to_rms,mediana,amplitude,coeficiente_variacao
0.0025297274303851,0.1013023083867406,0.248850618762475,-0.2342314570858283,0.1013338897178744,0.0102621576844823,0.2489548100000759,-0.3838906056012869,0.4830820758483034,2.455749201528773,1.2360132059331834,3.0353384435494344,3.5540518636807223,1.2527639790532308,51,0.081984471712313,2.455749201528773,0.0008121756487025,0.4830820758483034,40.04475231994386
