media,desvio_padrao,maximo,minimo,rms,variancia,skewness,kurtosis,pico_a_pico,crest_factor,shape_factor,impulse_factor,margin_factor,energia,zero_crossings,mean_abs,peak_to_rms,mediana,amplitude,coeficiente_variacao
0.0030137757542765,0.1543139398329869,0.4449098203592814,-0.4559554091816367,0.1543433667867711,0.0238127920267787,-0.0781408737427374,1.461131223356813,0.9008652295409182,2.954162648347236,1.3833922025954557,4.086765572922307,5.149986530368071,2.882446859400169,61,0.1115687702281387,2.954162648347236,0.0,0.9008652295409182,51.20286060235713
