media,desvio_padrao,maximo,minimo,rms,variancia,skewness,kurtosis,pico_a_pico,crest_factor,shape_factor,impulse_factor,margin_factor,energia,zero_crossings,mean_abs,peak_to_rms,mediana,amplitude,coeficiente_variacao
0.0010108566338397,0.1218808783789641,0.3354285429141716,-0.3971538922155688,0.1218850702324203,0.0148549485144278,0.0156761397399101,0.7260064566206386,0.7325824351297405,3.2584293667652946,1.2873979930146051,4.194895427153491,4.958518302205699,1.7975724118130063,57,0.0946755167351248,3.2584293667652946,0.0008121756487025,0.7325824351297405,120.57187369488535
