media,desvio_padrao,maximo,minimo,rms,variancia,skewness,kurtosis,pico_a_pico,crest_factor,shape_factor,impulse_factor,margin_factor,energia,zero_crossings,mean_abs,peak_to_rms,mediana,amplitude,coeficiente_variacao
-0.0012686049388825,0.1009177483794212,0.2733783233532934,-0.2244853493013971,0.1009257216791791,0.0101843919379721,0.1699940459111799,-0.3606300574277341,0.4978636726546905,2.708708135100617,1.2213606918047963,3.3083096417837696,3.833715375987296,1.2325061568720397,53,0.0826338381089061,2.708708135100617,-0.0194922155688622,0.4978636726546905,-79.55017774746582
