media,desvio_padrao,maximo,minimo,rms,variancia,skewness,kurtosis,pico_a_pico,crest_factor,shape_factor,impulse_factor,margin_factor,energia,zero_crossings,mean_abs,peak_to_rms,mediana,amplitude,coeficiente_variacao
0.0034097952854621,0.0924239302130501,0.2017444311377245,-0.2179879441117764,0.0924868075993302,0.0085421828760267,-0.1708298379611962,-0.2717814599832571,0.419732375249501,2.356962574123437,1.233653308165539,2.907674676789743,3.401114056730732,1.0350109591697785,42,0.0749698533511489,2.356962574123437,0.0053603592814371,0.419732375249501,27.10541908691854
