media,desvio_padrao,maximo,minimo,rms,variancia,skewness,kurtosis,pico_a_pico,crest_factor,shape_factor,impulse_factor,margin_factor,energia,zero_crossings,mean_abs,peak_to_rms,mediana,amplitude,coeficiente_variacao
0.0002121053760248,0.1444309615085164,0.3529715369261477,-0.4226562075848303,0.1444311172530528,0.0208603026422745,-0.2699978489905431,0.416070956050425,0.775627744510978,2.926351437442036,1.2866369463923408,3.765151877541258,4.492305651415667,2.524102063346776,63,0.1122547566024974,2.926351437442036,0.0126699401197604,0.775627744510978,680.9396546913644
