media,desvio_padrao,maximo,minimo,rms,variancia,skewness,kurtosis,pico_a_pico,crest_factor,shape_factor,impulse_factor,margin_factor,energia,zero_crossings,mean_abs,peak_to_rms,mediana,amplitude,coeficiente_variacao
0.0042045192260107,0.0897247175990916,0.2777640718562874,-0.3178855489021956,0.0898231759077724,0.0080505249482367,-0.0846685966910619,1.4534667479037973,0.595649620758483,3.539014799794991,1.310941015403826,4.6394396551724135,5.488021848012323,0.9762525545491948,58,0.0685180910905461,3.539014799794991,-0.0012994810379241,0.595649620758483,21.340065956654364
