media,desvio_padrao,maximo,minimo,rms,variancia,skewness,kurtosis,pico_a_pico,crest_factor,shape_factor,impulse_factor,margin_factor,energia,zero_crossings,mean_abs,peak_to_rms,mediana,amplitude,coeficiente_variacao
0.002229791326438,0.1358824533682417,0.4449098203592814,-0.3458243912175649,0.1359007472486147,0.0184640411333724,0.1101783385298631,0.4110895469621511,0.7907342115768463,3.2737849450185164,1.2539382908643475,4.105124298613951,4.777493090719781,2.234750585430555,55,0.108379134953234,3.2737849450185164,0.0123450698602794,0.7907342115768463,60.93953804426455
