media,desvio_padrao,maximo,minimo,rms,variancia,skewness,kurtosis,pico_a_pico,crest_factor,shape_factor,impulse_factor,margin_factor,energia,zero_crossings,mean_abs,peak_to_rms,mediana,amplitude,coeficiente_variacao
0.0002995729851771,0.0885468072894908,0.2137646307385229,-0.2137646307385229,0.0885473140481159,0.0078405370811622,-0.0219006941197928,-0.0959647319414438,0.4275292614770459,2.4141289099109757,1.2608328021648512,3.0438129182702327,3.6061917440445335,0.956556472666552,49,0.0702292277739602,2.4141289099109757,0.0041420958083832,0.4275292614770459,295.57674313362503
