media,desvio_padrao,maximo,minimo,rms,variancia,skewness,kurtosis,pico_a_pico,crest_factor,shape_factor,impulse_factor,margin_factor,energia,zero_crossings,mean_abs,peak_to_rms,mediana,amplitude,coeficiente_variacao
0.0074706735289751,0.1241322538299518,0.2845863473053892,-0.3099262275449101,0.1243568550739367,0.0154088164409035,-0.2665658301259112,-0.2895620151521156,0.5945125748502994,2.492232755167719,1.2270350024949803,3.0580568249552944,3.587943012594661,1.8712199158694935,59,0.1013474390062849,2.492232755167719,0.0147815968063872,0.5945125748502994,16.615938756860835
