media,desvio_padrao,maximo,minimo,rms,variancia,skewness,kurtosis,pico_a_pico,crest_factor,shape_factor,impulse_factor,margin_factor,energia,zero_crossings,mean_abs,peak_to_rms,mediana,amplitude,coeficiente_variacao
-0.0012235892150125,0.0946064849606993,0.308301876247505,-0.248525748502994,0.094614397251085,0.008950386996619,0.2882752349507944,0.5961941141197586,0.556827624750499,3.258509119170755,1.251994331935397,4.079634947761588,4.747600709938375,1.0921298683967071,48,0.0755709469585419,3.258509119170755,-0.0019492215568862,0.556827624750499,-77.31882873757209
