media,desvio_padrao,maximo,minimo,rms,variancia,skewness,kurtosis,pico_a_pico,crest_factor,shape_factor,impulse_factor,margin_factor,energia,zero_crossings,mean_abs,peak_to_rms,mediana,amplitude,coeficiente_variacao
0.0053227709869517,0.1556872140408576,0.6027967664670658,-0.6317102195608783,0.1557781772482377,0.0242385086158038,-0.21822773720898,3.878927452492487,1.234506986027944,4.055190725169592,1.462488514452405,5.930669859474447,7.596809235343487,2.936287701320787,58,0.1065158294980287,4.055190725169592,0.0073095808383233,1.234506986027944,29.249279073345555
