media,desvio_padrao,maximo,minimo,rms,variancia,skewness,kurtosis,pico_a_pico,crest_factor,shape_factor,impulse_factor,margin_factor,energia,zero_crossings,mean_abs,peak_to_rms,mediana,amplitude,coeficiente_variacao
5.369756355060671e-06,0.1193864293901395,0.2477135728542914,-0.2840990419161676,0.1193864295108999,0.0142531195225267,-0.1049607135750271,-0.3588882126199952,0.531812614770459,2.379659422599866,1.2411722507925866,2.9535672416680625,3.466823913232561,1.7246274657146894,63,0.0961884455881625,2.379659422599866,-0.0030862674650698,0.531812614770459,22233.118505949547
