media,desvio_padrao,maximo,minimo,rms,variancia,skewness,kurtosis,pico_a_pico,crest_factor,shape_factor,impulse_factor,margin_factor,energia,zero_crossings,mean_abs,peak_to_rms,mediana,amplitude,coeficiente_variacao
0.0048394929149964,0.1513639012101735,0.4655390818363273,-0.4177831536926147,0.1514412469614453,0.0229110305895631,0.0367412525372265,0.6250162492353084,0.8833222355289421,3.0740573732521272,1.2671494770255078,3.89529019286284,4.59513399499282,2.7750686050297344,64,0.1195133247554477,3.0740573732521272,0.0108831536926147,0.8833222355289421,31.276810167679404
