media,desvio_padrao,maximo,minimo,rms,variancia,skewness,kurtosis,pico_a_pico,crest_factor,shape_factor,impulse_factor,margin_factor,energia,zero_crossings,mean_abs,peak_to_rms,mediana,amplitude,coeficiente_variacao
0.0053845231850348,0.101598296406472,0.2655814371257485,-0.1957343313373253,0.1017408812750681,0.0103222138326973,0.2760832246079111,-0.3755201016772376,0.4613157684630738,2.610370912826266,1.211194607328458,3.1616671727422374,3.6158321526257486,1.25249603763793,54,0.0840004411012685,2.610370912826266,0.0030862674650698,0.4613157684630738,18.86857812941401
