media,desvio_padrao,maximo,minimo,rms,variancia,skewness,kurtosis,pico_a_pico,crest_factor,shape_factor,impulse_factor,margin_factor,energia,zero_crossings,mean_abs,peak_to_rms,mediana,amplitude,coeficiente_variacao
0.0065906056738981,0.0941483893353988,0.2332568463073852,-0.3354285429141716,0.0943787862689422,0.0088639192144498,-0.6027356683383731,2.150692081006176,0.5686853892215569,3.5540671391803347,1.3826900122446677,4.914173136191628,6.149082160390751,1.086697346307038,45,0.0682573718137495,3.5540671391803347,0.0080405389221556,0.5686853892215569,14.28524084034806
