media,desvio_padrao,maximo,minimo,rms,variancia,skewness,kurtosis,pico_a_pico,crest_factor,shape_factor,impulse_factor,margin_factor,energia,zero_crossings,mean_abs,peak_to_rms,mediana,amplitude,coeficiente_variacao
0.0050824743900628,0.1268126824267858,0.3303930538922155,-0.3149617165668663,0.1269144907810076,0.0160814564242768,-0.0794351608607237,0.0034525027509451,0.6453547704590819,2.6032728954671724,1.2780887248092392,3.327213735298094,4.01933162796043,1.9489818443945004,63,0.0993002193959189,2.6032728954671724,0.0051979241516966,0.6453547704590819,24.950973225704285
