media,desvio_padrao,maximo,minimo,rms,variancia,skewness,kurtosis,pico_a_pico,crest_factor,shape_factor,impulse_factor,margin_factor,energia,zero_crossings,mean_abs,peak_to_rms,mediana,amplitude,coeficiente_variacao
0.0070800237541446,0.1043240548565255,0.3035912574850299,-0.2727285828343313,0.1045640242055871,0.0108835084217073,0.31152844869299,0.5229626626232817,0.5763198403193612,2.903400665683334,1.322653682160457,3.840193581253184,4.703407983957343,1.3229698541260602,51,0.0790562379373484,2.903400665683334,0.0021116566866267,0.5763198403193612,14.734986559254812
