media,desvio_padrao,maximo,minimo,rms,variancia,skewness,kurtosis,pico_a_pico,crest_factor,shape_factor,impulse_factor,margin_factor,energia,zero_crossings,mean_abs,peak_to_rms,mediana,amplitude,coeficiente_variacao
0.0009383649230464,0.1661320501556946,0.4085243512974052,-0.4190826347305389,0.1661347002214258,0.0275998580889342,-0.0871600996295503,0.1228955271972935,0.8276069860279441,2.5225472714127863,1.2702940500617166,3.204376789875081,3.798836569323638,3.339689372737226,61,0.1307844433447155,2.5225472714127863,0.0045481836327345,0.8276069860279441,177.04418193333063
