media,desvio_padrao,maximo,minimo,rms,variancia,skewness,kurtosis,pico_a_pico,crest_factor,shape_factor,impulse_factor,margin_factor,energia,zero_crossings,mean_abs,peak_to_rms,mediana,amplitude,coeficiente_variacao
0.0034742323617228,0.1351864150818094,0.3721388822355289,-0.3593065069860279,0.1352310508469653,0.0182753668226712,-0.1561627579070355,0.1704763754595548,0.7314453892215569,2.7518745133220994,1.2750017041919903,3.508644694208181,4.183301707483302,2.2127798906941183,58,0.106063427525115,2.7518745133220994,0.0193297804391217,0.7314453892215569,38.911161087329205
