media,desvio_padrao,maximo,minimo,rms,variancia,skewness,kurtosis,pico_a_pico,crest_factor,shape_factor,impulse_factor,margin_factor,energia,zero_crossings,mean_abs,peak_to_rms,mediana,amplitude,coeficiente_variacao
0.0040044958017848,0.140272793657474,0.3664536526946108,-0.3732759281437126,0.1403299420191528,0.0196764566404722,-0.106089056168911,-0.2379664740680525,0.7397295808383233,2.659987760080214,1.231530775028582,3.275856787738128,3.8356247900372624,2.382791607878953,61,0.1139475722934296,2.659987760080214,0.0160810778443113,0.7397295808383233,35.02882774779097
