media,desvio_padrao,maximo,minimo,rms,variancia,skewness,kurtosis,pico_a_pico,crest_factor,shape_factor,impulse_factor,margin_factor,energia,zero_crossings,mean_abs,peak_to_rms,mediana,amplitude,coeficiente_variacao
0.0035522698864565,0.0783302057883985,0.1855009181636726,-0.1908612774451097,0.0784107120245638,0.0061356211388528,-0.1260013105400242,0.0383838375985692,0.3763621956087824,2.434122488076862,1.2831588738707234,3.12336587066411,3.795953525915192,0.7500852507442888,50,0.0611075632341873,2.434122488076862,8.121756487025947e-05,0.3763621956087824,22.050747350881387
