media,desvio_padrao,maximo,minimo,rms,variancia,skewness,kurtosis,pico_a_pico,crest_factor,shape_factor,impulse_factor,margin_factor,energia,zero_crossings,mean_abs,peak_to_rms,mediana,amplitude,coeficiente_variacao
-0.0008417093086554,0.1147438562298519,0.2519368862275449,-0.2207493413173652,0.1147469433887335,0.0131661525424969,0.1746211310666323,-0.7923639660675557,0.4726862275449102,2.1955869044288763,1.20302967903128,2.641356208920353,3.057655004365479,1.5931901830639223,62,0.0953816396958149,2.1955869044288763,-0.0100709780439121,0.4726862275449102,-136.3224275292251
