media,desvio_padrao,maximo,minimo,rms,variancia,skewness,kurtosis,pico_a_pico,crest_factor,shape_factor,impulse_factor,margin_factor,energia,zero_crossings,mean_abs,peak_to_rms,mediana,amplitude,coeficiente_variacao
0.0075404803615908,0.1057163345007721,0.2685052694610779,-0.2616829940119761,0.1059849150792823,0.0111759433802791,-0.253024898167787,0.33038982544879,0.5301882634730539,2.5334291135698104,1.3066136252366614,3.310212998361552,4.0426247896116365,1.3591690691478855,61,0.0811141970604246,2.5334291135698104,0.0060100998003992,0.5301882634730539,14.019840836568202
