media,desvio_padrao,maximo,minimo,rms,variancia,skewness,kurtosis,pico_a_pico,crest_factor,shape_factor,impulse_factor,margin_factor,energia,zero_crossings,mean_abs,peak_to_rms,mediana,amplitude,coeficiente_variacao
0.0017169795945299,0.095392976048816,0.2524241916167664,-0.2131148902195608,0.095408426768174,0.0090998198794499,0.0005920244970129,-0.3959198103838814,0.4655390818363273,2.645722187937482,1.2341064097634746,3.265102710587091,3.8348809058311377,1.1014349157037413,57,0.0773097246828656,2.645722187937482,0.0056852295409181,0.4655390818363273,55.55859624233421
