media,desvio_padrao,maximo,minimo,rms,variancia,skewness,kurtosis,pico_a_pico,crest_factor,shape_factor,impulse_factor,margin_factor,energia,zero_crossings,mean_abs,peak_to_rms,mediana,amplitude,coeficiente_variacao
-0.0010685815146566,0.1112668081497354,0.2551855888223553,-0.2223736926147704,0.1112719392402392,0.01238030259583,0.3158001247820585,-0.3808558127078618,0.4775592814371258,2.293350781560501,1.2468468788327167,2.8594572640572826,3.383452586170522,1.498154779936303,60,0.0892426657428943,2.293350781560501,-0.009096367265469,0.4775592814371258,-104.12570929180656
