media,desvio_padrao,maximo,minimo,rms,variancia,skewness,kurtosis,pico_a_pico,crest_factor,shape_factor,impulse_factor,margin_factor,energia,zero_crossings,mean_abs,peak_to_rms,mediana,amplitude,coeficiente_variacao
0.0022324762046155,0.0985403134284033,0.214739241516966,-0.2236731736526946,0.0985655990727603,0.0097101933705679,0.0745026403963285,-0.2895237931462935,0.4384124151696607,2.26928234350385,1.2788527328516914,2.902077926601989,3.52689352716009,1.1755364557892294,52,0.077073455403243,2.26928234350385,0.0027613972055888,0.4384124151696607,44.13946864234201
