media,desvio_padrao,maximo,minimo,rms,variancia,skewness,kurtosis,pico_a_pico,crest_factor,shape_factor,impulse_factor,margin_factor,energia,zero_crossings,mean_abs,peak_to_rms,mediana,amplitude,coeficiente_variacao
0.0027224664720146,0.0986356883590255,0.2327695409181636,-0.2672057884231537,0.0986732529196744,0.0097289990180588,0.0080126120769413,-0.2963617170766031,0.4999753293413174,2.7079860095488506,1.2182273381547126,3.298942588172898,3.809404133148875,1.1781057118517553,53,0.080997404859702,2.7079860095488506,0.0025989620758483,0.4999753293413174,36.23026743320526
