media,desvio_padrao,maximo,minimo,rms,variancia,skewness,kurtosis,pico_a_pico,crest_factor,shape_factor,impulse_factor,margin_factor,energia,zero_crossings,mean_abs,peak_to_rms,mediana,amplitude,coeficiente_variacao
0.00585706174428,0.1023059564486374,0.2740280638722555,-0.235368502994012,0.1024734789940637,0.0104665087248705,-0.1325158543525411,-0.3211261896765993,0.5093965668662674,2.6741364357126,1.2300198448171926,3.2892408836752125,3.807855855232455,1.270598481554765,46,0.0833104274096435,2.6741364357126,0.0164059481037924,0.5093965668662674,17.467112507145536
