media,desvio_padrao,maximo,minimo,rms,variancia,skewness,kurtosis,pico_a_pico,crest_factor,shape_factor,impulse_factor,margin_factor,energia,zero_crossings,mean_abs,peak_to_rms,mediana,amplitude,coeficiente_variacao
0.0016404605664703,0.1062558420777342,0.2501500998003992,-0.2647692614770459,0.1062685046780961,0.0112903039756483,0.1543204770077969,-0.1596336002633478,0.5149193612774452,2.4915120644547817,1.2429072788037352,3.0967184801381693,3.630122454324932,1.3664524054687432,52,0.0854999455634186,2.4915120644547817,-0.0125075049900199,0.5149193612774452,64.77195749139871
