media,desvio_padrao,maximo,minimo,rms,variancia,skewness,kurtosis,pico_a_pico,crest_factor,shape_factor,impulse_factor,margin_factor,energia,zero_crossings,mean_abs,peak_to_rms,mediana,amplitude,coeficiente_variacao
0.0050878441464179,0.1085042153107873,0.2923832335329341,-0.2589215968063872,0.1086234362293328,0.0117731647402097,-0.1093773655494607,-0.255819767735058,0.5513048303393214,2.691714087516396,1.2315452061828118,3.3149675808955585,3.8740580501313326,1.4276851586904211,37,0.088200933010013,2.691714087516396,0.0191673453093812,0.5513048303393214,21.326167270115715
