media,desvio_padrao,maximo,minimo,rms,variancia,skewness,kurtosis,pico_a_pico,crest_factor,shape_factor,impulse_factor,margin_factor,energia,zero_crossings,mean_abs,peak_to_rms,mediana,amplitude,coeficiente_variacao
0.0052851826924663,0.113745075488757,0.2769518962075848,-0.23163249500998,0.1138677977043368,0.012937942197943,-0.0992533595047376,-0.4488284976055103,0.5085843912175649,2.43222317275955,1.2350797922311945,3.003989690871762,3.569395949720259,1.5688709178383304,64,0.0921946892990877,2.43222317275955,0.0027613972055888,0.5085843912175649,21.521503060034902
