media,desvio_padrao,maximo,minimo,rms,variancia,skewness,kurtosis,pico_a_pico,crest_factor,shape_factor,impulse_factor,margin_factor,energia,zero_crossings,mean_abs,peak_to_rms,mediana,amplitude,coeficiente_variacao
0.0065685544613252,0.1128196747892472,0.2970938522954092,-0.2577845508982036,0.1130107292572829,0.0127282790195515,-0.1063668283211309,-0.2438332175544446,0.5548784031936128,2.6288995235048715,1.2214438802826897,3.211053234863104,3.703029869102392,1.545342416198812,57,0.0925222444367463,2.6288995235048715,0.0040608782435129,0.5548784031936128,17.1757234340544
