media,desvio_padrao,maximo,minimo,rms,variancia,skewness,kurtosis,pico_a_pico,crest_factor,shape_factor,impulse_factor,margin_factor,energia,zero_crossings,mean_abs,peak_to_rms,mediana,amplitude,coeficiente_variacao
0.0056013491050685,0.1107060718583283,0.2852360878243513,-0.3196723353293413,0.1108476858490884,0.0122558343463013,-0.170990738891953,0.0526641568223933,0.6049084231536925,2.883888219051802,1.264858739214328,3.647711216784916,4.363614362150299,1.499039553887981,55,0.0876364153659893,2.883888219051802,0.0105582834331337,0.6049084231536925,19.76417998266748
