media,desvio_padrao,maximo,minimo,rms,variancia,skewness,kurtosis,pico_a_pico,crest_factor,shape_factor,impulse_factor,margin_factor,energia,zero_crossings,mean_abs,peak_to_rms,mediana,amplitude,coeficiente_variacao
0.0011437581036274,0.1045794497015378,0.3084643113772455,-0.3791235928143713,0.1045857040062172,0.0109368612998764,0.1329935522526055,1.7051242349489648,0.6875879041916169,3.62500397560869,1.3405930567925812,4.859655160546512,5.915837440063638,1.3235185073796074,50,0.0780145052044671,3.62500397560869,-0.0079593213572854,0.6875879041916169,91.43493660928988
