media,desvio_padrao,maximo,minimo,rms,variancia,skewness,kurtosis,pico_a_pico,crest_factor,shape_factor,impulse_factor,margin_factor,energia,zero_crossings,mean_abs,peak_to_rms,mediana,amplitude,coeficiente_variacao
0.0035722304152026,0.1274762786313678,0.329905748502994,-0.3662912175648702,0.1275263205924229,0.0162502016137021,0.016805178110204,0.0034861379061466,0.6961969660678642,2.872279352711395,1.24127455285489,3.56528726921117,4.202172404408702,1.967818455704812,58,0.102738205902245,2.872279352711395,-0.0016243512974051,0.6961969660678642,35.68534607646134
