media,desvio_padrao,maximo,minimo,rms,variancia,skewness,kurtosis,pico_a_pico,crest_factor,shape_factor,impulse_factor,margin_factor,energia,zero_crossings,mean_abs,peak_to_rms,mediana,amplitude,coeficiente_variacao
0.0023183923062964,0.1210933829742873,0.2849112175648702,-0.3492355289421158,0.1211155743207426,0.0146636074001574,-0.0439444883628455,0.0974972512255725,0.6341467465069861,2.8834898476166058,1.304160744414402,3.760534266179043,4.641137500771278,1.7749468635082426,55,0.0928685937216476,2.8834898476166058,0.0027613972055888,0.6341467465069861,52.23161871500827
