media,desvio_padrao,maximo,minimo,rms,variancia,skewness,kurtosis,pico_a_pico,crest_factor,shape_factor,impulse_factor,margin_factor,energia,zero_crossings,mean_abs,peak_to_rms,mediana,amplitude,coeficiente_variacao
0.0028983259926428,0.127948551331616,0.3620679041916168,-0.4780465868263473,0.1279813739628497,0.0163708317878591,-0.633005276520112,1.8157790957549256,0.8401144910179641,3.735282502632874,1.3177094066865291,4.922016890350938,5.881175221823484,1.981887081851676,60,0.0971241256330314,3.735282502632874,0.0113704590818363,0.8401144910179641,44.14567293548202
