media,desvio_padrao,maximo,minimo,rms,variancia,skewness,kurtosis,pico_a_pico,crest_factor,shape_factor,impulse_factor,margin_factor,energia,zero_crossings,mean_abs,peak_to_rms,mediana,amplitude,coeficiente_variacao
0.0003195005031259,0.1239382158858766,0.2962816766467065,-0.3286062674650699,0.1239386277055933,0.0153606813569741,-0.1726490834150982,0.2005607897755914,0.6248879441117765,2.651362803900402,1.2715329524597732,3.3712951740855,4.002735690870223,1.8586547959430249,53,0.0974718173570215,2.651362803900402,0.0073095808383233,0.6248879441117765,387.9124279094086
