media,desvio_padrao,maximo,minimo,rms,variancia,skewness,kurtosis,pico_a_pico,crest_factor,shape_factor,impulse_factor,margin_factor,energia,zero_crossings,mean_abs,peak_to_rms,mediana,amplitude,coeficiente_variacao
0.0098011477870704,0.0902023841941068,0.3016420359281437,-0.2470638323353293,0.0907333048678667,0.0081364701143012,0.4201876823676735,0.5279431981155027,0.548705868263473,3.324490785025624,1.315281999285017,4.372642886333119,5.40452675439415,0.9961364460816764,54,0.0689839174543475,3.324490785025624,0.0055227944111776,0.548705868263473,9.203247023078294
