media,desvio_padrao,maximo,minimo,rms,variancia,skewness,kurtosis,pico_a_pico,crest_factor,shape_factor,impulse_factor,margin_factor,energia,zero_crossings,mean_abs,peak_to_rms,mediana,amplitude,coeficiente_variacao
0.0046408119298592,0.0877615374176406,0.2155514171656686,-0.1606483433133732,0.0878841543469371,0.0077020874499079,0.3123218382373263,-0.5931129194877305,0.3761997604790419,2.452676694307645,1.2012776397484324,2.9463456704038755,3.35953102386035,0.9345585748184286,57,0.0731589030204054,2.452676694307645,-0.0064974051896207,0.3761997604790419,18.910815336639093
