media,desvio_padrao,maximo,minimo,rms,variancia,skewness,kurtosis,pico_a_pico,crest_factor,shape_factor,impulse_factor,margin_factor,energia,zero_crossings,mean_abs,peak_to_rms,mediana,amplitude,coeficiente_variacao
0.0088775496940004,0.0803363750775567,0.2371552894211576,-0.218475249500998,0.0808253923539584,0.0064539331606018,-0.1384823294331633,0.3900093629921608,0.4556305389221556,2.9341681186350943,1.2764828310143976,3.745415226747514,4.459171158217153,0.7904620299497309,55,0.0633188244997608,2.9341681186350943,0.005035489021956,0.4556305389221556,9.049386130933089
