media,desvio_padrao,maximo,minimo,rms,variancia,skewness,kurtosis,pico_a_pico,crest_factor,shape_factor,impulse_factor,margin_factor,energia,zero_crossings,mean_abs,peak_to_rms,mediana,amplitude,coeficiente_variacao
0.0014149307995579,0.1067922267475513,0.3407889021956088,-0.2823122554890219,0.1068015998141786,0.0114045796937004,0.2270981177620643,0.5462010852660044,0.6231011576846308,3.190859526341728,1.3045696240570277,4.162698412698413,5.035839578564312,1.380196388467023,56,0.0818673053892215,3.190859526341728,-0.0022740918163672,0.6231011576846308,75.47522944649913
