media,desvio_padrao,maximo,minimo,rms,variancia,skewness,kurtosis,pico_a_pico,crest_factor,shape_factor,impulse_factor,margin_factor,energia,zero_crossings,mean_abs,peak_to_rms,mediana,amplitude,coeficiente_variacao
0.0018941815542468,0.0806354553117248,0.21912499001996,-0.1924856287425149,0.0806577000483501,0.0065020766533291,0.2450563219230567,-0.1404359506881678,0.411610618762475,2.71672747783046,1.2235607280948375,3.32408105080949,3.831087210596457,0.7871854138278445,50,0.0659204714537866,2.71672747783046,-0.0021116566866267,0.411610618762475,42.57007736715357
