media,desvio_padrao,maximo,minimo,rms,variancia,skewness,kurtosis,pico_a_pico,crest_factor,shape_factor,impulse_factor,margin_factor,energia,zero_crossings,mean_abs,peak_to_rms,mediana,amplitude,coeficiente_variacao
0.0090883126309364,0.1475614642298237,0.4635898602794411,-0.5790812375249501,0.1478410739683907,0.0217743857256495,-0.1532823499133832,2.8810241065460227,1.0426710978043912,3.916917146102179,1.4660760631073912,5.742498469075321,7.343031007451987,2.6446949614073887,59,0.1008413394698207,3.916917146102179,0.0118577644710578,1.0426710978043912,16.236398352707056
