media,desvio_padrao,maximo,minimo,rms,variancia,skewness,kurtosis,pico_a_pico,crest_factor,shape_factor,impulse_factor,margin_factor,energia,zero_crossings,mean_abs,peak_to_rms,mediana,amplitude,coeficiente_variacao
-2.1479025420233967e-05,0.0922920374730758,0.2077545309381237,-0.3264946107784431,0.0922920399724709,0.0085178201809316,-0.4225478234721401,0.571033305464042,0.5342491417165669,3.5376248144025277,1.2779195835962058,4.520800029740883,5.443888903487768,1.0306562977159008,57,0.072220538097359,3.5376248144025277,0.0034111377245508,0.5342491417165669,-4296.844743529828
