media,desvio_padrao,maximo,minimo,rms,variancia,skewness,kurtosis,pico_a_pico,crest_factor,shape_factor,impulse_factor,margin_factor,energia,zero_crossings,mean_abs,peak_to_rms,mediana,amplitude,coeficiente_variacao
0.0041508216624602,0.1580207355035748,0.4574173253493014,-0.4536813173652695,0.1580752421145206,0.0249705528490907,-0.0538211517957172,0.1117237048556414,0.9110986427145708,2.8936683520491893,1.2543115969356924,3.629561771661092,4.290617802416181,3.023521642517281,59,0.1260254967750449,2.8936683520491893,0.0086090618762475,0.9110986427145708,38.06974819773764
