media,desvio_padrao,maximo,minimo,rms,variancia,skewness,kurtosis,pico_a_pico,crest_factor,shape_factor,impulse_factor,margin_factor,energia,zero_crossings,mean_abs,peak_to_rms,mediana,amplitude,coeficiente_variacao
-0.000284597086818,0.1236543046182741,0.2927081037924151,-0.312687624750499,0.1236546321256538,0.0152903870506289,-0.1185498617488047,-0.3658007675919816,0.6053957285429141,2.528717439656899,1.2275041668756033,3.1040111940298503,3.617926149803892,1.8501466335818235,48,0.100736629220897,2.528717439656899,0.0095836726546906,0.6053957285429141,-434.48900338641977
