media,desvio_padrao,maximo,minimo,rms,variancia,skewness,kurtosis,pico_a_pico,crest_factor,shape_factor,impulse_factor,margin_factor,energia,zero_crossings,mean_abs,peak_to_rms,mediana,amplitude,coeficiente_variacao
0.0010198795850921,0.148718472368859,0.6495780838323354,-0.5945125748502994,0.1487219693861507,0.022117184023727,-0.0996541333181766,4.404033954408695,1.2440906586826348,4.367734548657915,1.402532201104166,6.125888350367897,7.599532788588636,2.6984233497276104,62,0.1060381852688066,4.367734548657915,0.0037360079840319,1.2440906586826348,145.81963845803156
