media,desvio_padrao,maximo,minimo,rms,variancia,skewness,kurtosis,pico_a_pico,crest_factor,shape_factor,impulse_factor,margin_factor,energia,zero_crossings,mean_abs,peak_to_rms,mediana,amplitude,coeficiente_variacao
0.006067824681216,0.1033483112647939,0.3667785229540918,-0.2434902594810379,0.103526286215853,0.0106808734412847,0.0287756123443016,0.5850994152359896,0.6102687824351298,3.5428540553396863,1.2829487785319005,4.54530028281484,5.458010762070235,1.2968407244552524,55,0.0806940136256412,3.5428540553396863,0.0089339321357285,0.6102687824351298,17.032184793460683
