media,desvio_padrao,maximo,minimo,rms,variancia,skewness,kurtosis,pico_a_pico,crest_factor,shape_factor,impulse_factor,margin_factor,energia,zero_crossings,mean_abs,peak_to_rms,mediana,amplitude,coeficiente_variacao
0.0112639442426622,0.0828552184127664,0.2140895009980039,-0.2098661876247504,0.0836173645729703,0.0068649872182272,0.0640615961965657,-0.0454079623273764,0.4239556886227544,2.5603473882649643,1.25249123098145,3.206812652068125,3.746516631815336,0.8530073662917422,47,0.0667608383233533,2.5603473882649643,0.0071471457085828,0.4239556886227544,7.355790887081286
