media,desvio_padrao,maximo,minimo,rms,variancia,skewness,kurtosis,pico_a_pico,crest_factor,shape_factor,impulse_factor,margin_factor,energia,zero_crossings,mean_abs,peak_to_rms,mediana,amplitude,coeficiente_variacao
0.0040877270252882,0.1371559803799182,0.2681803992015968,-0.3117130139720558,0.1372168811269582,0.0188117629539765,-0.1247843046136542,-0.7924784136291101,0.5798934131736526,2.2716812349323634,1.1732756912910656,2.6653083713082104,2.992357324697274,2.278245168411385,59,0.1169519509740849,2.2716812349323634,0.0138069860279441,0.5798934131736526,33.55311632391744
