media,desvio_padrao,maximo,minimo,rms,variancia,skewness,kurtosis,pico_a_pico,crest_factor,shape_factor,impulse_factor,margin_factor,energia,zero_crossings,mean_abs,peak_to_rms,mediana,amplitude,coeficiente_variacao
-0.0006164546317201,0.138424992288204,0.3463116966067864,-0.308626746506986,0.1384263649248304,0.0191614784899893,0.4036395588001165,-0.0892043994119982,0.6549384431137725,2.5017755598425477,1.2673585616925442,3.17064667519961,3.7631760408152055,2.337746737768884,59,0.1092243103956022,2.5017755598425477,-0.0192485628742514,0.6549384431137725,-224.5501698996725
