media,desvio_padrao,maximo,minimo,rms,variancia,skewness,kurtosis,pico_a_pico,crest_factor,shape_factor,impulse_factor,margin_factor,energia,zero_crossings,mean_abs,peak_to_rms,mediana,amplitude,coeficiente_variacao
0.00298826941159,0.1070714064708771,0.3091140518962076,-0.3131749301397206,0.107113098348092,0.0114642860836517,0.1502686618733787,0.1828220121914707,0.6222889820359282,2.9237780903506008,1.2203651338986627,3.568076840720688,4.035888912245258,1.388259116365092,55,0.0877713525016083,2.9237780903506008,0.0084466267465069,0.6222889820359282,35.83057339328215
