media,desvio_padrao,maximo,minimo,rms,variancia,skewness,kurtosis,pico_a_pico,crest_factor,shape_factor,impulse_factor,margin_factor,energia,zero_crossings,mean_abs,peak_to_rms,mediana,amplitude,coeficiente_variacao
0.0018673327724715,0.1760608299073816,0.3986158083832335,-0.5025742914171657,0.1760707322622335,0.0309974158276759,-0.1207127591118552,0.1623253623666221,0.9011900998003992,2.8543886025796112,1.2834277713758968,3.663401602849511,4.392970543519534,3.7511092338824543,64,0.1371878777981227,2.8543886025796112,-0.0099085429141716,0.9011900998003992,94.2846569732448
