media,desvio_padrao,maximo,minimo,rms,variancia,skewness,kurtosis,pico_a_pico,crest_factor,shape_factor,impulse_factor,margin_factor,energia,zero_crossings,mean_abs,peak_to_rms,mediana,amplitude,coeficiente_variacao
-0.0009611863875554,0.1243811755931159,0.4080370459081836,-0.3290935728542914,0.1243848894407884,0.0154706768419255,0.2167691830738704,1.649593194864238,0.7371306187624751,3.2804390287489342,1.3797112792722033,4.526058728929656,5.653230786031567,1.872063687264857,63,0.0901528394450768,3.2804390287489342,0.0012994810379241,0.7371306187624751,-129.40380471830048
