media,desvio_padrao,maximo,minimo,rms,variancia,skewness,kurtosis,pico_a_pico,crest_factor,shape_factor,impulse_factor,margin_factor,energia,zero_crossings,mean_abs,peak_to_rms,mediana,amplitude,coeficiente_variacao
0.0011956290697293,0.1053319109793028,0.2592464670658682,-0.2896218363273453,0.1053386965906839,0.0110948114705517,-0.0874171751897073,-0.0027114618618182,0.5488683033932136,2.749434402560846,1.25689695448361,3.4557557271311907,4.158641448086916,1.3537414019297485,59,0.0838085383331697,2.749434402560846,0.0030050499001996,0.5488683033932136,88.09748244339914
