media,desvio_padrao,maximo,minimo,rms,variancia,skewness,kurtosis,pico_a_pico,crest_factor,shape_factor,impulse_factor,margin_factor,energia,zero_crossings,mean_abs,peak_to_rms,mediana,amplitude,coeficiente_variacao
-0.0013354297961454,0.1369427776827593,0.3360782834331337,-0.4400367664670658,0.1369492889072815,0.0187533243594696,-0.2371341130888337,0.8457661538272903,0.7761150499001996,3.213136555714304,1.3397727523252283,4.304872806846157,5.403810469991812,2.2881231433296296,55,0.1022182968489251,3.213136555714304,0.000649740518962,0.7761150499001996,-102.54584559819676
