media,desvio_padrao,maximo,minimo,rms,variancia,skewness,kurtosis,pico_a_pico,crest_factor,shape_factor,impulse_factor,margin_factor,energia,zero_crossings,mean_abs,peak_to_rms,mediana,amplitude,coeficiente_variacao
0.0013598907969185,0.0857850721916856,0.2319573652694611,-0.2506374051896207,0.0857958502138201,0.0073590786109327,-0.0554098239704838,0.3707605280167976,0.4825947704590818,2.9213231708175056,1.3007637056223105,3.799951152992896,4.613631766617625,0.8906722775833833,55,0.065958059748272,2.9213231708175056,0.0008121756487025,0.4825947704590818,63.08232424696895
