media,desvio_padrao,maximo,minimo,rms,variancia,skewness,kurtosis,pico_a_pico,crest_factor,shape_factor,impulse_factor,margin_factor,energia,zero_crossings,mean_abs,peak_to_rms,mediana,amplitude,coeficiente_variacao
0.0034963495958901,0.0827260817836395,0.2113281037924151,-0.2162011576846307,0.0827999339840926,0.0068436046072734,-0.2866962669677497,-0.1561261859664102,0.4275292614770459,2.611127174644449,1.2229306316546222,3.193227405018485,3.6608167376572656,0.8364111462679527,50,0.0677061575210235,2.611127174644449,0.0188424750499002,0.4275292614770459,23.660700829482447
