media,desvio_padrao,maximo,minimo,rms,variancia,skewness,kurtosis,pico_a_pico,crest_factor,shape_factor,impulse_factor,margin_factor,energia,zero_crossings,mean_abs,peak_to_rms,mediana,amplitude,coeficiente_variacao
0.0024432391415516,0.0943164433579703,0.2587591616766467,-0.3099262275449101,0.094348083738887,0.0088955914876972,-0.03388055305946,0.5046945169988355,0.5686853892215569,3.2849233949747854,1.2900347097045208,4.237665198237886,5.1603947796911065,1.0770888695292051,58,0.0731360815558964,3.2849233949747854,-0.0012994810379241,0.5686853892215569,38.60303387988196
