media,desvio_padrao,maximo,minimo,rms,variancia,skewness,kurtosis,pico_a_pico,crest_factor,shape_factor,impulse_factor,margin_factor,energia,zero_crossings,mean_abs,peak_to_rms,mediana,amplitude,coeficiente_variacao
0.0051375143927021,0.0806979578569328,0.1866379640718563,-0.2948197604790419,0.080861328559544,0.0065121604022793,-0.36985519420525,0.6789397524785366,0.4814577245508982,3.64599204256142,1.2779173656171043,4.659276546091014,5.54877167786874,0.7911650892261577,45,0.0632758664489203,3.64599204256142,0.0063349700598802,0.4814577245508982,15.70758769485175
