media,desvio_padrao,maximo,minimo,rms,variancia,skewness,kurtosis,pico_a_pico,crest_factor,shape_factor,impulse_factor,margin_factor,energia,zero_crossings,mean_abs,peak_to_rms,mediana,amplitude,coeficiente_variacao
0.0072558832747727,0.0975565867298235,0.2808503393213573,-0.1882623153692614,0.0978260469224362,0.0095172876143735,0.1722911166579075,-0.43493350071632,0.4691126546906187,2.870915754615293,1.2131360622195697,3.4828114335181213,4.040095121552386,1.157962190232955,55,0.0806389736230019,2.870915754615293,0.0017867864271457,0.4691126546906187,13.445170358377723
