media,desvio_padrao,maximo,minimo,rms,variancia,skewness,kurtosis,pico_a_pico,crest_factor,shape_factor,impulse_factor,margin_factor,energia,zero_crossings,mean_abs,peak_to_rms,mediana,amplitude,coeficiente_variacao
0.0054242681849415,0.0957288004497821,0.2879974850299401,-0.2659063073852295,0.095882354585692,0.0091640032355542,0.1663692924534011,0.9248862781270956,0.5539037924151696,3.0036547003291503,1.3385552008948494,4.020557620817844,4.970673497088923,1.121597962349358,43,0.0716312293445895,3.0036547003291503,0.0085278443113772,0.5539037924151696,17.64824252523808
