media,desvio_padrao,maximo,minimo,rms,variancia,skewness,kurtosis,pico_a_pico,crest_factor,shape_factor,impulse_factor,margin_factor,energia,zero_crossings,mean_abs,peak_to_rms,mediana,amplitude,coeficiente_variacao
0.0010068293165734,0.1506723054754489,0.4197323752495009,-0.3641795608782435,0.1506756693781703,0.0227021436372869,0.1875254629867824,0.1190079264807626,0.7839119361277445,2.7856678983522145,1.2641658367810709,3.5215461897145945,4.154962268033066,2.747082038449724,60,0.1191897969350555,2.7856678983522145,0.0011370459081836,0.7839119361277445,149.65029622720093
