media,desvio_padrao,maximo,minimo,rms,variancia,skewness,kurtosis,pico_a_pico,crest_factor,shape_factor,impulse_factor,margin_factor,energia,zero_crossings,mean_abs,peak_to_rms,mediana,amplitude,coeficiente_variacao
0.0022875162072549,0.1139133011767549,0.2621702994011975,-0.2935202794411177,0.1139362669012133,0.012976240184986,-0.4236377693136679,0.1187905297927516,0.5556905788423153,2.576179538123798,1.2868840743137144,3.315244420184377,4.03127266081728,1.5707582227615284,56,0.0885365427822041,2.576179538123798,0.0112080239520958,0.5556905788423153,49.7978116244493
