media,desvio_padrao,maximo,minimo,rms,variancia,skewness,kurtosis,pico_a_pico,crest_factor,shape_factor,impulse_factor,margin_factor,energia,zero_crossings,mean_abs,peak_to_rms,mediana,amplitude,coeficiente_variacao
0.0062114656637138,0.0876671364154052,0.2363431137724551,-0.252911497005988,0.0878869109308591,0.0076855268072772,0.1266358604642504,0.2704283287420015,0.4892546107784431,2.8776924154832804,1.2633503974815998,3.635533856930588,4.26903418849936,0.9346172026692212,58,0.0695665360188713,2.8776924154832804,0.0073095808383233,0.4892546107784431,14.113760127104724
