media,desvio_padrao,maximo,minimo,rms,variancia,skewness,kurtosis,pico_a_pico,crest_factor,shape_factor,impulse_factor,margin_factor,energia,zero_crossings,mean_abs,peak_to_rms,mediana,amplitude,coeficiente_variacao
0.0015921327592748,0.1351752254539338,0.4194075049900199,-0.3885448303393213,0.1351846014279917,0.0182723415765218,0.0005363279311383,1.058136061581468,0.8079523353293413,3.102479872409315,1.3558736216527003,4.206570620708226,5.228162179442144,2.211260052052644,56,0.0997029511225482,3.102479872409315,-0.0021116566866267,0.8079523353293413,84.90198111086018
