media,desvio_padrao,maximo,minimo,rms,variancia,skewness,kurtosis,pico_a_pico,crest_factor,shape_factor,impulse_factor,margin_factor,energia,zero_crossings,mean_abs,peak_to_rms,mediana,amplitude,coeficiente_variacao
0.0014552589902162,0.1192377667048265,0.3442000399201597,-0.3877326546906188,0.1192466468605438,0.0142176450087546,-0.0610048748103921,0.6537384560811783,0.7319326946107785,3.251518301760409,1.2781309037013844,4.155866025430623,4.915548875572907,1.7348110600729572,54,0.0932976790680933,3.251518301760409,-0.009096367265469,0.7319326946107785,81.93577054425532
