media,desvio_padrao,maximo,minimo,rms,variancia,skewness,kurtosis,pico_a_pico,crest_factor,shape_factor,impulse_factor,margin_factor,energia,zero_crossings,mean_abs,peak_to_rms,mediana,amplitude,coeficiente_variacao
0.0040222666143123,0.1288097198153042,0.3817225548902195,-0.3505350099800399,0.1288725050102379,0.0165919439188971,0.0174126255495802,0.9008479179689356,0.7322575648702595,2.9620170327246664,1.347648400026338,3.991757515002158,4.89399782054431,2.026190950808883,60,0.095627691175027,2.9620170327246664,-0.0053603592814371,0.7322575648702595,32.02416253486601
