media,desvio_padrao,maximo,minimo,rms,variancia,skewness,kurtosis,pico_a_pico,crest_factor,shape_factor,impulse_factor,margin_factor,energia,zero_crossings,mean_abs,peak_to_rms,mediana,amplitude,coeficiente_variacao
-1.0739512710115264e-05,0.0986242419806234,0.3152865868263473,-0.3245453892215569,0.0986242425653536,0.0097267411062525,-0.1056300678688181,1.6868654170815551,0.6398319760479042,3.290726303996668,1.3197250886836824,4.342854063375729,5.1745850128944015,1.1769356878123545,57,0.0747308991933488,3.290726303996668,0.0073095808383233,0.6398319760479042,-9183.306975160234
