media,desvio_padrao,maximo,minimo,rms,variancia,skewness,kurtosis,pico_a_pico,crest_factor,shape_factor,impulse_factor,margin_factor,energia,zero_crossings,mean_abs,peak_to_rms,mediana,amplitude,coeficiente_variacao
0.0059590871150261,0.097119385305905,0.2340690219560878,-0.236018243512974,0.0973020334907823,0.0094321750021968,-0.0439094342651344,-0.4250173959227257,0.4700872654690619,2.4256249848604927,1.2506086552521556,3.0335076004624115,3.649722916953356,1.1455899722944003,61,0.077803742267531,2.4256249848604927,-0.0030862674650698,0.4700872654690619,16.297695172304753
