media,desvio_padrao,maximo,minimo,rms,variancia,skewness,kurtosis,pico_a_pico,crest_factor,shape_factor,impulse_factor,margin_factor,energia,zero_crossings,mean_abs,peak_to_rms,mediana,amplitude,coeficiente_variacao
0.0044864314346513,0.1169684438262602,0.2930329740518962,-0.3584943313373253,0.1170544527908051,0.0136816168511369,0.1921638884063358,0.3917945779591267,0.6515273053892215,3.0626287406427126,1.2769140806414665,3.910713762703921,4.637600016191774,1.6579111350967335,59,0.0916697956153808,3.0626287406427126,-0.0027613972055888,0.6515273053892215,26.0715995619244
