media,desvio_padrao,maximo,minimo,rms,variancia,skewness,kurtosis,pico_a_pico,crest_factor,shape_factor,impulse_factor,margin_factor,energia,zero_crossings,mean_abs,peak_to_rms,mediana,amplitude,coeficiente_variacao
0.0021935454710413,0.106959855176899,0.2205869061876247,-0.2545358483033932,0.1069823455584927,0.0114404106194632,-0.1105384652220338,-0.636755998489348,0.4751227544910179,2.37923226467516,1.2205929508935685,2.904074130801041,3.3994202030790133,1.3848718936048066,58,0.087647848105442,2.37923226467516,-0.0014619161676646,0.4751227544910179,48.76117527033512
