media,desvio_padrao,maximo,minimo,rms,variancia,skewness,kurtosis,pico_a_pico,crest_factor,shape_factor,impulse_factor,margin_factor,energia,zero_crossings,mean_abs,peak_to_rms,mediana,amplitude,coeficiente_variacao
0.0093151848369376,0.0990613386982097,0.3800982035928144,-0.3578445908183633,0.0994983491985055,0.0098131488246814,0.0085508821447514,2.288994555324698,0.7379427944111776,3.820145828093031,1.3682152704784436,5.226781857451404,6.589096070307638,1.1978905006805567,56,0.0727212678774682,3.820145828093031,0.0017867864271457,0.7379427944111776,10.634393244179096
