media,desvio_padrao,maximo,minimo,rms,variancia,skewness,kurtosis,pico_a_pico,crest_factor,shape_factor,impulse_factor,margin_factor,energia,zero_crossings,mean_abs,peak_to_rms,mediana,amplitude,coeficiente_variacao
0.0092494053215882,0.0965974015299597,0.2780889421157685,-0.1866379640718563,0.0970392162022308,0.0093310579823402,0.0945854620235721,-0.4742441081601978,0.4647269061876248,2.865737719235365,1.223978967827878,3.507602695655119,4.072226971804092,1.1394097472183395,51,0.0792817677042609,2.865737719235365,0.0194922155688622,0.4647269061876248,10.44363374416085
