media,desvio_padrao,maximo,minimo,rms,variancia,skewness,kurtosis,pico_a_pico,crest_factor,shape_factor,impulse_factor,margin_factor,energia,zero_crossings,mean_abs,peak_to_rms,mediana,amplitude,coeficiente_variacao
0.0007557932069744,0.1151076977031511,0.2865355688622755,-0.2920583632734531,0.115110178932585,0.01324978207052,0.1153873632823682,-0.0980160251573067,0.5785939321357285,2.537207100029779,1.2413254848144446,3.1494998335191164,3.6767889596888,1.6032927485609014,53,0.0927316649345936,2.537207100029779,-0.0173805588822355,0.5785939321357285,152.300519032103
