media,desvio_padrao,maximo,minimo,rms,variancia,skewness,kurtosis,pico_a_pico,crest_factor,shape_factor,impulse_factor,margin_factor,energia,zero_crossings,mean_abs,peak_to_rms,mediana,amplitude,coeficiente_variacao
0.0028745692222113,0.1088325601182725,0.329580878243513,-0.3009922954091816,0.1088705161653543,0.0118445261418974,-0.0388641625241328,0.2455750175172073,0.6305731736526947,3.0272739567335205,1.2558056931872468,3.801667869703439,4.457998851310507,1.4460402933935037,44,0.0866937590392984,3.0272739567335205,0.0101521956087824,0.6305731736526947,37.86047637236963
