media,desvio_padrao,maximo,minimo,rms,variancia,skewness,kurtosis,pico_a_pico,crest_factor,shape_factor,impulse_factor,margin_factor,energia,zero_crossings,mean_abs,peak_to_rms,mediana,amplitude,coeficiente_variacao
0.0018693354275056,0.0782591579790419,0.1580493812375249,-0.163409740518962,0.0782814807124211,0.0061244958075886,-0.1154942689367644,-0.6746047726113273,0.321459121756487,2.0874635869404727,1.2102177356881223,2.526285455518505,2.91352963602366,0.7476148071485579,63,0.0646837989594581,2.0874635869404727,0.0039796606786427,0.321459121756487,41.86469524277262
