media,desvio_padrao,maximo,minimo,rms,variancia,skewness,kurtosis,pico_a_pico,crest_factor,shape_factor,impulse_factor,margin_factor,energia,zero_crossings,mean_abs,peak_to_rms,mediana,amplitude,coeficiente_variacao
0.0052945797660876,0.1458409412572439,0.3646668662674651,-0.3872453493013972,0.1459370162833896,0.0212695801467988,-0.118733282777658,0.1534009651904568,0.7519122155688622,2.653510118018447,1.2943248583489988,3.434504107631861,4.190295085717306,2.577011139325497,66,0.1127514590653403,2.653510118018447,-0.0004873053892215,0.7519122155688622,27.54532894024384
