media,desvio_padrao,maximo,minimo,rms,variancia,skewness,kurtosis,pico_a_pico,crest_factor,shape_factor,impulse_factor,margin_factor,energia,zero_crossings,mean_abs,peak_to_rms,mediana,amplitude,coeficiente_variacao
0.0007562553581361,0.0883356486165102,0.2688301397205588,-0.2218863872255489,0.0883388857676294,0.0078031868164995,0.3436890945132426,1.0684084256103592,0.4907165269461078,3.0431687855753786,1.3327294669642906,4.055720713482242,4.984974688624204,0.9520585661172856,62,0.0662841844180491,3.0431687855753786,-0.0038984431137724,0.4907165269461078,116.8066416537081
