media,desvio_padrao,maximo,minimo,rms,variancia,skewness,kurtosis,pico_a_pico,crest_factor,shape_factor,impulse_factor,margin_factor,energia,zero_crossings,mean_abs,peak_to_rms,mediana,amplitude,coeficiente_variacao
0.0009423922403127,0.092837683943211,0.2303330139720558,-0.2480384431137724,0.0928424669161378,0.0086188355599395,0.0578843606606459,-0.1061249335186995,0.4783714570858283,2.6716054770261453,1.2764772574626977,3.4102436323366554,4.10733758640539,1.0429865632319713,62,0.072733349829267,2.6716054770261453,-0.000649740518962,0.4783714570858283,98.51278477462834
