media,desvio_padrao,maximo,minimo,rms,variancia,skewness,kurtosis,pico_a_pico,crest_factor,shape_factor,impulse_factor,margin_factor,energia,zero_crossings,mean_abs,peak_to_rms,mediana,amplitude,coeficiente_variacao
0.0082761369822338,0.0933271081149256,0.3186977245508982,-0.2646068263473054,0.0936933484962711,0.008709949109095,0.587049507850432,1.7549263247958873,0.5833045508982035,3.401497861543307,1.3864120766640506,4.715877713990584,5.935750077283227,1.0621916698456897,53,0.0675797261674997,3.401497861543307,-0.0051979241516966,0.5833045508982035,11.276650968352504
