media,desvio_padrao,maximo,minimo,rms,variancia,skewness,kurtosis,pico_a_pico,crest_factor,shape_factor,impulse_factor,margin_factor,energia,zero_crossings,mean_abs,peak_to_rms,mediana,amplitude,coeficiente_variacao
0.0047763982778245,0.1073391202690708,0.265419001996008,-0.3182104191616766,0.1074453382918331,0.011521686740138,-0.0644753313406109,-0.0041860053645681,0.5836294211576847,2.961602841226884,1.2707980527193143,3.763599123559112,4.595286433844565,1.3968845871982216,51,0.0845494986885732,2.961602841226884,0.0016243512974051,0.5836294211576847,22.472816131648067
