media,desvio_padrao,maximo,minimo,rms,variancia,skewness,kurtosis,pico_a_pico,crest_factor,shape_factor,impulse_factor,margin_factor,energia,zero_crossings,mean_abs,peak_to_rms,mediana,amplitude,coeficiente_variacao
0.0011075122482308,0.1045501949116324,0.2724037125748503,-0.2304954491017964,0.1045560607494386,0.0109307432560603,0.1418394560689512,-0.4549728807786737,0.5028991616766467,2.6053364159122907,1.224051034314081,3.1890647346335794,3.7310051642146944,1.322768350572278,60,0.0854180567790039,2.6053364159122907,0.0016243512974051,0.5028991616766467,94.40093784844872
