media,desvio_padrao,maximo,minimo,rms,variancia,skewness,kurtosis,pico_a_pico,crest_factor,shape_factor,impulse_factor,margin_factor,energia,zero_crossings,mean_abs,peak_to_rms,mediana,amplitude,coeficiente_variacao
0.0055724646574619,0.0832952044373127,0.2010946906187624,-0.1997952095808383,0.0834813957993778,0.0069380910822537,0.3144408647382287,-0.344213520898498,0.4008899001996008,2.4088563528816924,1.2231055707611855,2.94628562437307,3.3811795430583937,0.8432663567980988,46,0.0682536305900595,2.4088563528816924,-0.009096367265469,0.4008899001996008,14.947641583652649
