media,desvio_padrao,maximo,minimo,rms,variancia,skewness,kurtosis,pico_a_pico,crest_factor,shape_factor,impulse_factor,margin_factor,energia,zero_crossings,mean_abs,peak_to_rms,mediana,amplitude,coeficiente_variacao
-0.0002228448887349,0.0900517811936365,0.2041809580838323,-0.2652565668662675,0.0900520569225991,0.0081093232961465,-0.2195132433796893,0.0932427241358073,0.4694375249500998,2.945591427125967,1.255632783272081,3.698581162024559,4.386964961857723,0.9812341276749144,57,0.071718465878161,2.945591427125967,0.0008121756487025,0.4694375249500998,-404.1007254187146
