media,desvio_padrao,maximo,minimo,rms,variancia,skewness,kurtosis,pico_a_pico,crest_factor,shape_factor,impulse_factor,margin_factor,energia,zero_crossings,mean_abs,peak_to_rms,mediana,amplitude,coeficiente_variacao
0.0038292084683092,0.1096162814106559,0.3076521357285429,-0.2672057884231537,0.1096831435900425,0.0120157291503001,0.0110691371016009,-0.0842593911346507,0.5748579241516967,2.8049171974723808,1.2605523230423783,3.5357448892153265,4.276183178595099,1.4677078225108555,50,0.0870119721213311,2.8049171974723808,0.0011370459081836,0.5748579241516967,28.6263551117276
