media,desvio_padrao,maximo,minimo,rms,variancia,skewness,kurtosis,pico_a_pico,crest_factor,shape_factor,impulse_factor,margin_factor,energia,zero_crossings,mean_abs,peak_to_rms,mediana,amplitude,coeficiente_variacao
0.0037280193710938,0.1024298485735478,0.308951616766467,-0.210028622754491,0.1024976683014359,0.0104918738787999,0.3674253627964129,0.151969020323285,0.5189802395209581,3.0142306833543717,1.2876397025035171,3.881243100391396,4.666236283801546,1.2817041848822053,61,0.0796012021857923,3.0142306833543717,-0.0033299201596806,0.5189802395209581,27.475674983816607
