media,desvio_padrao,maximo,minimo,rms,variancia,skewness,kurtosis,pico_a_pico,crest_factor,shape_factor,impulse_factor,margin_factor,energia,zero_crossings,mean_abs,peak_to_rms,mediana,amplitude,coeficiente_variacao
0.0011880585935566,0.1406702020427118,0.5033864670658682,-0.44133624750499,0.1406752189476138,0.0197881057427373,0.3303019553081016,2.047422534341485,0.9447227145708582,3.578359222268741,1.3892636108553849,4.971284254066737,6.253851406006711,2.3945315843410486,52,0.1012588380264264,3.578359222268741,-0.0121826347305389,0.9447227145708582,118.4034211827786
