media,desvio_padrao,maximo,minimo,rms,variancia,skewness,kurtosis,pico_a_pico,crest_factor,shape_factor,impulse_factor,margin_factor,energia,zero_crossings,mean_abs,peak_to_rms,mediana,amplitude,coeficiente_variacao
0.0016935859428683,0.1109593741852077,0.4054380838323353,-0.4132349700598802,0.1109722981329973,0.0123119827195729,0.1331427621238201,2.321836289363244,0.8186730538922156,3.7237668950915057,1.393823530964393,5.1902739222047565,6.517756908619883,1.502411816256098,52,0.0796171794116684,3.7237668950915057,0.0018680039920159,0.8186730538922156,65.51741566612218
