media,desvio_padrao,maximo,minimo,rms,variancia,skewness,kurtosis,pico_a_pico,crest_factor,shape_factor,impulse_factor,margin_factor,energia,zero_crossings,mean_abs,peak_to_rms,mediana,amplitude,coeficiente_variacao
0.0031950050312597,0.1003138082548399,0.2837741716566866,-0.235368502994012,0.100364675975856,0.0100628601265887,0.1886767625732856,0.0697546879747044,0.5191426746506986,2.8274307558662577,1.274817162014698,3.6044572519864952,4.37755634113029,1.2188412502323671,54,0.0787286827996898,2.8274307558662577,-0.0048730538922155,0.5191426746506986,31.3970736425683
