media,desvio_padrao,maximo,minimo,rms,variancia,skewness,kurtosis,pico_a_pico,crest_factor,shape_factor,impulse_factor,margin_factor,energia,zero_crossings,mean_abs,peak_to_rms,mediana,amplitude,coeficiente_variacao
0.0016981854472872,0.1176567507490955,0.2868604391217564,-0.3822098602794411,0.1176690053949984,0.0138431109968347,-0.2033859628092487,0.7069848888432779,0.6690702994011976,3.2481778782476827,1.3048088331445418,4.238251187162272,5.118528586970837,1.675365374508428,56,0.0901810306659408,3.2481778782476827,-0.0025989620758483,0.6690702994011976,69.28380580403966
