media,desvio_padrao,maximo,minimo,rms,variancia,skewness,kurtosis,pico_a_pico,crest_factor,shape_factor,impulse_factor,margin_factor,energia,zero_crossings,mean_abs,peak_to_rms,mediana,amplitude,coeficiente_variacao
-0.0017411434981277,0.112567685785108,0.2668809181636726,-0.355895369261477,0.1125811505701371,0.0126714838830148,-0.2444540028336698,0.2144280249611672,0.6227762874251497,3.1612340739026044,1.2534284160049352,3.962380617872569,4.67490755470548,1.533616371107202,50,0.0898185721119744,3.1612340739026044,0.0073095808383233,0.6227762874251497,-64.65158437897526
