media,desvio_padrao,maximo,minimo,rms,variancia,skewness,kurtosis,pico_a_pico,crest_factor,shape_factor,impulse_factor,margin_factor,energia,zero_crossings,mean_abs,peak_to_rms,mediana,amplitude,coeficiente_variacao
0.0021411903465795,0.0809245860787594,0.2335817165668662,-0.257297245508982,0.0809529080893258,0.0065487886320185,0.0796304568543208,0.697428538843234,0.4908789620758482,3.1783570421592837,1.2973656717409583,4.123491319033583,4.952936484549606,0.7929581727023797,56,0.0623979112848682,3.1783570421592837,-0.0025989620758483,0.4908789620758482,37.79420461521884
