media,desvio_padrao,maximo,minimo,rms,variancia,skewness,kurtosis,pico_a_pico,crest_factor,shape_factor,impulse_factor,margin_factor,energia,zero_crossings,mean_abs,peak_to_rms,mediana,amplitude,coeficiente_variacao
0.0057013388099833,0.0913166185170185,0.2129524550898203,-0.2304954491017964,0.0914944265057108,0.0083387248173826,0.0893305280542986,-0.3378565312965107,0.4434479041916168,2.5192293990433345,1.247101888590839,3.141735741340507,3.7020893140242745,1.0129188398746791,61,0.0733656386400752,2.5192293990433345,0.0058476646706586,0.4434479041916168,16.016697403970877
