media,desvio_padrao,maximo,minimo,rms,variancia,skewness,kurtosis,pico_a_pico,crest_factor,shape_factor,impulse_factor,margin_factor,energia,zero_crossings,mean_abs,peak_to_rms,mediana,amplitude,coeficiente_variacao
0.0048193563286649,0.128216976327677,0.3891945708582834,-0.373113493013972,0.1283075181508657,0.016439593018612,-0.0632768021462795,1.2840388341074167,0.7623080638722555,3.033295137083575,1.3608107926131645,4.1277407597243565,5.100154373222652,1.992001124898202,57,0.0942875518384718,3.033295137083575,-0.005035489021956,0.7623080638722555,26.604585256553268
