media,desvio_padrao,maximo,minimo,rms,variancia,skewness,kurtosis,pico_a_pico,crest_factor,shape_factor,impulse_factor,margin_factor,energia,zero_crossings,mean_abs,peak_to_rms,mediana,amplitude,coeficiente_variacao
0.0005450302700384,0.1136213038911897,0.4059253892215569,-0.3248702594810379,0.1136226111120904,0.012909800697934,0.0911905060013923,1.5343975004139452,0.7307956487025948,3.5725757861796126,1.329630078408133,4.750204222696995,5.743095260861658,1.56212182846745,49,0.0854543026344006,3.5725757861796126,0.0063349700598802,0.7307956487025948,208.46787809267292
