media,desvio_padrao,maximo,minimo,rms,variancia,skewness,kurtosis,pico_a_pico,crest_factor,shape_factor,impulse_factor,margin_factor,energia,zero_crossings,mean_abs,peak_to_rms,mediana,amplitude,coeficiente_variacao
0.0046813271817021,0.1024824539790809,0.3120378842315369,-0.2371552894211576,0.1025893181464649,0.0105026533735744,-0.0718673086899713,-0.1013862382482169,0.5491931736526946,3.041621582727026,1.2257661886209754,3.728316894686605,4.334285693469598,1.283997320126304,50,0.0836940348810575,3.041621582727026,-0.000324870259481,0.5491931736526946,21.891752061178835
