media,desvio_padrao,maximo,minimo,rms,variancia,skewness,kurtosis,pico_a_pico,crest_factor,shape_factor,impulse_factor,margin_factor,energia,zero_crossings,mean_abs,peak_to_rms,mediana,amplitude,coeficiente_variacao
-0.0004456897774698,0.1530375990061984,0.4302906586826347,-0.5067976047904191,0.1530382479936297,0.0234205067095819,-0.2486940566909113,1.249213726807949,0.937088263473054,3.311574795416598,1.3334909688821497,4.415955082465786,5.346208708872875,2.833905347224128,62,0.1147651176984873,3.311574795416598,-0.0097461077844311,0.937088263473054,-343.37246834554
