media,desvio_padrao,maximo,minimo,rms,variancia,skewness,kurtosis,pico_a_pico,crest_factor,shape_factor,impulse_factor,margin_factor,energia,zero_crossings,mean_abs,peak_to_rms,mediana,amplitude,coeficiente_variacao
0.0059228412596295,0.1003094859500387,0.2394293812375249,-0.2371552894211576,0.1004841928869799,0.010061992971561,-0.0947923161992985,-0.6713744782054474,0.4765846706586826,2.3827566740454817,1.202402444179233,2.8650324487566667,3.3234344234783766,1.2217458354378825,60,0.083569518153775,2.3827566740454817,0.0084466267465069,0.4765846706586826,16.9360415977641
