media,desvio_padrao,maximo,minimo,rms,variancia,skewness,kurtosis,pico_a_pico,crest_factor,shape_factor,impulse_factor,margin_factor,energia,zero_crossings,mean_abs,peak_to_rms,mediana,amplitude,coeficiente_variacao
0.0064960627505319,0.1102102161553318,0.2888096606786427,-0.2527490618762475,0.1104014971649561,0.0121462917450049,0.203486096078005,-0.6249363989538619,0.5415587225548902,2.6159940589131536,1.2121314635384708,3.1709287072383456,3.6953190215392615,1.474807359727923,54,0.0910804648554131,2.6159940589131536,0.0027613972055888,0.5415587225548902,16.9656945118497
