media,desvio_padrao,maximo,minimo,rms,variancia,skewness,kurtosis,pico_a_pico,crest_factor,shape_factor,impulse_factor,margin_factor,energia,zero_crossings,mean_abs,peak_to_rms,mediana,amplitude,coeficiente_variacao
0.0018069230134771,0.1200447526268902,0.3336417564870259,-0.2983933333333333,0.1200583508300356,0.0144107426332512,0.3440865198370622,0.4526039164260718,0.6320350898203593,2.778996664374945,1.2972208069791324,3.604972295552783,4.311544617983046,1.744094920087378,65,0.0925504356576104,2.778996664374945,-0.0066598403193612,0.6320350898203593,66.43600846938163
