media,desvio_padrao,maximo,minimo,rms,variancia,skewness,kurtosis,pico_a_pico,crest_factor,shape_factor,impulse_factor,margin_factor,energia,zero_crossings,mean_abs,peak_to_rms,mediana,amplitude,coeficiente_variacao
0.0026929328120618,0.0992377268051586,0.2774392015968063,-0.2943324550898203,0.0992742580359358,0.0098481264214553,0.1210111997662662,0.2117614473328477,0.5717716566866267,2.964841650927033,1.2519157110515,3.711731843575419,4.347427444509071,1.1925007753388552,57,0.079297876973326,2.964841650927033,0.0053603592814371,0.5717716566866267,36.85117072385398
