media,desvio_padrao,maximo,minimo,rms,variancia,skewness,kurtosis,pico_a_pico,crest_factor,shape_factor,impulse_factor,margin_factor,energia,zero_crossings,mean_abs,peak_to_rms,mediana,amplitude,coeficiente_variacao
0.0057604061298889,0.1506144631980699,0.3377026347305389,-0.2935202794411177,0.1507245792935712,0.0226847165244427,0.1723664062526644,-0.5736984397971137,0.6312229141716567,2.240527963742293,1.232901727346581,2.762350796666191,3.2696804330930886,2.748865755190109,62,0.1222519004965276,2.240527963742293,-0.0055227944111776,0.6312229141716567,26.146500750455363
