media,desvio_padrao,maximo,minimo,rms,variancia,skewness,kurtosis,pico_a_pico,crest_factor,shape_factor,impulse_factor,margin_factor,energia,zero_crossings,mean_abs,peak_to_rms,mediana,amplitude,coeficiente_variacao
0.001316932746078,0.0774039810817859,0.1710441916167664,-0.1777040319361277,0.077415183259921,0.0059913762873094,0.0572874596327902,-0.840363494274273,0.3487482235528942,2.295467432266968,1.1872348308560363,2.725258888683014,3.108972264880813,0.7251663824992268,64,0.0652062938585638,2.295467432266968,0.0025989620758483,0.3487482235528942,58.77595595697645
