media,desvio_padrao,maximo,minimo,rms,variancia,skewness,kurtosis,pico_a_pico,crest_factor,shape_factor,impulse_factor,margin_factor,energia,zero_crossings,mean_abs,peak_to_rms,mediana,amplitude,coeficiente_variacao
-0.0007786146714834,0.1339240062277053,0.2827995608782435,-0.304890738522954,0.1339262695847424,0.0179356394440784,-0.1418500579722788,-0.6007845862885097,0.5876902994011977,2.2765566417127228,1.2357047395163925,2.8131518319419326,3.3399301443179352,2.1702857278710987,55,0.1083804773923227,2.2765566417127228,0.0108831536926147,0.5876902994011977,-172.00293178722515
