media,desvio_padrao,maximo,minimo,rms,variancia,skewness,kurtosis,pico_a_pico,crest_factor,shape_factor,impulse_factor,margin_factor,energia,zero_crossings,mean_abs,peak_to_rms,mediana,amplitude,coeficiente_variacao
0.0079848276999719,0.0769375791673405,0.1997952095808383,-0.2051555688622754,0.077350814873077,0.0059193910881307,-0.15288884789069,0.3646120812170865,0.4049507784431138,2.6522741770582496,1.2983237631093485,3.443510590356016,4.196968172419993,0.7239609759450139,53,0.0595774467593738,2.6522741770582496,0.0099085429141716,0.4049507784431138,9.635471428846335
