media,desvio_padrao,maximo,minimo,rms,variancia,skewness,kurtosis,pico_a_pico,crest_factor,shape_factor,impulse_factor,margin_factor,energia,zero_crossings,mean_abs,peak_to_rms,mediana,amplitude,coeficiente_variacao
0.0046112782699064,0.1429490318589259,0.4816201596806387,-0.2977435928143712,0.1430233882855763,0.0204344257094042,0.1654494555598838,0.2455869323292532,0.7793637524950099,3.367422387721528,1.2650646092107791,4.260006886970563,5.06961816231421,2.475138441199095,59,0.1130561927384899,3.367422387721528,0.0084466267465069,0.7793637524950099,30.999871075190068
