media,desvio_padrao,maximo,minimo,rms,variancia,skewness,kurtosis,pico_a_pico,crest_factor,shape_factor,impulse_factor,margin_factor,energia,zero_crossings,mean_abs,peak_to_rms,mediana,amplitude,coeficiente_variacao
0.001745170815394,0.0904591911609311,0.2764645908183633,-0.2230234331337325,0.0904760238221419,0.0081828652654898,0.5177404097415936,0.687440606732511,0.4994880239520958,3.0556668953737223,1.3097427837204123,4.002137665669089,4.86292635725896,0.9904952172864396,54,0.0690792306296498,3.0556668953737223,-0.0082841916167664,0.4994880239520958,51.83400407742226
