media,desvio_padrao,maximo,minimo,rms,variancia,skewness,kurtosis,pico_a_pico,crest_factor,shape_factor,impulse_factor,margin_factor,energia,zero_crossings,mean_abs,peak_to_rms,mediana,amplitude,coeficiente_variacao
-0.0008363395523003,0.1204386213515565,0.3383523752495009,-0.4314277045908183,0.120441525135272,0.0145054615130636,-0.337576595608039,1.23870263742692,0.7697800798403194,3.5820511580724927,1.3082492935462058,4.686215896994708,5.592032658550436,1.7552454782061535,54,0.0920631302683888,3.5820511580724927,0.0038984431137724,0.7697800798403194,-144.00684628664206
