media,desvio_padrao,maximo,minimo,rms,variancia,skewness,kurtosis,pico_a_pico,crest_factor,shape_factor,impulse_factor,margin_factor,energia,zero_crossings,mean_abs,peak_to_rms,mediana,amplitude,coeficiente_variacao
0.0038863611619735,0.1129000246408023,0.300180119760479,-0.3191850299401197,0.1129668950045768,0.0127464155638937,0.0630658848737009,0.2511375829007272,0.6193651497005987,2.825474046420308,1.2976372955483904,3.666440500239016,4.452744862998258,1.544143843403985,57,0.0870558324672968,2.825474046420308,0.004385748502994,0.6193651497005987,29.050317233890176
