media,desvio_padrao,maximo,minimo,rms,variancia,skewness,kurtosis,pico_a_pico,crest_factor,shape_factor,impulse_factor,margin_factor,energia,zero_crossings,mean_abs,peak_to_rms,mediana,amplitude,coeficiente_variacao
0.0021250810775143,0.0942933094373724,0.2650941317365269,-0.1845263073852295,0.0943172527920426,0.008891228204652,0.1234541340509102,-0.334374346086971,0.4496204391217565,2.8106642622535367,1.21623287723354,3.418422282618104,3.904749748524068,1.0763850450828083,54,0.0775486788406657,2.8106642622535367,0.0129948103792415,0.4496204391217565,44.371629127516826
