media,desvio_padrao,maximo,minimo,rms,variancia,skewness,kurtosis,pico_a_pico,crest_factor,shape_factor,impulse_factor,margin_factor,energia,zero_crossings,mean_abs,peak_to_rms,mediana,amplitude,coeficiente_variacao
0.0047785219724485,0.1022420624286598,0.2178255089820359,-0.248850618762475,0.1023536692156522,0.0104534393296659,-0.2542107197973566,-0.4057049141619924,0.4666761277445109,2.4312818550565454,1.2411752909578564,3.0176469638503645,3.602089211415488,1.278105379432673,59,0.0824651199240862,2.4312818550565454,0.013482115768463,0.4666761277445109,21.396168735469992
