media,desvio_padrao,maximo,minimo,rms,variancia,skewness,kurtosis,pico_a_pico,crest_factor,shape_factor,impulse_factor,margin_factor,energia,zero_crossings,mean_abs,peak_to_rms,mediana,amplitude,coeficiente_variacao
-0.0006470556407845,0.103314899363948,0.2163635928143712,-0.3269819161676646,0.1033169255813633,0.0106739684305827,-0.3479287330988786,-0.0186576677248728,0.5433455089820358,3.164843652942056,1.2337623544490417,3.904664956716896,4.535847161718921,1.2916008405017827,48,0.0837413503571369,3.164843652942056,0.004710618762475,0.5433455089820358,-159.66926621438623
