media,desvio_padrao,maximo,minimo,rms,variancia,skewness,kurtosis,pico_a_pico,crest_factor,shape_factor,impulse_factor,margin_factor,energia,zero_crossings,mean_abs,peak_to_rms,mediana,amplitude,coeficiente_variacao
0.0022969132808762,0.1003287646798563,0.3047283033932136,-0.240403992015968,0.1003550538478549,0.0100658610221859,0.1254802941543287,0.1897447266605652,0.5451322954091817,3.036501817389311,1.248530432361352,3.7911649269311063,4.436701037873367,1.2186075567695094,56,0.0803785404397816,3.036501817389311,0.004385748502994,0.5451322954091817,43.67982261898077
