rms,media,desvio_padrao,minimo,skewness,kurtosis,pico_a_pico,crest_factor,shape_factor,mean_abs
0.1176248093458175,0.0189330126631981,0.1160910711688677,-0.304890738522954,-0.1332628959639758,0.0176623846095527,0.5821675049900199,2.5920614895669982,1.286393424769317,0.0914376636890154
