rms,media,desvio_padrao,minimo,skewness,kurtosis,pico_a_pico,crest_factor,shape_factor,mean_abs
0.1377128363393233,0.0212696819475802,0.1360603760191409,-0.2789011177644711,0.0598572565190308,-0.243375515925424,0.5948374451097804,2.294167600809882,1.284309311049224,0.1072271571610876
