rms,media,desvio_padrao,minimo,skewness,kurtosis,pico_a_pico,crest_factor,shape_factor,mean_abs
0.109157796070064,0.0300398475180786,0.104942994068038,-0.2051555688622754,0.1692892506596423,-0.4161716565367332,0.4858434730538922,2.5713958534986765,1.264498783825737,0.0863249514086581
