rms,media,desvio_padrao,minimo,skewness,kurtosis,pico_a_pico,crest_factor,shape_factor,mean_abs
0.0954524961239162,0.0257313222734858,0.0919188667812232,-0.2002825149700599,0.1580462094937372,-0.0944426042047235,0.4764222355289421,2.8929544199703074,1.2419689629593746,0.0768557822060796
