rms,media,desvio_padrao,minimo,skewness,kurtosis,pico_a_pico,crest_factor,shape_factor,mean_abs
0.0905439309151938,-0.0129695131049376,0.0896102402373536,-0.2186376846307385,-0.2054694233090034,-0.5645853519753228,0.3958544111776447,2.4147138568074893,1.1989764446976074,0.0755176895389549
