rms,media,desvio_padrao,minimo,skewness,kurtosis,pico_a_pico,crest_factor,shape_factor,mean_abs
0.1371953261956583,0.0172607296881646,0.1361051973312012,-0.4155090618762475,-0.2744852283862916,0.2285018875181861,0.7530492614770459,3.0285948756277423,1.2471939543556048,0.1100032001570629
