rms,media,desvio_padrao,minimo,skewness,kurtosis,pico_a_pico,crest_factor,shape_factor,mean_abs
0.0857498643683972,-0.0095370724125519,0.085217858979185,-0.2238356087824351,-0.2410760051680882,-0.1595978168299479,0.3908189221556886,2.61033192799928,1.2714257214091316,0.0674438647295572
