rms,media,desvio_padrao,minimo,skewness,kurtosis,pico_a_pico,crest_factor,shape_factor,mean_abs
0.1088967398480686,0.0178545499165603,0.1074230654785786,-0.2624951696606786,-0.0333268215307162,0.0977961786307459,0.5717716566866268,2.8400894963196026,1.2626821239570514,0.0862424024082981
