rms,media,desvio_padrao,minimo,skewness,kurtosis,pico_a_pico,crest_factor,shape_factor,mean_abs
0.1645451145667837,0.0238113922973724,0.1628131208614853,-0.3685653093812375,-0.0699433247952673,-0.281050978661618,0.7780642714570858,2.4886728673408616,1.2545400905229076,0.1311597100880206
