rms,media,desvio_padrao,minimo,skewness,kurtosis,pico_a_pico,crest_factor,shape_factor,mean_abs
0.159585762450427,0.0203483285887241,0.1582831674579753,-0.5300258283433134,0.0130604124187981,1.4448403379805077,1.0631379241516967,3.340599359381991,1.3564492875008238,0.1176496341742744
