rms,media,desvio_padrao,minimo,skewness,kurtosis,pico_a_pico,crest_factor,shape_factor,mean_abs
0.1357001947783336,0.0254091148849841,0.1333001115664925,-0.3667785229540918,-0.0694106329118416,0.9414239916407824,0.8170487025948104,3.3181247851282403,1.2821765953272382,0.1058358070743758
