rms,media,desvio_padrao,minimo,skewness,kurtosis,pico_a_pico,crest_factor,shape_factor,mean_abs
0.113009874797831,0.0186773770491803,0.1114557642671934,-0.252261756487026,0.2012038645637065,-0.1137130205795671,0.5615382435129741,2.736720906728091,1.2374000684078703,0.0913284859788619
