rms,media,desvio_padrao,minimo,skewness,kurtosis,pico_a_pico,crest_factor,shape_factor,mean_abs
0.154980087947482,0.0254810124014266,0.1528710098979123,-0.355570499001996,0.0315563509838008,0.3801814198603033,0.774328263473054,2.702010109924327,1.3024297182300983,0.1189930525833578
