rms,media,desvio_padrao,minimo,skewness,kurtosis,pico_a_pico,crest_factor,shape_factor,mean_abs
0.088514584128249,0.0083707349235954,0.0881178892180003,-0.2173382035928143,-0.0450504883698236,0.0551947141145694,0.4427981636726547,2.5471504193384757,1.263384682649179,0.070061466902261
