rms,media,desvio_padrao,minimo,skewness,kurtosis,pico_a_pico,crest_factor,shape_factor,mean_abs
0.0865414043915763,-0.0107300386113019,0.0858736335871862,-0.2293584031936127,0.048260163403464,-0.574229899786304,0.4172958483033932,2.650273644229625,1.2079498065033951,0.0716432122639966
