rms,media,desvio_padrao,minimo,skewness,kurtosis,pico_a_pico,crest_factor,shape_factor,mean_abs
0.1237571108546668,0.0316828389123392,0.119632855878095,-0.2506374051896207,0.01689756101064,-0.4776594599290189,0.5821675049900199,2.6788771773262305,1.2348895544253915,0.1002171493079414
