rms,media,desvio_padrao,minimo,skewness,kurtosis,pico_a_pico,crest_factor,shape_factor,mean_abs
0.1376159451897165,0.0313047112332711,0.1340080722384311,-0.3381899401197605,0.1838201075427682,0.657527865077864,0.7447650698602795,2.954418757070752,1.3090055524419215,0.1051301462648473
