rms,media,desvio_padrao,minimo,skewness,kurtosis,pico_a_pico,crest_factor,shape_factor,mean_abs
0.1503699162835708,0.0189836072118059,0.1491668005299972,-0.3437127345309381,0.146689554235524,-0.0759193658798631,0.7785515768463074,2.891794137168638,1.2506720945874017,0.1202312875887569
