rms,media,desvio_padrao,minimo,skewness,kurtosis,pico_a_pico,crest_factor,shape_factor,mean_abs
0.1085560769866467,0.0206811874611432,0.1065678672768101,-0.2624951696606786,0.060660188058762,0.0876096696454182,0.5990607584830339,3.1003845953622244,1.269294163034472,0.0855247586793626
