rms,media,desvio_padrao,minimo,skewness,kurtosis,pico_a_pico,crest_factor,shape_factor,mean_abs
0.159679552549207,0.0158147907463761,0.1588944677953368,-0.4535188822355289,-0.1191997584102181,-0.0517441668790739,0.8332922155688622,2.840181319369441,1.2482085222273145,0.1279269847190864
