rms,media,desvio_padrao,minimo,skewness,kurtosis,pico_a_pico,crest_factor,shape_factor,mean_abs
0.0817197171955797,-0.012926907169268,0.0806908126713485,-0.3209718163672655,-0.2496256839619548,1.553325998336228,0.5266146906187625,3.9277157016963695,1.3404929581392275,0.0609624367658126
