rms,media,desvio_padrao,minimo,skewness,kurtosis,pico_a_pico,crest_factor,shape_factor,mean_abs
0.1384754869812319,0.0210499950917836,0.1368662054757317,-0.2714291017964072,-0.1075390620819185,-0.8049960576473154,0.5563403193612775,2.0574848572548103,1.196033184584656,0.115778967311279
