rms,media,desvio_padrao,minimo,skewness,kurtosis,pico_a_pico,crest_factor,shape_factor,mean_abs
0.0904035500342043,0.030786782827787,0.084999858011067,-0.201257125748503,-0.2223026028841605,-0.2346293071178795,0.4267170858283433,2.4939281697957343,1.2281243191103548,0.0736110739177382
