rms,media,desvio_padrao,minimo,skewness,kurtosis,pico_a_pico,crest_factor,shape_factor,mean_abs
0.0999956174738039,0.0210926010274532,0.0977457195782198,-0.2074296606786427,0.0546866409981827,-0.5571101509247134,0.4449098203592814,2.374905677669843,1.2145613282530252,0.0823306449396289
