rms,media,desvio_padrao,minimo,skewness,kurtosis,pico_a_pico,crest_factor,shape_factor,mean_abs
0.1412231708203626,0.0280906259611923,0.1384012308820471,-0.3547583233532934,-0.1314782367714403,0.098988737687971,0.7366433133732535,2.7041241731197347,1.231462801048097,0.1146792015968063
