rms,media,desvio_padrao,minimo,skewness,kurtosis,pico_a_pico,crest_factor,shape_factor,mean_abs
0.1126082356769375,0.0331554065639213,0.1076166054001602,-0.1754299401197604,0.2379740023250968,-0.3179198069577187,0.531812614770459,3.164801157822301,1.2113514977927262,0.0929608258892052
