rms,media,desvio_padrao,minimo,skewness,kurtosis,pico_a_pico,crest_factor,shape_factor,mean_abs
0.1133083585285014,0.0201858934589836,0.1114958017939957,-0.2244853493013971,0.2673873766561191,0.2163213612072847,0.5608885029940119,2.968917369039429,1.2754582705665565,0.0888373701776774
