rms,media,desvio_padrao,minimo,skewness,kurtosis,pico_a_pico,crest_factor,shape_factor,mean_abs
0.1091072826068987,0.0203483285887241,0.1071930251532578,-0.2084042714570858,0.1813525592540952,-0.1812919392498999,0.5191426746506985,2.848007903497773,1.2603174981758576,0.0865712669742482
