rms,media,desvio_padrao,minimo,skewness,kurtosis,pico_a_pico,crest_factor,shape_factor,mean_abs
0.1528742008679208,0.0150545410817708,0.1521311344985722,-0.3706769660678643,-0.0209512326538018,-0.0541344096174993,0.714227265469062,2.424718912435193,1.3325489717519683,0.1147231389679657
