rms,media,desvio_padrao,minimo,skewness,kurtosis,pico_a_pico,crest_factor,shape_factor,mean_abs
0.1227195004021348,0.0260588554039462,0.1199208565429125,-0.2456019161676646,0.0562520718748663,-0.4202329880393574,0.5646245109780439,2.599607998443493,1.230650764469139,0.0997191924348025
