rms,media,desvio_padrao,minimo,skewness,kurtosis,pico_a_pico,crest_factor,shape_factor,mean_abs
0.0863097190760704,0.0166948696050521,0.0846796843160182,-0.236018243512974,-0.3020110068698765,0.4112385536755312,0.4715491816367265,2.7345500140598946,1.2685575520303134,0.0680376849579529
