rms,media,desvio_padrao,minimo,skewness,kurtosis,pico_a_pico,crest_factor,shape_factor,mean_abs
0.1487432799277119,0.0195734331337325,0.1474498017598293,-0.3630425149700599,0.0164219177655561,0.4689584446051689,0.783749500998004,2.8284100379688035,1.2955188297836042,0.1148136765812637
