rms,media,desvio_padrao,minimo,skewness,kurtosis,pico_a_pico,crest_factor,shape_factor,mean_abs
0.0847846601199851,0.0201086702005824,0.0823655266141461,-0.21912499001996,-0.2094396105681727,-0.0903324028783609,0.4125852295409181,2.5844886293093565,1.2604488207208078,0.0672654523739406
