rms,media,desvio_padrao,minimo,skewness,kurtosis,pico_a_pico,crest_factor,shape_factor,mean_abs
0.1181272795049545,0.0291677572723405,0.1144696295920602,-0.2363431137724551,-0.0315955256582853,-0.4211738120814958,0.5581271057884232,2.724044719936783,1.216783167097634,0.0970816187297536
