rms,media,desvio_padrao,minimo,skewness,kurtosis,pico_a_pico,crest_factor,shape_factor,mean_abs
0.0932718745263978,0.027914876476555,0.0889966417847706,-0.167795489021956,0.0436991604165906,-0.3731370234400142,0.4073873053892215,2.568746662204758,1.2245423543413094,0.0761687614934066
