rms,media,desvio_padrao,minimo,skewness,kurtosis,pico_a_pico,crest_factor,shape_factor,mean_abs
0.1112146070161093,0.0269509171820293,0.1078996611523642,-0.2274091816367265,0.2823092796568419,0.2993692586265308,0.5746954890219561,3.122668116202807,1.3420174513892749,0.0828712077484375
