rms,media,desvio_padrao,minimo,skewness,kurtosis,pico_a_pico,crest_factor,shape_factor,mean_abs
0.1023973437755292,0.0261800160335067,0.098994054229379,-0.1929729341317365,-0.151901965132304,-0.7389986470003285,0.4041386027944111,2.062218226339761,1.2154864888125154,0.0842439177382939
