rms,media,desvio_padrao,minimo,skewness,kurtosis,pico_a_pico,crest_factor,shape_factor,mean_abs
0.152039940041075,-0.0003594875822126,0.1520395150491211,-0.3883823952095808,-0.0628572198335938,0.3496184368366468,0.8261450698602795,2.879261031886969,1.2826005779612752,0.1185403645168679
