rms,media,desvio_padrao,minimo,skewness,kurtosis,pico_a_pico,crest_factor,shape_factor,mean_abs
0.1045627070874902,0.011828472890285,0.1038915152577344,-0.2054804391217564,-0.036828405560585,-0.5057165115529458,0.4621279441117765,2.454484128603104,1.224717952578941,0.0853769693400085
