rms,media,desvio_padrao,minimo,skewness,kurtosis,pico_a_pico,crest_factor,shape_factor,mean_abs
0.0997457045754989,0.0149932950492457,0.0986124063433652,-0.227896487025948,-0.0312877083658238,-0.333102082476103,0.5058229940119761,2.7863506320280838,1.2379316960285205,0.0805744815287457
