rms,media,desvio_padrao,minimo,skewness,kurtosis,pico_a_pico,crest_factor,shape_factor,mean_abs
0.1273342683399834,0.0276046520074604,0.1243060701704704,-0.2855609580838323,-0.1245582202729225,-0.3497931668992993,0.5930506586826347,2.414822848612933,1.2202777623294918,0.1043485936324073
