rms,media,desvio_padrao,minimo,skewness,kurtosis,pico_a_pico,crest_factor,shape_factor,mean_abs
0.0976569216360258,0.0251401649160695,0.0943654939658439,-0.1970338123752495,0.0599433468404106,-0.4521029006510675,0.4536813173652695,2.628052376528548,1.240228140214786,0.0787410948594614
