rms,media,desvio_padrao,minimo,skewness,kurtosis,pico_a_pico,crest_factor,shape_factor,mean_abs
0.1004601942320783,0.0325056660449592,0.0950559430026365,-0.1258872255489022,0.5916175551269705,-0.3471829767363399,0.4163212375249501,2.891035740037503,1.2669175821479317,0.0792949720231668
