rms,media,desvio_padrao,minimo,skewness,kurtosis,pico_a_pico,crest_factor,shape_factor,mean_abs
0.1448044471530026,0.0308906347959818,0.1414711864557161,-0.3035912574850299,-0.0503143470236244,-0.1010737033620006,0.6588368862275449,2.453278443632031,1.2642326225964753,0.1145394008703903
