rms,media,desvio_padrao,minimo,skewness,kurtosis,pico_a_pico,crest_factor,shape_factor,mean_abs
0.0948390419666705,0.0237408262164196,0.0918194807854937,-0.1945972854291417,0.027141147157015,-0.2391856748083975,0.4535188822355289,2.7301161150212865,1.2068290324349182,0.0785853169071692
