rms,media,desvio_padrao,minimo,skewness,kurtosis,pico_a_pico,crest_factor,shape_factor,mean_abs
0.2563281633344432,0.0312634367330911,0.2544144745136271,-0.7160140518962076,-0.0305492583192444,1.542105977103354,1.6186660678642717,3.5214703067580286,1.3403802268544434,0.1912354108177088
