rms,media,desvio_padrao,minimo,skewness,kurtosis,pico_a_pico,crest_factor,shape_factor,mean_abs
0.0883201721378319,0.0102387389156114,0.0877246888388566,-0.1768918562874251,0.1305111130076101,-0.4991074094121197,0.4132349700598802,2.675981126979908,1.2200579097854105,0.072390147573705
