rms,media,desvio_padrao,minimo,skewness,kurtosis,pico_a_pico,crest_factor,shape_factor,mean_abs
0.1163470321278548,-0.0014858820064788,0.1163375435516106,-0.2840990419161676,0.2533091824918464,0.2047690331226603,0.6170910578842315,2.862058531945498,1.293590950779948,0.0899411301986191
