rms,media,desvio_padrao,minimo,skewness,kurtosis,pico_a_pico,crest_factor,shape_factor,mean_abs
0.1522104551935501,0.0216065351264683,0.1506691086787746,-0.4062502594810379,-0.1054690489998606,1.0667193579797756,0.8215968862275449,2.728765420340897,1.354830093767695,0.1123465266188933
