rms,media,desvio_padrao,minimo,skewness,kurtosis,pico_a_pico,crest_factor,shape_factor,mean_abs
0.1553725823482584,0.0222749157422859,0.1537675761473803,-0.3794484630738522,0.0256218112267152,-0.3255756649588304,0.7498005588822355,2.442184182942529,1.2249442527009733,0.1268405333595104
