rms,media,desvio_padrao,minimo,skewness,kurtosis,pico_a_pico,crest_factor,shape_factor,mean_abs
0.1007280881605292,0.0202111907332875,0.0986795597558988,-0.2330944111776447,-0.1097278272697245,0.0718961699760551,0.5303506986027944,2.951076436111998,1.257040913915411,0.0801311135106835
