rms,media,desvio_padrao,minimo,skewness,kurtosis,pico_a_pico,crest_factor,shape_factor,mean_abs
0.1233479364603653,0.0203270256208893,0.1216615200399783,-0.3791235928143713,0.2251781440946948,1.1506697987799406,0.7887849900199602,3.3211856554829584,1.3538136010640212,0.0911114619940447
