rms,media,desvio_padrao,minimo,skewness,kurtosis,pico_a_pico,crest_factor,shape_factor,mean_abs
0.14518161140438,0.0220565603219789,0.1434963708138129,-0.3341290618762475,0.0851716237235445,0.2478605978803507,0.7457396806387226,2.835142927405592,1.265892129180828,0.1146871902097444
