rms,media,desvio_padrao,minimo,skewness,kurtosis,pico_a_pico,crest_factor,shape_factor,mean_abs
0.1109373423550737,0.0250083528025915,0.1080818033662833,-0.2176630738522954,0.0529626826234236,-0.2917424550354268,0.5082595209580838,2.619464653981753,1.2413271948718962,0.0893699443735479
