rms,media,desvio_padrao,minimo,skewness,kurtosis,pico_a_pico,crest_factor,shape_factor,mean_abs
0.0970770286245268,0.0328957766434344,0.0913335500546894,-0.19719624750499,0.072555309134772,-0.0580204166803204,0.4777217165668663,2.8897203904632147,1.242549336457469,0.0781273030987205
