rms,media,desvio_padrao,minimo,skewness,kurtosis,pico_a_pico,crest_factor,shape_factor,mean_abs
0.1388152261781984,0.0251095418998069,0.1365253746542605,-0.3857834331337325,-0.0138972190029363,0.2461646681219984,0.7814754091816367,2.850494048397477,1.2560970237701543,0.1105131399496089
