rms,media,desvio_padrao,minimo,skewness,kurtosis,pico_a_pico,crest_factor,shape_factor,mean_abs
0.1272504277847307,0.0254117777559634,0.1246872604666511,-0.3261697405189621,0.0099234717814409,0.3796496911313318,0.6913239121756487,2.8695712699246645,1.2713347214554067,0.1000919943719119
