rms,media,desvio_padrao,minimo,skewness,kurtosis,pico_a_pico,crest_factor,shape_factor,mean_abs
0.1466719994124521,0.025166793625863,0.1444967401370687,-0.3961792814371258,0.0797140900603529,0.3582616711474404,0.8034041516966068,2.776432256264098,1.2795706981107828,0.1146259441772193
