rms,media,desvio_padrao,minimo,skewness,kurtosis,pico_a_pico,crest_factor,shape_factor,mean_abs
0.1250065806774799,0.0299879215339812,0.1213563750890206,-0.2194498602794411,0.0572845744961584,-0.7124933332793293,0.5327872255489022,2.5065669628855725,1.2183669415831546,0.1026017502699519
