rms,media,desvio_padrao,minimo,skewness,kurtosis,pico_a_pico,crest_factor,shape_factor,mean_abs
0.1186297589580316,0.0116034602925296,0.1180609140218742,-0.2980684630738523,0.1417900713698661,0.2928145923193903,0.6364208383233533,2.852171143407632,1.2892552547248717,0.0920141752560453
