rms,media,desvio_padrao,minimo,skewness,kurtosis,pico_a_pico,crest_factor,shape_factor,mean_abs
0.0968402816676218,0.0275966633945224,0.0928249121893134,-0.2507998403193612,-0.1923013619332421,0.2063407365094085,0.4822699001996008,2.5898297278829085,1.2637697287701146,0.0766281067373449
