rms,media,desvio_padrao,minimo,skewness,kurtosis,pico_a_pico,crest_factor,shape_factor,mean_abs
0.0949371059062277,0.0199568865547593,0.092815821694853,-0.2480384431137724,0.0389505372777307,-0.1694442018294419,0.4988382834331337,2.6417472696827726,1.2383307475067369,0.0766653869310559
