rms,media,desvio_padrao,minimo,skewness,kurtosis,pico_a_pico,crest_factor,shape_factor,mean_abs
0.1433260749556085,0.0299413212918425,0.140163765080278,-0.3438751696606786,-0.2008564971655251,0.4576702396257697,0.7286839920159681,2.684848674426296,1.2762944632617326,0.112298594941265
