rms,media,desvio_padrao,minimo,skewness,kurtosis,pico_a_pico,crest_factor,shape_factor,mean_abs
0.1117418179874052,0.0177373835934688,0.1103250611166318,-0.2581094211576846,-0.1277997033469628,-0.4020401446732666,0.5061478642714571,2.3098731147078424,1.2132918241100188,0.0920980556918949
