rms,media,desvio_padrao,minimo,skewness,kurtosis,pico_a_pico,crest_factor,shape_factor,mean_abs
0.093840669624478,0.0274222453453748,0.0897445916798806,-0.2348811976047904,0.3028984584733539,0.8477562353194763,0.5240157285429141,3.081121779023451,1.3255251524502902,0.0707950878570727
