rms,media,desvio_padrao,minimo,skewness,kurtosis,pico_a_pico,crest_factor,shape_factor,mean_abs
0.1440275224506688,0.0197438568764111,0.1426678216660004,-0.2811752095808383,-0.0046708011358018,-0.6633508323589887,0.607507385229541,2.2657626132566118,1.2260386453651864,0.1174738846896371
