rms,media,desvio_padrao,minimo,skewness,kurtosis,pico_a_pico,crest_factor,shape_factor,mean_abs
0.0916978920488572,0.0326201694970714,0.0856996379699832,-0.1827395209580838,-0.0926314388225118,-0.3929973920408023,0.436625628742515,2.768723490929967,1.2227292807812198,0.074994435391512
