rms,media,desvio_padrao,minimo,skewness,kurtosis,pico_a_pico,crest_factor,shape_factor,mean_abs
0.1041705308760836,0.0293927698700958,0.0999378035698638,-0.2132773253493014,-0.063399491422665,-0.5872313428177125,0.4605035928143712,2.3732841273426795,1.2059072529779888,0.0863835345702038
