rms,media,desvio_padrao,minimo,skewness,kurtosis,pico_a_pico,crest_factor,shape_factor,mean_abs
0.123449453003572,0.0158627224240044,0.1224260653789875,-0.2959568063872255,0.0132523360590324,-0.3560876663415713,0.6229387225548901,2.648710935626448,1.2336881216265438,0.1000653656621183
