rms,media,desvio_padrao,minimo,skewness,kurtosis,pico_a_pico,crest_factor,shape_factor,mean_abs
0.1700349949696941,0.0184630159353424,0.169029632185943,-0.4346764071856287,0.0252611793886671,0.8179402403343508,0.9648646706586826,3.118112618920306,1.328202760493422,0.128018853767874
