rms,media,desvio_padrao,minimo,skewness,kurtosis,pico_a_pico,crest_factor,shape_factor,mean_abs
0.1035797664279669,0.017629537318805,0.102068444816197,-0.2277340518962076,-0.1300062547352227,-0.6883474847625917,0.4697623952095808,2.336637276370847,1.1812800108603452,0.0876843470436176
