rms,media,desvio_padrao,minimo,skewness,kurtosis,pico_a_pico,crest_factor,shape_factor,mean_abs
0.1157672681459704,0.0278522990085402,0.1123668537154969,-0.2249726546906187,0.0492462048659974,-0.944465348125786,0.4699248303393213,2.1159018397138256,1.1843198866600877,0.0977499993455711
