rms,media,desvio_padrao,minimo,skewness,kurtosis,pico_a_pico,crest_factor,shape_factor,mean_abs
0.1079151547169676,0.0331101377572723,0.1027102691812338,-0.1952470259481038,0.0735040096094862,-0.8517247075206615,0.4306155289421158,2.181051434446998,1.2016921728844143,0.0898026609076928
