rms,media,desvio_padrao,minimo,skewness,kurtosis,pico_a_pico,crest_factor,shape_factor,mean_abs
0.1249234051648571,0.030552450181604,0.1211297029876804,-0.2417034730538922,0.0970089505043287,-0.0861175486144354,0.5919136127744511,2.803398924792343,1.2660554633224572,0.0986713527044272
