rms,media,desvio_padrao,minimo,skewness,kurtosis,pico_a_pico,crest_factor,shape_factor,mean_abs
0.191346863715081,0.0241549026537089,0.1898161292709015,-0.4606660279441117,0.162171079967934,0.0189913522172449,1.011645988023952,2.879482576209138,1.269004051414771,0.1507850692058505
