rms,media,desvio_padrao,minimo,skewness,kurtosis,pico_a_pico,crest_factor,shape_factor,mean_abs
0.1273110754833573,0.0276126406203985,0.1242805375700388,-0.2238356087824351,0.0963482357453046,-0.8610225595798284,0.5337618363273453,2.434401141991964,1.190762376932462,0.1069156012565034
