rms,media,desvio_padrao,minimo,skewness,kurtosis,pico_a_pico,crest_factor,shape_factor,mean_abs
0.145596216458895,0.0239059242171394,0.1436202110932504,-0.4270419560878243,-0.2846232251557748,0.5139211741652252,0.8743883033932135,3.07251354592504,1.265174334472022,0.115079963679199
