rms,media,desvio_padrao,minimo,skewness,kurtosis,pico_a_pico,crest_factor,shape_factor,mean_abs
0.1112141286346952,0.0281518719937174,0.107592074574403,-0.2145768063872255,0.1373069903507925,-0.3526387909963726,0.540259241516966,2.928426802672785,1.2268593342326084,0.0906494538791269
