rms,media,desvio_padrao,minimo,skewness,kurtosis,pico_a_pico,crest_factor,shape_factor,mean_abs
0.0864374161338138,0.020377620169497,0.0840010684700962,-0.1689325349301397,0.4877487987961892,0.5657209621883807,0.449782874251497,3.2491755524780235,1.3370501240915205,0.0646478502012368
