rms,media,desvio_padrao,minimo,skewness,kurtosis,pico_a_pico,crest_factor,shape_factor,mean_abs
0.1107206049977885,0.0174444677857399,0.1093377469803936,-0.2676930938123752,0.0706376516781614,-0.1635705402575116,0.5901268263473054,2.912138463670518,1.221020476587334,0.0906787454598998
