rms,media,desvio_padrao,minimo,skewness,kurtosis,pico_a_pico,crest_factor,shape_factor,mean_abs
0.2402081926130358,0.025623475998822,0.2388376295229859,-0.6102687824351297,-0.0710753283769508,0.2544269562115819,1.2184259081836326,2.540582716170069,1.272781371928425,0.1887269863551585
