rms,media,desvio_padrao,minimo,skewness,kurtosis,pico_a_pico,crest_factor,shape_factor,mean_abs
0.08507621061074,0.0221044919996073,0.0821544462906438,-0.1395317764471058,0.1884213665669518,-0.436506407620556,0.3734383632734531,2.7493771190229648,1.254626142240358,0.0678100094892182
