rms,media,desvio_padrao,minimo,skewness,kurtosis,pico_a_pico,crest_factor,shape_factor,mean_abs
0.1332974427532436,0.0308493602958018,0.1296785456962487,-0.3008298602794411,0.0347971738659946,0.431959322810219,0.6987959281437126,2.9855491571655635,1.2793016031677258,0.1041954785510945
