rms,media,desvio_padrao,minimo,skewness,kurtosis,pico_a_pico,crest_factor,shape_factor,mean_abs
0.1495729286639859,0.029149117175485,0.1467051122388434,-0.4129100998003991,-0.0301972034610698,0.5136906428484838,0.8324800399201596,2.805119508372535,1.291066837646846,0.1158521962632112
