rms,media,desvio_padrao,minimo,skewness,kurtosis,pico_a_pico,crest_factor,shape_factor,mean_abs
0.0955055034532484,0.0311143159582474,0.0902950747954106,-0.2283837924151696,-0.0493123341912787,0.775615616063956,0.5626752894211577,3.500232812966944,1.2722588918751816,0.0750676643434442
