rms,media,desvio_padrao,minimo,skewness,kurtosis,pico_a_pico,crest_factor,shape_factor,mean_abs
0.105362276995624,0.0186440911619384,0.1036996011489337,-0.2095413173652694,0.0286727721662605,-0.4358267614015387,0.4726862275449102,2.4975248986937677,1.2425510105589583,0.0847951320310199
