rms,media,desvio_padrao,minimo,skewness,kurtosis,pico_a_pico,crest_factor,shape_factor,mean_abs
0.1101961958133345,0.0310730414580674,0.1057244894349269,-0.2329319760479042,0.0697570994692124,-0.1823218640330663,0.5404216766467066,2.790383990384485,1.2505281195741602,0.0881197264487418
