rms,media,desvio_padrao,minimo,skewness,kurtosis,pico_a_pico,crest_factor,shape_factor,mean_abs
0.0853633274314999,0.0256154873858839,0.0814293833708759,-0.1911861477045908,0.1281676549888593,-0.3778858724403311,0.4257424750499001,2.747741148369948,1.2216564849110547,0.0698750659337063
