rms,media,desvio_padrao,minimo,skewness,kurtosis,pico_a_pico,crest_factor,shape_factor,mean_abs
0.1346878327149518,0.0267139216648669,0.1320120398703625,-0.3362407185628743,-0.0263719446867477,-0.380829227996792,0.6994456686626747,2.696642620038837,1.2008815942985016,0.1121574627793593
