rms,media,desvio_padrao,minimo,skewness,kurtosis,pico_a_pico,crest_factor,shape_factor,mean_abs
0.1526513334311022,0.0300398475180786,0.1496664196116955,-0.3131749301397206,0.2299637363197081,0.1640884247524567,0.7947950898203593,3.155034082280149,1.2603796288175133,0.121115360753902
