rms,media,desvio_padrao,minimo,skewness,kurtosis,pico_a_pico,crest_factor,shape_factor,mean_abs
0.1165418430742253,0.0293914384346061,0.1127747513137675,-0.2546982834331337,-0.1308189467411301,-0.1745681458087826,0.5573149301397206,2.596635154584356,1.2381494077545674,0.094125831942672
