rms,media,desvio_padrao,minimo,skewness,kurtosis,pico_a_pico,crest_factor,shape_factor,mean_abs
0.0935088671964189,0.0252733084650371,0.0900287072193564,-0.188424750499002,-0.006762765531085,0.1292280958165097,0.4678131736526946,2.9878281229396846,1.2399212045612424,0.0754151690062498
