rms,media,desvio_padrao,minimo,skewness,kurtosis,pico_a_pico,crest_factor,shape_factor,mean_abs
0.1100750795396727,0.0184323929190798,0.1085208276182131,-0.2879974850299401,0.0834380187189455,-0.4250372024014504,0.5798934131736526,2.651789391062932,1.2174769001301702,0.0904124583619646
