rms,media,desvio_padrao,minimo,skewness,kurtosis,pico_a_pico,crest_factor,shape_factor,mean_abs
0.1459812635719392,0.0129641873629789,0.1454044674694611,-0.3888697005988024,-0.0772164314736667,-0.1819988196605466,0.7515873453093812,2.6638329542007857,1.2358903254712694,0.1181182994666405
