rms,media,desvio_padrao,minimo,skewness,kurtosis,pico_a_pico,crest_factor,shape_factor,mean_abs
0.2235712540400877,0.0236422999901835,0.2223176720016463,-0.5759949700598802,-0.0845317344111658,0.2446196398071261,1.1937357684630738,2.7630600412181288,1.2593651429294077,0.1775269510160008
