rms,media,desvio_padrao,minimo,skewness,kurtosis,pico_a_pico,crest_factor,shape_factor,mean_abs
0.1076337389363314,-0.0060220827198062,0.1074651398227823,-0.2595713373253493,0.1323199649038143,0.214706046035471,0.5880151696606787,3.051495149951204,1.283241598667109,0.0838764415431432
