rms,media,desvio_padrao,minimo,skewness,kurtosis,pico_a_pico,crest_factor,shape_factor,mean_abs
0.2600866753638242,0.031831959687183,0.2581313716778355,-0.8152619161676647,0.2521968702299516,1.3560490185399248,1.7047566866267467,3.4199936202606507,1.3214390868689447,0.1968207826969013
