rms,media,desvio_padrao,minimo,skewness,kurtosis,pico_a_pico,crest_factor,shape_factor,mean_abs
0.1191673766243728,0.0208782399136153,0.1173241780267163,-0.2629824750499002,-0.0451540846157334,-0.441430199609035,0.5464317764471058,2.378581365356941,1.226924692502986,0.0971268875364026
