rms,media,desvio_padrao,minimo,skewness,kurtosis,pico_a_pico,crest_factor,shape_factor,mean_abs
0.1269311423949577,0.0229592735839795,0.124837440962978,-0.2589215968063872,-0.3064182009786835,-0.5270604072332667,0.5246654690618763,2.0936065589688213,1.2130557786355314,0.1046375151336671
