rms,media,desvio_padrao,minimo,skewness,kurtosis,pico_a_pico,crest_factor,shape_factor,mean_abs
0.1102964904504779,-0.0043804227610353,0.1102094719256333,-0.3323422754491018,-0.1695342925668672,-0.1339229076167241,0.5975988423153693,3.013171807114936,1.2593536221436887,0.0875818265109125
