rms,media,desvio_padrao,minimo,skewness,kurtosis,pico_a_pico,crest_factor,shape_factor,mean_abs
0.0914563544730573,0.0326348152874578,0.0854355523459351,-0.171856367265469,0.1176466744066131,-0.2753442146710476,0.4346764071856288,2.873720928791069,1.243641266445376,0.0735391764012957
