rms,media,desvio_padrao,minimo,skewness,kurtosis,pico_a_pico,crest_factor,shape_factor,mean_abs
0.1085592117620107,-0.0104437799810215,0.1080556797123459,-0.3016420359281437,0.0397683942017793,-0.2847692966120569,0.5391221956087824,2.7785945663406206,1.226798245543337,0.0884898655148719
