rms,media,desvio_padrao,minimo,skewness,kurtosis,pico_a_pico,crest_factor,shape_factor,mean_abs
0.0959545256821951,0.0301423680507836,0.0910972482964559,-0.2033687824351297,0.1653821571522997,-0.2693074038565752,0.4822699001996008,2.90659680490946,1.272372932781227,0.0754138375707601
