rms,media,desvio_padrao,minimo,skewness,kurtosis,pico_a_pico,crest_factor,shape_factor,mean_abs
0.1503386839763818,-0.0085238500049082,0.1500968483374792,-0.3974787624750499,0.0176412406540173,0.3345536970476455,0.7988559680638723,2.669819869195333,1.2833553130781608,0.117145020123687
