rms,media,desvio_padrao,minimo,skewness,kurtosis,pico_a_pico,crest_factor,shape_factor,mean_abs
0.0972123879217783,0.0327692902719151,0.091522794868433,-0.1690949700598802,-0.1722790899891463,-0.4166888072602592,0.4189201996007984,2.569890884091228,1.2060326510400687,0.0806051045450083
