rms,media,desvio_padrao,minimo,skewness,kurtosis,pico_a_pico,crest_factor,shape_factor,mean_abs
0.0940343985229732,0.0238886155557736,0.0909494483348073,-0.154638243512974,0.1789008054127374,-0.2063653332494839,0.4447473852295409,3.08513848414409,1.2701663043581348,0.0740331389679657
