rms,media,desvio_padrao,minimo,skewness,kurtosis,pico_a_pico,crest_factor,shape_factor,mean_abs
0.1278453193689682,0.0292982379503288,0.1244429143726528,-0.2571348103792415,0.0168964562810186,-0.3491591634121156,0.6174159281437126,2.818101746256981,1.237299963692486,0.1033260511763358
