rms,media,desvio_padrao,minimo,skewness,kurtosis,pico_a_pico,crest_factor,shape_factor,mean_abs
0.1902582917400414,0.0313499800399201,0.1876576572573987,-0.4977012375249501,0.0211441758184078,0.1674955288166617,1.1201526546906186,3.2716125613918177,1.2301325375681156,0.1546648722227676
