rms,media,desvio_padrao,minimo,skewness,kurtosis,pico_a_pico,crest_factor,shape_factor,mean_abs
0.1094800487247509,0.0282956670266025,0.1057602774972413,-0.2137646307385229,0.032786071248623,-0.6404647312568144,0.4978636726546905,2.594984613410564,1.2060292922580915,0.0907772716861359
