rms,media,desvio_padrao,minimo,skewness,kurtosis,pico_a_pico,crest_factor,shape_factor,mean_abs
0.1023027008053391,0.0160544491345178,0.1010351288169314,-0.2402415568862275,0.180348128088724,-0.1070240219023319,0.5121579640718563,2.657959223413166,1.2667984502274798,0.0807568881908314
