rms,media,desvio_padrao,minimo,skewness,kurtosis,pico_a_pico,crest_factor,shape_factor,mean_abs
0.1081176455777584,-0.0104770658682634,0.1076088117956417,-0.3365655888223552,0.1707177185516917,1.203394184078924,0.6979837524950099,3.342823104788404,1.315702106270758,0.0821748669873368
