rms,media,desvio_padrao,minimo,skewness,kurtosis,pico_a_pico,crest_factor,shape_factor,mean_abs
0.1388966692683487,0.0173872160596839,0.1378040980941239,-0.2996928143712575,0.0325346925882748,-0.1625119890400865,0.676704750499002,2.714333886576909,1.2504463860507262,0.1110776685972317
