rms,media,desvio_padrao,minimo,skewness,kurtosis,pico_a_pico,crest_factor,shape_factor,mean_abs
0.1313764434176649,0.0203496600242138,0.1297908364329848,-0.3398142914171657,0.0889032589944325,0.2934542652465968,0.7095166467065869,2.814068836633698,1.2982577456172408,0.1011944229573639
