rms,media,desvio_padrao,minimo,skewness,kurtosis,pico_a_pico,crest_factor,shape_factor,mean_abs
0.1445312785718743,0.0300278645986715,0.1413775718891246,-0.3797733333333333,0.1556840077300213,0.4897911891848396,0.7694552095808384,2.696176772930982,1.3021096039800226,0.1109977824678511
