rms,media,desvio_padrao,minimo,skewness,kurtosis,pico_a_pico,crest_factor,shape_factor,mean_abs
0.0763494003058531,0.0082149569713032,0.0759061618646539,-0.1679579241516966,-0.0673849927077149,-0.0860106151262272,0.3560578043912176,2.4636720064073736,1.281365575233186,0.0595844010339975
