rms,media,desvio_padrao,minimo,skewness,kurtosis,pico_a_pico,crest_factor,shape_factor,mean_abs
0.1116528187900531,0.0214387522475709,0.1095752337247414,-0.2183128143712574,-0.0063388843953219,-0.7914100142831253,0.4832445109780439,2.3728169111874537,1.2065397169148384,0.0925396961449002
