rms,media,desvio_padrao,minimo,skewness,kurtosis,pico_a_pico,crest_factor,shape_factor,mean_abs
0.1093053470968388,0.0260189123392559,0.1061634358178112,-0.2183128143712574,0.0613702668416241,0.111886000567257,0.5677107784431138,3.1965313074968584,1.2597959696608805,0.0867643251202513
