rms,media,desvio_padrao,minimo,skewness,kurtosis,pico_a_pico,crest_factor,shape_factor,mean_abs
0.0972303999402776,0.034572053924937,0.0908764202637713,-0.1694198403193612,0.2586486932523699,0.0919981742874558,0.4484833932135729,2.870126555744113,1.280497018477047,0.0759317659762442
