rms,media,desvio_padrao,minimo,skewness,kurtosis,pico_a_pico,crest_factor,shape_factor,mean_abs
0.1095498959843821,-0.0065426739962697,0.1093543466313409,-0.2520993213572854,-0.010322290636231,-0.1724642677591692,0.5193051097804391,2.439124072388418,1.2650216361997353,0.0865992271195314
