rms,media,desvio_padrao,minimo,skewness,kurtosis,pico_a_pico,crest_factor,shape_factor,mean_abs
0.112994893978806,0.0161090379895945,0.1118407124455644,-0.3073272654690618,-0.1792422393871261,0.140148578353378,0.6333345708582834,2.885150770178776,1.2607437965197252,0.0896255799875658
