rms,media,desvio_padrao,minimo,skewness,kurtosis,pico_a_pico,crest_factor,shape_factor,mean_abs
0.0907029975635376,0.0179490818363273,0.0889093033840887,-0.2244853493013971,-0.2245510022455158,-0.048508330942282,0.4668385628742515,2.671942715047376,1.2218056029673692,0.0742368485978862
