rms,media,desvio_padrao,minimo,skewness,kurtosis,pico_a_pico,crest_factor,shape_factor,mean_abs
0.1122129147600536,0.0214707287065213,0.1101396660960892,-0.2649316966067864,-0.099729996151934,-0.5283565396228065,0.5521170059880239,2.5592892760635406,1.2189003856725846,0.0920607754981839
