rms,media,desvio_padrao,minimo,skewness,kurtosis,pico_a_pico,crest_factor,shape_factor,mean_abs
0.1060813013746236,0.033164726612349,0.1007638000973657,-0.2196122954091816,0.0621688969516261,-0.0477462026725254,0.5054981237524949,2.69496909105323,1.2632891463795586,0.0839723048983999
