rms,media,desvio_padrao,minimo,skewness,kurtosis,pico_a_pico,crest_factor,shape_factor,mean_abs
0.0960859608666346,0.023846009620104,0.0930799640140796,-0.1647092215568862,0.0310331648641215,-0.6016272710760155,0.3968290219560878,2.415751461562414,1.2185052542113828,0.0788555983115735
