rms,media,desvio_padrao,minimo,skewness,kurtosis,pico_a_pico,crest_factor,shape_factor,mean_abs
0.1251773444482316,0.0236955574097706,0.1229141493976649,-0.2516120159680639,0.1710242152365394,-0.1143150534101122,0.6014972854291417,2.795116568444032,1.2650102968192614,0.0989536170282386
