rms,media,desvio_padrao,minimo,skewness,kurtosis,pico_a_pico,crest_factor,shape_factor,mean_abs
0.1039515416545178,0.0283822103334315,0.1000018657272944,-0.2040185229540918,0.3007865726194729,0.3160183264528458,0.5563403193612775,3.389288805144654,1.288128995474369,0.0806996364647753
