rms,media,desvio_padrao,minimo,skewness,kurtosis,pico_a_pico,crest_factor,shape_factor,mean_abs
0.0872929115995099,0.0199888410065115,0.0849735173494439,-0.1422931736526946,0.2569600293340318,-0.5511268225507915,0.3532964071856287,2.4171863404097835,1.2501764763540943,0.0698244713850986
