rms,media,desvio_padrao,minimo,skewness,kurtosis,pico_a_pico,crest_factor,shape_factor,mean_abs
0.1645863895670087,0.0229140047773305,0.1629835206877297,-0.4086867864271457,0.1548785698403765,0.0705428584623928,0.8984287025948103,2.975591830260509,1.2546255348020865,0.1311836759268348
