rms,media,desvio_padrao,minimo,skewness,kurtosis,pico_a_pico,crest_factor,shape_factor,mean_abs
0.1104277120422597,0.0178612070940087,0.1089736521735101,-0.2282213572854291,0.1218037534906812,-0.1325361647152849,0.5173558882235529,2.6183149645215367,1.27041185175825,0.0869227659435228
