rms,media,desvio_padrao,minimo,skewness,kurtosis,pico_a_pico,crest_factor,shape_factor,mean_abs
0.0953287918828926,0.0237394947809299,0.0923255920609126,-0.1687700998003992,0.029193212689576,-0.3413551354052617,0.4177831536926147,2.612149477338573,1.2335637295406696,0.0772791786917967
