rms,media,desvio_padrao,minimo,skewness,kurtosis,pico_a_pico,crest_factor,shape_factor,mean_abs
0.2354497768199474,0.0297242973070252,0.2335659725948252,-0.6918112175648702,-0.0782747759253344,0.394741719633612,1.3360289421157685,2.93825386844138,1.2831438955712666,0.1834944448807303
