rms,media,desvio_padrao,minimo,skewness,kurtosis,pico_a_pico,crest_factor,shape_factor,mean_abs
0.1143228283359633,0.0059248879290599,0.1141691936634494,-0.2737031936127744,0.0293498413925478,0.0894293063630566,0.6328472654690619,3.141490436195838,1.2423940715131914,0.0920181695625143
