rms,media,desvio_padrao,minimo,skewness,kurtosis,pico_a_pico,crest_factor,shape_factor,mean_abs
0.1353144847684394,0.0271865812637021,0.1325552699342442,-0.3190225948103792,0.1127324220709744,0.1393992371176136,0.7135775249500997,2.915836621740188,1.2646432152667966,0.1069981502568633
