rms,media,desvio_padrao,minimo,skewness,kurtosis,pico_a_pico,crest_factor,shape_factor,mean_abs
0.1625896678428217,0.0298534465495239,0.1598254417117432,-0.3823722954091816,0.3474792855193931,0.576881207858039,0.8940429540918163,3.147005990425391,1.3042965499651331,0.1246569791564412
