rms,media,desvio_padrao,minimo,skewness,kurtosis,pico_a_pico,crest_factor,shape_factor,mean_abs
0.1260576910720808,0.0326720954811688,0.1217500540258342,-0.2754899800399201,0.1015599649649698,-0.1846898138027572,0.6252128143712574,2.7743077900051567,1.2585644965243974,0.1001598975818854
