rms,media,desvio_padrao,minimo,skewness,kurtosis,pico_a_pico,crest_factor,shape_factor,mean_abs
0.1185683169997398,0.032383173979909,0.1140604043440918,-0.2490130538922155,-0.0476386410268907,-0.3510112133838072,0.5259649500998005,2.335800180145869,1.2425421270406023,0.0954239815451065
