rms,media,desvio_padrao,minimo,skewness,kurtosis,pico_a_pico,crest_factor,shape_factor,mean_abs
0.0880710129911059,0.0325163175288766,0.0818485945123117,-0.1660087025948103,0.0801099803438115,-0.2682118551732899,0.3901691816367265,2.5452242619777,1.2344620190584052,0.0713436392788194
