rms,media,desvio_padrao,minimo,skewness,kurtosis,pico_a_pico,crest_factor,shape_factor,mean_abs
0.1340928717192343,0.0296244396452995,0.1307795504718266,-0.2722412774451098,0.0515043371485879,-0.1858420770946285,0.6182281037924151,2.5802029735908545,1.252057571613895,0.107098007918589
