rms,media,desvio_padrao,minimo,skewness,kurtosis,pico_a_pico,crest_factor,shape_factor,mean_abs
0.1170775705136295,0.0198809947318477,0.1153772229074965,-0.295144630738523,0.1516058691582516,-0.375166295594787,0.5917511776447106,2.5334190452103567,1.2660658951948336,0.0924735204999836
