rms,media,desvio_padrao,minimo,skewness,kurtosis,pico_a_pico,crest_factor,shape_factor,mean_abs
0.1449589189936357,0.028458102156343,0.1421380477474718,-0.3107384031936127,0.0182292447582761,-0.3314911190148137,0.6718316966067864,2.491004319844764,1.249101200569659,0.116050580151173
