rms,media,desvio_padrao,minimo,skewness,kurtosis,pico_a_pico,crest_factor,shape_factor,mean_abs
0.135957867154398,0.0251308448676417,0.1336150525854458,-0.3107384031936127,-0.1326525237772716,-0.0819927770296256,0.6538013972055887,2.5233037351371728,1.2719541026085286,0.1068889725467098
