rms,media,desvio_padrao,minimo,skewness,kurtosis,pico_a_pico,crest_factor,shape_factor,mean_abs
0.1374947370060689,0.0292516377081901,0.134347104158433,-0.2858858283433133,-0.1442704796475503,-0.5308592352122594,0.6084819960079839,2.346243752227632,1.2183007255958989,0.112857797846929
