rms,media,desvio_padrao,minimo,skewness,kurtosis,pico_a_pico,crest_factor,shape_factor,mean_abs
0.1421181988907614,0.0176987719642681,0.1410118290318611,-0.3513471856287425,-0.0658256874957527,0.4033545271834486,0.7049684630738522,2.488219525754892,1.3017937907220214,0.1091710529760151
