rms,media,desvio_padrao,minimo,skewness,kurtosis,pico_a_pico,crest_factor,shape_factor,mean_abs
0.1111336739159423,0.0267365560681914,0.1078695974205311,-0.2368304191616766,0.0251430039250167,0.4981788016096096,0.5738833133732535,3.032860179413416,1.2815566145461943,0.0867177248781126
