rms,media,desvio_padrao,minimo,skewness,kurtosis,pico_a_pico,crest_factor,shape_factor,mean_abs
0.0992981976384231,0.02896404764242,0.0949800821141304,-0.2686677045908183,0.0557414892680589,-0.0870358909200041,0.5248279041916168,2.705665470073528,1.2586034128957455,0.0788955413762638
