rms,media,desvio_padrao,minimo,skewness,kurtosis,pico_a_pico,crest_factor,shape_factor,mean_abs
0.1199589513370441,0.0285206796243578,0.1165191865730621,-0.2137646307385229,0.0406677658492376,-0.5569159532019152,0.5376602794411178,2.700054019249948,1.2203201455725392,0.0983012136382971
