rms,media,desvio_padrao,minimo,skewness,kurtosis,pico_a_pico,crest_factor,shape_factor,mean_abs
0.0792520629328082,-0.0053217476522365,0.0790731843359789,-0.2170133333333333,-0.0643493268060609,-0.2582088680963381,0.4130725349301397,2.738267311947733,1.244043979975613,0.0637051938745459
