rms,media,desvio_padrao,minimo,skewness,kurtosis,pico_a_pico,crest_factor,shape_factor,mean_abs
0.1536190288017848,0.0085877589084126,0.1533788003830209,-0.3921184031936128,0.1090250418521977,0.1737069031563614,0.8152619161676646,2.75449933692808,1.2656702431572666,0.1213736592388992
