rms,media,desvio_padrao,minimo,skewness,kurtosis,pico_a_pico,crest_factor,shape_factor,mean_abs
0.111737214399316,0.0199249321030071,0.1099463603872783,-0.2907588822355289,-0.3448419179974553,0.1682583629121121,0.5720965269461078,2.602166912774842,1.232394443878075,0.0906667625404927
