rms,media,desvio_padrao,minimo,skewness,kurtosis,pico_a_pico,crest_factor,shape_factor,mean_abs
0.1549032113232817,0.0194522725041719,0.1536769793192484,-0.3800982035928144,-0.04331450109971,0.2333498677647179,0.7951199600798403,2.679232747608305,1.2808310668239131,0.1209396112692647
