rms,media,desvio_padrao,minimo,skewness,kurtosis,pico_a_pico,crest_factor,shape_factor,mean_abs
0.1250184796295477,0.0214294542063414,0.1231681725986951,-0.3120378842315369,0.0215278656395896,0.3869351442041573,0.6589993213572855,2.775281207657122,1.307164002896566,0.0956410055299237
