rms,media,desvio_padrao,minimo,skewness,kurtosis,pico_a_pico,crest_factor,shape_factor,mean_abs
0.1591232216804686,-0.009186904878767,0.1588577994834375,-0.3745754091816367,0.2698683010168477,0.4196833550073422,0.844500239520958,2.9532133988775424,1.2919435315624412,0.1231657714080036
