rms,media,desvio_padrao,minimo,skewness,kurtosis,pico_a_pico,crest_factor,shape_factor,mean_abs
0.094941316796491,0.0261414044043061,0.0912714665753881,-0.2443024351297405,-0.2452950284873596,-0.0053369726834042,0.467325868263473,2.573194088443164,1.2556345385027643,0.0756122214587219
