rms,media,desvio_padrao,minimo,skewness,kurtosis,pico_a_pico,crest_factor,shape_factor,mean_abs
0.0956700834007478,0.0195441415529596,0.0936525033774534,-0.2093788822355289,0.0374956576679874,-0.2408337518430419,0.4380875449101796,2.3905975049339503,1.2388551833428718,0.07722458983672
