rms,media,desvio_padrao,minimo,skewness,kurtosis,pico_a_pico,crest_factor,shape_factor,mean_abs
0.0932382654977008,0.0322287274631065,0.0874910468512553,-0.1824146506986028,0.072487234322877,-0.2148815262232815,0.4190826347305389,2.538313886134788,1.260455313467172,0.0739718929354405
