rms,media,desvio_padrao,minimo,skewness,kurtosis,pico_a_pico,crest_factor,shape_factor,mean_abs
0.1060624240465308,0.013338320735578,0.1052203734767225,-0.2176630738522954,-0.0903646513847266,-0.6979154627504207,0.4450722554890219,2.144106960415684,1.2111936292530066,0.0875685121560158
