rms,media,desvio_padrao,minimo,skewness,kurtosis,pico_a_pico,crest_factor,shape_factor,mean_abs
0.1834303397394815,0.027865613363437,0.1813013985848456,-0.5881776047904191,-0.0413839754569838,2.5643339645105447,1.272354371257485,3.72989968529074,1.379550919860833,0.1329638051765322
