rms,media,desvio_padrao,minimo,skewness,kurtosis,pico_a_pico,crest_factor,shape_factor,mean_abs
0.1132315177136891,0.0189383384051569,0.1116365349793572,-0.308951616766467,-0.1538950798048062,-0.2938512280184691,0.5717716566866268,2.728494883797856,1.22204692247038,0.0926572585975589
