rms,media,desvio_padrao,minimo,skewness,kurtosis,pico_a_pico,crest_factor,shape_factor,mean_abs
0.1134968378379549,0.0278136873793396,0.1100360440654761,-0.2511247105788423,0.0494212441952701,-0.146058295465826,0.5500053493013972,2.633382959525988,1.253108563851394,0.0905722306207257
