rms,media,desvio_padrao,minimo,skewness,kurtosis,pico_a_pico,crest_factor,shape_factor,mean_abs
0.1509175104341777,0.0179863620300382,0.1498418691039809,-0.3749002794411177,0.0160613287198566,-0.2037379259685749,0.7912215169660679,2.7586012804427185,1.2382101581628049,0.1218835990314453
