rms,media,desvio_padrao,minimo,skewness,kurtosis,pico_a_pico,crest_factor,shape_factor,mean_abs
0.1166492569602356,0.0224293622590883,0.1144725856178048,-0.2546982834331337,0.1227471973618123,0.1387391333341714,0.613192614770459,3.073267165855432,1.2338973526487265,0.094537245508982
