rms,media,desvio_padrao,minimo,skewness,kurtosis,pico_a_pico,crest_factor,shape_factor,mean_abs
0.0875148452172704,0.0298467893720755,0.0822679603343961,-0.1723436726546906,0.0582915797239913,-0.3291237367524906,0.4263922155688623,2.9029194107977103,1.2191355359887086,0.0717843444259023
