rms,media,desvio_padrao,minimo,skewness,kurtosis,pico_a_pico,crest_factor,shape_factor,mean_abs
0.104966664936868,0.0306656221982265,0.100387351609475,-0.2405664271457085,0.1151546596330672,0.2131415332721862,0.5113457884231537,2.5796700451548564,1.3216189605189024,0.0794227898301757
