rms,media,desvio_padrao,minimo,skewness,kurtosis,pico_a_pico,crest_factor,shape_factor,mean_abs
0.2109336809583271,0.0354135211544124,0.2079396553860646,-0.55715249500998,-0.0636775672708767,-0.1040600949455821,1.1247008383233532,2.690648267905116,1.2105952746569564,0.1742396367919897
