rms,media,desvio_padrao,minimo,skewness,kurtosis,pico_a_pico,crest_factor,shape_factor,mean_abs
0.1126472788794481,0.0190621619056968,0.1110227157946749,-0.2889720958083832,-0.0393640968177936,0.3938876685953811,0.647303992015968,3.181008008112307,1.2932527126954314,0.0871038411701187
