rms,media,desvio_padrao,minimo,skewness,kurtosis,pico_a_pico,crest_factor,shape_factor,mean_abs
0.0762270262139504,0.0267232417132947,0.071389270046381,-0.175592375249501,-0.1648783730036949,-0.3477970466036808,0.3573572854291417,2.3845205461573613,1.236031883866587,0.0616707604463204
