rms,media,desvio_padrao,minimo,skewness,kurtosis,pico_a_pico,crest_factor,shape_factor,mean_abs
0.1164008473845713,0.0235730653447203,0.1139888935909977,-0.2920583632734531,0.0363998787718684,0.0090670588915386,0.612867744510978,2.7560742764837247,1.2301089738612767,0.0946264516867903
