rms,media,desvio_padrao,minimo,skewness,kurtosis,pico_a_pico,crest_factor,shape_factor,mean_abs
0.1354180535351857,0.0215799064166748,0.1336875344312474,-0.2876726147704591,-0.1103649478469907,-0.0769318738752451,0.6399944111776448,2.601734312446322,1.28403370792375,0.1054630051372664
