rms,media,desvio_padrao,minimo,skewness,kurtosis,pico_a_pico,crest_factor,shape_factor,mean_abs
0.1272403777892414,0.0162914446516802,0.1261931161795687,-0.2434902594810379,0.0939593654523125,-0.328161468902,0.5785939321357286,2.63362682881805,1.244255797456959,0.1022622342200844
