rms,media,desvio_padrao,minimo,skewness,kurtosis,pico_a_pico,crest_factor,shape_factor,mean_abs
0.317789111675088,0.0211591728019371,0.3170839146118568,-0.667933253493014,-0.0689227074619944,-0.7419941831949921,1.3564957684630738,2.1667278382843262,1.2094083169462446,0.2627641196295932
