rms,media,desvio_padrao,minimo,skewness,kurtosis,pico_a_pico,crest_factor,shape_factor,mean_abs
0.1281788180502167,0.024529036026308,0.1258099192765444,-0.3857834331337325,-0.4474757148280568,0.3125125800061501,0.6786539720558882,3.009728432529265,1.2394734743079214,0.1034139259186544
