rms,media,desvio_padrao,minimo,skewness,kurtosis,pico_a_pico,crest_factor,shape_factor,mean_abs
0.199764877610942,0.0243998867838094,0.1982691399382464,-0.4557929740518961,0.1348926997666574,-0.6552440734096634,0.9403369660678642,2.4255714908986947,1.224293909391435,0.163167419259841
