rms,media,desvio_padrao,minimo,skewness,kurtosis,pico_a_pico,crest_factor,shape_factor,mean_abs
0.0924189852280103,0.0124995163770819,0.0915698144636881,-0.2504749700598802,-0.0234595487671016,0.0454498724583114,0.4837318163672655,2.7102112130091447,1.2332203433289113,0.074941177971925
