rms,media,desvio_padrao,minimo,skewness,kurtosis,pico_a_pico,crest_factor,shape_factor,mean_abs
0.1321582557064085,0.0194722440365171,0.130715860795631,-0.2561601996007984,0.0971206015928528,-0.7436720219657467,0.5701473053892216,2.3758417823397275,1.2053866773253223,0.1096397182683812
