rms,media,desvio_padrao,minimo,skewness,kurtosis,pico_a_pico,crest_factor,shape_factor,mean_abs
0.1484971556814953,0.0329636798534079,0.1447922686334331,-0.3736007984031936,-0.1612092033887978,0.7900037102988389,0.7986935329341317,2.8626321667917995,1.306480401822595,0.1136619848826936
