rms,media,desvio_padrao,minimo,skewness,kurtosis,pico_a_pico,crest_factor,shape_factor,mean_abs
0.1501747377693558,0.0276379378947023,0.1476096075905067,-0.3549207584830339,-0.0402179914454946,-0.1744409054994351,0.7218617165668663,2.44342666106329,1.2724396893399792,0.1180211046758941
