rms,media,desvio_padrao,minimo,skewness,kurtosis,pico_a_pico,crest_factor,shape_factor,mean_abs
0.1430335667740963,-0.0119110218906449,0.1425367629127322,-0.4268795209580838,0.0429140188870899,0.7905775020260579,0.8795862275449102,3.165038227018558,1.294376673150349,0.1105038199011812
