rms,media,desvio_padrao,minimo,skewness,kurtosis,pico_a_pico,crest_factor,shape_factor,mean_abs
0.1364572163943481,0.0360566044959261,0.1316073446974685,-0.295144630738523,0.1465764040580847,0.1746166389671359,0.7015573253493015,2.978315880607481,1.2909046524900878,0.1057066578318772
