rms,media,desvio_padrao,minimo,skewness,kurtosis,pico_a_pico,crest_factor,shape_factor,mean_abs
0.0940377862488503,0.0240270848467,0.0909164695550477,-0.2262721357285429,-0.2032409853759332,-0.1733988725885806,0.4505950499001996,2.4061831392942783,1.251574844124176,0.0751355675534177
