rms,media,desvio_padrao,minimo,skewness,kurtosis,pico_a_pico,crest_factor,shape_factor,mean_abs
0.1651395730593827,0.0172048093975982,0.1642408996682236,-0.5015996806387225,0.0306474785842058,1.711003657429746,1.0275646307385229,3.184972204758384,1.3793814775451636,0.1197200163607211
