rms,media,desvio_padrao,minimo,skewness,kurtosis,pico_a_pico,crest_factor,shape_factor,mean_abs
0.0685162578509988,-0.0143941490788913,0.0669872081982763,-0.18468874251497,-0.0556686676087653,-0.3113553128779345,0.3316925349301397,2.695546258766926,1.2354558205247388,0.0554582824514904
