rms,media,desvio_padrao,minimo,skewness,kurtosis,pico_a_pico,crest_factor,shape_factor,mean_abs
0.1152405722027992,0.0234945106508294,0.112820199658158,-0.2862106986027944,-0.0911323632971312,0.0630110793627065,0.6010099800399202,2.731670586320459,1.2443732832918155,0.0926093269199306
