rms,media,desvio_padrao,minimo,skewness,kurtosis,pico_a_pico,crest_factor,shape_factor,mean_abs
0.1373639778993556,0.0259004145806747,0.1349000776459519,-0.3740881037924152,-0.102059747028464,0.6093768368397381,0.7736785229540919,2.9089898623527777,1.323691427941781,0.1037734135008671
