rms,media,desvio_padrao,minimo,skewness,kurtosis,pico_a_pico,crest_factor,shape_factor,mean_abs
0.1337424233752451,0.0147869225483459,0.132922468875027,-0.3000176846307385,0.1143432424424391,0.1424398306872327,0.6752428343313374,2.805580609585773,1.2694916467105972,0.1053511645561336
