rms,media,desvio_padrao,minimo,skewness,kurtosis,pico_a_pico,crest_factor,shape_factor,mean_abs
0.1373681194119734,0.021792936095023,0.1356284194670882,-0.3456619560878243,-0.2386583561656589,-0.3864488300165973,0.6442177245508982,2.5163186157565995,1.2354265751891216,0.1111908406138542
