rms,media,desvio_padrao,minimo,skewness,kurtosis,pico_a_pico,crest_factor,shape_factor,mean_abs
0.0910408310917995,0.0200820414907889,0.0887983363326578,-0.167470618762475,0.1144604596991754,-0.329690407027623,0.4117730538922155,2.6834381035406194,1.2483879158478268,0.0729267160760446
