rms,media,desvio_padrao,minimo,skewness,kurtosis,pico_a_pico,crest_factor,shape_factor,mean_abs
0.1569386207088615,-0.009228179378947,0.1566670717647773,-0.4340266666666666,0.0913249045783076,-0.0265985728702289,0.8795862275449102,2.839068923033328,1.260646860838438,0.1244905497202316
