rms,media,desvio_padrao,minimo,skewness,kurtosis,pico_a_pico,crest_factor,shape_factor,mean_abs
0.1521926832834236,0.0200301155066915,0.1508688414411574,-0.3485857884231537,0.0155598116748034,-0.4193717789805418,0.7096790818363274,2.3726061307475668,1.2463985975390628,0.1221059487582212
