rms,media,desvio_padrao,minimo,skewness,kurtosis,pico_a_pico,crest_factor,shape_factor,mean_abs
0.1125104035632432,0.0284927194790746,0.108842803375559,-0.2550231536926148,0.0351199489664177,-0.5043271695676261,0.5262898203592814,2.4110362959829312,1.222733076289126,0.0920155066915349
