rms,media,desvio_padrao,minimo,skewness,kurtosis,pico_a_pico,crest_factor,shape_factor,mean_abs
0.2383056656480139,0.0287643323189686,0.2365633180909224,-0.6529892215568862,-0.16653262376344,0.1095977304463966,1.2242735728542913,2.7401330127055177,1.2802678930909297,0.1861373443277379
