rms,media,desvio_padrao,minimo,skewness,kurtosis,pico_a_pico,crest_factor,shape_factor,mean_abs
0.1708464337255288,0.0207477592356271,0.1695819400862956,-0.3750627145708582,-0.0549819367867144,-0.4032116014989477,0.8212720159680638,2.61175660309104,1.2452808067192371,0.1371951071627237
