rms,media,desvio_padrao,minimo,skewness,kurtosis,pico_a_pico,crest_factor,shape_factor,mean_abs
0.1501479128591201,-0.0137510657373777,0.1495169018105854,-0.3909813572854291,0.1293498142549291,-0.2568216100085827,0.7504502994011977,2.603974639675989,1.2298672931968608,0.1220846457903864
