rms,media,desvio_padrao,minimo,skewness,kurtosis,pico_a_pico,crest_factor,shape_factor,mean_abs
0.0986016003390626,0.0289427446745852,0.0942581196509139,-0.1777040319361277,0.3669236513996123,-0.3322468299021457,0.4306155289421158,2.564983693330512,1.277498898682094,0.07718331533654
