rms,media,desvio_padrao,minimo,skewness,kurtosis,pico_a_pico,crest_factor,shape_factor,mean_abs
0.1032777579186509,0.0195175128431661,0.1014167736280361,-0.3630425149700599,-0.1850408706785123,1.7840520784300464,0.7127653493013972,3.515205231856587,1.3474981052446324,0.0766440839632211
