rms,media,desvio_padrao,minimo,skewness,kurtosis,pico_a_pico,crest_factor,shape_factor,mean_abs
0.1390836542251884,0.0244611328163345,0.1369157253713883,-0.4002401596806387,-0.01521941468038,0.9666709245497432,0.8068152894211578,2.923241641913138,1.299724148516716,0.1070101331762704
