rms,media,desvio_padrao,minimo,skewness,kurtosis,pico_a_pico,crest_factor,shape_factor,mean_abs
0.11075242671548,0.0287922924642518,0.1069443963843864,-0.2189625548902195,-0.1108144452297539,-0.6650199074415863,0.492016007984032,2.465439911265144,1.2063334186935095,0.0918091341906351
