rms,media,desvio_padrao,minimo,skewness,kurtosis,pico_a_pico,crest_factor,shape_factor,mean_abs
0.1041559450192795,0.0290865397074703,0.1000121697130151,-0.2382923353293413,-0.2304765232485545,-0.2407885643150389,0.4634274251497006,2.287841901729496,1.2303143493248485,0.0846579941755832
