rms,media,desvio_padrao,minimo,skewness,kurtosis,pico_a_pico,crest_factor,shape_factor,mean_abs
0.0863897774801045,-0.0071045397729131,0.0860971495908957,-0.2597337724550898,-0.0999600781689474,-0.0280049293277468,0.4384124151696607,3.006533643577287,1.2794236080069192,0.0675224194234481
