rms,media,desvio_padrao,minimo,skewness,kurtosis,pico_a_pico,crest_factor,shape_factor,mean_abs
0.1486395288688518,0.0316229243153038,0.145236704038968,-0.31301249500998,-0.1338622725940019,0.1118877243154723,0.6773544910179641,2.451178355990697,1.2688650198175615,0.1171436886881973
