rms,media,desvio_padrao,minimo,skewness,kurtosis,pico_a_pico,crest_factor,shape_factor,mean_abs
0.1315246445816074,0.021377528222244,0.1297757042725075,-0.2985557684630738,-0.1607816068092853,-0.4104789117658689,0.586228383233533,2.269960655760055,1.2253658207626137,0.1073350034357514
