rms,media,desvio_padrao,minimo,skewness,kurtosis,pico_a_pico,crest_factor,shape_factor,mean_abs
0.1498023352413466,0.0297842119040607,0.1468115811678861,-0.3485857884231537,-0.0131342826972266,-0.2446810199281279,0.7317702594810379,2.5579338962943097,1.234089052608219,0.121386973593796
