rms,media,desvio_padrao,minimo,skewness,kurtosis,pico_a_pico,crest_factor,shape_factor,mean_abs
0.1291228718794608,0.0267338931972121,0.1263250370944719,-0.4073873053892216,-0.2608874442742822,1.3872646420432302,0.774653133732535,3.155035970463288,1.3216341711374893,0.0976994047969634
