rms,media,desvio_padrao,minimo,skewness,kurtosis,pico_a_pico,crest_factor,shape_factor,mean_abs
0.3463798591460373,0.0376183783253165,0.3443310390223368,-1.0587521756487026,0.0924343339162307,1.1524607564861862,2.20651880239521,3.313606713670372,1.3126025225996036,0.2638878511828801
