rms,media,desvio_padrao,minimo,skewness,kurtosis,pico_a_pico,crest_factor,shape_factor,mean_abs
0.1577310206171266,0.0312048535715454,0.1546134922265803,-0.359631377245509,0.0795319713029386,0.3315478853412243,0.7959321357285429,2.7661062280329904,1.3236376039206108,0.1191648077615261
