rms,media,desvio_padrao,minimo,skewness,kurtosis,pico_a_pico,crest_factor,shape_factor,mean_abs
0.0869775702501368,0.018279277837767,0.0850350852786496,-0.2270843113772455,0.0946010356185328,-0.2423798370072796,0.4330520558882235,2.610837607031085,1.2639288346518984,0.0688152432839239
