rms,media,desvio_padrao,minimo,skewness,kurtosis,pico_a_pico,crest_factor,shape_factor,mean_abs
0.132428548572465,0.0172141294460259,0.1313049664880395,-0.2753275449101796,0.1217352043159646,-0.3170649337017344,0.6039338123752496,2.4813854037315544,1.242805729357382,0.1065561136742907
