rms,media,desvio_padrao,minimo,skewness,kurtosis,pico_a_pico,crest_factor,shape_factor,mean_abs
0.1206835311081509,0.0317227819770295,0.1164395971496375,-0.2410537325349301,0.0224805486554104,0.2354142924170026,0.6094566067864272,3.0526358556856588,1.2709151165792354,0.0949579791237197
