rms,media,desvio_padrao,minimo,skewness,kurtosis,pico_a_pico,crest_factor,shape_factor,mean_abs
0.1271979739769775,0.0266327040999967,0.1243785498233914,-0.372788622754491,0.0464833255493883,1.028729567325399,0.814124870259481,3.4696798518573138,1.2892814017478686,0.0986580383495304
