rms,media,desvio_padrao,minimo,skewness,kurtosis,pico_a_pico,crest_factor,shape_factor,mean_abs
0.1217852185339089,0.0029318209482674,0.1217499235288435,-0.3050531736526946,0.0868424139808809,0.4335029726367225,0.6632226347305389,2.9409928839444373,1.2751506921920104,0.0955065305454664
