rms,media,desvio_padrao,minimo,skewness,kurtosis,pico_a_pico,crest_factor,shape_factor,mean_abs
0.1441309411368188,0.0310397555708255,0.1407489316729919,-0.2940075848303393,-0.1283816621863447,-0.4088425069858092,0.6442177245508982,2.429805404435094,1.2345306635473707,0.1167495837832531
