rms,media,desvio_padrao,minimo,skewness,kurtosis,pico_a_pico,crest_factor,shape_factor,mean_abs
0.1364878190875684,0.0208862285265534,0.1348802810540421,-0.2905964471057884,-0.0494324419450808,-0.0993600510906365,0.6711819560878243,2.788421058569763,1.2250597857423888,0.1114131903406302
