rms,media,desvio_padrao,minimo,skewness,kurtosis,pico_a_pico,crest_factor,shape_factor,mean_abs
0.1341289141076035,0.0182806092732567,0.1328773303625693,-0.4099862674650698,-0.1297180442406678,0.6906751690759125,0.7845616766467065,3.056658366265179,1.3125058924379909,0.1021929995746212
