rms,media,desvio_padrao,minimo,skewness,kurtosis,pico_a_pico,crest_factor,shape_factor,mean_abs
0.1242926147873072,-0.0093440142665488,0.123940887071428,-0.2899467065868263,0.1537570378661402,-0.0401231288581604,0.5878527345309381,2.396811978361677,1.2704801055586346,0.0978312169104414
