rms,media,desvio_padrao,minimo,skewness,kurtosis,pico_a_pico,crest_factor,shape_factor,mean_abs
0.0890059494276177,0.0249830555282876,0.0854277821904686,-0.1816024750499001,0.1139230462783346,-0.0972930365689466,0.4320774451097804,2.8141373882380045,1.246264255379852,0.0714181996662412
