rms,media,desvio_padrao,minimo,skewness,kurtosis,pico_a_pico,crest_factor,shape_factor,mean_abs
0.1169684643215327,0.0179570704492654,0.115581855265512,-0.2423532135728543,0.0113221374252806,-0.6136628859931847,0.5298633932135729,2.4580144854290515,1.225519905138612,0.0954439530774516
