rms,media,desvio_padrao,minimo,skewness,kurtosis,pico_a_pico,crest_factor,shape_factor,mean_abs
0.0839826640029906,-0.0035988701285952,0.0839055182144579,-0.1783537724550898,0.2124454230379614,-0.3135129472870797,0.4176207185628742,2.8490040051511585,1.2327147374960294,0.0681282225712509
