rms,media,desvio_padrao,minimo,skewness,kurtosis,pico_a_pico,crest_factor,shape_factor,mean_abs
0.1444558329843074,0.0257512938058309,0.1421420365356986,-0.3688901796407185,-0.0240848002740853,0.3976591816602379,0.7498005588822355,2.636863956077815,1.2993725255220152,0.1111735319524884
