rms,media,desvio_padrao,minimo,skewness,kurtosis,pico_a_pico,crest_factor,shape_factor,mean_abs
0.1074864012894914,0.0294007584830339,0.1033872422631917,-0.2456019161676646,-0.1949677341970884,0.0334075382361467,0.5097214371257485,2.457236615883481,1.272215554770286,0.0844875704329047
