rms,media,desvio_padrao,minimo,skewness,kurtosis,pico_a_pico,crest_factor,shape_factor,mean_abs
0.1164114198105169,0.0294859703543732,0.1126152574679001,-0.2288710978043912,0.0983886930798663,-0.2674694799850043,0.523041117764471,2.5269859300651163,1.2370962632760525,0.0941005346683682
