rms,media,desvio_padrao,minimo,skewness,kurtosis,pico_a_pico,crest_factor,shape_factor,mean_abs
0.0983710224538407,0.0209834233172998,0.0961069924849437,-0.2750026746506986,-0.3329585834343417,0.021854348957901,0.5319750499001996,2.7955658870958646,1.2257113912436024,0.0802562684467131
