rms,media,desvio_padrao,minimo,skewness,kurtosis,pico_a_pico,crest_factor,shape_factor,mean_abs
0.089605845145758,-0.012749826249141,0.0886941340501291,-0.3096013572854291,-0.4489505986281663,-0.001140389829108,0.4644020359281437,3.455146891163337,1.2484728559147231,0.0717723615064951
