rms,media,desvio_padrao,minimo,skewness,kurtosis,pico_a_pico,crest_factor,shape_factor,mean_abs
0.1512235633562694,0.0253958005300873,0.1490758848023504,-0.343062994011976,0.0156518466859852,-0.3120466894109595,0.680115888223553,2.26858160459921,1.2647188315793674,0.1195708955858774
