rms,media,desvio_padrao,minimo,skewness,kurtosis,pico_a_pico,crest_factor,shape_factor,mean_abs
0.1030771806228227,0.0261800160335067,0.0996971008888189,-0.274515369261477,-0.1675444123258217,0.3689801747884726,0.54464499001996,2.6632021520454305,1.257664945134194,0.0819591744380092
