rms,media,desvio_padrao,minimo,skewness,kurtosis,pico_a_pico,crest_factor,shape_factor,mean_abs
0.1543588581968954,-0.0074986446778573,0.1541766111699323,-0.4388997205588822,0.1026454098249473,0.5583626852939334,0.8238709780439122,2.843372422456216,1.3201339368438625,0.1169266647033801
