rms,media,desvio_padrao,minimo,skewness,kurtosis,pico_a_pico,crest_factor,shape_factor,mean_abs
0.1011958505564171,0.0203656372500899,0.0991253801467337,-0.2287086626746507,-0.220853104169749,-0.5257741433300436,0.437275369261477,2.2600596903639296,1.2061999654903377,0.0838964130754883
