rms,media,desvio_padrao,minimo,skewness,kurtosis,pico_a_pico,crest_factor,shape_factor,mean_abs
0.1092884178471776,-0.0083920378914302,0.1089657376222824,-0.2610332534930139,-0.005582721319746,-0.5430209864249047,0.4873053892215568,2.388480487090838,1.2075846162934218,0.0905016645397729
