rms,media,desvio_padrao,minimo,skewness,kurtosis,pico_a_pico,crest_factor,shape_factor,mean_abs
0.111430588281891,0.0279095507345963,0.1078787883814112,-0.2358558083832335,-0.010775381205626,-0.2983490261762687,0.5647869461077845,2.951892678628231,1.226544934422234,0.0908491692025784
