rms,media,desvio_padrao,minimo,skewness,kurtosis,pico_a_pico,crest_factor,shape_factor,mean_abs
0.086138215728392,-0.0093040712018585,0.0856342598960355,-0.1939475449101796,0.2670020125388847,0.0022731835768849,0.449782874251497,2.970056056744989,1.24597004484227,0.0691334563659566
