rms,media,desvio_padrao,minimo,skewness,kurtosis,pico_a_pico,crest_factor,shape_factor,mean_abs
0.149738656035456,0.0262013190013415,0.1474284775540144,-0.3240580838323353,0.0148230058033504,0.0648655441167012,0.7546736127744511,2.8757806457148387,1.2467333072273987,0.1201048012172376
