rms,media,desvio_padrao,minimo,skewness,kurtosis,pico_a_pico,crest_factor,shape_factor,mean_abs
0.1089848798176157,0.0281438833807794,0.105288298766336,-0.2300081437125748,0.137325931196566,0.3487682997526247,0.61660375249501,3.547240767979887,1.2617172930075669,0.0863782088282451
