rms,media,desvio_padrao,minimo,skewness,kurtosis,pico_a_pico,crest_factor,shape_factor,mean_abs
0.1425991212601183,0.016535097346291,0.141637212412228,-0.3147992814371257,0.0873598592010481,0.1173280091335162,0.7627953692614771,3.1416469040307144,1.2408247440367322,0.1149228542914171
