rms,media,desvio_padrao,minimo,skewness,kurtosis,pico_a_pico,crest_factor,shape_factor,mean_abs
0.1053079200870213,0.0161183580380223,0.1040670772493039,-0.308951616766467,-0.224170306912714,-0.0432714486232477,0.5353861876247504,2.933792790809697,1.2536617596653714,0.0840002650436831
