rms,media,desvio_padrao,minimo,skewness,kurtosis,pico_a_pico,crest_factor,shape_factor,mean_abs
0.1609558354535582,0.0197212224730866,0.1597430885851402,-0.3630425149700599,0.0536130398893932,-0.4820362291313005,0.7860235928143713,2.627932542193272,1.197489379430796,0.1344110755538104
