rms,media,desvio_padrao,minimo,skewness,kurtosis,pico_a_pico,crest_factor,shape_factor,mean_abs
0.4434324170829892,0.0283236271718857,0.4425269264845813,-1.6178538922155687,-0.1212515958117887,3.7422827379616512,3.1702464271457087,3.6484790689373177,1.4774242790812937,0.300138845260299
