rms,media,desvio_padrao,minimo,skewness,kurtosis,pico_a_pico,crest_factor,shape_factor,mean_abs
0.1053291307183939,0.0309745152318314,0.1006717695485957,-0.2032063473053892,-0.0254938269720899,-0.701766785466948,0.4377626746506986,2.2268894250386904,1.207188107584516,0.0872516305094728
