rms,media,desvio_padrao,minimo,skewness,kurtosis,pico_a_pico,crest_factor,shape_factor,mean_abs
0.0967108153733365,-0.0059062478322044,0.0965302960045195,-0.2930329740518962,-0.0700787600407955,0.4876014030701463,0.5542286626746507,3.0299917638031446,1.2749061163358617,0.0758572055888223
