rms,media,desvio_padrao,minimo,skewness,kurtosis,pico_a_pico,crest_factor,shape_factor,mean_abs
0.1501220865647586,-3.062301626255386e-05,0.1501220834414036,-0.5118330938123753,-0.0849259807309469,0.7961774010096949,0.8769872654690619,3.409445642041381,1.3073763001263434,0.1148269909361604
