rms,media,desvio_padrao,minimo,skewness,kurtosis,pico_a_pico,crest_factor,shape_factor,mean_abs
0.1206137461107564,0.0270201518274925,0.1175482332750657,-0.3061902195608782,-0.1015566624761959,0.2101754043666921,0.6471415568862275,2.826803314874762,1.2444604330318991,0.0969205150355027
