rms,media,desvio_padrao,minimo,skewness,kurtosis,pico_a_pico,crest_factor,shape_factor,mean_abs
0.0983511830938992,0.016999768332188,0.0968708578088457,-0.2369928542914171,-0.0980325604646728,-0.1816093656803588,0.4860059081836327,2.531876547478584,1.2282353515344453,0.0800751932201171
