rms,media,desvio_padrao,minimo,skewness,kurtosis,pico_a_pico,crest_factor,shape_factor,mean_abs
0.1111613316559714,0.0256341274827394,0.1081653048057811,-0.2507998403193612,-0.1774691341384217,-0.3427815394087004,0.5090716966067863,2.3233965664133978,1.23168601806858,0.0902513546677137
