rms,media,desvio_padrao,minimo,skewness,kurtosis,pico_a_pico,crest_factor,shape_factor,mean_abs
0.1518707628781569,0.0245223788488596,0.1498778888054751,-0.3472863073852295,-0.117695089703745,-0.4852582767038815,0.7540238722554891,2.678182140933719,1.2146508383155388,0.1250324439645299
