rms,media,desvio_padrao,minimo,skewness,kurtosis,pico_a_pico,crest_factor,shape_factor,mean_abs
0.1235712616550727,0.0277564356532836,0.1204136079803755,-0.2774392015968063,-0.1301082570577132,-0.3697507314743804,0.5735584431137725,2.396343919701416,1.2323310873048887,0.1002744010339975
