rms,media,desvio_padrao,minimo,skewness,kurtosis,pico_a_pico,crest_factor,shape_factor,mean_abs
0.16231744679622,0.0286977605444848,0.1597604208625376,-0.3506974451097804,-0.1493533490733976,-0.446185709864292,0.7098415169660679,2.2126030130770324,1.2314801808335292,0.1318067877360034
