rms,media,desvio_padrao,minimo,skewness,kurtosis,pico_a_pico,crest_factor,shape_factor,mean_abs
0.1654133222696328,0.0250176728510192,0.163510498835386,-0.4400367664670658,0.0230705822065484,0.0489163813611854,0.8678908982035929,2.660225672450866,1.2661465141311683,0.1306431131180262
