rms,media,desvio_padrao,minimo,skewness,kurtosis,pico_a_pico,crest_factor,shape_factor,mean_abs
0.1020442703149267,0.0133902467196754,0.1011619216745711,-0.236018243512974,0.2030565213959538,0.0062764511685644,0.527426866267465,2.855707839892944,1.2534105361655454,0.0814132858872419
