rms,media,desvio_padrao,minimo,skewness,kurtosis,pico_a_pico,crest_factor,shape_factor,mean_abs
0.0981472728633841,0.0202391508785707,0.0960378255805181,-0.2085667065868263,0.0061839492829109,-0.3291865464931702,0.4769095409181637,2.7340834493165853,1.2302915674530577,0.0797756202349399
