rms,media,desvio_padrao,minimo,skewness,kurtosis,pico_a_pico,crest_factor,shape_factor,mean_abs
0.1148952488597253,0.0183045751120709,0.1134277776406854,-0.2551855888223553,-0.0035002941642214,-0.8886151091919507,0.5150817964071857,2.2620274568719148,1.160368255357186,0.0990161944962534
