rms,media,desvio_padrao,minimo,skewness,kurtosis,pico_a_pico,crest_factor,shape_factor,mean_abs
0.1051995588741427,0.0315030951212329,0.1003718196761261,-0.2035312175648702,0.0970080586475682,-0.3135615209455378,0.4955895808383233,2.776231824535138,1.2214530533666423,0.0861265675206962
