rms,media,desvio_padrao,minimo,skewness,kurtosis,pico_a_pico,crest_factor,shape_factor,mean_abs
0.0915835064701728,0.0139547753672981,0.0905141033310303,-0.1617853892215568,0.2241782490386423,-0.6145658262232137,0.4151841916167664,2.766860673518076,1.220965582128397,0.0750090811818984
