rms,media,desvio_padrao,minimo,skewness,kurtosis,pico_a_pico,crest_factor,shape_factor,mean_abs
0.1490044250803215,0.0187106629364222,0.1478249971621739,-0.3451746506986027,0.0232355452410573,-0.1890965223973655,0.7304707784431137,2.585803257432222,1.2429348759170329,0.119881120054972
