rms,media,desvio_padrao,minimo,skewness,kurtosis,pico_a_pico,crest_factor,shape_factor,mean_abs
0.1209901033433615,0.0324018140767645,0.1165706976541364,-0.3157738922155688,-0.1580127427584907,-0.0066813086008399,0.6656591616766467,2.89185032322956,1.2067022950968784,0.1002650809855698
