rms,media,desvio_padrao,minimo,skewness,kurtosis,pico_a_pico,crest_factor,shape_factor,mean_abs
0.1197439352700373,0.0182619691764012,0.1183431895622011,-0.3277940918163672,-0.1308095236415772,0.3945445322547183,0.6258625548902196,2.737458820583698,1.2870426279044351,0.0930380491476064
