rms,media,desvio_padrao,minimo,skewness,kurtosis,pico_a_pico,crest_factor,shape_factor,mean_abs
0.1068353891662751,0.0199129491836,0.1049632070447584,-0.2524241916167664,-0.0803217393009476,-0.1111808986136124,0.55715249500998,2.852316126437695,1.2391246398927196,0.0862184365694839
