rms,media,desvio_padrao,minimo,skewness,kurtosis,pico_a_pico,crest_factor,shape_factor,mean_abs
0.1362401040829093,0.0266287097935276,0.1336124162465975,-0.3758748902195609,-0.0023601154271726,0.0720151489345006,0.7626329341317366,2.838797331487746,1.2426615993363577,0.1096357239619122
