rms,media,desvio_padrao,minimo,skewness,kurtosis,pico_a_pico,crest_factor,shape_factor,mean_abs
0.0839433714699898,0.0293208723536533,0.0786560618018056,-0.2171757684630738,-0.0515317895684037,0.3401924777233862,0.4723613572854291,3.0399730717700018,1.2303346537576691,0.0682280802329766
