rms,media,desvio_padrao,minimo,skewness,kurtosis,pico_a_pico,crest_factor,shape_factor,mean_abs
0.1063457263052072,0.0279960940414253,0.1025945038576907,-0.3664536526946108,-0.2445965747500264,1.2905039895242547,0.6812529341317366,3.445870985383146,1.2885441230698746,0.08253169169857
