rms,media,desvio_padrao,minimo,skewness,kurtosis,pico_a_pico,crest_factor,shape_factor,mean_abs
0.1089114443943028,0.0231070629233336,0.1064319799830408,-0.3365655888223552,-0.4485246239512129,0.7442689883860192,0.6016597205588823,3.090268343185807,1.2692208727349266,0.0858096858741533
