rms,media,desvio_padrao,minimo,skewness,kurtosis,pico_a_pico,crest_factor,shape_factor,mean_abs
0.1185017705622503,0.0321541670756847,0.1140560352022512,-0.3029415169660679,-0.2619949166378355,0.2341533623913596,0.6135174850299402,2.620855085880115,1.2834998453338782,0.0923270625961192
