rms,media,desvio_padrao,minimo,skewness,kurtosis,pico_a_pico,crest_factor,shape_factor,mean_abs
0.1372241827282047,0.0268270936814894,0.1345763105826144,-0.4301282235528942,-0.0425175603003721,0.7093546374108892,0.8419012774451098,3.1344928787430613,1.3096745378689627,0.1047773158600831
