rms,media,desvio_padrao,minimo,skewness,kurtosis,pico_a_pico,crest_factor,shape_factor,mean_abs
0.1270859928439719,0.0056452864762278,0.1269605463037215,-0.3230834730538922,0.1055869236270986,0.7164255381459617,0.7025319361277444,2.985761487811758,1.3172470677589978,0.0964784784529302
