rms,media,desvio_padrao,minimo,skewness,kurtosis,pico_a_pico,crest_factor,shape_factor,mean_abs
0.2132671684754147,0.024117622459998,0.2118990925804023,-0.5129701397205588,0.2199526458607141,0.74654611649283,1.1748932934131735,3.103727397069656,1.3319560568634956,0.1601157691175027
