rms,media,desvio_padrao,minimo,skewness,kurtosis,pico_a_pico,crest_factor,shape_factor,mean_abs
0.0743704356832413,0.0208103367036419,0.0713995209367415,-0.1409936926147704,-0.0126752640170169,-0.4811524230198984,0.3391645508982036,2.664645654726062,1.2134984385500127,0.061285975589804
