rms,media,desvio_padrao,minimo,skewness,kurtosis,pico_a_pico,crest_factor,shape_factor,mean_abs
0.1334363516657428,0.0264343202120349,0.1307917683219834,-0.3079770059880239,0.1378862216592981,0.0861246254772218,0.6874254690618762,2.8436663498142405,1.2686707560744952,0.1051780779424757
