rms,media,desvio_padrao,minimo,skewness,kurtosis,pico_a_pico,crest_factor,shape_factor,mean_abs
0.0814330567527111,0.0284740793822191,0.0762926571527388,-0.201906866267465,-0.1090072846898693,0.4581791029717741,0.4198948103792415,2.676897476337446,1.335936597031986,0.0609557795883642
