rms,media,desvio_padrao,minimo,skewness,kurtosis,pico_a_pico,crest_factor,shape_factor,mean_abs
0.2076086833941712,0.0327652959654461,0.2050068311080339,-0.6771920558882235,0.0175791181578035,1.856648852011955,1.390607145708583,3.436345138155185,1.3578005592389737,0.1529007201989463
