rms,media,desvio_padrao,minimo,skewness,kurtosis,pico_a_pico,crest_factor,shape_factor,mean_abs
0.1600888473184462,0.0204615006053466,0.1587758357834282,-0.4587168063872255,0.1051387110455348,1.131627960086968,0.9487835928143712,3.06121753411287,1.3518064878659315,0.1184258610647557
