rms,media,desvio_padrao,minimo,skewness,kurtosis,pico_a_pico,crest_factor,shape_factor,mean_abs
0.0873227782198448,0.0222735843067962,0.0844343238153788,-0.1504149301397205,-0.0134827457328407,-0.8063692473060406,0.3445249101796407,2.2229020193474214,1.2160539343975008,0.0718083102647164
