rms,media,desvio_padrao,minimo,skewness,kurtosis,pico_a_pico,crest_factor,shape_factor,mean_abs
0.096323476234215,0.0336014374529629,0.090272672913446,-0.1796532534930139,-0.0954939959130333,0.1679735266122768,0.4574173253493013,2.883659131870315,1.249384036430144,0.077096772029711
