rms,media,desvio_padrao,minimo,skewness,kurtosis,pico_a_pico,crest_factor,shape_factor,mean_abs
0.1204843156243452,0.0270121632145544,0.117417261720486,-0.2584342914171657,0.0720309384989733,-0.4703244082004816,0.5553657085828343,2.464481917226993,1.2272104142846751,0.0981773901377572
