rms,media,desvio_padrao,minimo,skewness,kurtosis,pico_a_pico,crest_factor,shape_factor,mean_abs
0.1044984341535044,0.0259044088871437,0.1012367736583005,-0.1988205988023952,0.2262446722477002,-0.6449971284837228,0.4678131736526946,2.574130196584179,1.2524421628816438,0.0834357363960603
