rms,media,desvio_padrao,minimo,skewness,kurtosis,pico_a_pico,crest_factor,shape_factor,mean_abs
0.4306063137630287,0.0161875926834854,0.430301939683866,-1.0283768063872256,-0.0133065748485663,0.6827711194168202,2.121890099800399,2.539473431908283,1.460706737564324,0.2947931317692484
