rms,media,desvio_padrao,minimo,skewness,kurtosis,pico_a_pico,crest_factor,shape_factor,mean_abs
0.1315759208858154,0.0278443103956022,0.1285959460307506,-0.2993679441117764,0.1580409552363679,0.3057545014572369,0.7072425548902195,3.099918343968163,1.260958811960238,0.1043459307614279
