rms,media,desvio_padrao,minimo,skewness,kurtosis,pico_a_pico,crest_factor,shape_factor,mean_abs
0.1282959553471507,0.0305045185039756,0.1246167184180305,-0.2824746906187624,-0.1429950922010552,-0.1777390326964316,0.6136799201596806,2.58157187141811,1.2626498384632352,0.1016084993946533
