rms,media,desvio_padrao,minimo,skewness,kurtosis,pico_a_pico,crest_factor,shape_factor,mean_abs
0.1258409028279606,0.0206013013317627,0.1241431399957087,-0.2646068263473054,-0.0844186109134605,-0.7660588399753925,0.5116706586826347,2.102709217757713,1.206890406925852,0.1042687075030267
