rms,media,desvio_padrao,minimo,skewness,kurtosis,pico_a_pico,crest_factor,shape_factor,mean_abs
0.1264869034196087,0.0204401976375118,0.1248244169111992,-0.2748402395209581,-0.0630474039666021,-0.8446130879733231,0.539284630738523,2.172875073154417,1.1885747109135332,0.1064189758188541
