rms,media,desvio_padrao,minimo,skewness,kurtosis,pico_a_pico,crest_factor,shape_factor,mean_abs
0.1064565929007131,0.0289227731422401,0.1024523272834281,-0.2897842714570858,0.1074413651224308,0.4580156051815689,0.5988983233532934,2.903662830769938,1.27110397002153,0.0837512866071136
