rms,media,desvio_padrao,minimo,skewness,kurtosis,pico_a_pico,crest_factor,shape_factor,mean_abs
0.0964516764810285,0.007175105853866,0.0961844257246817,-0.2977435928143712,0.0869586462340209,0.8415713516534105,0.6089693013972055,3.2267527111781247,1.2879699505412314,0.0748865891168482
