rms,media,desvio_padrao,minimo,skewness,kurtosis,pico_a_pico,crest_factor,shape_factor,mean_abs
0.1212305393389644,0.0157908249075619,0.1201977267553548,-0.334291497005988,-0.1068530192934724,-0.2504611586309342,0.60409624750499,2.757485851574893,1.2475338704884429,0.0971761506495206
