rms,media,desvio_padrao,minimo,skewness,kurtosis,pico_a_pico,crest_factor,shape_factor,mean_abs
0.0998576515713137,0.0230791027780504,0.0971540302421781,-0.1916734530938123,-0.0956933735131325,-0.5219895461287729,0.4388997205588822,2.4757869184267003,1.2225734746084982,0.0816782415496875
