rms,media,desvio_padrao,minimo,skewness,kurtosis,pico_a_pico,crest_factor,shape_factor,mean_abs
0.129438186248208,0.0226863293085959,0.1274345891888373,-0.2979060279441118,-0.015811742613454,0.0272228705459016,0.681090499001996,2.960366505160211,1.2609047445563482,0.1026550076895389
