rms,media,desvio_padrao,minimo,skewness,kurtosis,pico_a_pico,crest_factor,shape_factor,mean_abs
0.1247124455942393,0.0181834144825103,0.1233797289827357,-0.2446273053892215,0.2297024901682914,0.3916651316351403,0.6593241916167665,3.3252245535845746,1.2988651338172157,0.0960164703380125
