rms,media,desvio_padrao,minimo,skewness,kurtosis,pico_a_pico,crest_factor,shape_factor,mean_abs
0.0884267070467154,0.0355879392035601,0.080949250165578,-0.1726685429141716,-0.0295241960794938,-0.088379372252664,0.4333769261477046,2.948299127500043,1.230788229068595,0.0718455904584274
