rms,media,desvio_padrao,minimo,skewness,kurtosis,pico_a_pico,crest_factor,shape_factor,mean_abs
0.1150104966052879,0.0329250682242073,0.1101968883944834,-0.2215615169660678,-0.2468627443191181,-0.6540718323272228,0.4717116167664671,2.1750197345804505,1.2084445577172178,0.0951723402375576
