rms,media,desvio_padrao,minimo,skewness,kurtosis,pico_a_pico,crest_factor,shape_factor,mean_abs
0.098172805319319,0.0133223435097019,0.0972646640238602,-0.1906988423153692,0.0179374540052706,-0.6342620286141476,0.4439352095808384,2.5794960879623123,1.2200840004754128,0.0804639723831026
