rms,media,desvio_padrao,minimo,skewness,kurtosis,pico_a_pico,crest_factor,shape_factor,mean_abs
0.1489317043981069,-0.0022567831550014,0.1489146047394828,-0.3570324151696606,-0.0125183341477277,-0.446693266469925,0.7147145708582834,2.4016522011492487,1.2373535142128085,0.1203630997022348
