rms,media,desvio_padrao,minimo,skewness,kurtosis,pico_a_pico,crest_factor,shape_factor,mean_abs
0.1577266232979589,0.0245103959294525,0.1558105522368677,-0.3760373253493014,0.2049685221386993,0.6758825466069656,0.7988559680638723,2.6807056023499007,1.3911851197037135,0.1133757262524132
