rms,media,desvio_padrao,minimo,skewness,kurtosis,pico_a_pico,crest_factor,shape_factor,mean_abs
0.1147033949617243,0.0311768934262622,0.1103850992300718,-0.2110032335329341,0.0277344595166753,-0.508639638186112,0.4899043512974051,2.43149836896753,1.2183246250681157,0.0941484663459965
