rms,media,desvio_padrao,minimo,skewness,kurtosis,pico_a_pico,crest_factor,shape_factor,mean_abs
0.0837922492452305,0.0310344298288668,0.0778331882860517,-0.1673081836327345,-0.076088228082793,-0.2945642892891453,0.3736007984031936,2.461953422048773,1.234503732322208,0.0678752498282124
