rms,media,desvio_padrao,minimo,skewness,kurtosis,pico_a_pico,crest_factor,shape_factor,mean_abs
0.1162259625272872,0.028507365269461,0.1126756605961905,-0.2699671856287425,0.2264239602775766,0.962156849031926,0.6958720958083833,3.664455866129288,1.30275529834416,0.0892154978567455
