rms,media,desvio_padrao,minimo,skewness,kurtosis,pico_a_pico,crest_factor,shape_factor,mean_abs
0.0860425643950721,0.0226064431792153,0.0830197061815147,-0.1851760479041916,0.0030183048045475,-0.1625554139508889,0.4353261477045908,2.90728317500874,1.232269470692113,0.0698244713850986
