rms,media,desvio_padrao,minimo,skewness,kurtosis,pico_a_pico,crest_factor,shape_factor,mean_abs
0.1096085886119585,-0.0064547992539511,0.109418363468372,-0.2633073453093812,-0.0963203597224745,-0.7238873556367453,0.4934779241516965,2.4022510338268663,1.2118533162316996,0.0904470756846961
