rms,media,desvio_padrao,minimo,skewness,kurtosis,pico_a_pico,crest_factor,shape_factor,mean_abs
0.090465637458325,-0.0054522283302247,0.0903011891780844,-0.2520993213572854,-0.0882885151265675,0.0981081995684389,0.4747978842315369,2.786685955464808,1.245503293564935,0.0726338002683158
