rms,media,desvio_padrao,minimo,skewness,kurtosis,pico_a_pico,crest_factor,shape_factor,mean_abs
0.1053343952381073,0.0221790523870292,0.1029729306924456,-0.2506374051896207,0.1119625880101598,-0.0847142211618301,0.5072849101796407,2.436502382814948,1.2694705565483684,0.0829750597166323
