rms,media,desvio_padrao,minimo,skewness,kurtosis,pico_a_pico,crest_factor,shape_factor,mean_abs
0.1206451955852994,0.0208915542685121,0.1188225827781107,-0.3271443512974051,-0.2242434630202782,0.4082548330035589,0.6110809580838323,2.7116235313830224,1.3220243867082018,0.091257919897909
