rms,media,desvio_padrao,minimo,skewness,kurtosis,pico_a_pico,crest_factor,shape_factor,mean_abs
0.1547128390539554,0.0293235352246327,0.1519085015727061,-0.3813976846307385,-0.0138772791153947,0.3082930372912713,0.8191603592814372,2.829517429371396,1.2831841777767443,0.1205694722031347
