rms,media,desvio_padrao,minimo,skewness,kurtosis,pico_a_pico,crest_factor,shape_factor,mean_abs
0.0851359352587277,0.0156430355682078,0.0836864559566843,-0.2264345708582834,0.159939332199419,0.6371678335891966,0.4993255888223552,3.205356435384859,1.2824759172756977,0.0663840420797748
