rms,media,desvio_padrao,minimo,skewness,kurtosis,pico_a_pico,crest_factor,shape_factor,mean_abs
0.0926591711866606,0.0247979859952226,0.0892792355230465,-0.1604859081836327,-0.0371554947679917,-0.8025675693246703,0.3677531337325349,2.236877611730037,1.2051020188487478,0.0768890680933215
