rms,media,desvio_padrao,minimo,skewness,kurtosis,pico_a_pico,crest_factor,shape_factor,mean_abs
0.1019608911271649,-0.0058596475900657,0.1017923761858707,-0.2589215968063872,0.159477996751567,-0.2908158535534064,0.5178431936127745,2.539420693013186,1.2099614562393408,0.0842678835771081
