rms,media,desvio_padrao,minimo,skewness,kurtosis,pico_a_pico,crest_factor,shape_factor,mean_abs
0.1059885502713304,0.0208742456071463,0.1039126491768489,-0.2493379241516966,0.2111597931981815,0.8878183512543267,0.6032840718562874,3.339475318781976,1.3250669267122506,0.0799873184777985
