rms,media,desvio_padrao,minimo,skewness,kurtosis,pico_a_pico,crest_factor,shape_factor,mean_abs
0.4006347136744546,0.0351951657341055,0.3990857979306719,-1.3651048303393212,0.0815886315885758,4.902511545008471,2.953720399201597,3.965246931031402,1.709275839269925,0.2343885664736101
