rms,media,desvio_padrao,minimo,skewness,kurtosis,pico_a_pico,crest_factor,shape_factor,mean_abs
0.1995414581504053,0.027223861457413,0.1976756304862527,-0.3891945708582834,0.116913688070255,-0.6498659832744296,0.8682157684630738,2.4006098885161293,1.2141368888744182,0.1643484025391839
