rms,media,desvio_padrao,minimo,skewness,kurtosis,pico_a_pico,crest_factor,shape_factor,mean_abs
0.1172252945046027,0.0287456922221131,0.1136461827355515,-0.2467389620758483,-0.1314857397436472,-0.2449405024383386,0.5222289421157684,2.350089894882741,1.2643865296222392,0.0927131788881253
