rms,media,desvio_padrao,minimo,skewness,kurtosis,pico_a_pico,crest_factor,shape_factor,mean_abs
0.1227227782866921,0.0286445031248977,0.1193330329419826,-0.2689925748502993,-0.021987109215529,0.3295804222653222,0.7078922954091815,3.5763509161564984,1.229009861240962,0.0998549988547495
