rms,media,desvio_padrao,minimo,skewness,kurtosis,pico_a_pico,crest_factor,shape_factor,mean_abs
0.8661299384806207,0.0156377098262491,0.8659887599523644,-2.356121556886228,0.0853505321871388,1.140792720512937,4.783714570858283,2.8028046441052243,1.3448485112894866,0.6440353178888125
