rms,media,desvio_padrao,minimo,skewness,kurtosis,pico_a_pico,crest_factor,shape_factor,mean_abs
0.5989502599050437,0.0040409067111678,0.5989366284618691,-1.5691233532934132,0.0179117228823328,0.6080669415697808,3.12687624750499,2.619789084893592,1.3093298637474704,0.4574479483655639
