rms,media,desvio_padrao,minimo,skewness,kurtosis,pico_a_pico,crest_factor,shape_factor,mean_abs
0.5948720094815834,0.0069534218448349,0.5948313690360527,-2.0243478043912173,-0.0035387459871048,2.392023846644668,4.030421656686626,3.4029972365910908,1.460372325617382,0.4073427023003174
