rms,media,desvio_padrao,minimo,skewness,kurtosis,pico_a_pico,crest_factor,shape_factor,mean_abs
0.7864922010675124,0.01154021710677,0.7864075315821618,-2.399166866267465,0.0941783446767587,1.953360865776136,4.8385364271457085,3.10158137304765,1.5042174601883178,0.5228580453846406
