rms,media,desvio_padrao,minimo,skewness,kurtosis,pico_a_pico,crest_factor,shape_factor,mean_abs
0.7636838501255084,0.0052164127030491,0.7636660343245805,-2.1144993013972053,0.0308680946627507,0.8855421768243703,4.447067764471058,3.054364005066368,1.3071298476381092,0.5842448257955634
