rms,media,desvio_padrao,minimo,skewness,kurtosis,pico_a_pico,crest_factor,shape_factor,mean_abs
0.5778964039985137,-0.0129814960243447,0.5777505815794419,-1.885465768463074,-0.1354256772439033,0.3609230266804695,3.2568243512974053,3.26263627082186,1.2643356535881374,0.4570751464284546
