rms,media,desvio_padrao,minimo,skewness,kurtosis,pico_a_pico,crest_factor,shape_factor,mean_abs
0.9124049057342224,0.0061878464382709,0.912383922789267,-2.3045484031936128,0.0982188091541002,1.0383926435374216,4.731735329341317,2.6602081059554585,1.408568405906656,0.6477533514937338
