rms,media,desvio_padrao,minimo,skewness,kurtosis,pico_a_pico,crest_factor,shape_factor,mean_abs
0.88309748291173,0.0089638894342462,0.8830519877171693,-2.151859381237525,0.1288935442240696,0.9338395174066124,4.734577944111777,2.924613208451877,1.460241393744939,0.6047612995320834
