rms,media,desvio_padrao,minimo,skewness,kurtosis,pico_a_pico,crest_factor,shape_factor,mean_abs
0.8762275211450634,0.0049962116750106,0.8762132769371399,-2.0738905189620755,0.126672502497787,0.3018859691579809,4.286663073852296,2.5253401673557856,1.3374467258644864,0.6551494756388861
