rms,media,desvio_padrao,minimo,skewness,kurtosis,pico_a_pico,crest_factor,shape_factor,mean_abs
0.897666220482768,0.0253161092449247,0.8973091652315364,-2.12221497005988,0.0748596413779402,0.4535341069046823,4.4860521956087815,2.6333142226045023,1.4104593644370207,0.6364353650422733
