rms,media,desvio_padrao,minimo,skewness,kurtosis,pico_a_pico,crest_factor,shape_factor,mean_abs
1.0894785402828044,0.0158174536173554,1.0893637124017916,-2.963222854291417,0.1265693297712778,0.4542856954406993,5.7331479041916165,2.719854264887338,1.3647446908905203,0.7983020909001669
