rms,media,desvio_padrao,minimo,skewness,kurtosis,pico_a_pico,crest_factor,shape_factor,mean_abs
0.9301182040401476,0.0072105350275059,0.930090254583654,-2.766270259481038,0.0112861106036787,0.6416819710815491,5.34614620758483,2.974106137763147,1.2943646231528798,0.7185905635882707
