rms,media,desvio_padrao,minimo,skewness,kurtosis,pico_a_pico,crest_factor,shape_factor,mean_abs
1.00348596612617,-0.0019139385164098,1.003484140906835,-2.7548998003992016,0.096910766339109,2.006546861347746,5.753452295409181,2.988135954292924,1.4584790112168766,0.6880359322338929
