rms,media,desvio_padrao,minimo,skewness,kurtosis,pico_a_pico,crest_factor,shape_factor,mean_abs
0.9965790942981008,0.0235597509898236,0.9963005717780756,-2.8361173652694607,0.0373287372205237,1.2128470388552453,5.739239221556886,2.9130872530816214,1.4168349245892176,0.7033840548411373
