rms,media,desvio_padrao,minimo,skewness,kurtosis,pico_a_pico,crest_factor,shape_factor,mean_abs
0.8379641393044176,0.0009211260406016,0.837963633033684,-1.8395778443113773,0.0095164823056835,0.2250244776255892,3.849306487025948,2.398346836635299,1.339690584348186,0.6254908029469516
