rms,media,desvio_padrao,minimo,skewness,kurtosis,pico_a_pico,crest_factor,shape_factor,mean_abs
0.8057273974172953,0.0126619515068224,0.8056279004186033,-2.163229840319361,0.0504040479847853,-0.256633858399204,4.192044610778444,2.684816039833632,1.2419589499992854,0.6487552566997153
