rms,media,desvio_padrao,minimo,skewness,kurtosis,pico_a_pico,crest_factor,shape_factor,mean_abs
0.6185991837227178,0.0067403921664866,0.6185624602381354,-1.1289241516966066,0.083035167158412,-0.9680097508997942,2.379268562874252,2.02125131115288,1.1763562070703013,0.5258604324138608
