rms,media,desvio_padrao,minimo,skewness,kurtosis,pico_a_pico,crest_factor,shape_factor,mean_abs
0.7283054977696216,0.0028925436013219,0.7282997537229919,-1.764045508982036,0.0423294967643815,0.1140125881350506,3.61499381237525,2.5414449143410254,1.2398953350053763,0.5873927235692549
