rms,media,desvio_padrao,minimo,skewness,kurtosis,pico_a_pico,crest_factor,shape_factor,mean_abs
0.9110326604153456,0.0189230268970256,0.9108361144555682,-2.1498289421157684,0.0650256203761914,-0.4554430272280183,4.24727255489022,2.3597715378674216,1.2243811072449844,0.7440760519943719
