rms,media,desvio_padrao,minimo,skewness,kurtosis,pico_a_pico,crest_factor,shape_factor,mean_abs
0.7053429084745968,0.003435103563365,0.7053345437442522,-1.3599881237524951,0.062456634066609,-0.8639685514915687,2.7938842315369263,2.0329063928429267,1.1681872463663707,0.6037926802133439
