rms,media,desvio_padrao,minimo,skewness,kurtosis,pico_a_pico,crest_factor,shape_factor,mean_abs
0.6641012626824854,0.0002674236892069,0.6641012088387146,-1.6430313373253491,-0.0024100994506909,-0.2288107243820833,3.2941844311377246,2.4862971757393133,1.233933857300034,0.5381984283465588
