rms,media,desvio_padrao,minimo,skewness,kurtosis,pico_a_pico,crest_factor,shape_factor,mean_abs
0.652798545072379,0.0082482428585452,0.652746433876403,-1.143137225548902,0.0331119963199307,-1.1627560241530313,2.3508424151696605,1.8500427103232195,1.1499596322175107,0.5676708353784236
