rms,media,desvio_padrao,minimo,skewness,kurtosis,pico_a_pico,crest_factor,shape_factor,mean_abs
0.7287151765373182,0.003678090540231,0.728705894147833,-2.07835748502994,0.0325868558623301,0.7058734188060707,4.220876846307386,2.940132757297837,1.353091643798334,0.5385556698079251
