rms,media,desvio_padrao,minimo,skewness,kurtosis,pico_a_pico,crest_factor,shape_factor,mean_abs
0.8272176945787204,0.0055054857498118,0.8271993737006766,-2.027596506986028,0.151931215542429,0.7211877411902514,4.250927345309382,2.68772156700013,1.3041922294733403,0.6342758957494846
