rms,media,desvio_padrao,minimo,skewness,kurtosis,pico_a_pico,crest_factor,shape_factor,mean_abs
1.0720770502601649,-0.0012016205294329,1.0720763768513135,-2.953476746506986,0.1061414292404362,0.1603879147370568,5.725838323353294,2.75491089543448,1.2914204851339277,0.8301533564019501
