rms,media,desvio_padrao,minimo,skewness,kurtosis,pico_a_pico,crest_factor,shape_factor,mean_abs
0.4950100029687896,0.0159006683354602,0.4947545571145826,-1.1256754491017964,0.101589619479657,-0.8203380143077026,2.277746606786427,2.3273694486478265,1.1771082468440135,0.420530570825562
