rms,media,desvio_padrao,minimo,skewness,kurtosis,pico_a_pico,crest_factor,shape_factor,mean_abs
0.5663250443071433,0.0061645463172016,0.5662914922353953,-1.8030299401197605,-0.112973718626644,0.3733700724873512,3.4115438123752497,3.183736898525535,1.2278425551839882,0.4612358823336933
