rms,media,desvio_padrao,minimo,skewness,kurtosis,pico_a_pico,crest_factor,shape_factor,mean_abs
0.7402450042334402,0.0074593673309119,0.7402074196680202,-2.156732435129741,0.1485595380260391,1.4753242128030752,4.425951197604791,3.065496895618953,1.3524495844904585,0.5473364868623409
