rms,media,desvio_padrao,minimo,skewness,kurtosis,pico_a_pico,crest_factor,shape_factor,mean_abs
0.5683233285431679,0.0067004491017963,0.568283828511968,-1.713690618762475,0.1258608598024895,1.649663168663979,3.609308582834331,3.335456893756336,1.3858655933866666,0.4100854594090508
