rms,media,desvio_padrao,minimo,skewness,kurtosis,pico_a_pico,crest_factor,shape_factor,mean_abs
0.713530398548505,0.0088513939600473,0.7134754953589874,-2.1140932135728545,0.07954516306505,1.287205551958423,4.434072954091817,3.251409814127565,1.3176924420168132,0.5414999553738054
