rms,media,desvio_padrao,minimo,skewness,kurtosis,pico_a_pico,crest_factor,shape_factor,mean_abs
0.8183402355149261,0.0143961462321259,0.8182135980514428,-2.113687125748503,0.1434132658151647,1.592951630779715,4.451940818363273,2.8573123880967013,1.4494880237119532,0.5645719192762018
