rms,media,desvio_padrao,minimo,skewness,kurtosis,pico_a_pico,crest_factor,shape_factor,mean_abs
1.08827727476286,0.0039651339597228,1.0882700512639123,-2.7431232534930143,0.0576015844643027,0.7539744571784799,5.6088850299401205,2.6333011291369357,1.3879151556502984,0.7841093674439739
