rms,media,desvio_padrao,minimo,skewness,kurtosis,pico_a_pico,crest_factor,shape_factor,mean_abs
0.9965131048518938,0.0180143221753214,0.996350265889524,-2.625763872255489,0.0975314905799658,1.446378791929658,5.725838323353293,3.1109219096105627,1.4063325059751757,0.7085899676057721
