rms,media,desvio_padrao,minimo,skewness,kurtosis,pico_a_pico,crest_factor,shape_factor,mean_abs
0.7397716563215357,0.0059648309937502,0.739747608504363,-1.9346023952095808,0.0774500198092345,0.4049056490223588,3.990218962075848,2.77871766145743,1.311753905124471,0.5639561303622264
