rms,media,desvio_padrao,minimo,skewness,kurtosis,pico_a_pico,crest_factor,shape_factor,mean_abs
0.8715416458349234,0.001716794054168,0.8715399549319712,-2.381299001996008,0.0891722782541222,0.4500284234525904,4.815795508982037,2.7933220616827987,1.274952067497091,0.683587774045405
