rms,media,desvio_padrao,minimo,skewness,kurtosis,pico_a_pico,crest_factor,shape_factor,mean_abs
0.4663570979659143,0.005388092108466,0.4663259710616814,-1.0732901197604792,0.0028294315431058,-0.635578561062085,2.1538898203592813,2.317107867151585,1.1958801285502796,0.3899697694042809
