rms,media,desvio_padrao,minimo,skewness,kurtosis,pico_a_pico,crest_factor,shape_factor,mean_abs
0.7598027067339944,0.0134674699780766,0.7596833421977173,-2.258660479041916,0.0313761524071356,1.2550919285861983,4.687877844311377,3.19716861198275,1.366942460679961,0.5558410310526488
