rms,media,desvio_padrao,minimo,skewness,kurtosis,pico_a_pico,crest_factor,shape_factor,mean_abs
0.4613848308901495,0.0128165279197702,0.4612067852792429,-1.0749144710578842,0.039638604887656,-0.5746076360337509,2.1579506986027943,2.3473598502478046,1.209675037035394,0.3814122113496584
