rms,media,desvio_padrao,minimo,skewness,kurtosis,pico_a_pico,crest_factor,shape_factor,mean_abs
0.6218865250013882,0.0168226874120611,0.6216589476284713,-1.6621174650698602,-0.0112929524174616,0.5645742559242239,3.390833333333333,2.779793095307241,1.274207103716629,0.488057650273224
