rms,media,desvio_padrao,minimo,skewness,kurtosis,pico_a_pico,crest_factor,shape_factor,mean_abs
0.5979930442971646,0.0101122525440921,0.5979075374807339,-2.06901746506986,-0.0140686616388896,1.4890410957504354,3.895194411177645,3.4599356711609,1.324234732096234,0.4515763178560911
