rms,media,desvio_padrao,minimo,skewness,kurtosis,pico_a_pico,crest_factor,shape_factor,mean_abs
0.8243185132171905,0.0210300235594385,0.824050210449393,-1.910237125748503,0.0626399778745847,0.1071740447754172,4.062096506986028,2.610470766741782,1.2704330326910838,0.6488484571839926
