rms,media,desvio_padrao,minimo,skewness,kurtosis,pico_a_pico,crest_factor,shape_factor,mean_abs
0.7895973819217096,-0.0006999237297762,0.789597071704544,-2.0596774451097803,0.0595124921234807,1.1092425159074364,4.271231736526946,2.800863252655068,1.3650445509287272,0.5784407412816643
