rms,media,desvio_padrao,minimo,skewness,kurtosis,pico_a_pico,crest_factor,shape_factor,mean_abs
0.8566789432092734,0.0109610697304577,0.8566088177742053,-1.9922668662674647,0.0794086376139775,0.5225445202938466,4.131537524950099,2.497167317628401,1.429560957115591,0.5992601707154795
