rms,media,desvio_padrao,minimo,skewness,kurtosis,pico_a_pico,crest_factor,shape_factor,mean_abs
0.8077882033739147,0.0126419799744772,0.8076892730824037,-2.2680004990019964,0.0705114231486268,1.2147803047886423,4.719146606786428,3.0343920566636786,1.4099083823866911,0.5729366627400937
