rms,media,desvio_padrao,minimo,skewness,kurtosis,pico_a_pico,crest_factor,shape_factor,mean_abs
0.5659738910361128,0.0116500605346683,0.565853975354151,-1.411967365269461,-0.0088887851529983,-0.6624907047750228,2.681803992015968,2.494757068536521,1.1836040529872114,0.4781783989398252
