rms,media,desvio_padrao,minimo,skewness,kurtosis,pico_a_pico,crest_factor,shape_factor,mean_abs
0.7778547132670562,0.0179444218121134,0.7776477047337071,-1.7295280439121756,0.0223025250428445,-0.3285511365694065,3.579258083832335,2.3779891133540034,1.231257833005714,0.6317561540852722
