rms,media,desvio_padrao,minimo,skewness,kurtosis,pico_a_pico,crest_factor,shape_factor,mean_abs
0.7133446216628591,0.0110376002094172,0.7132592240111196,-1.919171057884232,0.0473325849349188,1.0802828648521947,3.978848502994012,2.8873525958722728,1.386983894138461,0.5143135581296424
