rms,media,desvio_padrao,minimo,skewness,kurtosis,pico_a_pico,crest_factor,shape_factor,mean_abs
0.9019052874175696,0.0067252105545007,0.9018802132294326,-2.39754251497006,0.0774693560821773,1.011098516499223,4.949804491017964,2.829855874729164,1.3691977289206736,0.6587107678951042
