rms,media,desvio_padrao,minimo,skewness,kurtosis,pico_a_pico,crest_factor,shape_factor,mean_abs
0.6640011420883971,0.0120827770688132,0.6638911983096335,-1.72465499001996,-0.0350091649201236,0.1999754302682461,3.614587724550898,2.846279343114948,1.239664208574519,0.5356298403193613
