rms,media,desvio_padrao,minimo,skewness,kurtosis,pico_a_pico,crest_factor,shape_factor,mean_abs
0.6655775785558674,0.0021902113805176,0.6655739748896441,-1.829019560878244,0.112141333151162,0.5683349300894225,3.7997637724550897,2.960953426124804,1.2849773165109823,0.517968348548804
