rms,media,desvio_padrao,minimo,skewness,kurtosis,pico_a_pico,crest_factor,shape_factor,mean_abs
0.6459523128400555,0.01610704083636,0.645751464341284,-1.7762281437125749,0.1624810272921129,1.336699616850014,3.8160072854291416,3.157785955976037,1.399340343936468,0.4616120128595268
