rms,media,desvio_padrao,minimo,skewness,kurtosis,pico_a_pico,crest_factor,shape_factor,mean_abs
0.9232101399242628,0.0180857650552553,0.9230329720878572,-2.35368502994012,0.048161906993411,0.2962986755890271,5.044422954091816,2.9145454623932494,1.266067448796989,0.7291950683997859
