rms,media,desvio_padrao,minimo,skewness,kurtosis,pico_a_pico,crest_factor,shape_factor,mean_abs
0.755966206019749,0.015391394260659,0.7558095061763954,-2.183940319361277,0.0762623890321473,0.6715853065652135,4.403616367265469,2.9362106800924965,1.3064341799842971,0.5786485209908052
