rms,media,desvio_padrao,minimo,skewness,kurtosis,pico_a_pico,crest_factor,shape_factor,mean_abs
0.7238484493448547,0.0068011456761274,0.7238164974884468,-1.5760268463073852,0.0265179306413008,-0.6368261990915296,3.2056572854291416,2.251342032433325,1.2144874521077225,0.5960114681206693
