rms,media,desvio_padrao,minimo,skewness,kurtosis,pico_a_pico,crest_factor,shape_factor,mean_abs
0.8315398524674757,0.0096961789535682,0.83148331934882,-2.1153114770459083,0.0614011178487157,0.6392652831011283,4.45072255489022,2.808537763901889,1.4290395087260854,0.5818872378194431
