rms,media,desvio_padrao,minimo,skewness,kurtosis,pico_a_pico,crest_factor,shape_factor,mean_abs
0.6339544289777107,0.0041241214292725,0.6339410143245915,-1.5094284431137726,0.07517064451041,0.0114385475959366,3.0460647704590817,2.4238908304863918,1.2795344443141936,0.4954571030071006
