rms,media,desvio_padrao,minimo,skewness,kurtosis,pico_a_pico,crest_factor,shape_factor,mean_abs
1.067653256214957,-0.0003694733483852,1.067653192284763,-2.8815992015968064,0.0853770455755514,0.1880318025644189,5.630407684630739,2.699002868977001,1.2938630451469115,0.8251671304931121
