rms,media,desvio_padrao,minimo,skewness,kurtosis,pico_a_pico,crest_factor,shape_factor,mean_abs
0.8719663889097751,0.0026728567455253,0.8719622923184069,-2.356121556886228,0.0270506369704413,0.471428680285376,4.715085728542915,2.7053384186128024,1.336688063452886,0.6523334895782206
