rms,media,desvio_padrao,minimo,skewness,kurtosis,pico_a_pico,crest_factor,shape_factor,mean_abs
0.8332785393691416,0.003747990903439,0.833270110310791,-2.0686113772455093,0.0528653808910151,-0.1990085318066046,4.204633333333334,2.5633948975872625,1.2497997608226468,0.6667296358103466
