rms,media,desvio_padrao,minimo,skewness,kurtosis,pico_a_pico,crest_factor,shape_factor,mean_abs
0.8333764690502524,0.0143795032885049,0.8332524041680541,-2.497034031936128,0.0090638703407086,0.7765901459455868,4.740263173652695,2.9962857420030624,1.3283037226411505,0.6273990314453062
