rms,media,desvio_padrao,minimo,skewness,kurtosis,pico_a_pico,crest_factor,shape_factor,mean_abs
0.6428619089276435,0.0074515465004949,0.6428187212619471,-1.8671918163672652,0.0356342421399129,0.9086093524216508,3.667785229540918,2.904499069608781,1.3470252212633484,0.4772456363695372
