rms,media,desvio_padrao,minimo,skewness,kurtosis,pico_a_pico,crest_factor,shape_factor,mean_abs
0.6627201486001261,0.0079553270508163,0.6626723988005594,-1.880186626746507,0.0112167301587692,0.3710452378552715,3.6417956087824352,2.837074790494984,1.2843302194914334,0.5160044812015314
