rms,media,desvio_padrao,minimo,skewness,kurtosis,pico_a_pico,crest_factor,shape_factor,mean_abs
0.4904504110269999,0.0016143655312326,0.4904477540987263,-0.9717681636726546,0.1610667085969342,-0.8732952601099719,2.030033033932136,2.157740816331424,1.173660430504674,0.417881014201106
