rms,media,desvio_padrao,minimo,skewness,kurtosis,pico_a_pico,crest_factor,shape_factor,mean_abs
0.5213654559766834,0.0074027813226006,0.5213128978976682,-1.559377245508982,0.0776328188095639,0.4235341090645161,3.160581536926148,3.071174495858381,1.250779257924059,0.4168325087529858
