rms,media,desvio_padrao,minimo,skewness,kurtosis,pico_a_pico,crest_factor,shape_factor,mean_abs
0.7562663997989448,0.0011650060534668,0.7562655024697033,-2.266782235528942,0.1314248367119773,2.2980152824393354,4.731735329341317,3.259371425819908,1.5494797671756635,0.4880776218055692
