rms,media,desvio_padrao,minimo,skewness,kurtosis,pico_a_pico,crest_factor,shape_factor,mean_abs
0.990345639127649,-0.0084180008834789,0.9903098617100998,-2.9510402195608783,0.0668492109099919,1.6299038463030875,5.980861477045908,3.0593573978412865,1.394046614540219,0.7104107056379045
