rms,media,desvio_padrao,minimo,skewness,kurtosis,pico_a_pico,crest_factor,shape_factor,mean_abs
0.5760502234363831,0.00601868377067,0.5760187803941601,-1.7413045908183633,0.0516821762797685,1.5933718492985816,3.576009381237525,3.184973663362844,1.3973262407459188,0.4122517753111662
