rms,media,desvio_padrao,minimo,skewness,kurtosis,pico_a_pico,crest_factor,shape_factor,mean_abs
0.722118338249151,0.0093333627826314,0.7220580189810809,-1.8745013972055888,0.087727706383433,1.2354290086435196,4.115294011976047,3.103082273472638,1.3420950486999124,0.5380530529105723
