rms,media,desvio_padrao,minimo,skewness,kurtosis,pico_a_pico,crest_factor,shape_factor,mean_abs
0.5086752897654537,0.005961502405026,0.5086403551695866,-1.6515591816367263,-0.0295674910241966,2.3575557923948223,3.2722556886227547,3.246784765971722,1.403113514527121,0.3625332408952586
