rms,media,desvio_padrao,minimo,skewness,kurtosis,pico_a_pico,crest_factor,shape_factor,mean_abs
0.6406992150242405,0.0002196868557966,0.6406991773604547,-1.9886120758483032,0.0455170376205405,1.8597325416509456,4.174176746506986,3.411217962200864,1.3611941512832564,0.4706890743103956
