rms,media,desvio_padrao,minimo,skewness,kurtosis,pico_a_pico,crest_factor,shape_factor,mean_abs
0.9774267179651352,0.0091452298654723,0.9773839336528936,-2.224143013972056,0.0641719366594661,-0.113090764038906,4.598944610778443,2.429646696941526,1.2726561963414789,0.7680210262402025
