rms,media,desvio_padrao,minimo,skewness,kurtosis,pico_a_pico,crest_factor,shape_factor,mean_abs
0.5406252878913175,-0.0069101501914204,0.5405811240987812,-1.5240476047904192,-0.0055491625004459,0.4023203555365646,2.852360878243513,2.819046091489528,1.278082864670564,0.4229970550701875
