rms,media,desvio_padrao,minimo,skewness,kurtosis,pico_a_pico,crest_factor,shape_factor,mean_abs
1.0560357893885597,6.990036320803174e-05,1.0560357870751622,-2.4954096806387227,0.0872379922071829,0.7333767674049634,5.050920359281437,2.419909158687079,1.4007970547155977,0.7538820743758384
