rms,media,desvio_padrao,minimo,skewness,kurtosis,pico_a_pico,crest_factor,shape_factor,mean_abs
0.8092060178815019,0.011660993460234,0.8091219936493866,-1.8935875249501,0.0312785241741025,-0.0825454492495731,3.846057784431138,2.4128222187380626,1.2654137914317904,0.6394793729613942
