rms,media,desvio_padrao,minimo,skewness,kurtosis,pico_a_pico,crest_factor,shape_factor,mean_abs
0.4897540380422546,0.0066438630934851,0.489708971596283,-1.0330874251497004,0.121267877343539,-0.6202695548794899,2.207899500998004,2.3987797641128257,1.2016566082942028,0.4075657177448381
