rms,media,desvio_padrao,minimo,skewness,kurtosis,pico_a_pico,crest_factor,shape_factor,mean_abs
0.6976333333677975,0.012304791230547,0.6975248095506261,-1.8602883233532932,0.0597451338751607,0.9805832281080966,3.79651506986028,2.775421778027617,1.390145335945661,0.5018420127225224
