rms,media,desvio_padrao,minimo,skewness,kurtosis,pico_a_pico,crest_factor,shape_factor,mean_abs
0.6322493179183488,0.0046034382055561,0.6322325587668709,-1.974399001996008,-0.0215499508173831,1.1226575570801174,3.683216566866268,3.122817132482837,1.3604535202111805,0.464734229082818
