rms,media,desvio_padrao,minimo,skewness,kurtosis,pico_a_pico,crest_factor,shape_factor,mean_abs
1.0425907056317023,0.0139135008671182,1.0424978628099109,-2.7618032934131738,0.0407898315946735,0.506921358917904,5.717310479041917,2.834772235800827,1.3146822580088626,0.7930362635384968
