rms,media,desvio_padrao,minimo,skewness,kurtosis,pico_a_pico,crest_factor,shape_factor,mean_abs
1.011620388832534,0.0126419799744772,1.0115413938361657,-2.8202799401197605,0.0386131722754187,1.0146322485595416,5.877715169660679,3.0223147568915327,1.3670449954378816,0.7400051879846863
