rms,media,desvio_padrao,minimo,skewness,kurtosis,pico_a_pico,crest_factor,shape_factor,mean_abs
0.6629048719200915,-0.000419402179248,0.6629047392478085,-1.814400399201597,-0.0221152347319762,1.1047427477032905,3.6426077844311378,2.757872905556076,1.4381702167421702,0.4609363093485161
