rms,media,desvio_padrao,minimo,skewness,kurtosis,pico_a_pico,crest_factor,shape_factor,mean_abs
0.7472732937003305,0.0034617322731586,0.7472652754460155,-1.6596809381237525,0.0417301342920348,-0.1978301092696384,3.533370159680639,2.507368103948685,1.223508309594307,0.6107627450017996
