rms,media,desvio_padrao,minimo,skewness,kurtosis,pico_a_pico,crest_factor,shape_factor,mean_abs
0.6573365007049851,0.0104684115375805,0.6572531380822421,-1.4619161676646706,0.0824989738817357,-0.1743432902350483,3.054186526946108,2.4223063188697838,1.2461243129484496,0.5275047552436112
