rms,media,desvio_padrao,minimo,skewness,kurtosis,pico_a_pico,crest_factor,shape_factor,mean_abs
0.7317135954250119,0.008646699284358,0.7316625043838749,-1.872877045908184,-0.0022269281862366,-0.4107539893532408,3.711642714570858,2.5595766671799134,1.2377143073435273,0.591181334079808
