rms,media,desvio_padrao,minimo,skewness,kurtosis,pico_a_pico,crest_factor,shape_factor,mean_abs
0.5739126034999581,0.0066671632145544,0.573873875856682,-1.579681636726547,-0.0399556683073771,-0.6643260741186254,2.940075848303393,2.7524776892735763,1.160329752435531,0.4946116414711561
