rms,media,desvio_padrao,minimo,skewness,kurtosis,pico_a_pico,crest_factor,shape_factor,mean_abs
0.9327264042735004,-0.0021635826707241,0.9327238949115652,-2.179879441117764,0.0001567485917253,-0.3108845085664589,4.461686926147705,2.4463845716978896,1.2518283865097417,0.7450912715552502
