rms,media,desvio_padrao,minimo,skewness,kurtosis,pico_a_pico,crest_factor,shape_factor,mean_abs
0.5324241364259442,0.0080260122032357,0.5323636390448037,-1.1208023952095807,0.0356502643701986,-0.3452613324220639,2.3183553892215567,2.2492462532801527,1.2474069962554415,0.4268247156094316
