rms,media,desvio_padrao,minimo,skewness,kurtosis,pico_a_pico,crest_factor,shape_factor,mean_abs
0.7307753982248757,0.0070732510389058,0.7307411660570838,-2.362618962075848,0.009945806030294,2.1015952424840574,4.8385364271457085,3.3880689895747778,1.3862009243466888,0.5271785535486404
