rms,media,desvio_padrao,minimo,skewness,kurtosis,pico_a_pico,crest_factor,shape_factor,mean_abs
1.1417298785571013,-0.0099058800431923,1.1416869050359577,-2.747184131736527,0.0436938125960318,0.508144845999627,5.638529441117765,2.532425018985463,1.4004066160182778,0.8152845505709891
