rms,media,desvio_padrao,minimo,skewness,kurtosis,pico_a_pico,crest_factor,shape_factor,mean_abs
0.715055580016214,0.0036714333627826,0.7150461545168865,-2.141707185628743,0.064436023277234,0.606709731810263,4.113263572854292,2.995161838440837,1.2834492294189055,0.5571358520663591
