rms,media,desvio_padrao,minimo,skewness,kurtosis,pico_a_pico,crest_factor,shape_factor,mean_abs
0.4972281595556897,0.0081184278983017,0.4971618788519475,-1.353084630738523,-0.0232253370068184,0.1193081679371124,2.7151031936127747,2.739222501177963,1.2503124026781118,0.3976831378227152
