rms,media,desvio_padrao,minimo,skewness,kurtosis,pico_a_pico,crest_factor,shape_factor,mean_abs
0.9909753215242588,0.0164812229200136,0.9908382598391976,-2.9230201596806387,0.0155648887909317,0.9028396577209228,5.726244411177644,2.949639709679777,1.326190336352612,0.7472346120766598
