rms,media,desvio_padrao,minimo,skewness,kurtosis,pico_a_pico,crest_factor,shape_factor,mean_abs
0.6482544770413379,0.0081550423742678,0.6482031797885693,-2.032063473053892,0.0635511334822614,1.7019358566460854,4.1599636726546905,3.282507525921964,1.3794307567241273,0.4699434704361768
