rms,media,desvio_padrao,minimo,skewness,kurtosis,pico_a_pico,crest_factor,shape_factor,mean_abs
0.6460072749478419,0.009326705605183,0.6459399444593058,-1.3754194610778443,-0.0164150147821306,-0.4952490140893877,2.8604826347305385,2.2988335135584923,1.2365936715359285,0.5224086859068748
