rms,media,desvio_padrao,minimo,skewness,kurtosis,pico_a_pico,crest_factor,shape_factor,mean_abs
0.7820645060279087,0.007512624750499,0.7820284215155067,-2.317543213572854,0.0764187023531318,1.7263153570042364,4.66676127744511,3.0038673865969074,1.449195883261478,0.5396541040869083
