rms,media,desvio_padrao,minimo,skewness,kurtosis,pico_a_pico,crest_factor,shape_factor,mean_abs
0.6119132144156441,0.0107979418212754,0.6118179356874971,-1.7331828343313374,0.0103358375078931,0.6625933216153985,3.2771287425149698,2.8323997480369285,1.304557492952672,0.469058065835542
