rms,media,desvio_padrao,minimo,skewness,kurtosis,pico_a_pico,crest_factor,shape_factor,mean_abs
0.6398509690448011,-0.0001897295572788,0.6398509409153559,-1.6007982035928143,0.0539047012375255,-0.4896389371594285,3.1967233532934127,2.5018297713646653,1.2162922333570867,0.5260668049147607
