rms,media,desvio_padrao,minimo,skewness,kurtosis,pico_a_pico,crest_factor,shape_factor,mean_abs
0.9026891784439364,0.0034983467491246,0.9026823995458269,-2.3086092814371257,0.1232801583828027,0.4151940340295539,4.814171157684631,2.7756640226557443,1.3510796701639052,0.6681243144857825
