rms,media,desvio_padrao,minimo,skewness,kurtosis,pico_a_pico,crest_factor,shape_factor,mean_abs
0.9168658966246216,0.0117266180753247,0.9167909024536548,-2.336223253493014,0.0260519419610744,0.5634967721253821,4.834069461077844,2.7243310246138264,1.3500622087364402,0.6791286288079579
