rms,media,desvio_padrao,minimo,skewness,kurtosis,pico_a_pico,crest_factor,shape_factor,mean_abs
0.9619183343384704,-0.0025297274303851,0.9619150078960332,-2.329725848303393,0.0617502135339105,0.3283153840751676,4.659045608782435,2.4219580448121825,1.3148196439420112,0.7315971728673799
