rms,media,desvio_padrao,minimo,skewness,kurtosis,pico_a_pico,crest_factor,shape_factor,mean_abs
0.923054808363316,0.0182310322444541,0.9228747524479908,-2.4986583832335327,0.046247956632755,-0.097380968839182,4.854373852295409,2.706944767086957,1.249761766335782,0.7385846112652742
