rms,media,desvio_padrao,minimo,skewness,kurtosis,pico_a_pico,crest_factor,shape_factor,mean_abs
1.0600397155991503,0.0067384166626097,1.0600182981384845,-3.091140518962076,0.0626136179727603,0.7426308013662961,5.817614171656687,2.9160610432552683,1.3132623949833029,0.8071804383103712
