rms,media,desvio_padrao,minimo,skewness,kurtosis,pico_a_pico,crest_factor,shape_factor,mean_abs
0.6021481934157348,0.0027897903380231,0.6021417307442684,-1.2450652694610778,0.0348570781720197,-0.9650693536199806,2.554698502994012,2.1749350871650592,1.172703768618807,0.513469990912484
