rms,media,desvio_padrao,minimo,skewness,kurtosis,pico_a_pico,crest_factor,shape_factor,mean_abs
0.7107063622509542,0.0064374905925853,0.7106772066549306,-1.6227269461077845,0.0732713241464148,0.0110498610046145,3.392051596806388,2.489529775834264,1.2449176340366686,0.5708862520859919
