rms,media,desvio_padrao,minimo,skewness,kurtosis,pico_a_pico,crest_factor,shape_factor,mean_abs
0.570720995614046,0.0085711159647917,0.5706566312642009,-1.4533883233532934,0.0913546233247803,-0.0012401380811017,2.8791626746506984,2.546582891679978,1.261582032027799,0.4523851649160695
