rms,media,desvio_padrao,minimo,skewness,kurtosis,pico_a_pico,crest_factor,shape_factor,mean_abs
1.0600971971369768,0.00662389156114,1.0600765026347203,-2.8791626746506984,0.067255189219482,0.2072478742501431,5.890303892215568,2.840438806646327,1.2551132683184558,0.8446227315860084
