rms,media,desvio_padrao,minimo,skewness,kurtosis,pico_a_pico,crest_factor,shape_factor,mean_abs
0.7217535932635405,-0.0056086720002617,0.7217318007315638,-1.675518363273453,0.0572585400424809,-0.3488838612539648,3.428193413173653,2.428356528126393,1.2240659623746772,0.5896361923693596
