rms,media,desvio_padrao,minimo,skewness,kurtosis,pico_a_pico,crest_factor,shape_factor,mean_abs
1.00680982284389,0.0118231471483263,1.0067403997885722,-2.757742415169661,0.0695896410895268,1.796879198800272,5.623098103792415,2.8459751023575777,1.4644789502669024,0.6874867150944014
