rms,media,desvio_padrao,minimo,skewness,kurtosis,pico_a_pico,crest_factor,shape_factor,mean_abs
1.034958129309846,0.0124089787637838,1.0348837358228102,-2.8815992015968064,0.0617891888007502,0.2182760604640807,5.535789221556886,2.7842664548355973,1.3000811634168226,0.796071936454959
