rms,media,desvio_padrao,minimo,skewness,kurtosis,pico_a_pico,crest_factor,shape_factor,mean_abs
0.6317703885754775,0.0086876165701384,0.6317106530676366,-2.0722661676646705,0.0398248809332726,1.4066273418851465,3.912656187624751,3.280093852352336,1.364377454382541,0.4630466345996532
