rms,media,desvio_padrao,minimo,skewness,kurtosis,pico_a_pico,crest_factor,shape_factor,mean_abs
0.9329659625750004,0.0039410490494421,0.9329576386181136,-2.270030938123752,0.0680408159366103,0.3590142998270043,4.765034530938124,2.6742707589547243,1.3360443631148655,0.6983046284480219
