rms,media,desvio_padrao,minimo,skewness,kurtosis,pico_a_pico,crest_factor,shape_factor,mean_abs
0.6957150169813425,0.0217523273125879,0.6953748781124005,-1.515519760479042,0.0634504390496974,-0.8091709807067913,2.977842015968064,2.178362869116687,1.1932429176326669,0.5830455866954616
