rms,media,desvio_padrao,minimo,skewness,kurtosis,pico_a_pico,crest_factor,shape_factor,mean_abs
0.5893640360338037,-0.0075076724599581,0.5893162154771313,-1.2710548902195609,0.0713540647156354,-0.4000601858115922,2.6797735528942117,2.390235196831474,1.239395122829231,0.4755255407883421
