rms,media,desvio_padrao,minimo,skewness,kurtosis,pico_a_pico,crest_factor,shape_factor,mean_abs
0.60985104701004,0.0003095587513497,0.6098509684444401,-1.5118649700598803,0.0419818586645915,0.7140882828698434,3.1374345309381235,2.665519012959048,1.3332079369764651,0.457431305421943
