rms,media,desvio_padrao,minimo,skewness,kurtosis,pico_a_pico,crest_factor,shape_factor,mean_abs
0.6842271919460867,-0.002426622365026,0.6842228889055997,-2.138458483033932,0.0597500018807289,1.449139912668175,4.173770658682635,3.125363195449313,1.3536179313585597,0.5054802955065478
