rms,media,desvio_padrao,minimo,skewness,kurtosis,pico_a_pico,crest_factor,shape_factor,mean_abs
0.9674444609409488,0.0106814412159287,0.96738549287183,-2.840178243512974,0.0341708415019636,0.9408054758019144,5.630407684630739,2.9357532738887984,1.3755119013332453,0.7033341260102743
