rms,media,desvio_padrao,minimo,skewness,kurtosis,pico_a_pico,crest_factor,shape_factor,mean_abs
0.6487916318140496,0.0053590278459474,0.64876949861448,-1.814400399201597,0.0432798454870873,0.031837100845852,3.5658571856287424,2.7965841577340544,1.297650746901947,0.4999739979058276
