rms,media,desvio_padrao,minimo,skewness,kurtosis,pico_a_pico,crest_factor,shape_factor,mean_abs
0.711081170719683,0.0112206725892477,0.7109926355868391,-1.7023201596806388,-0.0100914980921102,-0.5301026796674155,3.2283982035928145,2.3939885202665763,1.2159603512562391,0.5847897671869376
