rms,media,desvio_padrao,minimo,skewness,kurtosis,pico_a_pico,crest_factor,shape_factor,mean_abs
0.5622003075133432,0.0066871347468996,0.562160535787576,-1.829019560878244,-0.0097312910532465,0.6874724202894993,3.6373286427145706,3.2533236578402867,1.2710275976538532,0.442319512614116
