rms,media,desvio_padrao,minimo,skewness,kurtosis,pico_a_pico,crest_factor,shape_factor,mean_abs
0.7429729161947387,0.0142725013387858,0.742835816250434,-2.2200821357285427,0.0586884116499151,1.5203359196440729,4.503513972055888,3.073371567865929,1.3877515205036002,0.5353789242652905
