rms,media,desvio_padrao,minimo,skewness,kurtosis,pico_a_pico,crest_factor,shape_factor,mean_abs
0.6410756612769426,0.0095876344871233,0.6410039631286303,-1.7181575848303394,0.0219708986112162,-0.2807110871861895,3.284844411177645,2.680116698562513,1.232203142446925,0.5202678350615842
