rms,media,desvio_padrao,minimo,skewness,kurtosis,pico_a_pico,crest_factor,shape_factor,mean_abs
0.881160881764687,0.0047865105853866,0.8811478813846951,-2.462516566866267,0.0444160021746035,0.8152056945524784,5.130513572854291,3.027820527671256,1.3064197993676947,0.6744852475377116
