rms,media,desvio_padrao,minimo,skewness,kurtosis,pico_a_pico,crest_factor,shape_factor,mean_abs
0.5015806148897952,0.0099624660515035,0.5014816671658074,-1.2207,0.120898051951649,-0.3096612437538724,2.569317664670659,2.6887356182355058,1.2103216157229917,0.4144192819279474
