rms,media,desvio_padrao,minimo,skewness,kurtosis,pico_a_pico,crest_factor,shape_factor,mean_abs
0.7305605015295467,0.0129814960243447,0.7304451568434639,-2.117748003992016,0.0764465060977698,1.9132257682658231,4.617624650698603,3.421861216795448,1.3799642579198084,0.5294053794051241
