rms,media,desvio_padrao,minimo,skewness,kurtosis,pico_a_pico,crest_factor,shape_factor,mean_abs
0.6559672124439734,0.0012249206505022,0.65596606876493,-1.3441506986027942,0.0467444522094388,-0.6711417540375306,2.695610978043912,2.0602558387116745,1.2144315831556292,0.5401434066293641
