rms,media,desvio_padrao,minimo,skewness,kurtosis,pico_a_pico,crest_factor,shape_factor,mean_abs
1.129399840308885,0.0198483745623507,1.129225416520974,-2.878350499001996,0.0699567558094219,0.0838149729634305,5.494368263473055,2.548566412241374,1.3364327830858225,0.8450854054186709
