rms,media,desvio_padrao,minimo,skewness,kurtosis,pico_a_pico,crest_factor,shape_factor,mean_abs
0.7064407626916553,0.0092310695681807,0.7063804488708582,-1.7279036926147704,0.0204327467954417,0.6538349204929208,3.583318962075848,2.626427249740857,1.3181254776921247,0.5359434853869497
