rms,media,desvio_padrao,minimo,skewness,kurtosis,pico_a_pico,crest_factor,shape_factor,mean_abs
0.5240990352792055,0.0043071938091031,0.524081336113093,-1.00790998003992,0.1004846476880416,-0.8620361078585486,2.1197784431137725,2.1214854220853923,1.1817663968057064,0.4434878472563071
