rms,media,desvio_padrao,minimo,skewness,kurtosis,pico_a_pico,crest_factor,shape_factor,mean_abs
0.5414918345071761,-0.0017541662576486,0.5414889931833218,-1.6194782435129742,-0.0849551297637358,1.3830164756012149,3.171545908183633,2.990771310497965,1.3544063822862606,0.3998001202513006
