rms,media,desvio_padrao,minimo,skewness,kurtosis,pico_a_pico,crest_factor,shape_factor,mean_abs
0.7449683219793249,0.0085544730211707,0.744919204843063,-2.2249551896207587,0.0696204769673678,1.7633351910046515,4.484021756487026,3.0324330581790337,1.397740863535898,0.5329802836949054
