rms,media,desvio_padrao,minimo,skewness,kurtosis,pico_a_pico,crest_factor,shape_factor,mean_abs
0.580393506798378,0.0122092634403324,0.5802650744443985,-1.64952874251497,0.0286806385532911,0.1114428228103108,3.4290055888223554,3.065983381040055,1.231939422198993,0.4711217908445404
