rms,media,desvio_padrao,minimo,skewness,kurtosis,pico_a_pico,crest_factor,shape_factor,mean_abs
0.7564906133137729,0.0098026937927423,0.7564270984214235,-1.9439424151696605,0.0106948293424554,0.891885163532792,3.988594610778443,2.7028123807806104,1.3811564630656574,0.5477226031543472
