rms,media,desvio_padrao,minimo,skewness,kurtosis,pico_a_pico,crest_factor,shape_factor,mean_abs
0.590425130254078,0.0096895217761198,0.5903456170780765,-1.751862874251497,0.0475916350521836,0.4862531675411814,3.404640319361277,2.9671211208398547,1.3096285428836545,0.4508340425705966
