rms,media,desvio_padrao,minimo,skewness,kurtosis,pico_a_pico,crest_factor,shape_factor,mean_abs
0.8593992150711394,0.0196242766499521,0.8591751268692877,-2.0742966067864272,0.0485394974369337,0.3831987111041472,4.312246606786427,2.6040866232519737,1.3064692829058508,0.6578028479626115
