rms,media,desvio_padrao,minimo,skewness,kurtosis,pico_a_pico,crest_factor,shape_factor,mean_abs
0.9149797216045232,0.0048231250613526,0.9149670094665344,-1.9480032934131737,0.0654995121040678,-0.2839268397207934,4.151029740518962,2.407732537768734,1.2288501799676514,0.744581997480449
