rms,media,desvio_padrao,minimo,skewness,kurtosis,pico_a_pico,crest_factor,shape_factor,mean_abs
0.7394892713628648,0.00601868377067,0.7394647780026101,-2.0251599800399203,0.0121694434446635,-0.0211053406115171,3.711236626746507,2.7385927808088257,1.2671860951935925,0.5835680127549778
