rms,media,desvio_padrao,minimo,skewness,kurtosis,pico_a_pico,crest_factor,shape_factor,mean_abs
0.6017024695681673,0.0013647213769182,0.601700921903893,-1.6048590818363275,0.0870821219492609,0.4748018393105484,3.3185497005988025,2.8480697777297883,1.3183392624109618,0.4564094286836164
