rms,media,desvio_padrao,minimo,skewness,kurtosis,pico_a_pico,crest_factor,shape_factor,mean_abs
0.9903097756694332,-0.0130813536860705,0.9902233737759288,-2.832056487025948,0.0302369275869418,2.086766310252336,5.659646007984032,2.859768283223827,1.4793127041237149,0.669439107031838
