rms,media,desvio_padrao,minimo,skewness,kurtosis,pico_a_pico,crest_factor,shape_factor,mean_abs
0.4583012642824162,0.0064441477700337,0.4582559566469147,-1.212172155688623,0.012753867726537,-0.0807787132021897,2.319573652694612,2.6449243110567844,1.2411332630795244,0.3692603187068486
