rms,media,desvio_padrao,minimo,skewness,kurtosis,pico_a_pico,crest_factor,shape_factor,mean_abs
0.6627153014179977,0.0045901238506593,0.6626994050824123,-1.6661783433133732,0.0616026085625719,0.4426603863512324,3.413980339321357,2.637334602457872,1.3201470878798098,0.50200110843886
