rms,media,desvio_padrao,minimo,skewness,kurtosis,pico_a_pico,crest_factor,shape_factor,mean_abs
0.6778879885935557,-0.0040342495337194,0.6778759841668064,-1.5394789421157684,0.0642943728909867,-0.5368046863905311,3.0525621756487027,2.27099309623378,1.217384645877071,0.556839607669906
