rms,media,desvio_padrao,minimo,skewness,kurtosis,pico_a_pico,crest_factor,shape_factor,mean_abs
0.9305262289530112,0.0191859854062367,0.9303284155251326,-2.194498602794411,0.0711140812144258,0.0256297695744285,4.643614271457086,2.631968441575597,1.2730226938244689,0.7309580838323352
