rms,media,desvio_padrao,minimo,skewness,kurtosis,pico_a_pico,crest_factor,shape_factor,mean_abs
0.6606295743053473,0.0011450345211216,0.6606285819905235,-1.9877999001996007,0.1022694390588612,1.1020879466872673,4.020675548902196,3.077179296491783,1.3273723801104953,0.4976972432184811
