rms,media,desvio_padrao,minimo,skewness,kurtosis,pico_a_pico,crest_factor,shape_factor,mean_abs
0.9572392452862986,0.0005991459703543,0.957239057780442,-2.646068263473054,0.1060263249246628,0.9539746651231128,5.46472385229541,2.944567518206308,1.3806102332080574,0.6933450312489774
