rms,media,desvio_padrao,minimo,skewness,kurtosis,pico_a_pico,crest_factor,shape_factor,mean_abs
0.5837430961684567,0.0163766565230195,0.5835133309920718,-1.4578552894211578,0.0773445761348159,0.4733018763093355,3.033476047904192,2.699168125199276,1.2943770010136468,0.450983829063185
