rms,media,desvio_padrao,minimo,skewness,kurtosis,pico_a_pico,crest_factor,shape_factor,mean_abs
1.1505975764072554,0.0192292570596511,1.1504368815833328,-2.662717864271457,0.0516783608422657,0.0908821743547441,5.381475848303393,2.362909534818652,1.338581595506499,0.8595647663689016
