rms,media,desvio_padrao,minimo,skewness,kurtosis,pico_a_pico,crest_factor,shape_factor,mean_abs
0.6950111172439626,0.0023233549294852,0.6950072338577294,-1.7774464071856289,0.0702473909244002,0.3837522562580577,3.694587025948104,2.7584315864828404,1.2837571827259555,0.5413882988122115
