rms,media,desvio_padrao,minimo,skewness,kurtosis,pico_a_pico,crest_factor,shape_factor,mean_abs
0.7220170806749634,0.0088811077032925,0.7219624579660352,-1.6824218562874251,0.0460482767062985,0.0862789002828336,3.457837824351297,2.458966713646386,1.3197263789585971,0.5470960436849877
