rms,media,desvio_padrao,minimo,skewness,kurtosis,pico_a_pico,crest_factor,shape_factor,mean_abs
1.068115340021776,0.0019305814600307,1.06811359529081,-2.4426182634730536,0.0178560972416816,0.4739788154187536,4.9006678642714565,2.3012960386359493,1.3826041105294145,0.7725388141749288
