rms,media,desvio_padrao,minimo,skewness,kurtosis,pico_a_pico,crest_factor,shape_factor,mean_abs
0.8374751861724583,-0.0012446756892718,0.8374742612385303,-2.0828244510978045,0.0165968975296686,0.4563287265960607,4.354885828343313,2.712989488834397,1.2931498456489314,0.6476242401376111
