rms,media,desvio_padrao,minimo,skewness,kurtosis,pico_a_pico,crest_factor,shape_factor,mean_abs
0.7896691968503554,0.0120761198913648,0.7895768536264565,-2.0105408183632734,0.0687482020598962,0.6671797558311905,4.206663772455089,2.781067012428988,1.306235217248835,0.6045382840875627
