rms,media,desvio_padrao,minimo,skewness,kurtosis,pico_a_pico,crest_factor,shape_factor,mean_abs
0.8281286701673326,0.0004060878243512,0.8281285706010832,-1.9285110778443115,0.0780604653566849,-0.34826641979976,3.8229107784431138,2.328757773178695,1.2287759706340204,0.6739460161643925
