rms,media,desvio_padrao,minimo,skewness,kurtosis,pico_a_pico,crest_factor,shape_factor,mean_abs
0.915519094904422,0.0021195803514921,0.915516641309018,-2.3350049900199603,0.0681670859384393,-0.0051490182440989,4.648893413173653,2.5504710966882995,1.275454714989578,0.7177981971017315
