rms,media,desvio_padrao,minimo,skewness,kurtosis,pico_a_pico,crest_factor,shape_factor,mean_abs
0.7880189786438907,0.0011317201662249,0.7880181659786949,-2.2988631736526948,0.1372098232492624,1.9002018402340548,4.782090219560878,3.151227461782193,1.4965527272094516,0.5265561074572167
