rms,media,desvio_padrao,minimo,skewness,kurtosis,pico_a_pico,crest_factor,shape_factor,mean_abs
1.0773977292157733,0.0107563750547685,1.077344033869862,-2.885253992015968,0.0905457216568113,1.185130556877565,5.988983233532935,2.880764602851111,1.3755865752660366,0.783227859727699
