rms,media,desvio_padrao,minimo,skewness,kurtosis,pico_a_pico,crest_factor,shape_factor,mean_abs
0.5947298562922326,-0.0005958173816301,0.59472955783871,-2.086479241516966,-0.1715054471594046,0.7161848136066311,3.5686998003992016,3.508280641104609,1.2799587181823555,0.4646476857759889
