rms,media,desvio_padrao,minimo,skewness,kurtosis,pico_a_pico,crest_factor,shape_factor,mean_abs
0.764702651298996,0.0039288171624231,0.7646925586792499,-2.3069849301397203,0.0571805151045885,1.9846361581907288,4.722801397205589,3.159157958929703,1.4941548525519464,0.5117961167096702
