rms,media,desvio_padrao,minimo,skewness,kurtosis,pico_a_pico,crest_factor,shape_factor,mean_abs
0.6449077694983614,-0.003155502110533,0.6449000495935645,-1.3315619760479045,0.0852107791902172,-0.7357449832695937,2.69195618762475,2.109439947723103,1.206702220750317,0.5344382055561009
