rms,media,desvio_padrao,minimo,skewness,kurtosis,pico_a_pico,crest_factor,shape_factor,mean_abs
0.4620293555977552,0.0015078506920585,0.4620268951266445,-1.1947103792415168,0.0443924935730245,-0.4281764154916709,2.2456656686626744,2.5857889001356806,1.2273649234437916,0.3764400845849285
