rms,media,desvio_padrao,minimo,skewness,kurtosis,pico_a_pico,crest_factor,shape_factor,mean_abs
0.936274420410118,-0.0002596299204869,0.9362743844122868,-2.2651578842315367,0.0708539872241403,0.3433569216569538,4.780059780439121,2.6860734859187727,1.2992752575739728,0.7206128300775498
