rms,media,desvio_padrao,minimo,skewness,kurtosis,pico_a_pico,crest_factor,shape_factor,mean_abs
0.5811850928607964,0.0002762728641078,0.5811850271960877,-1.5825242514970062,-0.0517592019844785,-0.1786598256554561,3.00789251497006,2.7229264324507496,1.24948337466259,0.4651403169071693
