rms,media,desvio_padrao,minimo,skewness,kurtosis,pico_a_pico,crest_factor,shape_factor,mean_abs
0.4270994167503833,0.0110271002710027,0.4269570409867144,-0.8121756487025947,0.0553919507601448,-0.8067855883075801,1.7729794411177644,2.249602211413714,1.1994826543200203,0.3560696898885156
