rms,media,desvio_padrao,minimo,skewness,kurtosis,pico_a_pico,crest_factor,shape_factor,mean_abs
0.5542534583987572,0.0023865981152449,0.5542483200663934,-1.2649635728542914,0.0490293108607399,-0.5970003251955336,2.507998403193613,2.28228359009032,1.200241105724421,0.4617850994731847
