rms,media,desvio_padrao,minimo,skewness,kurtosis,pico_a_pico,crest_factor,shape_factor,mean_abs
0.6842980246962772,0.0092135335885605,0.6842359954007383,-2.1250575848303392,0.0479897036475667,0.6569745227218609,4.234277744510978,3.105456260484658,1.2622926449161946,0.5421072739766369
