rms,media,desvio_padrao,minimo,skewness,kurtosis,pico_a_pico,crest_factor,shape_factor,mean_abs
0.932864329719498,-0.0097626154195673,0.9328132444402676,-2.060489620758483,0.0643469701510092,0.0951052369506699,4.347170159680639,2.451246624050611,1.3189779439785658,0.7072630243577884
