rms,media,desvio_padrao,minimo,skewness,kurtosis,pico_a_pico,crest_factor,shape_factor,mean_abs
0.8542518386679692,0.0015511223454729,0.8542504304283817,-2.2058690618762475,0.0338049048432832,0.4724566385097226,4.486864371257485,2.6701672810420667,1.344542267005855,0.6353477013186742
