rms,media,desvio_padrao,minimo,skewness,kurtosis,pico_a_pico,crest_factor,shape_factor,mean_abs
0.8596430758698359,0.0172554039462059,0.8594698766830666,-2.205056886227545,0.0239967799594873,0.270742212151851,4.524630538922156,2.698298535525961,1.280190577473841,0.671496174863388
