rms,media,desvio_padrao,minimo,skewness,kurtosis,pico_a_pico,crest_factor,shape_factor,mean_abs
0.7830645627448404,0.0070699224501816,0.7830326465884527,-2.4093190618762472,0.1297171296237597,1.3158232400147378,4.661076047904191,3.076782140965454,1.3869813321170257,0.5645819050423743
