rms,media,desvio_padrao,minimo,skewness,kurtosis,pico_a_pico,crest_factor,shape_factor,mean_abs
1.0526525660045922,0.0106348409737901,1.0525988432795823,-2.581906387225549,0.0614966659917663,0.558051122005057,5.612539820359281,2.8790443599417506,1.3188397761816515,0.798165618762475
