rms,media,desvio_padrao,minimo,skewness,kurtosis,pico_a_pico,crest_factor,shape_factor,mean_abs
0.6329402501028849,0.0045102377212787,0.6329241802585835,-1.851760479041916,0.0027285422253197,0.7993296072891272,3.7713376247504993,3.0327936095019306,1.2880445925432062,0.4913962247635876
