rms,media,desvio_padrao,minimo,skewness,kurtosis,pico_a_pico,crest_factor,shape_factor,mean_abs
0.9292320971808564,0.0075592249926376,0.9292013498422412,-2.2732796407185627,0.0889681083633033,0.2603893222861351,4.704933532934131,2.616842336368732,1.2913098752991865,0.71960426769412
