rms,media,desvio_padrao,minimo,skewness,kurtosis,pico_a_pico,crest_factor,shape_factor,mean_abs
0.6835947746772657,0.0051559839337718,0.6835753300081391,-1.3892264471057885,0.0650881941023706,-0.751951323759608,2.797132934131737,2.0595629738255967,1.2109481623261116,0.5645120046791663
