rms,media,desvio_padrao,minimo,skewness,kurtosis,pico_a_pico,crest_factor,shape_factor,mean_abs
0.5323119920228327,0.0078687837439874,0.5322538295716686,-1.68079750499002,-0.0256938469427079,0.7739663648350654,3.1890076846307385,3.1575420621332246,1.295475160970448,0.4109009636464775
