rms,media,desvio_padrao,minimo,skewness,kurtosis,pico_a_pico,crest_factor,shape_factor,mean_abs
0.4604014175595143,0.006206870811223,0.4603595769021679,-1.0671988023952097,0.0590296262332733,-0.2592204463529119,2.236731736526946,2.540246162427499,1.2408001932790078,0.3710520195381593
