rms,media,desvio_padrao,minimo,skewness,kurtosis,pico_a_pico,crest_factor,shape_factor,mean_abs
0.6785004877983933,0.012289149569713,0.6783891867840398,-2.0519617764471056,-0.0074991758008657,1.1560008429480444,4.102299201596806,3.0242598396728293,1.3182965716142192,0.5146797028893032
