rms,media,desvio_padrao,minimo,skewness,kurtosis,pico_a_pico,crest_factor,shape_factor,mean_abs
0.6408578741496257,0.0199116177481103,0.6405484699366869,-1.2678061876247504,0.0286765483749387,-0.8960736383115764,2.6131751497005986,2.0993250084678454,1.1913335073859783,0.5379332237165013
