rms,media,desvio_padrao,minimo,skewness,kurtosis,pico_a_pico,crest_factor,shape_factor,mean_abs
0.5546391517834076,0.0056120005889859,0.5546107591278835,-1.4724744510978045,0.0095373691266257,0.1137292315611393,2.9745933133732536,2.7082813347119106,1.279182894991742,0.4335886243905631
