rms,media,desvio_padrao,minimo,skewness,kurtosis,pico_a_pico,crest_factor,shape_factor,mean_abs
0.8117008723190577,0.0003761305258335,0.8117007851723115,-1.926886726546906,-0.0127317066052288,0.0068196337735555,3.993467664670659,2.545988317370485,1.297949020696313,0.6253719209122738
