rms,media,desvio_padrao,minimo,skewness,kurtosis,pico_a_pico,crest_factor,shape_factor,mean_abs
0.9132587670027084,0.0163000989823631,0.913113291043599,-2.357339820359281,0.0744579661098621,0.1378320776555908,4.780465868263473,2.653274335221362,1.290652320792255,0.7075947195772391
