rms,media,desvio_padrao,minimo,skewness,kurtosis,pico_a_pico,crest_factor,shape_factor,mean_abs
1.017788690959835,-6.603054054480191e-06,1.017788690938416,-2.5522619760479044,0.1201014645151541,1.137028062582266,5.375384530938124,2.7737806284994657,1.3807786485189462,0.7371121302111224
