rms,media,desvio_padrao,minimo,skewness,kurtosis,pico_a_pico,crest_factor,shape_factor,mean_abs
0.7480758719101533,0.0051692982886685,0.7480580114465314,-2.0032312375249504,0.027290998976948,0.4541814290040449,4.086461776447106,2.7847850961999203,1.2943395996873042,0.5779595031248977
