rms,media,desvio_padrao,minimo,skewness,kurtosis,pico_a_pico,crest_factor,shape_factor,mean_abs
0.5275038455660792,-0.0032753313046039,0.5274936770159874,-1.0797875249501,0.0532903989608432,-0.542331797093643,2.243229141716567,2.2055604457593008,1.226581064594518,0.4300603203429207
