rms,media,desvio_padrao,minimo,skewness,kurtosis,pico_a_pico,crest_factor,shape_factor,mean_abs
0.5916575582632349,0.0215160516365642,0.5912662055047504,-1.645467864271457,0.0359466868520771,0.8981988579715661,3.263321756487026,2.7811152604922365,1.3327030290399282,0.4439530378267854
