rms,media,desvio_padrao,minimo,skewness,kurtosis,pico_a_pico,crest_factor,shape_factor,mean_abs
0.838254038087427,0.008002901514045,0.8382158349358679,-2.255817864271457,0.0491458432243447,0.3484284928431775,4.601787225548902,2.7986377096733634,1.2720385127360032,0.6589847946383656
