rms,media,desvio_padrao,minimo,skewness,kurtosis,pico_a_pico,crest_factor,shape_factor,mean_abs
0.7206640416946648,0.0128317095317561,0.7205497957963641,-2.2221125748502994,0.0242486503178621,0.9259294394112424,4.282602195608782,3.083423684668559,1.3290570792706409,0.5422370889368803
