rms,media,desvio_padrao,minimo,skewness,kurtosis,pico_a_pico,crest_factor,shape_factor,mean_abs
0.5622199511291384,0.0056489127436184,0.5621915716483713,-1.522423253493014,0.0505448249559745,0.9123642515714367,3.2470782435129744,3.0675805555392284,1.30180858275456,0.4318760519611185
