rms,media,desvio_padrao,minimo,skewness,kurtosis,pico_a_pico,crest_factor,shape_factor,mean_abs
0.9638428201924863,-0.0018573525080985,0.9638410306052893,-2.573784630738523,0.0794472659693902,0.3132173085956991,5.320156586826347,2.849398157615942,1.307137798239817,0.7373689457151272
