rms,media,desvio_padrao,minimo,skewness,kurtosis,pico_a_pico,crest_factor,shape_factor,mean_abs
0.940426877423634,0.0121628255683754,0.940348221381292,-2.4954096806387227,0.0281815797892832,0.965835036211986,5.187365868263473,2.8624832533493247,1.3383232001033,0.7026904094250523
