rms,media,desvio_padrao,minimo,skewness,kurtosis,pico_a_pico,crest_factor,shape_factor,mean_abs
0.5053558152703255,0.0145758900232322,0.5051455666019112,-0.991260379241517,0.0903616817471911,-0.8401995244205684,2.0113529940119763,2.0185631271004376,1.194430344042504,0.423093584143189
