rms,media,desvio_padrao,minimo,skewness,kurtosis,pico_a_pico,crest_factor,shape_factor,mean_abs
0.5886127536265763,-0.000657003878422,0.5886123869557659,-1.8988666666666665,-0.0663942808489692,0.9641296040758598,3.53093363273453,3.226003267797579,1.3118547956563111,0.4486874275838567
