rms,media,desvio_padrao,minimo,skewness,kurtosis,pico_a_pico,crest_factor,shape_factor,mean_abs
0.5576352490470042,-0.0020504106541016,0.5576314793803019,-1.682015768463074,-0.0023479368238764,0.9163542673442536,3.1548963073852296,3.016336882106413,1.3383478673873237,0.4166594221393279
