rms,media,desvio_padrao,minimo,skewness,kurtosis,pico_a_pico,crest_factor,shape_factor,mean_abs
0.467168618805451,-0.0005858316154576,0.4671682514875247,-1.0537979041916168,0.0871406511714931,-0.5013331822236182,2.2407926147704598,2.540827150620658,1.2214362863473671,0.3824748159418867
