rms,media,desvio_padrao,minimo,skewness,kurtosis,pico_a_pico,crest_factor,shape_factor,mean_abs
0.6777848966484838,0.0083181432217532,0.6777338523477623,-1.6832340319361276,0.0347547459155725,0.3935472493647549,3.47123872255489,2.638011999765858,1.2906056456391433,0.525168085959229
