rms,media,desvio_padrao,minimo,skewness,kurtosis,pico_a_pico,crest_factor,shape_factor,mean_abs
0.6724374631758621,0.0015253054865878,0.6724357332307388,-1.2625270459081834,0.0455318592414247,-0.8014193401169427,2.7345954091816367,2.1891528118035035,1.2074905779360594,0.5568883728478002
