rms,media,desvio_padrao,minimo,skewness,kurtosis,pico_a_pico,crest_factor,shape_factor,mean_abs
0.5630524148020882,0.0085378300775498,0.5629876795028731,-1.4087186626746506,0.00037079007485,0.0317697738293838,3.015608183632734,2.8538897600197703,1.256650735700826,0.4480579995746212
