rms,media,desvio_padrao,minimo,skewness,kurtosis,pico_a_pico,crest_factor,shape_factor,mean_abs
0.6928565562677695,0.0017841235561663,0.6928542591818061,-1.4001908183632734,0.0371851878833155,-0.7015543363601426,2.8190616766467067,2.0478565807712146,1.1978802116745262,0.5784022054252151
