rms,media,desvio_padrao,minimo,skewness,kurtosis,pico_a_pico,crest_factor,shape_factor,mean_abs
0.4831574633400217,0.0009752764961879,0.4831564790178441,-1.2678061876247504,-0.111298907369727,0.5149084260730881,2.5031253493013974,2.6240020776260526,1.3154785395084252,0.3672864655934034
