rms,media,desvio_padrao,minimo,skewness,kurtosis,pico_a_pico,crest_factor,shape_factor,mean_abs
0.4959620857881891,0.0085811017309642,0.4958878454171405,-1.1260815369261477,0.0458659749481872,-0.7716404446469309,2.166884630738523,2.270499236119158,1.1885636060116156,0.4172785396420275
