rms,media,desvio_padrao,minimo,skewness,kurtosis,pico_a_pico,crest_factor,shape_factor,mean_abs
0.7039125700943893,-0.0078388264454697,0.7038689218432979,-2.2838379241516966,0.0786331633592609,1.0117353055260248,4.252551696606787,3.244490894438,1.317164927354302,0.5344149054350315
