rms,media,desvio_padrao,minimo,skewness,kurtosis,pico_a_pico,crest_factor,shape_factor,mean_abs
1.221131724994249,0.0075259391053957,1.221108533271311,-2.8775383233532934,0.0691352416542512,0.0998323061923547,5.597108483033932,2.356452022706105,1.3596685980276466,0.8981098237950329
