rms,media,desvio_padrao,minimo,skewness,kurtosis,pico_a_pico,crest_factor,shape_factor,mean_abs
0.7234844561424779,0.0149287204279964,0.7233304166051362,-2.128712375249501,0.0126893226475147,1.411855737015464,4.340672754491019,3.0573709779963942,1.3473763818708002,0.5369579472203133
