rms,media,desvio_padrao,minimo,skewness,kurtosis,pico_a_pico,crest_factor,shape_factor,mean_abs
0.7585499377351788,0.0095497210497038,0.7584898225196676,-2.187189021956088,-0.0072868256378434,-0.0985411695047293,4.093365269461078,2.8833817170777607,1.2604569444291431,0.6018055127450018
