rms,media,desvio_padrao,minimo,skewness,kurtosis,pico_a_pico,crest_factor,shape_factor,mean_abs
0.9042227504943452,-0.0067204206341415,0.9041977761850882,-2.3012997005988023,0.0900395126254058,0.5365952675529551,4.797927644710579,2.7610762312127752,1.4027413755150642,0.6446111637380976
