rms,media,desvio_padrao,minimo,skewness,kurtosis,pico_a_pico,crest_factor,shape_factor,mean_abs
0.700961357989102,-0.0068868500703511,0.7009275259896951,-1.6544017964071855,0.0546561297012462,0.0027644944621116,3.441594311377245,2.5496305817728766,1.2594458063495837,0.5565633348057983
