rms,media,desvio_padrao,minimo,skewness,kurtosis,pico_a_pico,crest_factor,shape_factor,mean_abs
0.9938406209099976,0.0125354651353031,0.9937615618872624,-2.6334795409181635,0.0274655607186841,1.3696493397459086,5.417211576846308,2.800984360429195,1.4068565983720664,0.706426384935048
