rms,media,desvio_padrao,minimo,skewness,kurtosis,pico_a_pico,crest_factor,shape_factor,mean_abs
0.739887834211137,-0.0040142780013743,0.7398769443534341,-2.0791696606786427,0.1078885622221172,2.1681283816993444,4.456001696606787,3.21242210782166,1.4360834691228062,0.5152122770851739
