rms,media,desvio_padrao,minimo,skewness,kurtosis,pico_a_pico,crest_factor,shape_factor,mean_abs
0.5740393294429269,0.013317683485488,0.5738848238574232,-1.829019560878244,-0.0106858477243231,0.5630562276099385,3.4525586826347308,3.186226913499472,1.265527812090722,0.453596771211675
