rms,media,desvio_padrao,minimo,skewness,kurtosis,pico_a_pico,crest_factor,shape_factor,mean_abs
0.9155354838808376,0.0153686083118316,0.9154064824565518,-2.68870748502994,0.0688977561844757,0.9387326917438314,5.440764670658682,3.0059536021073963,1.340934886505322,0.6827590907615663
