rms,media,desvio_padrao,minimo,skewness,kurtosis,pico_a_pico,crest_factor,shape_factor,mean_abs
0.6947690129325098,0.0123457355780242,0.6946593151640965,-1.731558483033932,0.0460079973675476,0.4844529313247379,3.599968562874252,2.6892536153189344,1.3212376545812017,0.525847118058964
