rms,media,desvio_padrao,minimo,skewness,kurtosis,pico_a_pico,crest_factor,shape_factor,mean_abs
0.5065994243299259,0.0047199388109027,0.5065774362415224,-0.9697377245508982,0.054824268644164,-0.8155092455088564,2.0012007984031936,2.036052597605301,1.2086182449631602,0.4191558636824711
