rms,media,desvio_padrao,minimo,skewness,kurtosis,pico_a_pico,crest_factor,shape_factor,mean_abs
0.5791037712818636,0.0138267951901075,0.5789386821137864,-1.9021153692614767,0.0323278883426173,0.9245671585347623,3.6040294411177647,3.28458466960263,1.321117912577381,0.4383437434074939
