rms,media,desvio_padrao,minimo,skewness,kurtosis,pico_a_pico,crest_factor,shape_factor,mean_abs
0.5014156908441642,-0.0012314695811628,0.5014141786062706,-1.1857764471057883,0.0360601832459604,0.2997575076640473,2.6310430139720555,2.882372038324274,1.2918509335798505,0.3881374219041591
