rms,media,desvio_padrao,minimo,skewness,kurtosis,pico_a_pico,crest_factor,shape_factor,mean_abs
0.895062591055519,0.0053224133699813,0.8950467662770131,-2.744341516966068,0.058716552124347,1.369344089694014,5.491525648702595,3.0692648304034917,1.366695944203303,0.6549098172507445
