rms,media,desvio_padrao,minimo,skewness,kurtosis,pico_a_pico,crest_factor,shape_factor,mean_abs
0.7467475958583878,0.0110209572657962,0.7466662644188684,-2.1051592814371256,0.0360256960210807,0.8331337274373762,4.334987524950099,2.9860534615445027,1.328679843729105,0.5620222203134714
