rms,media,desvio_padrao,minimo,skewness,kurtosis,pico_a_pico,crest_factor,shape_factor,mean_abs
0.7108187149042007,0.0030671186083118,0.7108120977033958,-1.792877744510978,0.0802071684034056,-0.051102145022174,3.733571457085828,2.730223152377753,1.261742667915948,0.5633626673482302
