rms,media,desvio_padrao,minimo,skewness,kurtosis,pico_a_pico,crest_factor,shape_factor,mean_abs
0.6774994247751347,0.009047104152351,0.6774390160576043,-1.9390693612774448,0.0546585478635901,0.3197173458994324,3.88423003992016,2.8710883102053155,1.3010377010574452,0.5207377343673308
