rms,media,desvio_padrao,minimo,skewness,kurtosis,pico_a_pico,crest_factor,shape_factor,mean_abs
0.762512940411674,-0.0015145078695068,0.7625114363477903,-1.925262375249501,0.1399692120285509,1.0070415681569225,4.172958483033932,2.9477481478162457,1.3551578626257654,0.5626746237034129
