rms,media,desvio_padrao,minimo,skewness,kurtosis,pico_a_pico,crest_factor,shape_factor,mean_abs
0.7675039626895165,0.0101854814960243,0.7674363743730191,-2.0637383233532933,0.0768400214754346,0.5127477437053525,4.114481836327345,2.688895984486469,1.2987754119366703,0.5909443277379668
