rms,media,desvio_padrao,minimo,skewness,kurtosis,pico_a_pico,crest_factor,shape_factor,mean_abs
0.6698812587902246,0.001830723798305,0.6698787571857688,-1.7120662674650695,0.0401993618027227,-0.3993397964232916,3.4269751497005987,2.5600191970328847,1.2358201181592414,0.5420540165570498
