rms,media,desvio_padrao,minimo,skewness,kurtosis,pico_a_pico,crest_factor,shape_factor,mean_abs
0.6384091748929538,0.0022734260986224,0.6384051269540966,-1.8562274451097804,0.0470710632611848,0.271934995424012,3.558141516966068,2.907582657190079,1.2698761957845048,0.5027333979581821
