rms,media,desvio_padrao,minimo,skewness,kurtosis,pico_a_pico,crest_factor,shape_factor,mean_abs
0.7779359903453263,0.0071830944668041,0.7779028269831937,-2.286680538922156,0.1294620908544843,2.2388851506062157,4.775998902195608,3.199901269728429,1.4878247358766954,0.5228680311508132
