rms,media,desvio_padrao,minimo,skewness,kurtosis,pico_a_pico,crest_factor,shape_factor,mean_abs
0.7599354341730628,0.0015385115946967,0.7599338767905235,-1.9711502994011976,0.1015812003793272,0.8970243659221286,4.146562774451097,2.8626280302577465,1.3368080300514749,0.5684701296593804
