rms,media,desvio_padrao,minimo,skewness,kurtosis,pico_a_pico,crest_factor,shape_factor,mean_abs
0.8385484485318268,-0.0076991610275384,0.838513102732811,-2.1360219560878244,0.028525657541571,0.4225763827890172,4.185547205588822,2.5472850851106816,1.3437242017389857,0.624048035636045
