rms,media,desvio_padrao,minimo,skewness,kurtosis,pico_a_pico,crest_factor,shape_factor,mean_abs
0.7161371515347368,0.0138036845009168,0.7160041048084052,-2.127494111776447,0.04949629006539,1.2998946691194129,4.297221357285429,3.029764956138765,1.325269810337462,0.540370833130487
