rms,media,desvio_padrao,minimo,skewness,kurtosis,pico_a_pico,crest_factor,shape_factor,mean_abs
0.7864644179504151,0.0119482263116044,0.7863736520192496,-1.9865816367265468,0.0392769607472951,0.4104585490412513,4.055193013972056,2.630266964443814,1.3372422438312952,0.5881241200525777
