rms,media,desvio_padrao,minimo,skewness,kurtosis,pico_a_pico,crest_factor,shape_factor,mean_abs
0.8510735162510296,0.0087608455220706,0.8510284235262826,-2.3508424151696605,0.0496426541537876,1.302186989804745,4.58879241516966,2.762208399487154,1.439008981813512,0.5914303016916986
