rms,media,desvio_padrao,minimo,skewness,kurtosis,pico_a_pico,crest_factor,shape_factor,mean_abs
0.977703976719835,0.0152615793004155,0.9775848558007826,-2.6619056886227543,0.1417836925224159,1.5856965515172847,5.340460978043913,2.739638329392526,1.4033687152466678,0.696683605739341
