rms,media,desvio_padrao,minimo,skewness,kurtosis,pico_a_pico,crest_factor,shape_factor,mean_abs
0.589191230118256,0.0119795908183632,0.5890694314357929,-1.58374251497006,0.0249425520663638,0.547881173418856,3.1617998003992014,2.687994039986285,1.2925955049864986,0.4558202684794345
