rms,media,desvio_padrao,minimo,skewness,kurtosis,pico_a_pico,crest_factor,shape_factor,mean_abs
0.7246727257299096,0.0082881859232354,0.7246253275941427,-1.740898502994012,0.0923775657797731,0.4700106373829005,3.738038423153693,2.755919809384448,1.3068243223275164,0.5545295670953176
