rms,media,desvio_padrao,minimo,skewness,kurtosis,pico_a_pico,crest_factor,shape_factor,mean_abs
0.7269220505686659,0.0081949854389581,0.7268758558492704,-1.728715868263473,0.0319047062215997,-0.0011234891187243,3.3664680638722557,2.3781310071844857,1.2721649256011682,0.5714055119269658
