rms,media,desvio_padrao,minimo,skewness,kurtosis,pico_a_pico,crest_factor,shape_factor,mean_abs
0.8882913597265526,0.0158241107948038,0.8881504023995045,-2.2014020958083838,0.1025635925994474,0.6324281052452982,4.8023946107784425,2.9280848974718574,1.3376000550018958,0.6640933935407872
