rms,media,desvio_padrao,minimo,skewness,kurtosis,pico_a_pico,crest_factor,shape_factor,mean_abs
0.8815226194363898,0.0067503779326592,0.8814967730943548,-2.239168263473054,0.1163548061930459,0.4236255438456116,4.641177744510978,2.724841573065558,1.2987139349456238,0.6787658126370212
