rms,media,desvio_padrao,minimo,skewness,kurtosis,pico_a_pico,crest_factor,shape_factor,mean_abs
0.6180883006282331,0.0062828059328497,0.618056367755488,-1.732776746506986,0.0685622433706208,0.1083610776107746,3.37418373253493,2.803445308292956,1.250411465321028,0.4943079280463462
