rms,media,desvio_padrao,minimo,skewness,kurtosis,pico_a_pico,crest_factor,shape_factor,mean_abs
0.5621716318736002,0.0106448267399627,0.5620708419292917,-1.4111551896207586,-0.0068979673645708,-0.3425835211861026,2.805660778443114,2.5101856970578083,1.216572452998229,0.4620946582245345
