rms,media,desvio_padrao,minimo,skewness,kurtosis,pico_a_pico,crest_factor,shape_factor,mean_abs
0.6153048326205514,0.0034699049056358,0.6152950485792572,-1.8139943113772452,0.0399228974586389,0.1135150967618212,3.5191570858283434,2.948122971262127,1.2348829518150783,0.4982697604790419
