rms,media,desvio_padrao,minimo,skewness,kurtosis,pico_a_pico,crest_factor,shape_factor,mean_abs
0.7801966902428159,-0.0070199936193187,0.7801651076249367,-2.051149600798403,-0.0479884239436071,0.3172994801556772,3.9045344311377246,2.6290160243566736,1.3178861291956503,0.5920061475409836
