rms,media,desvio_padrao,minimo,skewness,kurtosis,pico_a_pico,crest_factor,shape_factor,mean_abs
0.8568240897597533,0.0069301217237655,0.85679606336953,-2.2712492015968064,0.0838402671356338,1.1027599546442906,4.8007702594810375,2.9522058122729598,1.4175695808068052,0.6044317692483883
