rms,media,desvio_padrao,minimo,skewness,kurtosis,pico_a_pico,crest_factor,shape_factor,mean_abs
1.0111873388377008,0.0126353227970289,1.0111083932217586,-2.4409939121756485,0.0247859224108344,0.4277385336381694,5.108990918163673,2.6384794424490385,1.3366741574631138,0.7564950165243283
