rms,media,desvio_padrao,minimo,skewness,kurtosis,pico_a_pico,crest_factor,shape_factor,mean_abs
0.7282526337252775,0.0085811017309643,0.728202075814733,-2.289523153692615,0.0486738819534263,1.1142054167732658,4.431230339321358,3.143858391532167,1.347427593419224,0.5404762655017834
