rms,media,desvio_padrao,minimo,skewness,kurtosis,pico_a_pico,crest_factor,shape_factor,mean_abs
1.209467626434212,0.0087641741107947,1.2094358720678668,-2.9498219560878245,0.0445662593547621,0.3048253442589494,6.0429929141716565,2.5574648634484,1.337362888450831,0.9043675705965118
