rms,media,desvio_padrao,minimo,skewness,kurtosis,pico_a_pico,crest_factor,shape_factor,mean_abs
0.645106578161953,0.0113238588396976,0.6450071839978239,-2.048306986027944,-0.0100484295241482,1.202538290422372,4.044634730538922,3.1751450928682354,1.340043671889288,0.4814071300022904
