rms,media,desvio_padrao,minimo,skewness,kurtosis,pico_a_pico,crest_factor,shape_factor,mean_abs
0.6766494360901707,-0.002238435324473,0.6766457335773604,-1.6653661676646707,-0.0235410171816167,0.7829024375511966,3.5451467065868263,2.778071536989584,1.4144658638657284,0.4783780601398828
