rms,media,desvio_padrao,minimo,skewness,kurtosis,pico_a_pico,crest_factor,shape_factor,mean_abs
0.5453251568778212,0.0126286656195805,0.5451789096512164,-1.335622854291417,0.0563218844935891,-0.5798545226739051,2.628606487025948,2.449222885550208,1.199522191482553,0.4546186479500017
