rms,media,desvio_padrao,minimo,skewness,kurtosis,pico_a_pico,crest_factor,shape_factor,mean_abs
0.4793378795337494,0.0089139606033833,0.4792549885627405,-0.9648646706586826,0.0712605680101968,-0.946246483307903,1.923638023952096,2.012911375994745,1.182085139211657,0.4055019927358397
