rms,media,desvio_padrao,minimo,skewness,kurtosis,pico_a_pico,crest_factor,shape_factor,mean_abs
1.0487454371675793,0.0151217785739995,1.0486364116282516,-2.8422086826347304,0.0361479665832038,1.5534098389150195,5.940252694610779,2.9540476670326727,1.4613530393323977,0.7176537147017442
