rms,media,desvio_padrao,minimo,skewness,kurtosis,pico_a_pico,crest_factor,shape_factor,mean_abs
0.7283364330326974,0.0003195445175223,0.7283363629354875,-2.1173419161676645,0.0487776415889137,1.2984175238066769,4.384124151696607,3.112273576773248,1.343544741441415,0.5421006167991885
