rms,media,desvio_padrao,minimo,skewness,kurtosis,pico_a_pico,crest_factor,shape_factor,mean_abs
0.8373367138317078,0.0135007558653185,0.8372278673823205,-2.602616866267465,0.0726315852603649,1.1607941157002282,5.167467564870259,3.1082082312594648,1.3327068468691936,0.6282977504008376
