rms,media,desvio_padrao,minimo,skewness,kurtosis,pico_a_pico,crest_factor,shape_factor,mean_abs
0.6145287282418608,0.0210067234383691,0.6141695819600175,-1.4586674650698603,0.03512155468008,-0.4565019230983709,2.963222854291417,2.4483076544297977,1.220710028331818,0.5034190872353653
