rms,media,desvio_padrao,minimo,skewness,kurtosis,pico_a_pico,crest_factor,shape_factor,mean_abs
0.6358261167128559,0.0049588935949239,0.6358067788789803,-1.655213972055888,0.0803256316999052,0.0893576645105058,3.3075853293413173,2.6032494239355,1.2451217071296845,0.5106537883582428
