rms,media,desvio_padrao,minimo,skewness,kurtosis,pico_a_pico,crest_factor,shape_factor,mean_abs
0.622063322234851,0.0057318297830568,0.6220369144972009,-1.4018151696606789,0.0186217535200208,0.0532057145867623,2.925456686626746,2.4493350797345985,1.3112160807858393,0.4744170936814894
