rms,media,desvio_padrao,minimo,skewness,kurtosis,pico_a_pico,crest_factor,shape_factor,mean_abs
0.7070062676874316,0.0104284684728902,0.7069293526192147,-1.8119638722554887,0.0502561084813539,0.7123603334250879,3.848088223552894,2.879924046440814,1.288993481106693,0.5484948357383593
