rms,media,desvio_padrao,minimo,skewness,kurtosis,pico_a_pico,crest_factor,shape_factor,mean_abs
1.1211777254154471,-0.0006557319786656,1.1211775336597358,-2.9088070858283435,0.0874043185934248,1.0539482869726529,6.186748003992016,2.9236586170573866,1.3695784709288654,0.818629782238801
