rms,media,desvio_padrao,minimo,skewness,kurtosis,pico_a_pico,crest_factor,shape_factor,mean_abs
1.0244922054876469,0.012278379014329,1.024418625618318,-2.804848602794411,0.0388732419348084,1.2427937896924628,5.673046906187625,2.799629209504804,1.3854484731479764,0.739466118981549
