rms,media,desvio_padrao,minimo,skewness,kurtosis,pico_a_pico,crest_factor,shape_factor,mean_abs
1.222149236618937,0.0200567766905213,1.2219846489531023,-3.0476891217564868,0.0789485329753093,0.3698182440316273,5.90939001996008,2.49371274017884,1.3896209630711986,0.8794838802070655
