rms,media,desvio_padrao,minimo,skewness,kurtosis,pico_a_pico,crest_factor,shape_factor,mean_abs
0.6676695948747248,0.0059515166388534,0.6676430688398379,-1.835923053892216,0.0382417554773801,1.0320789026498849,3.685247005988024,2.769819033683566,1.3365832167323686,0.4995346241942344
