rms,media,desvio_padrao,minimo,skewness,kurtosis,pico_a_pico,crest_factor,shape_factor,mean_abs
0.8492803021056042,-0.0019971532345145,0.8492779538664266,-2.5741907185628743,0.0516278387788112,1.9743714241816912,5.325841816367266,3.2399798876557906,1.3828820125442338,0.6141379339681292
