rms,media,desvio_padrao,minimo,skewness,kurtosis,pico_a_pico,crest_factor,shape_factor,mean_abs
0.8601423443037015,0.0164165995877098,0.8599856671609384,-2.270030938123752,0.0947605381679323,0.6920029598505475,4.639147305389221,2.7543305860419016,1.3188920551540595,0.6521703887307353
