rms,media,desvio_padrao,minimo,skewness,kurtosis,pico_a_pico,crest_factor,shape_factor,mean_abs
0.8919780083268452,0.0061778606720984,0.8919566140660888,-2.47266876247505,0.082710494265992,1.5877201066977245,5.004626347305389,2.8385874552891,1.4075639149246468,0.633703378488924
