rms,media,desvio_padrao,minimo,skewness,kurtosis,pico_a_pico,crest_factor,shape_factor,mean_abs
0.7106924933898049,0.0169691453159255,0.7104898790748991,-1.7429289421157683,0.0320172188565205,0.7112279486044764,3.678749600798403,2.723851281233196,1.3127061593890772,0.5413949559896599
