rms,media,desvio_padrao,minimo,skewness,kurtosis,pico_a_pico,crest_factor,shape_factor,mean_abs
0.8596343663241472,0.0323139393344458,0.8590268058042239,-1.9451606786427147,0.180386529590988,0.0187004591035226,4.327677944111777,2.771547251719195,1.246755444276203,0.6894971826838128
