rms,media,desvio_padrao,minimo,skewness,kurtosis,pico_a_pico,crest_factor,shape_factor,mean_abs
0.5209690384871299,0.0094232346781846,0.5208838082628453,-1.3059784431137724,-0.0001341715861957,-0.3326775421464307,2.500688822355289,2.5068254476432488,1.243404092528427,0.4189861056575374
