rms,media,desvio_padrao,minimo,skewness,kurtosis,pico_a_pico,crest_factor,shape_factor,mean_abs
1.0976847322538477,0.0166063291449886,1.0975591105974796,-2.6647483033932136,0.0498952500999525,0.5239617395327656,5.493962175648703,2.577437573032775,1.3881923725988172,0.7907295515526325
