rms,media,desvio_padrao,minimo,skewness,kurtosis,pico_a_pico,crest_factor,shape_factor,mean_abs
0.8038118741163373,0.0109310853702431,0.803737544440377,-2.1863768463073856,0.0268624291091171,1.319870799354346,4.408895508982036,2.764973663916019,1.4599316309630928,0.550581860868427
