rms,media,desvio_padrao,minimo,skewness,kurtosis,pico_a_pico,crest_factor,shape_factor,mean_abs
0.6187523031445665,0.0044141416354283,0.6187365578340495,-1.7498324351297403,0.0476843165474804,0.837220311978129,3.7157035928143713,3.1771536811965944,1.2814893626384225,0.4828384231536927
