rms,media,desvio_padrao,minimo,skewness,kurtosis,pico_a_pico,crest_factor,shape_factor,mean_abs
0.5669103016139398,0.0098825799221229,0.5668241567630045,-1.851354391217565,-0.0436983502404218,1.4963771683860028,3.636110379241517,3.2656919197744947,1.36231704499755,0.4161368337096299
