rms,media,desvio_padrao,minimo,skewness,kurtosis,pico_a_pico,crest_factor,shape_factor,mean_abs
0.754092047164612,-0.0045528057705726,0.7540783033323071,-2.1908438123752494,0.1061942454401247,1.2939201552213793,4.463717365269461,3.014053206687727,1.3508735429061194,0.558225491293835
