rms,media,desvio_padrao,minimo,skewness,kurtosis,pico_a_pico,crest_factor,shape_factor,mean_abs
0.7462398007671349,0.0077955547920552,0.7461990817298406,-2.2769344311377244,0.0699880265026149,0.9211871875781408,4.413768562874251,3.0512101187808995,1.286428554469633,0.5800864713196557
