rms,media,desvio_padrao,minimo,skewness,kurtosis,pico_a_pico,crest_factor,shape_factor,mean_abs
1.1020558692007991,0.0080851420110598,1.102026210812878,-2.9266749500998004,0.0399509758317376,0.2183485642107676,5.882588223552894,2.6821809638350684,1.2852247215468278,0.8574810698275579
