rms,media,desvio_padrao,minimo,skewness,kurtosis,pico_a_pico,crest_factor,shape_factor,mean_abs
0.8542910052080138,0.003994847702968,0.854281664775236,-1.9817085828343315,0.0367893834188189,0.3751613391923136,4.160775848303393,2.550731837494267,1.345278908822741,0.6350289145286663
