rms,media,desvio_padrao,minimo,skewness,kurtosis,pico_a_pico,crest_factor,shape_factor,mean_abs
0.8105413891232344,0.0086976023363109,0.8104947224969586,-2.2740918163672657,0.0746294626983627,1.4805392322210826,4.750821457085829,3.055648575080972,1.3678053759690796,0.5925853219789928
