rms,media,desvio_padrao,minimo,skewness,kurtosis,pico_a_pico,crest_factor,shape_factor,mean_abs
0.7554273484257924,0.0095996498805667,0.7553663518265784,-1.970338123752495,0.0690346524912157,1.1165586147631057,4.289911776447106,3.0705449803058973,1.3656131115619212,0.5531781600732961
