rms,media,desvio_padrao,minimo,skewness,kurtosis,pico_a_pico,crest_factor,shape_factor,mean_abs
0.6424080541947109,0.0110376002094172,0.6423132253627133,-1.2990749500998002,0.0437485271045664,-0.8540600799743441,2.690331836327345,2.1656902916193226,1.192945599854012,0.5385057409770624
