rms,media,desvio_padrao,minimo,skewness,kurtosis,pico_a_pico,crest_factor,shape_factor,mean_abs
0.9287203909578418,0.0077789118484342,0.9286878125136244,-1.978459880239521,0.0317356848095002,-0.3875466609342131,4.119354890219562,2.305209437441138,1.2402077580267323,0.7488425910474134
