rms,media,desvio_padrao,minimo,skewness,kurtosis,pico_a_pico,crest_factor,shape_factor,mean_abs
0.8638565851383857,0.0065806199077255,0.8638315201059654,-2.129118463073852,0.0620273127520839,-0.0302458842683708,4.337830139720559,2.5568036577424267,1.2665569302824509,0.6820511297077975
