rms,media,desvio_padrao,minimo,skewness,kurtosis,pico_a_pico,crest_factor,shape_factor,mean_abs
0.6224692070107848,0.0065406768430352,0.6224348425522709,-1.3985664670658684,0.0142595814083123,-0.450960707642889,2.8799748502994014,2.379890228381797,1.2172633068033416,0.5113677571087334
