rms,media,desvio_padrao,minimo,skewness,kurtosis,pico_a_pico,crest_factor,shape_factor,mean_abs
0.6514183869532598,0.0106381695625143,0.6513315163640909,-1.7486141716566863,0.0150163884365698,0.8455089357382044,3.596313772455089,2.8364253109898447,1.300999015417077,0.5007062874251498
