rms,media,desvio_padrao,minimo,skewness,kurtosis,pico_a_pico,crest_factor,shape_factor,mean_abs
0.8376157560735265,-0.0062777183338241,0.8375922307872408,-1.816024750499002,0.0734363905581522,0.0289894324111021,3.829814271457086,2.4041925027748787,1.2796746997086104,0.654553658257256
