rms,media,desvio_padrao,minimo,skewness,kurtosis,pico_a_pico,crest_factor,shape_factor,mean_abs
0.6413190046527113,0.0096562358888779,0.641246304345844,-1.7652637724550897,0.0149214168848592,0.8278353304973924,3.5439284431137725,2.7734476255258795,1.3346028779123116,0.4805317111678283
