rms,media,desvio_padrao,minimo,skewness,kurtosis,pico_a_pico,crest_factor,shape_factor,mean_abs
0.9452633195506916,0.0169591595497529,0.9451111734581064,-2.521805389221557,0.0424223727156514,1.5867189793294267,5.134574451097804,2.7640647932029827,1.4439065710242716,0.654656844507706
