rms,media,desvio_padrao,minimo,skewness,kurtosis,pico_a_pico,crest_factor,shape_factor,mean_abs
0.5798439367663051,0.0033951604986747,0.579833996838608,-1.3603942115768464,0.0576951422711129,-0.3270881852490506,2.6781492015968063,2.346138547491835,1.2198275721284626,0.475349098524263
