rms,media,desvio_padrao,minimo,skewness,kurtosis,pico_a_pico,crest_factor,shape_factor,mean_abs
0.6189140788095735,0.0077090656086201,0.6188660656847691,-1.6340974051896209,0.0278199741613613,-0.0459725376998356,3.262915668662675,2.6402653633807502,1.239793492757598,0.4992073941547799
