rms,media,desvio_padrao,minimo,skewness,kurtosis,pico_a_pico,crest_factor,shape_factor,mean_abs
0.643260289187052,0.0074726816858087,0.6432168830755551,-1.5406972055888224,0.061042392613765,-0.354533290586366,2.922207984031936,2.3951380669494537,1.2597414718297724,0.510628810411963
