rms,media,desvio_padrao,minimo,skewness,kurtosis,pico_a_pico,crest_factor,shape_factor,mean_abs
0.5470770937202489,0.0148122198226497,0.5468765350765377,-1.4448604790419162,0.0703509959578496,-0.0411651442661051,2.9733750499001994,2.7939655825544367,1.2399253974589262,0.4412177497464088
