rms,media,desvio_padrao,minimo,skewness,kurtosis,pico_a_pico,crest_factor,shape_factor,mean_abs
1.02105816398299,0.0150318525550524,1.020947509740377,-3.019669061876248,0.0334825119156906,1.0137365635671265,5.9954806387225545,2.9573918199693794,1.3684021085231293,0.7461682188468591
