rms,media,desvio_padrao,minimo,skewness,kurtosis,pico_a_pico,crest_factor,shape_factor,mean_abs
0.8257414736183376,0.0028492178245135,0.8257365579960549,-1.9382571856287425,0.0514668185072833,-0.1751493049409687,3.930117964071856,2.4122087143266864,1.2586948223535253,0.6560299279489802
