rms,media,desvio_padrao,minimo,skewness,kurtosis,pico_a_pico,crest_factor,shape_factor,mean_abs
0.7463940373418091,0.0080818134223356,0.7463502818859336,-2.1774429141716567,0.0835566418781612,1.4576984082879747,4.613157684630739,3.263309523658015,1.3476614389640371,0.5538438778181342
