rms,media,desvio_padrao,minimo,skewness,kurtosis,pico_a_pico,crest_factor,shape_factor,mean_abs
0.6794334172442593,0.014127234149587,0.6792865299146558,-1.277958383233533,0.0372242984723055,-1.0476028063061666,2.7163214570858285,2.11700372302294,1.1572950983063175,0.5870874405660224
