rms,media,desvio_padrao,minimo,skewness,kurtosis,pico_a_pico,crest_factor,shape_factor,mean_abs
0.7578391343233292,0.0083614148751677,0.7577930062050047,-1.9829268463073848,0.0728244685697319,1.4600140491336386,4.101893113772455,2.7960634011822108,1.4443318707642436,0.5246987549491181
