rms,media,desvio_padrao,minimo,skewness,kurtosis,pico_a_pico,crest_factor,shape_factor,mean_abs
0.9045219642926824,0.0068704777436995,0.9044958708714294,-2.1867829341317364,0.046995306913095,-0.2776536037464145,4.440976447105788,2.492137949062172,1.2324760065282483,0.7339063474676663
