rms,media,desvio_padrao,minimo,skewness,kurtosis,pico_a_pico,crest_factor,shape_factor,mean_abs
0.7088160994169916,0.0064141904715159,0.7087870773041179,-1.9114553892215569,0.0006338997902936,0.4273264710133175,4.065345209580839,3.0387145863798484,1.2725541340789728,0.5570027085173915
