rms,media,desvio_padrao,minimo,skewness,kurtosis,pico_a_pico,crest_factor,shape_factor,mean_abs
0.4557484645786134,0.0082182855600274,0.4556743604244346,-1.2852679640718565,0.0139238590228435,0.2454633496317644,2.4905366267465068,2.8201257139949325,1.2632691620124432,0.3607690888714374
