rms,media,desvio_padrao,minimo,skewness,kurtosis,pico_a_pico,crest_factor,shape_factor,mean_abs
0.4049522098306712,0.0089438367168102,0.4048534303072248,-0.820703493013972,0.0202772791288421,-0.6511119170140001,1.7758220558882236,2.3585957544808305,1.2102581581416798,0.3345998596303328
