rms,media,desvio_padrao,minimo,skewness,kurtosis,pico_a_pico,crest_factor,shape_factor,mean_abs
0.7018907560700388,0.0064115654869123,0.7018614715772463,-1.826583033932136,0.0096022129286386,0.7059204697460313,3.684840918163673,2.647503002655457,1.3663495564054602,0.513697796277364
