rms,media,desvio_padrao,minimo,skewness,kurtosis,pico_a_pico,crest_factor,shape_factor,mean_abs
0.7797005709095505,0.0044270230031739,0.7796880028216469,-2.168508982035928,0.1059753181194172,1.4309827635915084,4.656202994011975,3.190576106766291,1.349718176639756,0.5776765730833415
