rms,media,desvio_padrao,minimo,skewness,kurtosis,pico_a_pico,crest_factor,shape_factor,mean_abs
0.6147255141638268,-0.0033180346623825,0.614716559407635,-1.4919666666666669,-0.0094435215681694,-0.4724995100451763,2.918959281437126,2.427045294672854,1.2279434951924455,0.5006138446683868
