rms,media,desvio_padrao,minimo,skewness,kurtosis,pico_a_pico,crest_factor,shape_factor,mean_abs
0.7844782369639971,-0.0065440054317594,0.7844509419097221,-1.977241616766467,-0.0682471122073895,-0.3960323495103619,3.93742754491018,2.520454390702505,1.213901274346734,0.6462455008016755
