rms,media,desvio_padrao,minimo,skewness,kurtosis,pico_a_pico,crest_factor,shape_factor,mean_abs
0.9496756999671966,-0.0040209351788226,0.9496671875917756,-2.188813373253493,0.0681605591419971,-0.4340425508668866,4.473463473053892,2.405716077477096,1.2355309788317423,0.7686377081901771
