rms,media,desvio_padrao,minimo,skewness,kurtosis,pico_a_pico,crest_factor,shape_factor,mean_abs
0.6946261276738835,0.0103219536337161,0.6945494327406782,-1.4513578842315369,0.0542220595320986,-0.7454069652112882,2.834899101796407,2.0894087141405766,1.210153247437746,0.5739984825431106
