rms,media,desvio_padrao,minimo,skewness,kurtosis,pico_a_pico,crest_factor,shape_factor,mean_abs
0.6396909603407297,-0.0015844082327148,0.6396889981797382,-1.5297328343313374,0.0384528463928566,-0.1547489432816355,3.068399600798404,2.405328294224291,1.2506724823718172,0.5114776005366316
