rms,media,desvio_padrao,minimo,skewness,kurtosis,pico_a_pico,crest_factor,shape_factor,mean_abs
0.8491535855307023,0.0134966424873829,0.849046319385,-1.999170359281437,0.0835107613773718,0.287769537679333,4.175801097804391,2.563294527176268,1.294532230638009,0.6559539928273534
