rms,media,desvio_padrao,minimo,skewness,kurtosis,pico_a_pico,crest_factor,shape_factor,mean_abs
0.9861666923389538,0.0033180346623825,0.986161110430102,-2.7792650698602794,0.0998460755443631,1.7531615716939153,5.813147205588822,3.0764394694094697,1.4636210386730115,0.6737855403015109
