rms,media,desvio_padrao,minimo,skewness,kurtosis,pico_a_pico,crest_factor,shape_factor,mean_abs
0.5753427177290062,0.010022380648539,0.5752554169496665,-1.7433350299401196,0.2197344049513607,2.430453232409575,3.825347305389221,3.618734036761992,1.3466677474022162,0.4272343485160825
