rms,media,desvio_padrao,minimo,skewness,kurtosis,pico_a_pico,crest_factor,shape_factor,mean_abs
0.6094618863293341,0.0047831819966624,0.6094431163431883,-1.4984640718562874,0.1043585940765093,0.2506660696658023,3.194286826347305,2.782491887564317,1.302223862028581,0.4680162175648703
