rms,media,desvio_padrao,minimo,skewness,kurtosis,pico_a_pico,crest_factor,shape_factor,mean_abs
0.7259387630135733,0.0002696156866594,0.7259387129455616,-1.9942973053892212,0.1549316621038308,1.086048088777658,3.918341417165669,2.7471977072974307,1.3679400955577137,0.5306802288864892
