rms,media,desvio_padrao,minimo,skewness,kurtosis,pico_a_pico,crest_factor,shape_factor,mean_abs
0.8023642509252106,0.0035382898138149,0.8023564492592851,-2.3894207584830336,0.086250328841282,1.0497800975011593,4.80158243512974,3.006317484690064,1.3204370468219393,0.6076505145446811
