rms,media,desvio_padrao,minimo,skewness,kurtosis,pico_a_pico,crest_factor,shape_factor,mean_abs
0.5713400526609039,0.0165264430156081,0.5711009827130542,-1.3526785429141717,0.0271753053744043,0.0909958750999693,2.837741716566866,2.5992632001490263,1.283596196826734,0.445108869964988
