rms,media,desvio_padrao,minimo,skewness,kurtosis,pico_a_pico,crest_factor,shape_factor,mean_abs
0.5893107170179426,-0.0009013168784382,0.5893100277613527,-1.507398003992016,0.077068576893979,-0.2159146312048379,2.8950000998003995,2.5579002052089286,1.245309300079495,0.4732243764503513
