rms,media,desvio_padrao,minimo,skewness,kurtosis,pico_a_pico,crest_factor,shape_factor,mean_abs
0.565908791368113,0.0001364721376918,0.5659087749125951,-1.409124750499002,-0.0437760061382465,-0.2717341484990507,2.6602813373253493,2.490020957427383,1.234485904876448,0.4584165676843035
