rms,skewness,kurtosis,crest_factor
0.1133123648232837,0.1958496043601348,-0.1478708057993416,2.6792420929392446
