rms,skewness,kurtosis,crest_factor
0.1433260749556085,-0.2008564971655251,0.4576702396257697,2.684848674426296
