rms,skewness,kurtosis,crest_factor
0.129399895544875,-0.1565552287249784,1.527605725570771,3.356660645645709
