rms,skewness,kurtosis,crest_factor
0.0870809544605841,0.0799358990198108,0.155557873311674,3.12257035846693
