rms,skewness,kurtosis,crest_factor
0.1051670409740034,0.1842400889238751,-0.4205196839497516,2.948534634071357
