rms,skewness,kurtosis,crest_factor
0.1092398218444406,0.1654213290208679,-0.4166110810067605,2.7047783126079934
