rms,skewness,kurtosis,crest_factor
0.0997386499809985,0.1064757565587356,-0.2716539285356547,2.843548981071808
