rms,skewness,kurtosis,crest_factor
0.1133258819213818,-0.2934569209149328,0.7432064393865803,3.13042631867098
