rms,skewness,kurtosis,crest_factor
0.2517987632245044,-0.116663385149622,-0.0720120355278264,2.4191212408134133
