rms,skewness,kurtosis,crest_factor
0.132399688172545,0.1436252879017461,1.2607666539982798,3.654799026916048
