rms,skewness,kurtosis,crest_factor
0.1289659275890455,-0.1527475923926332,-0.4969732733444929,2.777240995150006
