rms,skewness,kurtosis,crest_factor
0.0947531855763452,-0.028660184524045,0.3992408795016011,2.9451627530703184
