rms,skewness,kurtosis,crest_factor
0.0980556320353894,0.20139925411727,-0.365814954655435,2.797931423589409
