rms,skewness,kurtosis,crest_factor
0.0909408273457985,-0.1799220972198129,-0.2009707529885998,2.5667160531711373
