rms,skewness,kurtosis,crest_factor
0.1086631848076489,-0.1994933477235456,0.6196542783553336,2.8133071445752225
