rms,skewness,kurtosis,crest_factor
0.0857498643683972,-0.2410760051680882,-0.1595978168299479,2.61033192799928
