rms,skewness,kurtosis,crest_factor
0.112994893978806,-0.1792422393871261,0.140148578353378,2.885150770178776
