rms,skewness,kurtosis,crest_factor
0.1549032113232817,-0.04331450109971,0.2333498677647179,2.679232747608305
