rms,skewness,kurtosis,crest_factor
0.1738952472097374,0.0872190951205768,0.8270921330438017,2.703278398989727
