rms,skewness,kurtosis,crest_factor
0.1004514114522205,-0.219123799041808,-0.5617113686838633,2.6810717860134856
