rms,skewness,kurtosis,crest_factor
0.1354575041625111,0.0363472997345818,0.8167442921070163,3.352849482665912
