rms,skewness,kurtosis,crest_factor
0.1345705860883944,-0.1181490640037068,1.2201237409600123,3.164918297226406
