rms,skewness,kurtosis,crest_factor
0.1101033518548024,-0.02551783665588,0.8178497397439171,3.140907024098748
