rms,skewness,kurtosis,crest_factor
0.1754546691746403,-0.1035388701234939,0.2170359293620198,2.91347819752008
