rms,skewness,kurtosis,crest_factor
0.0964516764810285,0.0869586462340209,0.8415713516534105,3.2267527111781247
