rms,skewness,kurtosis,crest_factor
0.1291228718794608,-0.2608874442742822,1.3872646420432302,3.155035970463288
