rms,skewness,kurtosis,crest_factor
0.1056469971952682,0.0461901267499191,-0.1124656047186754,2.5184695218851605
