rms,skewness,kurtosis,crest_factor
0.1509175104341777,0.0160613287198566,-0.2037379259685749,2.7586012804427185
