rms,skewness,kurtosis,crest_factor
0.105362276995624,0.0286727721662605,-0.4358267614015387,2.4975248986937677
