rms,skewness,kurtosis,crest_factor
0.0814330567527111,-0.1090072846898693,0.4581791029717741,2.676897476337446
