rms,skewness,kurtosis,crest_factor
0.1093053470968388,0.0613702668416241,0.111886000567257,3.1965313074968584
