rms,skewness,kurtosis,crest_factor
0.1206802874394433,0.2419078642105704,0.0014158816811171,2.8333206305575698
