rms,skewness,kurtosis,crest_factor
0.0921734855240545,-0.1527478246009799,0.1047935822863599,3.145662821996235
