rms,skewness,kurtosis,crest_factor
0.0744628973683529,0.1679288958514919,-0.2686796737080743,2.619889874192233
