rms,skewness,kurtosis,crest_factor
0.0863897774801045,-0.0999600781689474,-0.0280049293277468,3.006533643577287
