rms,skewness,kurtosis,crest_factor
0.086138215728392,0.2670020125388847,0.0022731835768849,2.970056056744989
