rms,skewness,kurtosis,crest_factor
0.1102964904504779,-0.1695342925668672,-0.1339229076167241,3.013171807114936
