rms,skewness,kurtosis,crest_factor
0.1117418179874052,-0.1277997033469628,-0.4020401446732666,2.3098731147078424
