rms,skewness,kurtosis,crest_factor
0.1421772413808117,0.0740345362593645,0.2012975673401529,3.0812775705557054
