rms,skewness,kurtosis,crest_factor
0.0978117683506683,-0.2839565499257777,-0.25570557478814,2.589017370155119
