rms,skewness,kurtosis,crest_factor
0.1133083585285014,0.2673873766561191,0.2163213612072847,2.968917369039429
