rms,skewness,kurtosis,crest_factor
0.0914563544730573,0.1176466744066131,-0.2753442146710476,2.873720928791069
