rms,skewness,kurtosis,crest_factor
0.1409874601931581,-0.0145552109883216,-0.0853573458690513,2.784685304955133
