rms,skewness,kurtosis,crest_factor
0.1265125526378158,-0.0302711129068535,-0.2477317121228806,2.5229514643807147
