rms,skewness,kurtosis,crest_factor
0.1250741723600938,0.076622239639997,-0.2519790411028433,2.4610562280761865
