rms,skewness,kurtosis,crest_factor
0.113009874797831,0.2012038645637065,-0.1137130205795671,2.736720906728091
