rms,skewness,kurtosis,crest_factor
0.1663447187022764,0.0669088213449976,1.4073569263558126,3.059365307460653
