rms,skewness,kurtosis,crest_factor
0.1426224491062117,-0.0205529403944648,0.3892611469042055,3.282358750995438
