rms,skewness,kurtosis,crest_factor
0.1004294043042515,0.1046628752022798,-0.1292874304870115,2.9841142287704527
