rms,skewness,kurtosis,crest_factor
0.124257255118595,0.1116299574625451,0.64159487198995,2.9569964596624057
