rms,skewness,kurtosis,crest_factor
0.1652782152561724,-0.2818562180909248,-0.1004910783501307,2.5798452319198693
