rms,skewness,kurtosis,crest_factor
0.0943639623377143,-0.0722419175205994,-0.8773175646806517,2.630250702648959
