rms,skewness,kurtosis,crest_factor
0.0873986176026788,0.0961846815103374,-0.6329540729007341,2.507190571550227
