rms,skewness,kurtosis,crest_factor
0.1191567919009834,-0.286357754796865,0.2301592926899043,3.022225396383456
