rms,skewness,kurtosis,crest_factor
0.0947469781788327,0.257056826763869,0.7859813456369849,3.5299693833449157
