rms,skewness,kurtosis,crest_factor
0.0997689149741076,-0.1531880911178819,-0.5453419143090779,2.316805687229796
