rms,skewness,kurtosis,crest_factor
0.1277077524622552,0.22748897093487,0.3753641109918986,2.8949092608820988
