rms,skewness,kurtosis,crest_factor
0.1386928455633243,0.0531472592928294,-0.1515408035732006,2.706611024567558
