rms,skewness,kurtosis,crest_factor
0.0983445573558665,0.0013632654997825,0.6568602429336816,3.096926524986842
