rms,skewness,kurtosis,crest_factor
0.1227227782866921,-0.021987109215529,0.3295804222653222,3.5763509161564984
