rms,skewness,kurtosis,crest_factor
0.1028074929166175,0.0663990442908372,-0.5237809072077737,2.4916491233626155
