rms,skewness,kurtosis,crest_factor
0.1072676238332176,0.1736374703495815,-0.6538276746055662,2.335047250131362
