rms,skewness,kurtosis,crest_factor
0.0970770286245268,0.072555309134772,-0.0580204166803204,2.8897203904632147
