rms,skewness,kurtosis,crest_factor
0.0879544285712319,0.1176216435702736,-0.3641033737416297,2.724044943038048
