rms,skewness,kurtosis,crest_factor
0.1194279793613062,-0.1163893095053512,0.6314014590853438,2.751501526044706
