rms,skewness,kurtosis,crest_factor
0.1039515416545178,0.3007865726194729,0.3160183264528458,3.389288805144654
