rms,skewness,kurtosis,crest_factor
0.1850227233562874,0.0636449630054915,-0.3755665986828327,2.3651161953675106
