rms,skewness,kurtosis,crest_factor
0.1490044250803215,0.0232355452410573,-0.1890965223973655,2.585803257432222
