rms,skewness,kurtosis,crest_factor
0.1276097438745142,-0.0277235260887057,-0.2320530581760569,2.867855825063517
