rms,skewness,kurtosis,crest_factor
0.1203342652228641,-0.1702025813965839,-0.6823000779533759,2.425709149452228
