rms,skewness,kurtosis,crest_factor
0.1292386640484485,0.074951747303408,0.0568659261986619,2.424486260179835
