rms,skewness,kurtosis,crest_factor
0.0978351247599046,0.4658375599001869,-0.0497208522231553,2.9453626278583345
