rms,skewness,kurtosis,crest_factor
0.199764877610942,0.1348926997666574,-0.6552440734096634,2.4255714908986947
