rms,skewness,kurtosis,crest_factor
0.1082564000415257,-0.3365165255341437,0.1721496695828852,2.4322566167762827
