rms,skewness,kurtosis,crest_factor
0.1221043330082448,0.1105646579429614,0.2816445678686903,2.752386218844837
