rms,skewness,kurtosis,crest_factor
0.1102292156650667,-0.0070798622628594,-0.3063501910334332,2.4859839763796754
