rms,skewness,kurtosis,crest_factor
0.1453443911303003,0.0108881072590283,1.659691066875455,3.2745324841124948
