rms,skewness,kurtosis,crest_factor
0.096777393173298,0.0370295866062534,-0.5224335056676432,2.66368562373438
