rms,skewness,kurtosis,crest_factor
0.1342993271335155,-0.0037711785701885,-0.1042609256980262,2.688720048866573
