rms,skewness,kurtosis,crest_factor
0.1064216648254774,0.2351707037222044,-0.4515357207147934,2.5276110394572795
