rms,skewness,kurtosis,crest_factor
0.0958724621572436,-0.0266992046788784,-0.7783487192874019,2.4973738636734786
