rms,skewness,kurtosis,crest_factor
0.1395476799174576,-0.1133793337038952,-0.2232685918741723,2.7330994313652144
