rms,skewness,kurtosis,crest_factor
0.1273342683399834,-0.1245582202729225,-0.3497931668992993,2.414822848612933
