rms,skewness,kurtosis,crest_factor
0.2076086833941712,0.0175791181578035,1.856648852011955,3.436345138155185
