rms,skewness,kurtosis,crest_factor
0.1346633166516955,0.0711445767464478,0.5022819204476754,2.923905071411743
