rms,skewness,kurtosis,crest_factor
0.1273952928977842,0.1216200127386858,0.7159550698574972,3.0970919032015742
