rms,skewness,kurtosis,crest_factor
0.0910674654072931,0.0529427987342962,-0.1156190755096293,3.14284247752736
