rms,skewness,kurtosis,crest_factor
0.1609558354535582,0.0536130398893932,-0.4820362291313005,2.627932542193272
