rms,skewness,kurtosis,crest_factor
0.1512235633562694,0.0156518466859852,-0.3120466894109595,2.26858160459921
