rms,skewness,kurtosis,crest_factor
0.198974496258549,0.1060101992783631,-0.4487109216035869,3.003394171375836
