rms,skewness,kurtosis,crest_factor
0.0983511830938992,-0.0980325604646728,-0.1816093656803588,2.531876547478584
