rms,skewness,kurtosis,crest_factor
0.137132070421346,0.0734870577939688,-0.6839714572635467,2.338234558280777
