rms,skewness,kurtosis,crest_factor
0.1271979739769775,0.0464833255493883,1.028729567325399,3.4696798518573138
