rms,skewness,kurtosis,crest_factor
0.1346878327149518,-0.0263719446867477,-0.380829227996792,2.696642620038837
