rms,skewness,kurtosis,crest_factor
0.1125104035632432,0.0351199489664177,-0.5043271695676261,2.4110362959829312
