rms,skewness,kurtosis,crest_factor
0.1305885123374376,0.0355875753872709,-0.5062598588553207,2.525056051800364
