rms,skewness,kurtosis,crest_factor
0.0932718745263978,0.0436991604165906,-0.3731370234400142,2.568746662204758
