rms,skewness,kurtosis,crest_factor
0.1046709910020074,0.0487107302054695,-0.5379935381637377,2.400733415276097
