rms,skewness,kurtosis,crest_factor
0.1272670732026852,-0.1588852307688929,0.9738558118692602,3.1142518374383714
