rms,skewness,kurtosis,crest_factor
0.1409778870680684,-0.0257541229601592,-0.1918016941667164,2.805614051565334
