rms,skewness,kurtosis,crest_factor
0.1191673766243728,-0.0451540846157334,-0.441430199609035,2.378581365356941
