rms,skewness,kurtosis,crest_factor
0.1206932911577966,-0.1482287480488008,-0.342244033660581,2.6149875776706764
