rms,skewness,kurtosis,crest_factor
0.1252499404990017,0.1005944280212122,0.1479607924541901,2.5600566741214537
