rms,skewness,kurtosis,crest_factor
0.112490282648566,-0.0760086863956088,0.2585987771986984,3.0598202068305267
