rms,skewness,kurtosis,crest_factor
0.1249234051648571,0.0970089505043287,-0.0861175486144354,2.803398924792343
