rms,skewness,kurtosis,crest_factor
0.1162642056667987,-0.025346853777888,0.1811827881438885,2.7341652323607053
