rms,skewness,kurtosis,crest_factor
0.1210855629004017,-0.2106096172369801,0.1076728304148759,2.8198129862551773
