rms,skewness,kurtosis,crest_factor
0.0981472728633841,0.0061839492829109,-0.3291865464931702,2.7340834493165853
