rms,skewness,kurtosis,crest_factor
0.1112009227450388,-0.1522594902131391,0.060515339322098,2.668763664096199
