rms,skewness,kurtosis,crest_factor
0.1493137736215787,0.2693972119043893,0.2642514670235933,3.0232122234948675
