rms,skewness,kurtosis,crest_factor
0.1512411559989848,0.2251963257803038,0.3562105726861193,3.259632707156668
