rms,skewness,kurtosis,crest_factor
0.1051995588741427,0.0970080586475682,-0.3135615209455378,2.776231824535138
