rms,skewness,kurtosis,crest_factor
0.1273883068998249,0.0135051253675819,-0.5713741807211692,2.3321909170912885
