rms,skewness,kurtosis,crest_factor
0.1038794801671137,-0.0597156624214563,-0.3650850104105037,2.6598338309368508
