rms,skewness,kurtosis,crest_factor
0.1074242430549737,0.1851962197616562,-0.2651818196007718,2.8094633248049763
