rms,skewness,kurtosis,crest_factor
0.111737214399316,-0.3448419179974553,0.1682583629121121,2.602166912774842
