rms,skewness,kurtosis,crest_factor
0.1420027938940802,0.1733236803565003,0.8959772410729205,3.1617032756248524
