rms,skewness,kurtosis,crest_factor
0.1154571649599863,0.1584818583056524,0.3996714768105671,3.6452429894978295
