rms,skewness,kurtosis,crest_factor
0.1145869333394512,-0.1998339384468934,0.8566610511749513,2.8521531339856807
