rms,skewness,kurtosis,crest_factor
0.1067449952099872,-0.2151740474717527,-0.1123068099203892,2.8334275624057383
