rms,skewness,kurtosis,crest_factor
0.0914551567166683,-0.1060628916402595,-0.314680878199971,2.399535118170596
