rms,skewness,kurtosis,crest_factor
0.293867179384925,0.1470117980639321,0.6043193688236719,3.135198894332487
