rms,skewness,kurtosis,crest_factor
0.0895819172262868,-0.0939307227610109,-0.433129229882697,2.598398740788056
