rms,skewness,kurtosis,crest_factor
0.1122456611884029,-0.1277848915030956,-0.3475396326222091,2.5889325612152247
