rms,skewness,kurtosis,crest_factor
0.1260994930129226,-0.0484187117163161,0.8777403317219696,2.92281357026128
