rms,skewness,kurtosis,crest_factor
0.1100229566632122,0.0941630033612861,0.3738878380654147,3.383851231201767
