rms,skewness,kurtosis,crest_factor
0.0912178582572394,-0.0057817335538892,-0.1536668740861415,2.881234496637626
