rms,skewness,kurtosis,crest_factor
0.1206137461107564,-0.1015566624761959,0.2101754043666921,2.826803314874762
