rms,skewness,kurtosis,crest_factor
0.1053291307183939,-0.0254938269720899,-0.701766785466948,2.2268894250386904
