rms,skewness,kurtosis,crest_factor
0.1089977410841829,-0.3287901683125424,-0.1254543484245736,3.0446041060940576
