rms,skewness,kurtosis,crest_factor
0.0976594429358126,-0.1244498298600513,-0.6603869378776412,2.4799524875673864
