rms,skewness,kurtosis,crest_factor
0.1707363270333569,0.1796900509076748,0.5683278620784109,2.896000772193829
