rms,skewness,kurtosis,crest_factor
0.1023027008053391,0.180348128088724,-0.1070240219023319,2.657959223413166
