rms,skewness,kurtosis,crest_factor
0.1677469032815768,-0.1474369668140573,1.056362226085124,3.569281319122332
