rms,skewness,kurtosis,crest_factor
0.1475764931744304,0.0966481309900895,0.2205557828790527,2.595413589855565
