rms,skewness,kurtosis,crest_factor
0.1254190373917442,0.0744310789882852,-0.6659736139492445,2.3584487443766324
