rms,skewness,kurtosis,crest_factor
0.1436098026763024,0.092876986749453,-0.2209606121218246,3.023394599149144
