rms,skewness,kurtosis,crest_factor
0.0732379281864142,0.0495753982132608,-0.1393898389532339,2.7612978894241893
