rms,skewness,kurtosis,crest_factor
0.0893195412985948,0.1573172788445096,-0.2103750578889207,2.602394361628224
