rms,skewness,kurtosis,crest_factor
0.0905439309151938,-0.2054694233090034,-0.5645853519753228,2.4147138568074893
