rms,skewness,kurtosis,crest_factor
0.114819915513239,0.0921789629764396,-0.5032389579320831,2.51815662505679
