rms,skewness,kurtosis,crest_factor
0.0977592969628334,0.2011413050093792,0.5579713293564148,3.3131953559949885
