rms,skewness,kurtosis,crest_factor
0.1267268897980613,0.0368404763027968,0.0865269788214404,2.7788842749838585
