rms,skewness,kurtosis,crest_factor
0.1693136285567062,-0.1309330858766401,1.3685224237577565,3.071916241254878
