rms,skewness,kurtosis,crest_factor
0.0938655037808232,-0.1034346717818683,-0.0170902652529214,2.751509829324435
