rms,skewness,kurtosis,crest_factor
0.145596216458895,-0.2846232251557748,0.5139211741652252,3.07251354592504
