rms,skewness,kurtosis,crest_factor
0.1126082356769375,0.2379740023250968,-0.3179198069577187,3.164801157822301
