rms,skewness,kurtosis,crest_factor
0.1357001947783336,-0.0694106329118416,0.9414239916407824,3.3181247851282403
