rms,skewness,kurtosis,crest_factor
0.1388966692683487,0.0325346925882748,-0.1625119890400865,2.714333886576909
