rms,skewness,kurtosis,crest_factor
0.1157672681459704,0.0492462048659974,-0.944465348125786,2.1159018397138256
