rms,skewness,kurtosis,crest_factor
0.1190686464560958,0.1434268704560979,-0.5251650490687108,2.553808848296385
