rms,skewness,kurtosis,crest_factor
0.1337424233752451,0.1143432424424391,0.1424398306872327,2.805580609585773
