rms,skewness,kurtosis,crest_factor
0.1091333354480693,-0.0513399623782138,-0.789278894731301,2.348710718664958
