rms,skewness,kurtosis,crest_factor
0.0949576950078051,0.0465292101017254,-0.2195245085202417,2.5026154519741235
