rms,skewness,kurtosis,crest_factor
0.1570392445137752,-0.0032818980821553,1.1599384402252246,3.2075506914525715
