rms,skewness,kurtosis,crest_factor
0.1690155468203391,0.1712682508645746,3.736692479280808,4.361318426795574
