rms,skewness,kurtosis,crest_factor
0.1064437811751791,0.0481586035229238,-0.0300749704344291,2.693421831005652
