rms,skewness,kurtosis,crest_factor
0.1222001070512117,-0.0420188741527773,0.2549403785053066,2.8645449913077408
