rms,skewness,kurtosis,crest_factor
0.1553725823482584,0.0256218112267152,-0.3255756649588304,2.442184182942529
