rms,skewness,kurtosis,crest_factor
0.0762270262139504,-0.1648783730036949,-0.3477970466036808,2.3845205461573613
