rms,skewness,kurtosis,crest_factor
0.1489873521928077,0.0616665077159423,-0.3437888267919997,2.509781287869117
