rms,skewness,kurtosis,crest_factor
0.1085778541852619,-0.3245888726679866,0.2219235985488294,2.50584103321044
