rms,skewness,kurtosis,crest_factor
0.1048416146164671,-0.1693625369721463,-0.1053630077406864,2.7159900529651444
