rms,skewness,kurtosis,crest_factor
0.0858137953270327,-0.087699171977591,-0.3838348779632885,2.4929216223684847
