rms,skewness,kurtosis,crest_factor
0.1164008473845713,0.0363998787718684,0.0090670588915386,2.7560742764837247
