rms,skewness,kurtosis,crest_factor
0.1383965784402783,-0.0769792783717549,0.6434602074698104,2.5516091223908006
