rms,skewness,kurtosis,crest_factor
0.1064565929007131,0.1074413651224308,0.4580156051815689,2.903662830769938
