rms,skewness,kurtosis,crest_factor
0.1053079200870213,-0.224170306912714,-0.0432714486232477,2.933792790809697
