rms,skewness,kurtosis,crest_factor
0.108279499843568,0.0772297994320864,-0.2553652454025075,2.6192560635825006
