rms,skewness,kurtosis,crest_factor
0.2289123827552348,0.0929720869873526,0.0233408324545671,2.6347270054474787
