rms,skewness,kurtosis,crest_factor
0.094138466510722,-0.2584338993017073,-0.2410287991816311,2.30353123692422
