rms,skewness,kurtosis,crest_factor
0.1019403151894541,-0.0463392435812783,-0.2717678078357806,2.646693312626855
