rms,skewness,kurtosis,crest_factor
0.1569675663988833,-0.058575752869759,0.6896538945595361,2.6740070250110413
