rms,skewness,kurtosis,crest_factor
0.1012825810865875,-0.2010090760985102,-0.3151773545147489,2.575673087756841
