rms,skewness,kurtosis,crest_factor
0.1077358118124078,0.0249899409488933,-0.2846643900845094,2.940048417192437
