rms,skewness,kurtosis,crest_factor
0.1543588581968954,0.1026454098249473,0.5583626852939334,2.843372422456216
