rms,skewness,kurtosis,crest_factor
0.0843403298819604,-0.2669376307575924,0.0554056118021013,2.6597348443575064
