rms,skewness,kurtosis,crest_factor
0.0914614633841287,0.0362563414875277,-0.4706054295250168,2.5822971763613705
