rms,skewness,kurtosis,crest_factor
0.098172805319319,0.0179374540052706,-0.6342620286141476,2.5794960879623123
