rms,skewness,kurtosis,crest_factor
0.1104617826053105,-0.1171008838615594,-0.0143255424793085,2.6513291023793037
