rms,skewness,kurtosis,crest_factor
0.1267184768424176,-0.1728257660210422,-0.6725907018968176,2.5393612678609343
