rms,skewness,kurtosis,crest_factor
0.1181272795049545,-0.0315955256582853,-0.4211738120814958,2.724044719936783
