rms,skewness,kurtosis,crest_factor
0.101068726061968,-0.2248705127598291,-0.0954052022380467,2.5907660989134444
