rms,skewness,kurtosis,crest_factor
0.1194443885922519,0.1214256423847147,-0.1711166000284065,2.989109989825177
