rms,skewness,kurtosis,crest_factor
0.0883201721378319,0.1305111130076101,-0.4991074094121197,2.675981126979908
