rms,skewness,kurtosis,crest_factor
0.1088967398480686,-0.0333268215307162,0.0977961786307459,2.8400894963196026
