rms,skewness,kurtosis,crest_factor
0.1445312785718743,0.1556840077300213,0.4897911891848396,2.696176772930982
