rms,skewness,kurtosis,crest_factor
0.1301341012021654,0.0039816062271955,0.5474402969537593,3.2940351792900877
