rms,skewness,kurtosis,crest_factor
0.0939608043804118,0.0131262533652605,-0.208127281707001,2.655366361821514
