rms,skewness,kurtosis,crest_factor
0.1438933527074679,-0.0036384580161997,-0.0057326703323865,3.1088743078690686
