rms,skewness,kurtosis,crest_factor
0.1089966507679952,-0.1135211537896039,-0.5272819533498776,2.761482057369439
