rms,skewness,kurtosis,crest_factor
0.0889486421959536,0.1059882704957799,-0.0121690825651041,3.04056907830199
