rms,skewness,kurtosis,crest_factor
0.1506124244769987,-0.0120092292948098,-0.2725614020121987,2.451424915190749
