rms,skewness,kurtosis,crest_factor
0.0739619211396263,-0.1079544399177989,-0.1674796958619548,2.494882563108093
