rms,skewness,kurtosis,crest_factor
0.1077664719177014,0.2504543727245625,-0.458094971595004,2.4041246532964693
