rms,skewness,kurtosis,crest_factor
0.1645451145667837,-0.0699433247952673,-0.281050978661618,2.4886728673408616
