rms,skewness,kurtosis,crest_factor
0.1273110754833573,0.0963482357453046,-0.8610225595798284,2.434401141991964
