rms,skewness,kurtosis,crest_factor
0.11075242671548,-0.1108144452297539,-0.6650199074415863,2.465439911265144
