rms,skewness,kurtosis,crest_factor
0.1011391785307945,0.2372894929420339,-0.49861037726785,2.547203957070138
