rms,skewness,kurtosis,crest_factor
0.1153926815095348,-0.089975569260844,-0.3169418876879342,2.7815612928688536
