rms,skewness,kurtosis,crest_factor
0.1163945114578522,-0.2238749059718922,-0.3196217110479793,2.472926311516225
