rms,skewness,kurtosis,crest_factor
0.1474155033381923,-0.029955587641555,-0.8378358573342206,2.377870726227908
