rms,skewness,kurtosis,crest_factor
0.2602297997641525,0.0456159162447436,-0.2710144787104633,2.5473553185370976
