rms,skewness,kurtosis,crest_factor
0.0863097190760704,-0.3020110068698765,0.4112385536755312,2.7345500140598946
