rms,skewness,kurtosis,crest_factor
0.11450691719801,0.2641408594826643,-0.338304578418819,2.6101535700740084
