rms,skewness,kurtosis,crest_factor
0.1185683169997398,-0.0476386410268907,-0.3510112133838072,2.335800180145869
