rms,skewness,kurtosis,crest_factor
0.1095510686447283,0.2824608306172733,0.1104182124120543,3.026260755844781
