rms,skewness,kurtosis,crest_factor
0.0999956174738039,0.0546866409981827,-0.5571101509247134,2.374905677669843
