rms,skewness,kurtosis,crest_factor
0.0854885789185965,0.1879039314581009,0.2385699344530154,2.821618638606218
