rms,skewness,kurtosis,crest_factor
0.0972000075901133,-0.051884568070058,0.6917337614763666,3.292152063796453
