rms,skewness,kurtosis,crest_factor
0.1250684686316307,-0.19620845292071,0.95348905021085,3.026133256737504
