rms,skewness,kurtosis,crest_factor
0.1363514843729728,-0.0525961958576691,-0.1533620443186567,2.6506360773018023
