rms,skewness,kurtosis,crest_factor
0.1211945682333872,-0.0781721952120799,-0.513114670917258,2.397767914368736
