rms,skewness,kurtosis,crest_factor
0.1740614119526433,-0.0731114331700369,1.672233825589803,3.714159325233761
