rms,skewness,kurtosis,crest_factor
0.1260576910720808,0.1015599649649698,-0.1846898138027572,2.7743077900051567
