rms,skewness,kurtosis,crest_factor
0.1321582557064085,0.0971206015928528,-0.7436720219657467,2.3758417823397275
