rms,skewness,kurtosis,crest_factor
0.1186363947945454,-0.0050989779276944,0.6032118934880146,3.032743982134154
