rms,skewness,kurtosis,crest_factor
0.0908624450643801,0.1201655446861378,0.0804854178117606,2.672617039856371
