rms,skewness,kurtosis,crest_factor
0.0779400521780002,-0.0657897310999944,0.1592777624019761,2.48425128339023
