rms,skewness,kurtosis,crest_factor
0.10331398019917,-0.1198921666549266,0.7037977007419882,3.081604770986983
