rms,skewness,kurtosis,crest_factor
0.1994337702836659,-0.0550060076310131,-0.2796978965513697,2.8962964523796786
