rms,skewness,kurtosis,crest_factor
0.0839826640029906,0.2124454230379614,-0.3135129472870797,2.8490040051511585
