rms,skewness,kurtosis,crest_factor
0.1421181988907614,-0.0658256874957527,0.4033545271834486,2.488219525754892
