rms,skewness,kurtosis,crest_factor
0.1021967473838738,-0.0149872979930594,-0.5690508336785354,2.6479994038480195
