rms,skewness,kurtosis,crest_factor
0.1103981936080818,0.0051870118259268,-0.4365867984956284,2.5307336471965574
