rms,skewness,kurtosis,crest_factor
0.1091072826068987,0.1813525592540952,-0.1812919392498999,2.848007903497773
