rms,skewness,kurtosis,crest_factor
0.0921526146626237,-0.0503438743134406,-0.1138324225478459,2.5435403333231394
