rms,skewness,kurtosis,crest_factor
0.1456914395234538,0.154904203425006,0.5735819889440714,3.0716202949116207
