rms,skewness,kurtosis,crest_factor
0.3735041161511838,-0.0304300706376321,2.153624428348617,3.2865026712375927
