rms,skewness,kurtosis,crest_factor
0.1111336739159423,0.0251430039250167,0.4981788016096096,3.032860179413416
