rms,skewness,kurtosis,crest_factor
0.1372145661344692,-0.1937598099633428,0.9586202502927944,3.20692459163434
