rms,skewness,kurtosis,crest_factor
0.1432247629442095,-0.0523681024117575,0.2700355036407638,2.6629311635118893
