rms,skewness,kurtosis,crest_factor
0.1023973437755292,-0.151901965132304,-0.7389986470003285,2.062218226339761
