rms,skewness,kurtosis,crest_factor
0.0960859608666346,0.0310331648641215,-0.6016272710760155,2.415751461562414
