rms,skewness,kurtosis,crest_factor
0.1676685557243399,-0.0761089845970845,-0.5182131575125912,2.327026555165149
