rms,skewness,kurtosis,crest_factor
0.1096085886119585,-0.0963203597224745,-0.7238873556367453,2.4022510338268663
