rms,skewness,kurtosis,crest_factor
0.0959483926245471,-0.1854150773910862,-0.3938384611410259,2.7002435877163866
