rms,skewness,kurtosis,crest_factor
0.1162095966734535,0.0713515022228707,1.0680994000729642,3.23864987386844
