rms,skewness,kurtosis,crest_factor
0.2304248905179334,-0.0145409945190849,-0.2359488708473427,2.6273017953145024
