rms,skewness,kurtosis,crest_factor
0.1995414581504053,0.116913688070255,-0.6498659832744296,2.4006098885161293
