rms,skewness,kurtosis,crest_factor
0.1681317333436414,0.0929505706685252,1.376776081127664,3.308954878994696
