rms,skewness,kurtosis,crest_factor
0.135621702307134,0.0534524400134962,0.0809532117891533,3.211053802053801
