rms,skewness,kurtosis,crest_factor
0.1228808895263289,-0.0826545826122569,-0.5878022515735952,2.790511691476357
