rms,skewness,kurtosis,crest_factor
0.1004975321205665,0.1357882546257789,-0.099131965096304,2.752575313155305
