rms,skewness,kurtosis,crest_factor
0.1171449823070632,-0.2154283215247813,0.3944197703892245,2.7177677440497665
