rms,skewness,kurtosis,crest_factor
0.1495729286639859,-0.0301972034610698,0.5136906428484838,2.805119508372535
