rms,skewness,kurtosis,crest_factor
0.1409658347903461,0.0871209861195634,-0.0623927921956051,2.834661460743126
