rms,skewness,kurtosis,crest_factor
0.148063900206375,0.0310921119117244,1.2139443067240403,3.208903411491797
