rms,skewness,kurtosis,crest_factor
0.1332534420553807,-0.0983695243117513,0.6733265692441592,3.03895173135426
