rms,skewness,kurtosis,crest_factor
0.094140300951341,0.0102465294625542,0.0356284675024713,2.84010376906582
