rms,skewness,kurtosis,crest_factor
0.109157796070064,0.1692892506596423,-0.4161716565367332,2.5713958534986765
