rms,skewness,kurtosis,crest_factor
0.1128130864252864,0.0920962245227679,0.6973919496806227,3.0899410650732824
