rms,skewness,kurtosis,crest_factor
0.1035797664279669,-0.1300062547352227,-0.6883474847625917,2.336637276370847
