rms,skewness,kurtosis,crest_factor
0.0759978950961227,0.1218155369872735,0.7035224380446823,3.221006847746902
