rms,skewness,kurtosis,crest_factor
0.119447177864904,-0.1084118933844667,-0.6304602374399053,2.188064451787163
