rms,skewness,kurtosis,crest_factor
0.1970697029827273,0.1471635471753825,0.0926606566906036,2.8222394199289207
