rms,skewness,kurtosis,crest_factor
0.1116432043635792,-0.1007191726994981,-0.1969561991290302,2.498146836203274
