rms,skewness,kurtosis,crest_factor
0.1606920983678635,-0.2752495088020497,1.3535859045409664,3.176081355763656
