rms,skewness,kurtosis,crest_factor
0.2235712540400877,-0.0845317344111658,0.2446196398071261,2.7630600412181288
