rms,skewness,kurtosis,crest_factor
0.196953704702857,0.0238539505999158,-0.1048212316741596,2.526171331206202
