rms,skewness,kurtosis,crest_factor
0.2354497768199474,-0.0782747759253344,0.394741719633612,2.93825386844138
