rms,skewness,kurtosis,crest_factor
0.0931903867322543,0.0185411067991906,-0.3995751654808992,2.804560995152901
