rms,skewness,kurtosis,crest_factor
0.0924615422874295,-0.1704126525188192,-0.7403453918972609,2.348822689848206
