rms,skewness,kurtosis,crest_factor
0.1111613316559714,-0.1774691341384217,-0.3427815394087004,2.3233965664133978
