rms,skewness,kurtosis,crest_factor
0.112865363672942,-0.1246418639319359,-0.0604818930681481,2.515710733092663
