rms,skewness,kurtosis,crest_factor
0.1247766919798477,0.115347003453118,0.0887888678753885,2.9017270649400864
