rms,skewness,kurtosis,crest_factor
0.1172643441439768,0.1008203318869735,-0.2262466956179878,2.9892719098795624
