rms,skewness,kurtosis,crest_factor
0.1260637291860893,0.0020722309658292,0.6836821731837697,3.4158558668882577
