rms,skewness,kurtosis,crest_factor
0.0959545256821951,0.1653821571522997,-0.2693074038565752,2.90659680490946
