rms,skewness,kurtosis,crest_factor
0.1469447589829395,0.0480708646484331,0.8652440344069627,3.0177864611224527
