rms,skewness,kurtosis,crest_factor
0.1072069132893191,-0.2162481111457001,-0.0467326246277677,2.7560676073251056
