rms,skewness,kurtosis,crest_factor
0.1187068548747065,0.1195703276420676,-0.4039173355937344,2.988524325134685
