rms,skewness,kurtosis,crest_factor
0.150284212932811,-0.0866218106135909,0.4531823843180014,2.674030113580254
