rms,skewness,kurtosis,crest_factor
0.2383056656480139,-0.16653262376344,0.1095977304463966,2.7401330127055177
