rms,skewness,kurtosis,crest_factor
0.0685162578509988,-0.0556686676087653,-0.3113553128779345,2.695546258766926
