rms,skewness,kurtosis,crest_factor
0.1986003951413721,0.1097382125281955,-0.1255713777262799,2.634453735712728
