rms,skewness,kurtosis,crest_factor
0.1517648177370603,0.2674147559653867,3.5566744432346704,4.504927237236025
