rms,skewness,kurtosis,crest_factor
0.0936802957044521,-0.0176765596115931,-0.4103265841857655,2.4309706772774904
