rms,skewness,kurtosis,crest_factor
0.1332974427532436,0.0347971738659946,0.431959322810219,2.9855491571655635
