rms,skewness,kurtosis,crest_factor
0.0992981976384231,0.0557414892680589,-0.0870358909200041,2.705665470073528
