rms,skewness,kurtosis,crest_factor
0.1162259625272872,0.2264239602775766,0.962156849031926,3.664455866129288
