rms,skewness,kurtosis,crest_factor
0.1120663396303022,-0.0998648008483457,-0.186342254737172,2.9264498869866693
