rms,skewness,kurtosis,crest_factor
0.1425662654805037,-0.0449328173071459,-0.0405526410414163,2.7789132309936546
