rms,skewness,kurtosis,crest_factor
0.1165418430742253,-0.1308189467411301,-0.1745681458087826,2.596635154584356
