rms,skewness,kurtosis,crest_factor
0.1250184796295477,0.0215278656395896,0.3869351442041573,2.775281207657122
