rms,skewness,kurtosis,crest_factor
0.0866486449518661,-0.0227749692750374,-0.0318504865474458,2.72760311374454
