rms,skewness,kurtosis,crest_factor
0.0804375174689347,-0.4425633526642279,0.5376944184593566,2.639349413696789
