rms,skewness,kurtosis,crest_factor
0.3003466233377946,0.1546664176667978,3.4037283443026327,3.857708695249783
