rms,skewness,kurtosis,crest_factor
0.0907156637847703,0.1180798923494501,-0.46366955285517,2.3814930469721087
