rms,skewness,kurtosis,crest_factor
0.1085592117620107,0.0397683942017793,-0.2847692966120569,2.7785945663406206
