rms,skewness,kurtosis,crest_factor
0.1104460067680247,-0.1350013284839643,-0.2316260257781621,2.778189715127606
