rms,skewness,kurtosis,crest_factor
0.1233809020169416,-0.1581509295694092,-0.4125513637060964,2.1801799991165853
