rms,skewness,kurtosis,crest_factor
0.1313764434176649,0.0889032589944325,0.2934542652465968,2.814068836633698
