rms,skewness,kurtosis,crest_factor
0.1166170511305541,0.1619875211062044,-0.2242124571256707,2.827573756809388
