rms,skewness,kurtosis,crest_factor
0.1275042045512046,-0.0501037409548901,-0.2869403776180568,2.639643061238764
