rms,skewness,kurtosis,crest_factor
0.0978996522748783,0.1781383282147924,-0.1703046160133086,2.9583540860202224
