rms,skewness,kurtosis,crest_factor
0.1518707628781569,-0.117695089703745,-0.4852582767038815,2.678182140933719
