rms,skewness,kurtosis,crest_factor
0.096493602534147,0.0087610478628821,-0.1162320879059573,2.807873157303928
