rms,skewness,kurtosis,crest_factor
0.1315759208858154,0.1580409552363679,0.3057545014572369,3.099918343968163
