rms,skewness,kurtosis,crest_factor
0.1526513334311022,0.2299637363197081,0.1640884247524567,3.155034082280149
