rms,skewness,kurtosis,crest_factor
0.0904035500342043,-0.2223026028841605,-0.2346293071178795,2.4939281697957343
