rms,skewness,kurtosis,crest_factor
0.0699244158984829,-0.1851835824535647,-0.4391198816305164,2.729848715507373
