rms,skewness,kurtosis,crest_factor
0.0833740231852376,-0.0789227497998889,-0.3882166709641699,2.76739212730553
