rms,skewness,kurtosis,crest_factor
0.0707097696601523,-0.4075230447257232,0.4104519932035546,3.12732326459443
