rms,skewness,kurtosis,crest_factor
0.0812214485323482,-0.1204082625580404,-0.2565017311874062,2.4015255593194644
