rms,skewness,kurtosis,crest_factor
0.0630184467368717,0.4128706579223055,0.2275007929220107,3.2739717664906864
