rms,skewness,kurtosis,crest_factor
0.0675924493751079,-0.3617738941797145,-0.219662697372398,2.3857648864412795
