rms,skewness,kurtosis,crest_factor
0.0808768879422568,0.1476491333808688,-0.4547174783065904,2.6387456774289832
