rms,skewness,kurtosis,crest_factor
0.0753824041684705,-0.1813518236600174,-0.7060902890876197,2.3467790408817826
