rms,skewness,kurtosis,crest_factor
0.0681880165819205,-0.0548681041634591,0.0434178163293719,2.58520497935614
