rms,skewness,kurtosis,crest_factor
0.0911754942953465,-0.1190568347936872,-0.7356031934093807,2.528310943434779
