rms,skewness,kurtosis,crest_factor
0.0739444348823364,-0.0763196859423177,-0.8052305635353325,2.211856264757671
