rms,skewness,kurtosis,crest_factor
0.0666806004396797,-0.1092123145611494,-0.4854510843360078,2.346432657022576
