rms,skewness,kurtosis,crest_factor
0.0897527965360874,-0.2377842095880459,-0.8728335042740492,2.352224971016736
