rms,skewness,kurtosis,crest_factor
0.0669541390752461,-0.0563481604143776,0.3528435035794937,2.8665315766432067
