rms,skewness,kurtosis,crest_factor
0.0792969801414345,-0.1468168368104163,-0.5458347315709142,2.2572360218604635
