rms,skewness,kurtosis,crest_factor
0.0813670510961448,-0.085008317123712,-0.1294922452992448,2.651052296800368
