rms,skewness,kurtosis,crest_factor
0.0672109942252611,0.0676062871681069,-0.7704350458490556,2.256526426421799
