rms,skewness,kurtosis,crest_factor
0.0854559122949397,-0.0803311963333457,-0.4034595835411321,2.524205779324185
