rms,skewness,kurtosis,crest_factor
0.0872646746946267,-0.1217947920713271,-0.7870112292387126,2.261512513932577
