rms,skewness,kurtosis,crest_factor
0.0813373771244208,-0.1296589236811882,-0.7160918760274209,2.300639713446285
