rms,skewness,kurtosis,crest_factor
0.0583521562834046,-0.1205242030343262,-0.4916906778675329,2.3988988923916352
