rms,skewness,kurtosis,crest_factor
0.0779368766015652,-0.0483808003719492,-0.4905778589748162,2.631218134712941
