rms,skewness,kurtosis,crest_factor
0.0536859624264381,0.2405998915720141,0.0884307561784769,2.723978075567996
