rms,skewness,kurtosis,crest_factor
0.0760614435464766,-0.2383632497824514,-0.6411727773828444,2.451993351035909
