rms,skewness,kurtosis,crest_factor
0.074101956465473,0.111245746400527,-0.2830863715917413,2.809617502382159
