rms,skewness,kurtosis,crest_factor
0.0641605780755295,-0.1916984904879282,0.0140505192622484,2.7214698208848027
