rms,skewness,kurtosis,crest_factor
0.0741493107756846,0.0738708576868162,-0.3825405186943635,2.7374869315350683
