rms,skewness,kurtosis,crest_factor
0.0808876890472943,-0.3778489393098007,-0.330544103377651,2.321167143792032
