rms,skewness,kurtosis,crest_factor
0.0770877924432588,-0.2788950559308439,0.8545234350970077,3.5397163990364717
