rms,skewness,kurtosis,crest_factor
0.0643660213046296,-0.2669746865752799,0.0283839593227135,2.6544440146669586
