rms,skewness,kurtosis,crest_factor
0.06026937638426,0.3118695060476487,-0.0098334630648015,2.917945726027085
