rms,skewness,kurtosis,crest_factor
0.0822667472644358,-0.1331850236489747,-0.93378909211021,2.1047479691180504
