rms,skewness,kurtosis,crest_factor
0.074997095208825,-0.0819355885881017,-0.6073662263338222,2.26426000372533
