rms,skewness,kurtosis,crest_factor
0.0848178238966732,-0.0512034476028957,-0.7061080090884628,2.248047082306013
