rms,skewness,kurtosis,crest_factor
0.0856566847813134,-0.1343578481119131,-0.6697973575145513,2.457402170237197
