rms,skewness,kurtosis,crest_factor
0.0808802245747692,0.1350038278451941,-0.5229574650556112,2.329119303242609
