rms,skewness,kurtosis,crest_factor
0.0718321749329425,-0.0447190955097336,-0.0014105420466128,2.9158221416708296
