rms,skewness,kurtosis,crest_factor
0.0719823784170893,0.2288411870067738,0.2098254762210589,3.0256635905594784
