rms,skewness,kurtosis,crest_factor
0.0714665315959358,-0.0741807666159991,-0.7118307510967461,2.3790372173484244
