rms,skewness,kurtosis,crest_factor
0.0796913969807983,0.0517150617161395,0.2520395408978033,2.785329127612762
