rms,skewness,kurtosis,crest_factor
0.0737948726289267,0.1337230655425506,-0.6281797073838247,2.6545183855640877
