rms,skewness,kurtosis,crest_factor
0.0785757651491975,-0.3611329805241865,-0.6053789682695792,2.312468731993706
