rms,skewness,kurtosis,crest_factor
0.0791506691797038,0.0127348237054639,-0.4669812443756753,2.490712213865785
