rms,skewness,kurtosis,crest_factor
0.0752062445905776,-0.2347711211849426,-0.2330427740108152,2.72398002064278
