rms,skewness,kurtosis,crest_factor
0.0852689130801229,-0.2996281863293658,0.1129877158007155,2.6520694207815856
