rms,skewness,kurtosis,crest_factor
0.0509810278151276,0.259612517742432,-0.6178543334162172,2.5411444099546445
