rms,skewness,kurtosis,crest_factor
0.074846976970117,0.0281266114779139,-0.3189159956908782,2.5057155059730585
