rms,skewness,kurtosis,crest_factor
0.0809014937499771,-0.0243324293010089,-0.0704132671659607,2.529640465479664
