rms,skewness,kurtosis,crest_factor
0.0666438977538512,-0.1276431593463491,-0.117227076972104,2.5824973944857
