rms,skewness,kurtosis,crest_factor
0.0620528321108755,-0.0220764919435486,-0.4341584305825048,2.474358024506881
