rms,skewness,kurtosis,crest_factor
0.0701367245407184,0.2407986253770573,-0.4062879077095824,2.543120669152464
