rms,skewness,kurtosis,crest_factor
0.0721865123611376,-0.3671163646498418,0.1706386707312792,3.0055476141385467
