rms,skewness,kurtosis,crest_factor
0.0834479717298833,-0.0168398989557001,0.0356696529385041,2.899936824554196
