rms,skewness,kurtosis,crest_factor
0.0737094099865158,-0.3940884300811092,-0.063387022213547,2.734012680000115
