rms,skewness,kurtosis,crest_factor
0.0878358517181435,-0.0911515352420066,-0.4318316565812998,2.572189568599503
