rms,skewness,kurtosis,crest_factor
0.0762768446176536,-0.3911209428535115,0.279974178499073,3.027619088424931
