rms,skewness,kurtosis,crest_factor
0.0600376272392081,0.1821273563355673,-0.3622841276962849,2.7450477546275422
