rms,skewness,kurtosis,crest_factor
0.0832462678106657,-0.0253730783610529,-0.7626031905277748,2.205282510431266
