rms,skewness,kurtosis,crest_factor
0.0711597325593507,0.4475524228664034,0.0855656192813114,3.309832130613029
