rms,skewness,kurtosis,crest_factor
0.0773937196604717,-0.0394065110744676,-0.7334669351800813,2.452912210872316
