rms,skewness,kurtosis,crest_factor
0.0840675266114674,-0.1221586609495698,-0.4397112289608036,2.536115093076144
