rms,skewness,kurtosis,crest_factor
0.0920152595271484,0.3155072659289862,0.2052586629710475,3.382636265393791
