rms,skewness,kurtosis,crest_factor
0.0849464849665338,0.1725153453882217,-0.7466060255733038,2.458300659318274
