rms,skewness,kurtosis,crest_factor
0.0714205601697773,0.1193496245344063,0.0417948927261306,2.655137178490374
