rms,skewness,kurtosis,crest_factor
0.0716791211332366,0.0375908804971271,-0.4443413210815943,2.657201192517547
