rms,skewness,kurtosis,crest_factor
0.0740955018573364,0.1562902994237769,-0.6348225069985429,2.4691875717362097
