rms,skewness,kurtosis,crest_factor
0.0760779878930169,0.03699681763537,-0.0926817919107718,2.9368163263895264
