rms,skewness,kurtosis,crest_factor
0.0865766979799801,0.0060683996561124,-0.92036686753686,2.590322150117072
