rms,skewness,kurtosis,crest_factor
0.0665892792280452,0.1195427202086133,-0.0794492045467807,3.010685607946168
