rms,skewness,kurtosis,crest_factor
0.0729105448513619,-0.0824406109495641,-0.4875655264103247,2.529346068884236
