rms,skewness,kurtosis,crest_factor
0.0715579334500912,0.0243978781214184,-0.762519103607691,2.390575120561944
