rms,skewness,kurtosis,crest_factor
0.0665336910029198,-0.1966695390144973,-0.5185534270462719,2.740413817502544
