rms,skewness,kurtosis,crest_factor
0.0771695923156545,0.1734233899025538,-0.414870393239434,2.9114935363626544
