rms,skewness,kurtosis,crest_factor
0.06861079865149,-0.2208800277877562,-0.3195935782036052,2.395962826667272
