rms,skewness,kurtosis,crest_factor
0.0576894890486231,0.3783081321195277,0.5122190511232194,3.561934023595899
