rms,skewness,kurtosis,crest_factor
0.0749007437211848,0.2278493091590558,-0.3169292020938479,2.8687812093522838
