rms,skewness,kurtosis,crest_factor
0.0756097946573696,-0.0620002064918473,-0.5625659988333171,2.458362815751816
