rms,skewness,kurtosis,crest_factor
0.085316414205972,-0.0997984113978286,-0.6481993780945934,2.3204913361928656
