rms,skewness,kurtosis,crest_factor
0.0743194272646237,-0.089390315309482,-0.3602758005163764,2.5684142619050805
