rms,skewness,kurtosis,crest_factor
0.0756395061059668,-0.2447564102916893,-0.2947207530097953,2.6973450337977734
