rms,skewness,kurtosis,crest_factor
0.0873148007760386,-0.0636834277171087,0.0167665462799684,2.592317571545187
