rms,skewness,kurtosis,crest_factor
0.0804177974645077,0.0975173209262539,-0.7309010557378954,2.524102569712325
