rms,skewness,kurtosis,crest_factor
0.080862443785894,-0.0855487340335376,-0.3535791282853249,2.6779152235879358
