rms,skewness,kurtosis,crest_factor
0.0626203320025827,0.0841086593040928,-0.3070360710006738,2.6917971428557514
