rms,skewness,kurtosis,crest_factor
0.0724533013312256,-0.2495117696395556,0.1410880743125244,2.962808137449428
