rms,skewness,kurtosis,crest_factor
0.0827057859572454,0.10040577024839,-0.5945890252058885,2.376081552616893
