rms,skewness,kurtosis,crest_factor
0.0757836687961366,-0.3395829202181298,-0.026107229478705,2.5325529483462788
