rms,skewness,kurtosis,crest_factor
0.0745601641925617,0.2314786630612156,-0.8015161989297437,2.8175325870412964
