rms,skewness,kurtosis,crest_factor
0.0859179678823272,0.1278475879670781,-0.1524253971066613,2.755866640872512
