rms,skewness,kurtosis,crest_factor
0.0767587685493136,-0.1972811890572501,-0.3590639164093017,2.486791809335036
