rms,skewness,kurtosis,crest_factor
0.0918159304016466,0.2037926202799626,-0.3783847264857023,2.540212782027388
