rms,skewness,kurtosis,crest_factor
0.0694093993650967,-0.1629269574913033,0.0618673395783413,2.9093997953429893
