rms,skewness,kurtosis,crest_factor
0.0890708367755484,-0.2390708057726355,-0.5089494737345497,2.365550230458593
