rms,skewness,kurtosis,crest_factor
0.0814283969644165,0.0714354685803677,-0.8699594412359333,2.5440151672591766
