rms,skewness,kurtosis,crest_factor
0.06650162784679,-0.0673882972769551,-0.1172185368008502,2.6633101665797883
