rms,skewness,kurtosis,crest_factor
0.064129705034408,0.1790363283091918,-0.3045073760495365,2.58940604926765
