rms,skewness,kurtosis,crest_factor
0.0649296081018338,0.2143832976229579,-0.72538194800314,2.3679418828526098
