rms,skewness,kurtosis,crest_factor
0.0685781019016409,-0.61990037066158,0.2691164729209268,2.8777430167024134
