rms,skewness,kurtosis,crest_factor
0.0779784529885477,-0.233319400497079,-0.5911368296593613,2.292728026313135
