rms,skewness,kurtosis,crest_factor
0.0714652936959107,-0.295214209250974,-0.0479850903625713,2.840298538399262
