rms,skewness,kurtosis,crest_factor
0.0795506860037954,-0.2357610222596304,-0.357258530194402,2.5096568377474178
