rms,skewness,kurtosis,crest_factor
0.0733449286840861,0.0476740714568081,-0.5608856578233294,2.5513420403747933
