rms,skewness,kurtosis,crest_factor
0.0731274038060383,-0.2453460485416517,-0.0476939299045851,2.678747445669212
