rms,skewness,kurtosis,crest_factor
0.0717206731194605,0.0146525130085997,-0.2776158224594063,2.6789314834056657
