rms,skewness,kurtosis,crest_factor
0.0666531372020139,0.2608614094000966,-0.5201749014112198,2.6134380685772536
