rms,skewness,kurtosis,crest_factor
0.0726153693550756,0.2249805108403667,-0.1995100134545779,2.7579666812886727
