rms,skewness,kurtosis,crest_factor
0.079327010400205,-0.051061917000425,-0.6602642161857806,2.377353019367287
