rms,skewness,kurtosis,crest_factor
0.0517693132497258,0.1353046806059846,-0.3198294693669306,2.7845304818679275
