rms,skewness,kurtosis,crest_factor
0.0511994707052013,0.1409948533923753,-0.3606960801774086,2.9296096126092097
