rms,skewness,kurtosis,crest_factor
0.089681781501039,-0.0111751544476266,-0.4996230431194313,2.4913318310975816
