rms,skewness,kurtosis,crest_factor
0.0834407042325177,0.1911417365318145,-0.0439725002403679,2.8776879330164107
