rms,skewness,kurtosis,crest_factor
0.068745909703433,-0.424464362956766,0.3699692808910426,2.755404213107822
