rms,skewness,kurtosis,crest_factor
0.0696701056172487,-0.2634592587310232,0.1342549803539561,2.620039971537938
