rms,skewness,kurtosis,crest_factor
0.067027825895164,0.3624057303441289,-0.7847547958385164,2.368513457987033
