rms,skewness,kurtosis,crest_factor
0.0682848624959366,0.3494335311696673,-0.4438054771171571,2.770953135585697
