rms,skewness,kurtosis,crest_factor
0.0591618168319049,0.2816177901974377,-0.5085327786396538,2.9373103242985685
