rms,skewness,kurtosis,crest_factor
0.0789578057094818,0.1194261200248902,-0.753444404365939,2.7266598278480685
