rms,skewness,kurtosis,crest_factor
0.0739082725511262,-0.0319921418627997,-0.464325407775485,2.51213681363282
