rms,skewness,kurtosis,crest_factor
0.0681658471866874,0.0212577693811168,-0.6414194928335073,2.4452669362590287
