rms,skewness,kurtosis,crest_factor
0.0629385060786492,0.5789532888434724,0.0286626781842005,2.986446187705502
