rms,skewness,kurtosis,crest_factor
0.0773175725114275,-0.0481118916045184,-0.5828041638850929,2.482309617490736
