rms,skewness,kurtosis,crest_factor
0.0752516217367252,0.2122225433459175,-0.1428502030638623,2.7029317814785934
