rms,skewness,kurtosis,crest_factor
0.0798323514698104,-0.0371340210734566,-0.5505151588348705,2.4537652035456365
