rms,skewness,kurtosis,crest_factor
0.0778276512461614,0.0258376459774555,0.7541433797346535,3.045024141529203
