rms,skewness,kurtosis,crest_factor
0.0824500896363549,-0.2038130632121467,-0.687513899523847,2.3606784990119816
