rms,skewness,kurtosis,crest_factor
0.0783486803011215,-0.1676077981691681,-0.7496378004989142,2.1194721533997445
