rms,skewness,kurtosis,crest_factor
0.086048328499022,-0.2044894651145798,-0.654440496299475,2.131045730644346
