rms,skewness,kurtosis,crest_factor
0.083501929090263,-0.1158476237528603,-0.9509681121805856,2.1185839426849222
