rms,skewness,kurtosis,crest_factor
0.0780457479852202,-0.3460076103045005,-0.2529861117396175,2.3629218088206856
