rms,skewness,kurtosis,crest_factor
0.0575284441298008,0.125915927932011,0.1335550150647053,3.1766386122097545
