rms,skewness,kurtosis,crest_factor
0.0581882806888541,-0.0065399861923095,-0.4564162824998163,2.376973479240353
