rms,skewness,kurtosis,crest_factor
0.0715788519084214,0.4297504635866466,-0.2579149562601306,2.952371810681717
