rms,skewness,kurtosis,crest_factor
0.0685740483377655,0.2634612463169234,-0.6919766907627269,2.844449020344078
