rms,skewness,kurtosis,crest_factor
0.0655084028356233,-0.2006297816129164,-0.5414806786859963,2.248298770281873
