rms,skewness,kurtosis,crest_factor
0.0641727231808173,0.2299061997422262,-0.2621431368293501,3.306106327388425
