rms,skewness,kurtosis,crest_factor
0.0739440043192138,0.0887347288187123,-0.5241436805578803,2.5137441419845987
