rms,skewness,kurtosis,crest_factor
0.0741166195634464,-0.2764211012343534,-0.5075878595988126,2.597959825126247
