rms,skewness,kurtosis,crest_factor
0.0670972478193207,-0.0412838051527133,-0.2515021189731556,2.571266761067423
