rms,skewness,kurtosis,crest_factor
0.0730749573800692,-0.0605919494305281,-0.5793574280705802,2.42659158869986
