rms,skewness,kurtosis,crest_factor
0.0674084468583059,0.3010083627992385,-0.2944162179420551,2.6739036531514877
