rms,skewness,kurtosis,crest_factor
0.0875454146867063,-0.1357692513918525,-0.4733706126287926,2.6212329212002565
