rms,skewness,kurtosis,crest_factor
0.0708600013531741,-0.1848371476600182,-0.2193732289061363,2.5201067713890173
