rms,skewness,kurtosis,crest_factor
0.0631148797027093,0.2718452526687415,-0.6828026666478455,2.571545252011341
