rms,skewness,kurtosis,crest_factor
0.0726525500650186,-0.0236478933509212,-0.4025279615056174,2.730712557118552
