rms,skewness,kurtosis,crest_factor
0.0644872104364821,-0.1449340945544959,-0.2494234966391775,2.5815208286463176
