rms,skewness,kurtosis,crest_factor
0.088056657108201,-0.3400900017524472,-0.3875452450831402,2.549155977728435
