rms,skewness,kurtosis,crest_factor
0.075407706530601,-0.0676814358961913,-0.2230355183110051,2.658606047566616
