rms,skewness,kurtosis,crest_factor
0.0770213706491288,-0.2831328336736504,-0.5832975961934412,2.5649864130664337
