rms,skewness,kurtosis,crest_factor
0.0738029920937735,0.4372982627328124,0.2471156767248001,3.03582438490086
