rms,skewness,kurtosis,crest_factor
0.0762601995722404,-0.1043461903186174,-0.5584023416331378,2.5276699571447536
