rms,skewness,kurtosis,crest_factor
0.0690440138406724,-0.0594404791062993,-0.5216626985549913,2.6075407107490896
