rms,skewness,kurtosis,crest_factor
0.0700505061672678,0.1588437720626681,-0.4354679628922842,2.552206891817206
