rms,skewness,kurtosis,crest_factor
0.0715444773637525,-0.194204644066353,-0.2013254530089363,3.0850050913210048
