rms,skewness,kurtosis,crest_factor
0.08550568548564,-0.0186180478152805,-0.3921249036491447,2.456862267281312
