rms,skewness,kurtosis,crest_factor
0.0575912052323988,0.1144829930983495,-0.2429691460190537,2.836298450339661
