rms,skewness,kurtosis,crest_factor
0.07180392354884,0.1188379670797281,-0.6327913982491711,2.466640439473906
