rms,skewness,kurtosis,crest_factor
0.0694124212813253,-0.2456196741797532,-0.1345879630587787,2.9874147664040813
