rms,skewness,kurtosis,crest_factor
0.0791157915841619,0.1697157738544511,0.2203603504266817,3.0402721586329977
