rms,skewness,kurtosis,crest_factor
0.0706525813988716,-0.0142220481632359,-0.8252741418368461,2.235188623361018
