rms,skewness,kurtosis,crest_factor
0.0669758001118085,-0.0866640305097251,0.0772576113328171,2.940359394709219
