rms,skewness,kurtosis,crest_factor
0.0751155172887874,0.1083144343364827,0.0310578662401139,2.70782931864814
