rms,skewness,kurtosis,crest_factor
0.0640614788850655,-0.5685740721307428,-0.0095471760603271,2.807091947738095
