rms,skewness,kurtosis,crest_factor
0.0720220962170493,-0.3851896884470098,0.0658856699014447,2.479444206852956
