rms,skewness,kurtosis,crest_factor
0.09443640931339,-0.0630132569488808,-1.0088215731270016,2.1405759617720386
