rms,skewness,kurtosis,crest_factor
0.0792583075997212,-0.2094816702636876,-0.5729727605024468,2.561028305775775
