rms,skewness,kurtosis,crest_factor
0.0748049703265233,-0.0743782962172481,-0.505428903037771,2.484812264224669
