rms,skewness,kurtosis,crest_factor
0.0735025981869196,0.2450989693338938,0.6005298798941565,3.516535032967843
