rms,skewness,kurtosis,crest_factor
0.0684548415944214,-0.2997543392737906,-0.2795635000370251,2.730550246874241
