rms,skewness,kurtosis,crest_factor
0.0790422388121374,-0.0956094248798873,-0.8063477107676675,2.1642177392165087
