rms,skewness,kurtosis,crest_factor
0.0679334167766929,0.1830719264398407,-0.408829347280895,2.763792181556545
