rms,skewness,kurtosis,crest_factor
0.0850839471947511,-0.2317626147977796,-0.1306502627189765,2.706872356170994
