rms,skewness,kurtosis,crest_factor
0.0528172440467886,-0.0080760671966975,-0.4074097822560278,2.429101780183895
