rms,skewness,kurtosis,crest_factor
0.0793202074462426,0.1946517004588745,-0.2256263946921164,2.632670875722626
