rms,skewness,kurtosis,crest_factor
0.0704315162831769,0.0517836789118963,-0.3495832489182953,2.8494062117463685
