rms,skewness,kurtosis,crest_factor
0.0813259251566326,-0.0890758732759727,-0.5081963166912065,2.403570755674009
