rms,skewness,kurtosis,crest_factor
0.0863536791805371,0.1916078513810503,-0.6311991753046047,2.7516247753631045
