rms,skewness,kurtosis,crest_factor
0.0566036179613501,-0.0972068570770149,0.6151169488244146,3.143772951022838
