rms,skewness,kurtosis,crest_factor
0.0643580165955546,0.0647745428218504,-0.4010805091461908,2.596427483572654
