rms,skewness,kurtosis,crest_factor
0.0837215142814278,-0.1114617767722153,0.1208299332400772,2.6088910307820417
