rms,skewness,kurtosis,crest_factor
0.0695981707247541,-0.0402759554237043,-0.6408551876884863,2.388948729644198
