rms,skewness,kurtosis,crest_factor
0.0625753994349418,0.0426193444287951,-0.4240497824841873,2.5903814487781127
