rms,skewness,kurtosis,crest_factor
0.0722493706544567,-0.2605537050993081,-0.4555694870301514,2.4225582327824875
