rms,skewness,kurtosis,crest_factor
0.0843108401068541,0.1678685252404317,-0.1918054917665528,3.0805784109965133
