rms,skewness,kurtosis,crest_factor
0.0723490374943141,0.2252165831096838,-0.1767734619741268,2.7104501777770413
