rms,skewness,kurtosis,crest_factor
0.0824503221880766,-0.1777383316917539,-0.0866290696549172,2.694657567360167
