rms,skewness,kurtosis,crest_factor
0.0606343805707325,-0.4905563865996012,0.0179985892739962,2.477193227823259
