rms,skewness,kurtosis,crest_factor
0.0668759585638728,0.0590141066689512,0.1376119777051103,3.119437673796289
