rms,skewness,kurtosis,crest_factor
0.0751022628170196,0.1387256062891212,-0.3050619895805297,2.5833084172843432
