rms,skewness,kurtosis,crest_factor
0.0717083432483164,-0.2960068326187996,-0.2813360357921595,2.589206274990203
