rms,skewness,kurtosis,crest_factor
0.0599081059444738,0.2920704307323858,-0.5207351155451363,2.6499971112331915
