rms,skewness,kurtosis,crest_factor
0.0771749035041267,0.0668853429865541,-0.2574518039142086,2.824792348608764
