rms,skewness,kurtosis,crest_factor
0.0677422036360798,0.2618427314241792,0.226928521301978,2.9840822536313603
