rms,skewness,kurtosis,crest_factor
0.089571329200184,0.0429835282566617,-0.4661464908392077,2.480429693287705
