rms,skewness,kurtosis,crest_factor
0.080516401163406,0.076979039426665,-0.5912558494972338,2.578012736449123
