rms,skewness,kurtosis,crest_factor
0.0904818272954532,0.1126999565354149,-0.4367949674687579,2.6099452502600182
