rms,skewness,kurtosis,crest_factor
0.0747999621035412,0.006852728191454,-0.2747490415717677,2.6969408974276243
