rms,skewness,kurtosis,crest_factor
0.0587774009260241,0.0008504735797982,-0.462327226308441,2.708073782674918
