rms,skewness,kurtosis,crest_factor
0.0812562959506317,0.0221501573178144,-0.3848715842879957,2.613587772539988
