rms,skewness,kurtosis,crest_factor
0.061575337161241,-0.0900455864458129,-0.6364283159305133,2.2834916658690245
