rms,skewness,kurtosis,crest_factor
0.083030464391582,0.0028576539507833,-0.5159266320454146,2.535128818311941
