rms,skewness,kurtosis,crest_factor
0.0714893627639319,-0.2493904342097268,-0.1559915971465462,2.684681278806771
