rms,skewness,kurtosis,crest_factor
0.0623570231099958,0.3760589867087017,-0.1155000296930968,3.1548059525755763
