rms,skewness,kurtosis,crest_factor
0.0573907100911355,-0.4074809610066003,0.2155280292100116,3.100657280496146
