rms,skewness,kurtosis,crest_factor
0.0793908348653992,-0.0478007945969792,-0.2783161279162049,2.5436146710141654
