rms,skewness,kurtosis,crest_factor
0.0618535359027729,-0.0231782404006333,0.1099093837727243,2.920785698668908
