rms,skewness,kurtosis,crest_factor
0.0764945957688283,-0.0281807596210358,-0.5720655418924272,2.4490176528386245
