rms,skewness,kurtosis,crest_factor
0.0681577234928714,-0.0350149670351184,-0.539644353924722,2.528199283392
