rms,skewness,kurtosis,crest_factor
0.0782321508680011,-0.2404128320094555,-0.6721085658821422,2.599954082090761
