rms,skewness,kurtosis,crest_factor
0.0766079476705335,0.0879683158517925,-0.6086764863462828,2.508026583052191
