rms,skewness,kurtosis,crest_factor
0.0746013523380691,-0.1395880809552915,-0.5471148988057952,2.404905878330547
