rms,skewness,kurtosis,crest_factor
0.0720873618565594,0.0341722209846442,-0.3163655814490127,2.462729773090428
