rms,skewness,kurtosis,crest_factor
0.0753693433552858,0.0504006595004775,-0.0890026609341512,2.5021885463870315
