rms,skewness,kurtosis,crest_factor
0.0702259357224791,-0.422377914238623,0.0545542712455402,2.629008976316386
