rms,skewness,kurtosis,crest_factor
0.0808730020142949,-0.3187985958796842,0.1769569330506852,2.773008703471876
