rms,skewness,kurtosis,crest_factor
0.085025158970586,0.1223071404088104,0.5563554540741125,2.882947587406169
