rms,skewness,kurtosis,crest_factor
0.0709904901138779,-0.0811247971582272,-0.0582151083772424,3.073815830228141
