rms,skewness,kurtosis,crest_factor
0.0731683145485228,0.1583958574412963,-0.3531495526003585,2.7086125545940503
