rms,skewness,kurtosis,crest_factor
0.0673735054165571,0.2276713794933695,-0.845478202990178,2.2758546812175533
