rms,skewness,kurtosis,crest_factor
0.0596539650861464,-0.206003943784546,-0.1663132035610437,2.7312285972831782
