rms,skewness,kurtosis,crest_factor
0.0783448499653816,-0.2693482398980887,-0.4698120463795807,2.5376328070870016
