rms,skewness,kurtosis,crest_factor
0.0761581275716805,0.3176917870668101,-0.1635545532267635,3.3884398027819893
