rms,skewness,kurtosis,crest_factor
0.0678917746931464,-0.0964601228835864,-0.2375644186963508,2.906834513284212
