rms,skewness,kurtosis,crest_factor
0.0726494372468441,-0.066757593315973,-0.5272053243741741,2.4092176667192398
