rms,skewness,kurtosis,crest_factor
0.0623849780849913,-0.1385421867439658,-0.858197057769281,2.07662417817409
