rms,skewness,kurtosis,crest_factor
0.076579504019792,0.0063086409219799,-0.3823656787634748,2.688753175551627
