rms,skewness,kurtosis,crest_factor
0.0681732726702347,0.1439570716320813,-0.0662406872327747,2.8030294692178543
