rms,skewness,kurtosis,crest_factor
0.0835284874495223,-0.0018451111671358,-0.7705653313978216,2.2702600083592093
