rms,skewness,kurtosis,crest_factor
0.0727509462281067,0.1663951081229948,0.687081146268028,3.18295622158677
