rms,skewness,kurtosis,crest_factor
0.061456853007951,-0.2238928542784542,-0.389398158809616,2.447435638922689
