rms,skewness,kurtosis,crest_factor
0.0688199976278371,0.3681825220440255,-0.4095357179974832,2.673623591587327
