rms,skewness,kurtosis,crest_factor
0.0636231663534081,-0.0342548811542116,-0.7383481633334577,2.4198442591014917
