rms,skewness,kurtosis,crest_factor
0.0546318528244281,-0.3670696315488809,0.3054384616243375,2.974663611312102
