rms,skewness,kurtosis,crest_factor
0.0743152308500827,-0.0375881495232325,-0.4845945787076977,2.582595137641829
