rms,skewness,kurtosis,crest_factor
0.0836885501539285,-0.0756639120862576,-0.648442258441718,2.2783817043998664
