rms,skewness,kurtosis,crest_factor
0.0892293548919176,-0.2507595302957822,-0.9476539826841552,2.1813242299231748
