rms,skewness,kurtosis,crest_factor
0.067747381145217,-0.1774788784209367,0.2188975223214138,2.9992507633592846
