rms,skewness,kurtosis,crest_factor
0.0629515633921752,0.3063529047181262,-0.2817749105207072,2.7571674259892025
