rms,skewness,kurtosis,crest_factor
0.0700337794922337,-0.4131826813186577,0.0768893998815669,2.9877186735642915
