rms,skewness,kurtosis,crest_factor
0.0705880927314196,-0.3285930223765374,-0.3781973614870666,2.6450745728629363
