rms,skewness,kurtosis,crest_factor
0.0610580764313529,0.0887427614520619,-0.2348209477221945,2.770920520453872
