rms,skewness,kurtosis,crest_factor
0.057019170358048,0.336248489786288,-0.4994442931201561,2.835483611243089
