rms,skewness,kurtosis,crest_factor
0.0714068833661376,0.4136881061364301,0.0188596506555343,2.8075638532973044
