rms,skewness,kurtosis,crest_factor
0.0788128827370665,-0.1628160528757636,-0.1277047872553236,2.985782852674174
