rms,skewness,kurtosis,crest_factor
0.0815221248392766,-0.2316542483341012,-0.4644594188235746,2.3056619526175908
