rms,skewness,kurtosis,crest_factor
0.0708423997307706,-0.2242606798427301,-0.1770660534683914,2.5737389874816823
