rms,skewness,kurtosis,crest_factor
0.0820905949152615,-0.0818541178589661,-0.6586014021918687,2.388805462317397
