rms,skewness,kurtosis,crest_factor
0.0620637767103723,0.2044550340678078,-0.2866623683475722,3.011730747351474
