rms,skewness,kurtosis,crest_factor
0.0773982008415554,0.1273219411113014,-0.4474575006562915,2.652226230449069
