rms,skewness,kurtosis,crest_factor
0.0750544997709122,-0.0461765454958211,-0.5960307835767842,2.2541896547106983
