rms,skewness,kurtosis,crest_factor
0.0754275890266079,-0.0531564254547737,-0.5087749800279378,2.680031408945043
