rms,skewness,kurtosis,crest_factor
0.068062152582657,0.173371753082085,-0.1647000911296872,2.8811674932013465
