rms,skewness,kurtosis,crest_factor
0.0625463976251012,-0.0447368134399387,-0.4781412513520768,2.468173875347704
