rms,skewness,kurtosis,crest_factor
0.0711040576012188,0.329095097901375,0.4581015305355889,3.29775402724236
