rms,skewness,kurtosis,crest_factor
0.0712799932965308,-0.4316697227107211,-0.1307357253360139,2.475990908843212
