rms,skewness,kurtosis,crest_factor
0.0801132170035741,-0.0904879740240113,-0.0747796727963638,2.906071905967559
