rms,skewness,kurtosis,crest_factor
0.0793569393912138,-0.0769939334151569,-0.7969543159895736,2.326508769125444
