rms,skewness,kurtosis,crest_factor
0.0919732419384936,0.0568026236284779,-0.4641488780536398,2.6901068282371168
