rms,skewness,kurtosis,crest_factor
0.08599589623242,0.0409286340848467,-0.7225571565275497,2.4307277968202765
