rms,skewness,kurtosis,crest_factor
0.0739196764451348,0.1128962000188361,-0.1419666383109206,2.827834555522778
