rms,skewness,kurtosis,crest_factor
0.0746767916004934,0.2567803945073389,-0.5610916821619529,2.748879994198654
