rms,skewness,kurtosis,crest_factor
0.0673159443373506,-0.0971668762311963,-0.7060930854844507,2.386267439833232
