rms,skewness,kurtosis,crest_factor
0.0770158265450656,0.1757073963414259,-0.2280273795848395,2.7520737006595244
