rms,skewness,kurtosis,crest_factor
0.0647364150083362,0.0813643980080661,-0.2149365804960741,2.871278980591869
