rms,skewness,kurtosis,crest_factor
0.080418648041707,-0.0569939711087383,-0.7186418409411024,2.5240758726197123
