rms,skewness,kurtosis,crest_factor
0.0636749327990385,-0.0238340052320797,0.0708472566943112,2.88638159110753
