rms,skewness,kurtosis,crest_factor
0.0693148273317496,-0.0295935957198237,-0.289471206979297,2.6605562921964943
