rms,skewness,kurtosis,crest_factor
0.0696635156166622,0.2928631898277035,-0.2765092619511859,3.2581407419991084
