rms,skewness,kurtosis,crest_factor
0.0750370630234627,-0.3751534823723688,0.0976210674386854,2.9330736292332342
