rms,skewness,kurtosis,crest_factor
0.086074561147679,-0.235981908226743,-0.6780115008081125,2.251579209043903
