rms,skewness,kurtosis,crest_factor
0.0557535072608976,0.0585229537918965,-0.4620171442008862,2.4620679455119348
