rms,skewness,kurtosis,crest_factor
0.0572762126978758,-0.193742875671885,-0.2044738391832981,2.6588565059728277
