rms,skewness,kurtosis,crest_factor
0.060027573073479,0.3493194779348733,-0.0173275793279539,3.211201211627522
