rms,skewness,kurtosis,crest_factor
0.0635410672063782,-0.1940361965538077,-0.1880312402331641,2.8300824875099115
