rms,skewness,kurtosis,crest_factor
0.0708082382774857,-0.0115982273094586,-0.2572790235599833,2.881385713259842
