rms,skewness,kurtosis,crest_factor
0.0668303189250364,-0.4807690180278152,0.6199624478148187,3.3431993220576306
