rms,skewness,kurtosis,crest_factor
0.0591423680483925,-0.3244361137810959,-0.0294594864458965,2.772491155131368
