rms,skewness,kurtosis,crest_factor
0.0744684150333104,-0.1949559009173285,-0.1455260471243784,2.986286197987769
