rms,skewness,kurtosis,crest_factor
0.0710311856552422,-0.1322642215458764,-0.7695295921425842,2.232085679622768
