rms,skewness,kurtosis,crest_factor
0.0850737857803271,-0.0722975117977872,-0.716462231073681,2.305039792690268
