rms,skewness,kurtosis,crest_factor
0.0559877474913771,-0.1589515176361595,-0.4329117348297027,2.1872148149573394
