rms,skewness,kurtosis,crest_factor
0.0671775869588664,-0.2870709696818717,-0.2096119350499732,2.412920159597365
