rms,skewness,kurtosis,crest_factor
0.0738372147810003,-0.113717262503562,-0.5347879336005583,2.531506438450903
