rms,skewness,kurtosis,crest_factor
0.0595423161381056,0.1521465396598183,-0.6685031424487975,2.711824432858632
