rms,skewness,kurtosis,crest_factor
0.0730685768198387,-0.1425447807865478,-0.0366460523066867,2.41252817109938
