rms,skewness,kurtosis,crest_factor
0.080249593409602,0.0657146759151371,-0.5186656142842119,2.885535827467133
