rms,skewness,kurtosis,crest_factor
0.0845652592678053,-0.0319152060709492,-0.7107567332604385,2.244893489876328
