rms,skewness,kurtosis,crest_factor
0.0685468259013194,0.0716665121341004,-0.5464263969282999,2.535151892150129
