rms,skewness,kurtosis,crest_factor
0.0626580920758717,-0.1859214873772807,-0.2229012779818027,2.643563024294512
