rms,skewness,kurtosis,crest_factor
0.0552090666791294,-0.0085812193679917,-0.7698802321955394,2.2331783477567826
