rms,skewness,kurtosis,crest_factor
0.0668214269544705,-0.0777965467938189,-0.6582435805037932,2.566270341258756
