rms,skewness,kurtosis,crest_factor
0.0649408673861779,0.1134624388691341,-0.6496433103573369,2.235823350323951
