rms,skewness,kurtosis,crest_factor
0.0716721944970467,-0.1672724395278749,-0.725787722847151,2.217944130111338
