rms,skewness,kurtosis,crest_factor
0.0690938008478382,0.4241458227996165,0.3435469105881119,3.426913248844228
