rms,skewness,kurtosis,crest_factor
0.0887705891125614,-0.1443262473191701,-0.5170074286906492,2.429952418348703
