rms,skewness,kurtosis,crest_factor
0.0716705868543718,0.1231004998965058,-0.5739002743330794,2.686625133839749
