rms,skewness,kurtosis,crest_factor
0.0737435116326989,0.0302710419619268,-0.6292277942651219,2.5941307032560985
