rms,skewness,kurtosis,crest_factor
0.0561377746625258,0.2988843815983335,-0.3330931309786185,2.976621785980224
