rms,skewness,kurtosis,crest_factor
0.0689242703823216,-0.088915224788942,0.001590803932566,2.69076590719552
