rms,skewness,kurtosis,crest_factor
0.0805195954592033,0.2784595509805375,0.0897621903265584,2.919904616021832
