rms,skewness,kurtosis,crest_factor
0.0631445244721799,-0.0349682927319206,-0.6485818366196359,2.3588962916493137
