rms,skewness,kurtosis,crest_factor
0.0627250651281501,-0.0698701708478819,-0.2848549355018472,2.723887167768313
