rms,skewness,kurtosis,crest_factor
0.0633242958485839,-0.5009604941785548,0.4517658433432632,3.1757989263725537
