rms,skewness,kurtosis,crest_factor
0.0742755830174232,-0.0325693027314777,-0.0957276929856001,2.7131723959836065
