rms,skewness,kurtosis,crest_factor
0.0648536668555624,0.1522277000539518,-0.4327459957292494,2.8403541934743397
