rms,media,desvio_padrao,minimo,skewness,kurtosis,pico_a_pico,crest_factor,shape_factor,mean_abs
0.0037035079704766,0.0023076045159729,0.0028967106664707,-0.002261758,-0.0502315562534843,-1.441926146800408,0.0090470325,1.8321209388748028,1.2169840562053968,0.0030431852838108
