rms,media,desvio_padrao,minimo,skewness,kurtosis,pico_a_pico,crest_factor,shape_factor,mean_abs
0.0031246320460323,0.0013091707405135,0.0028371459947059,-0.0030156774,-0.067914459034413,-1.4590833602135578,0.0082931127,1.688978165189473,1.1560283054462432,0.0027029027155405
