rms,media,desvio_padrao,minimo,skewness,kurtosis,pico_a_pico,crest_factor,shape_factor,mean_abs
0.0030472228211369,0.0011380106752162,0.0028267470040227,-0.0030156774,0.0259861969672778,-1.4547482703469463,0.0082931127,1.7318836231447632,1.160637581215526,0.0026254731627297
