rms,media,desvio_padrao,minimo,skewness,kurtosis,pico_a_pico,crest_factor,shape_factor,mean_abs
0.003388446032343,0.0018725726488378,0.0028240110107657,-0.002261758,0.0187338771328513,-1.4442209087150932,0.0090470325,2.0024738287798654,1.211174928059766,0.0027976520598648
