rms,media,desvio_padrao,minimo,skewness,kurtosis,pico_a_pico,crest_factor,shape_factor,mean_abs
0.0029025034911753,-0.0001568967237297,0.0028982598113985,-0.0052774353,-0.0387018538533442,-1.44263467955956,0.0098009513,1.818235642453263,1.119856754349637,0.0025918524667567
