rms,media,desvio_padrao,minimo,skewness,kurtosis,pico_a_pico,crest_factor,shape_factor,mean_abs
0.0029685715597418,0.0007304867068108,0.0028772914827108,-0.0037695968,0.022898758848175,-1.4887780625962046,0.0090470321,1.7777692717836968,1.1333192855810426,0.002619360314
