rms,media,desvio_padrao,minimo,skewness,kurtosis,pico_a_pico,crest_factor,shape_factor,mean_abs
0.0044125481356645,0.0033692045088378,0.0028493932735203,-0.0015078387,-0.078736332121212,-1.4631039118577278,0.0090470323,1.7085804773582636,1.2363918697549194,0.0035688912581891
