rms,media,desvio_padrao,minimo,skewness,kurtosis,pico_a_pico,crest_factor,shape_factor,mean_abs
0.0028311003132607,-0.0001518026765675,0.002827027578771,-0.004523516,-0.0254711576493411,-1.4725389131944449,0.0082931128,1.597794320043002,1.1191424452606515,0.0025297050659189
