rms,media,desvio_padrao,minimo,skewness,kurtosis,pico_a_pico,crest_factor,shape_factor,mean_abs
0.0032787804049904,0.0016329831865856,0.0028431965912468,-0.0030156774,-0.0252212828737526,-1.477128553399988,0.0090470324,1.8395117254025293,1.180870079432499,0.0027765801353576
