rms,media,desvio_padrao,minimo,skewness,kurtosis,pico_a_pico,crest_factor,shape_factor,mean_abs
0.0053460502400504,0.0045265725846756,0.0028443617570214,0.0,-0.0730523528096161,-1.4481165609010649,0.009047032,1.6922833856336157,1.1810371180502126,0.0045265725846756
