rms,media,desvio_padrao,minimo,skewness,kurtosis,pico_a_pico,crest_factor,shape_factor,mean_abs
0.0040587501330036,0.0029107400273243,0.0028286118743102,-0.0015078387,-0.0625940564064711,-1.4620559693915414,0.0082931132,1.6717645279086473,1.236057952342347,0.0032836244654324
