rms,media,desvio_padrao,minimo,skewness,kurtosis,pico_a_pico,crest_factor,shape_factor,mean_abs
0.0035029139275061,-0.0019673219904864,0.0028982840042454,-0.0067852745,-0.0567277362140859,-1.4360547844023817,0.0098009519,1.937037175455428,1.2179386619457602,0.0028761004449189
