rms,media,desvio_padrao,minimo,skewness,kurtosis,pico_a_pico,crest_factor,shape_factor,mean_abs
0.0028338120644509,-0.0006367561987297,0.0027613461137653,-0.0052774353,-0.067408146806244,-1.4800832760089255,0.0090470321,1.862309560398652,1.1376247038623557,0.0024909902666756
