rms,media,desvio_padrao,minimo,skewness,kurtosis,pico_a_pico,crest_factor,shape_factor,mean_abs
0.0029009152358194,0.0007070540827567,0.0028134291761951,-0.0037695968,-0.0508637497482769,-1.4649784968492274,0.0090470321,1.81923112914029,1.1299034387202689,0.0025674010153513
