rms,media,desvio_padrao,minimo,skewness,kurtosis,pico_a_pico,crest_factor,shape_factor,mean_abs
0.0036233098496269,0.0022536075798918,0.0028371864835179,-0.002261758,-0.067789827044804,-1.4395986044164932,0.0090470325,1.872672992815862,1.2104880653405163,0.0029932635879459
