rms,media,desvio_padrao,minimo,skewness,kurtosis,pico_a_pico,crest_factor,shape_factor,mean_abs
0.0041759974875201,-0.0030951446265135,0.0028033970030551,-0.0075391936,-0.076106332291975,-1.421847206589841,0.0090470323,1.80536353829971,1.266655573304745,0.0032968689954324
