rms,media,desvio_padrao,minimo,skewness,kurtosis,pico_a_pico,crest_factor,shape_factor,mean_abs
0.0028977361702555,-0.0001100314667837,0.002895646385304,-0.004523516,-0.0258151752956059,-1.451760648147964,0.009047032,1.561051708720992,1.1206604718549968,0.0025857396089459
