rms,media,desvio_padrao,minimo,skewness,kurtosis,pico_a_pico,crest_factor,shape_factor,mean_abs
0.0032351410153814,0.0016097196705945,0.0028062323445331,-0.0030156774,-0.0218000427027916,-1.483864246350262,0.0090470324,1.864325224564871,1.181328786227161,0.002738561062
