rms,media,desvio_padrao,minimo,skewness,kurtosis,pico_a_pico,crest_factor,shape_factor,mean_abs
0.0037510086405434,0.0023554885955135,0.0029192018254717,-0.002261758,0.0382681305343674,-1.4564452654815554,0.0090470325,1.8089199866564143,1.2363180113019705,0.0030340160106486
