rms,media,desvio_padrao,minimo,skewness,kurtosis,pico_a_pico,crest_factor,shape_factor,mean_abs
0.0039534893699026,-0.0027538432923243,0.0028366221671653,-0.0075391936,-0.0749609639320677,-1.437858576700977,0.0090470323,1.9069720175283025,1.2635940783946744,0.0031287653507567
