rms,media,desvio_padrao,minimo,skewness,kurtosis,pico_a_pico,crest_factor,shape_factor,mean_abs
0.0046699763233553,0.0036279822177297,0.0029404802139339,-0.00075391936,0.0005321278015273,-1.466682216590668,0.00904703236,1.7758361982532238,1.2513666716545866,0.0037319008322162
