rms,media,desvio_padrao,minimo,skewness,kurtosis,pico_a_pico,crest_factor,shape_factor,mean_abs
0.0029381425402003,0.0007956905443783,0.0028283490138456,-0.0037695968,0.0466706400163529,-1.4236111748982827,0.0090470321,1.7961808277825153,1.1475911910325984,0.002560269339081
