rms,media,desvio_padrao,minimo,skewness,kurtosis,pico_a_pico,crest_factor,shape_factor,mean_abs
0.0029199170601575,0.0008068974548108,0.0028062131308258,-0.0037695968,-0.0186842586050435,-1.455944791904172,0.0090470321,1.807392193432768,1.1373046313855488,0.0025674010107567
