rms,media,desvio_padrao,minimo,skewness,kurtosis,pico_a_pico,crest_factor,shape_factor,mean_abs
0.0028210440491175,0.0003637151434054,0.0027974990297619,-0.0037695968,-0.0602777386170663,-1.4521274373326956,0.0082931128,1.6034900275360962,1.1214905205937242,0.0025154417244864
