rms,media,desvio_padrao,minimo,skewness,kurtosis,pico_a_pico,crest_factor,shape_factor,mean_abs
0.0028589916719821,0.0006084261365452,0.0027935015691479,-0.0037695968,-0.0648022381719087,-1.4615889669914812,0.0082931128,1.582206777420889,1.123999714714925,0.0025435875423751
