rms,media,desvio_padrao,minimo,skewness,kurtosis,pico_a_pico,crest_factor,shape_factor,mean_abs
0.0063723153938298,-0.0057053356881081,0.0028382297589238,-0.009800952,-0.0519619550996961,-1.459972258669387,0.0082931133,1.538051931561644,1.1169045507895283,0.0057053356881081
