rms,media,desvio_padrao,minimo,skewness,kurtosis,pico_a_pico,crest_factor,shape_factor,mean_abs
0.0028756512548211,0.0005012544782432,0.0028316274626786,-0.0037695968,0.0172554875426174,-1.4291697475439913,0.0090470321,1.8352139506319216,1.1308329806768926,0.0025429495813783
