rms,media,desvio_padrao,minimo,skewness,kurtosis,pico_a_pico,crest_factor,shape_factor,mean_abs
0.0030391460238539,0.0010402049243783,0.0028555879026228,-0.0037695968,-0.0619867993003337,-1.4681911930548837,0.0090470321,1.7364862558685856,1.1407400992737902,0.0026641879476216
