rms,media,desvio_padrao,minimo,skewness,kurtosis,pico_a_pico,crest_factor,shape_factor,mean_abs
0.002842308482115,0.0004517411450202,0.002806180223257,-0.0037695968,-0.0769711243023857,-1.4514250686418009,0.0082931128,1.5914936849619692,1.1219285046173328,0.0025334131991632
