rms,media,desvio_padrao,minimo,skewness,kurtosis,pico_a_pico,crest_factor,shape_factor,mean_abs
0.0028995910356858,0.0008048598365405,0.0027856469298447,-0.0037695968,-0.0494480997550529,-1.4930779059127277,0.0090470321,1.820061944960379,1.1329844415192776,0.0025592505328648
