rms,media,desvio_padrao,minimo,skewness,kurtosis,pico_a_pico,crest_factor,shape_factor,mean_abs
0.0028983987456431,0.0005919285604864,0.0028373113801672,-0.004523516,0.0089480957877611,-1.4374090777158235,0.0098009513,1.8208106486151836,1.134777278606381,0.0025541564854054
