rms,media,desvio_padrao,minimo,skewness,kurtosis,pico_a_pico,crest_factor,shape_factor,mean_abs
0.0039325483500608,-0.002748749239,0.0028123502887554,-0.0075391936,-0.0071524475971847,-1.4108174077292637,0.0098009516,1.9171267404464012,1.2483644981734987,0.0031501603544594
