rms,media,desvio_padrao,minimo,skewness,kurtosis,pico_a_pico,crest_factor,shape_factor,mean_abs
0.0029707020365882,-0.0006786291440485,0.0028921502511172,-0.0052774353,0.0090136835248973,-1.4747540002957442,0.0090470321,1.7764943218812022,1.1330210961440377,0.0026219300299865
