rms,media,desvio_padrao,minimo,skewness,kurtosis,pico_a_pico,crest_factor,shape_factor,mean_abs
0.0030564093781704,0.0011145780466216,0.0028459364126693,-0.0037695968,-0.0454139600756644,-1.4575945314053285,0.0090470321,1.7266781530290478,1.1476587573757615,0.0026631691332702
