rms,media,desvio_padrao,minimo,skewness,kurtosis,pico_a_pico,crest_factor,shape_factor,mean_abs
0.0055864053580583,0.0048311967393243,0.0028048998004359,0.00075391936,0.0092887273881781,-1.4701501171573048,0.00829311264,1.6194728846430162,1.1563191605481322,0.0048311967393243
