rms,media,desvio_padrao,minimo,skewness,kurtosis,pico_a_pico,crest_factor,shape_factor,mean_abs
0.0028908755716217,0.0006888034975978,0.0028076166604962,-0.0037695968,0.0331795862671778,-1.4809875448259842,0.0090470321,1.825549100696673,1.1333613196245689,0.0025507095765182
