rms,media,desvio_padrao,minimo,skewness,kurtosis,pico_a_pico,crest_factor,shape_factor,mean_abs
0.0029433663709988,0.0008119915021081,0.0028291474677773,-0.0037695968,0.0326113490203478,-1.472689266904449,0.0090470321,1.7929930001235506,1.139654457625026,0.0025826831556756
