rms,media,desvio_padrao,minimo,skewness,kurtosis,pico_a_pico,crest_factor,shape_factor,mean_abs
0.0028075521723708,0.0002808120650472,0.0027934734265261,-0.0037695968,-0.0781515966132171,-1.4683831153716922,0.0082931128,1.6111957043990195,1.1144754649188058,0.0025191691165452
