rms,media,desvio_padrao,minimo,skewness,kurtosis,pico_a_pico,crest_factor,shape_factor,mean_abs
0.005780410114608,0.0049666984409189,0.0029572026799048,0.00075391936,0.0261304454845324,-1.4748356614670886,0.00904703264,1.695546130062879,1.1638335170473086,0.0049666984409189
