rms,media,desvio_padrao,minimo,skewness,kurtosis,pico_a_pico,crest_factor,shape_factor,mean_abs
0.0030356056584089,0.0010707692211351,0.0028404849917635,-0.0037695968,-0.0221253331978708,-1.4463263083129438,0.0090470321,1.7385114846459149,1.1517434720542823,0.0026356612666486
