rms,media,desvio_padrao,minimo,skewness,kurtosis,pico_a_pico,crest_factor,shape_factor,mean_abs
0.002851510487118,0.0006092483336216,0.002785664826594,-0.0037695968,-0.0400198943111598,-1.4620102121616578,0.0082931128,1.586357834009522,1.1276648078861922,0.0025286862436216
