rms,media,desvio_padrao,minimo,skewness,kurtosis,pico_a_pico,crest_factor,shape_factor,mean_abs
0.0043752259541068,0.0033111323448108,0.0028598959324838,-0.0015078387,-0.084332432656173,-1.4676940294111942,0.0090470323,1.7231552562270045,1.235456732414174,0.0035413833923243
