rms,media,desvio_padrao,minimo,skewness,kurtosis,pico_a_pico,crest_factor,shape_factor,mean_abs
0.0029106955695515,0.0005644206947297,0.0028554470714702,-0.0037695968,-0.0596604104698532,-1.4666472607806444,0.0090470321,1.81311826465352,1.1221352791618588,0.0025938900804594
