rms,media,desvio_padrao,minimo,skewness,kurtosis,pico_a_pico,crest_factor,shape_factor,mean_abs
0.0028191374780742,0.0003127746468108,0.0028017330601959,-0.004523516,-0.0448833532972006,-1.452713245583332,0.009047032,1.604574461224943,1.1207325738028455,0.0025154417244324
