rms,media,desvio_padrao,minimo,skewness,kurtosis,pico_a_pico,crest_factor,shape_factor,mean_abs
0.0028108151831303,-0.0001426333876756,0.00280719392106,-0.004523516,-0.0527239751186762,-1.4590780901985727,0.0082931128,1.6093253043276357,1.1187834875842049,0.0025123852955675
