rms,media,desvio_padrao,minimo,skewness,kurtosis,pico_a_pico,crest_factor,shape_factor,mean_abs
0.0028761854187448,0.0005114425785945,0.0028303478676306,-0.0037695968,-0.025857394012182,-1.4573856217357803,0.0082931128,1.572748394633742,1.1265296963521945,0.0025531376829729
