rms,media,desvio_padrao,minimo,skewness,kurtosis,pico_a_pico,crest_factor,shape_factor,mean_abs
0.0028863156750754,0.000586834513054,0.0028260296230709,-0.0037695968,-0.0286638537885838,-1.4648515829345483,0.0090470321,1.8284331632790207,1.1269000189894374,0.002561288159054
