rms,media,desvio_padrao,minimo,skewness,kurtosis,pico_a_pico,crest_factor,shape_factor,mean_abs
0.0029810942358411,0.0010147346775945,0.002803076234613,-0.0037695968,-0.0911881867178852,-1.4716990155533165,0.0090470321,1.7703014002544122,1.137657604621225,0.0026203791226216
