rms,media,desvio_padrao,minimo,skewness,kurtosis,pico_a_pico,crest_factor,shape_factor,mean_abs
0.003212626095371,0.0014701427137027,0.0028565095536346,-0.0030156774,0.0127604622005076,-1.467970454164373,0.0090470324,1.8773909010732224,1.1779277320705348,0.0027273541558648
