rms,media,desvio_padrao,minimo,skewness,kurtosis,pico_a_pico,crest_factor,shape_factor,mean_abs
0.0038951624132181,0.0026010217993783,0.0028994785435497,-0.002261758,-0.0060555316126384,-1.44963141036971,0.0090470325,1.741974731778675,1.23769742162316,0.0031471039247297
