rms,media,desvio_padrao,minimo,skewness,kurtosis,pico_a_pico,crest_factor,shape_factor,mean_abs
0.0033691229361313,-0.001819594529027,0.0028355008567626,-0.0067852745,0.029617827323457,-1.456468327121785,0.0090470325,2.0139587152587644,1.1921124797386449,0.0028261787317837
