rms,media,desvio_padrao,minimo,skewness,kurtosis,pico_a_pico,crest_factor,shape_factor,mean_abs
0.002890968995508,0.0004818970906486,0.0028505222200525,-0.004523516,-0.045885007776613,-1.4429726063471315,0.009047032,1.5647058156032154,1.1273714939002168,0.0025643445937297
