rms,media,desvio_padrao,minimo,skewness,kurtosis,pico_a_pico,crest_factor,shape_factor,mean_abs
0.0031204502876805,-0.0014375407937567,0.0027696004159753,-0.006031355,-0.0242852693358454,-1.4759973687461334,0.0090470324,1.932847648242178,1.1802846027800902,0.0026438117385675
