rms,media,desvio_padrao,minimo,skewness,kurtosis,pico_a_pico,crest_factor,shape_factor,mean_abs
0.0028701703814765,0.0004920851891891,0.0028276722202698,-0.0037695968,0.0210919833400302,-1.4703638560050076,0.0082931128,1.576044415061145,1.1264212067288375,0.0025480436308648
