rms,media,desvio_padrao,minimo,skewness,kurtosis,pico_a_pico,crest_factor,shape_factor,mean_abs
0.0027950582230751,8.252360332432435e-05,0.0027938397100181,-0.0037695968,0.0116812417332141,-1.4798181638913503,0.0082931128,1.618397771701236,1.1165869072575656,0.0025032160102432
