rms,media,desvio_padrao,minimo,skewness,kurtosis,pico_a_pico,crest_factor,shape_factor,mean_abs
0.0031567273346374,0.0010998472346018,0.002958929456034,-0.0030156774,0.040550305241458,-1.4674166854119963,0.0090470324,1.9106354019938463,1.1581309836111855,0.0027257083864507
