rms,media,desvio_padrao,minimo,skewness,kurtosis,pico_a_pico,crest_factor,shape_factor,mean_abs
0.0039164994641734,0.0025877772705405,0.0029397919740935,-0.0015078387,0.0136454312834244,-1.461291601985421,0.0090470323,1.9249826711238949,1.236869513102629,0.0031664613143783
