rms,media,desvio_padrao,minimo,skewness,kurtosis,pico_a_pico,crest_factor,shape_factor,mean_abs
0.0029442795858529,0.0008822893871621,0.0028089762756156,-0.0030156774,0.0332761023495273,-1.470386440788802,0.0082931127,1.792436875002519,1.1467938124199817,0.0025674010044054
