rms,media,desvio_padrao,minimo,skewness,kurtosis,pico_a_pico,crest_factor,shape_factor,mean_abs
0.0061979845269673,-0.0054964796304324,0.0028642143545426,-0.009800952,-0.0040368049802451,-1.4566574569523345,0.00904703264,1.581312756970619,1.1276280353430042,0.0054964796304324
