rms,media,desvio_padrao,minimo,skewness,kurtosis,pico_a_pico,crest_factor,shape_factor,mean_abs
0.0038557212289912,0.0026132475162702,0.00283505266519,-0.0015078387,0.0367798432967223,-1.4431288058181535,0.0090470323,1.9553264233193504,1.2486091523987697,0.0030880129475135
