rms,media,desvio_padrao,minimo,skewness,kurtosis,pico_a_pico,crest_factor,shape_factor,mean_abs
0.0029221521716377,0.0008547815209459,0.0027943374645265,-0.0030156774,0.013115972724602,-1.4782639675260505,0.0082931127,1.8060097455644244,1.1422546878418751,0.0025582317172702
