rms,media,desvio_padrao,minimo,skewness,kurtosis,pico_a_pico,crest_factor,shape_factor,mean_abs
0.0032134427833746,0.0015322571154925,0.0028246066370461,-0.0030156774,-0.0312335699105945,-1.4930442443871093,0.0090470324,1.8769137671298464,1.1749912473427515,0.002734865294224
