rms,media,desvio_padrao,minimo,skewness,kurtosis,pico_a_pico,crest_factor,shape_factor,mean_abs
0.0032918629894196,0.0017116006704864,0.0028119006180697,-0.002261758,0.0117171277105502,-1.4695462819490597,0.008293113,1.8322011029575973,1.1966987046820037,0.0027507867908108
