rms,media,desvio_padrao,minimo,skewness,kurtosis,pico_a_pico,crest_factor,shape_factor,mean_abs
0.0030556553612956,0.001171631403081,0.0028221108309789,-0.0030156774,-0.0791685338085116,-1.4548752758959622,0.0082931127,1.7271042300275363,1.1464984311079465,0.0026652067533513
