rms,media,desvio_padrao,minimo,skewness,kurtosis,pico_a_pico,crest_factor,shape_factor,mean_abs
0.0028678947505004,0.000486991139,0.0028262448461666,-0.0037695968,0.0238663619794784,-1.4709849680188956,0.0082931128,1.5772949823945328,1.1268798331091627,0.0025449871993783
