rms,media,desvio_padrao,minimo,skewness,kurtosis,pico_a_pico,crest_factor,shape_factor,mean_abs
0.0028359796468278,-0.0003535270424864,0.0028138584163835,-0.004523516,0.0085569642766422,-1.4610427408540871,0.0082931128,1.595045297683911,1.121071262933804,0.0025297050603243
