rms,media,desvio_padrao,minimo,skewness,kurtosis,pico_a_pico,crest_factor,shape_factor,mean_abs
0.0033156933708784,0.0016739047035675,0.0028621435276836,-0.0030156774,-0.0222370785231123,-1.4667971013493135,0.0090470324,1.8190328010946564,1.1847385930056231,0.0027986708548648
