rms,media,desvio_padrao,minimo,skewness,kurtosis,pico_a_pico,crest_factor,shape_factor,mean_abs
0.0038740052450675,0.0025154417619999,0.0029462636305661,-0.002261758,-0.0552086386658558,-1.4427972811453735,0.0090470325,1.7514882068472084,1.219916840630778,0.0031756305971351
