rms,media,desvio_padrao,minimo,skewness,kurtosis,pico_a_pico,crest_factor,shape_factor,mean_abs
0.0041158787495943,0.0029392667143243,0.0028811749449533,-0.0015078387,0.0351258002626461,-1.4789973167764197,0.0090470323,1.831733648796894,1.2581403420948063,0.0032713987556756
