rms,media,desvio_padrao,minimo,skewness,kurtosis,pico_a_pico,crest_factor,shape_factor,mean_abs
0.0028654832955722,-0.0005664583158378,0.002808935651385,-0.0052774353,0.0422071937641805,-1.464645487334439,0.0090470321,1.8417260739766688,1.1259323003065016,0.0025449872028648
