rms,media,desvio_padrao,minimo,skewness,kurtosis,pico_a_pico,crest_factor,shape_factor,mean_abs
0.0047254048588502,0.0037848789532702,0.0028291593078399,-0.00075391936,-0.0727396764696557,-1.4637986228838138,0.00904703236,1.7550058138336435,1.2312612929810258,0.0038378570704594
