rms,media,desvio_padrao,minimo,skewness,kurtosis,pico_a_pico,crest_factor,shape_factor,mean_abs
0.002871508143009,0.0005511761657837,0.0028181135267478,-0.0037695968,0.0080072424450817,-1.4667987095064474,0.0090470321,1.8378618611437152,1.128751502666299,0.002543968390054
