rms,media,desvio_padrao,minimo,skewness,kurtosis,pico_a_pico,crest_factor,shape_factor,mean_abs
0.0031628690850974,0.0014446724595945,0.0028136563994123,-0.0030156774,-0.0611903085211884,-1.4688520246944128,0.0082931127,1.6685595129010444,1.1670955567552073,0.0027100343813243
