rms,media,desvio_padrao,minimo,skewness,kurtosis,pico_a_pico,crest_factor,shape_factor,mean_abs
0.0028789881559232,3.973358575675677e-05,0.0028787139566322,-0.004523516,0.0060096965821525,-1.4958466192135402,0.009047032,1.5712173010136568,1.1147275712703533,0.0025826831865675
