rms,media,desvio_padrao,minimo,skewness,kurtosis,pico_a_pico,crest_factor,shape_factor,mean_abs
0.003679266757098,-0.0023819776391621,0.0028041373711746,-0.0067852745,0.0361652390574531,-1.428937926517713,0.0090470325,1.8441920491113724,1.2250127943063571,0.0030034516979729
