rms,media,desvio_padrao,minimo,skewness,kurtosis,pico_a_pico,crest_factor,shape_factor,mean_abs
0.0060185424003301,0.0053293947661891,0.002796498534004,0.00075391936,-0.0637403434022675,-1.487787104683484,0.00829311264,1.5031931983238538,1.1293106749218615,0.0053293947661891
