rms,media,desvio_padrao,minimo,skewness,kurtosis,pico_a_pico,crest_factor,shape_factor,mean_abs
0.0028155932765306,-0.0001762541149189,0.0028100711709525,-0.004523516,-0.0587660629243794,-1.4556921830784726,0.0082931128,1.6065942612186603,1.1220503286695982,0.0025093288639459
