rms,media,desvio_padrao,minimo,skewness,kurtosis,pico_a_pico,crest_factor,shape_factor,mean_abs
0.0028568927505455,0.0001405957715135,0.0028534310955676,-0.0052774353,-0.0424396247730637,-1.463758072809118,0.0098009513,1.847264059524902,1.1154124626436643,0.0025612881747567
