rms,media,desvio_padrao,minimo,skewness,kurtosis,pico_a_pico,crest_factor,shape_factor,mean_abs
0.002934611193118,0.0008945151073783,0.0027949571691611,-0.0030156774,-0.0017713470383094,-1.4807799708281604,0.0082931127,1.7983422513947125,1.1421215373457951,0.0025694386255405
