rms,media,desvio_padrao,minimo,skewness,kurtosis,pico_a_pico,crest_factor,shape_factor,mean_abs
0.0030825943529309,0.0010784811017813,0.0028877788104046,-0.0037695968,-0.0399648926425771,-1.4671820749662952,0.0090470321,1.7120109543385684,1.1467714912752447,0.0026880632945479
