rms,media,desvio_padrao,minimo,skewness,kurtosis,pico_a_pico,crest_factor,shape_factor,mean_abs
0.0029498831431858,-0.001117634482,0.0027299640516124,-0.0052774353,-0.0489726321973102,-1.4712010941866902,0.0082931127,1.7890319866367663,1.1595596774002552,0.0025439683706486
