rms,media,desvio_padrao,minimo,skewness,kurtosis,pico_a_pico,crest_factor,shape_factor,mean_abs
0.0028970734205242,9.678694205405405e-05,0.0028954562147882,-0.004523516,-0.0048821962553897,-1.4512607201575969,0.009047032,1.561408823108594,1.1199628849858894,0.0025867584179459
