rms,media,desvio_padrao,minimo,skewness,kurtosis,pico_a_pico,crest_factor,shape_factor,mean_abs
0.0033075468082493,0.0016075473236167,0.0028906154173623,-0.0030156774,0.0218411429456634,-1.4357252373718945,0.0098009519,2.0514522978410565,1.185582745068016,0.0027898068034547
