rms,media,desvio_padrao,minimo,skewness,kurtosis,pico_a_pico,crest_factor,shape_factor,mean_abs
0.0037802791834378,-0.0025602693925675,0.0027812823197609,-0.0075391936,-0.041652396649213,-1.4458321008911623,0.0090470323,1.994348362689914,1.2505848210039143,0.0030228091049459
