rms,media,desvio_padrao,minimo,skewness,kurtosis,pico_a_pico,crest_factor,shape_factor,mean_abs
0.0031006957170618,0.0012297035661891,0.0028464263681161,-0.0030156774,-0.0367715133075417,-1.448378461918005,0.0082931127,1.702016509056495,1.1585263389027871,0.0026764136584054
