rms,media,desvio_padrao,minimo,skewness,kurtosis,pico_a_pico,crest_factor,shape_factor,mean_abs
0.0032060444264657,-0.0015730425128378,0.0027936102300208,-0.006031355,0.0296679982586763,-1.4724194746060273,0.0090470324,1.881244985319416,1.1803647366747367,0.002716147244027
