rms,media,desvio_padrao,minimo,skewness,kurtosis,pico_a_pico,crest_factor,shape_factor,mean_abs
0.0034505544621709,0.0018532152628918,0.0029106561606951,-0.0030156774,-0.031027144971225,-1.4716349343260944,0.0090470324,1.7479379230563583,1.1929722078213751,0.0028924013816486
