rms,media,desvio_padrao,minimo,skewness,kurtosis,pico_a_pico,crest_factor,shape_factor,mean_abs
0.0055343271317339,-0.0047395038315945,0.0028576004324163,-0.009800952,-0.1003489935718972,-1.4317844554619052,0.00904703264,1.77093832126424,1.167701795036192,0.0047395038315945
