rms,media,desvio_padrao,minimo,skewness,kurtosis,pico_a_pico,crest_factor,shape_factor,mean_abs
0.003222381794691,0.0014213567068016,0.0028919698378071,-0.0037695968,-0.0003773718327095,-1.4405099788650444,0.0098009518,1.8717071359876851,1.1751993657605488,0.0027419873500404
