rms,media,desvio_padrao,minimo,skewness,kurtosis,pico_a_pico,crest_factor,shape_factor,mean_abs
0.003337628158803,-0.001843027157,0.0027826269288201,-0.006031355,0.0284273057611586,-1.4419227207456533,0.008293113,1.8070781743892808,1.196933400224774,0.0027884827661891
