rms,media,desvio_padrao,minimo,skewness,kurtosis,pico_a_pico,crest_factor,shape_factor,mean_abs
0.0029622255597638,0.0006601888232432,0.0028877207248248,-0.0037695968,-0.0841790891814362,-1.4597556054704917,0.0090470321,1.781577801394965,1.126078634950145,0.0026305672337837
