rms,media,desvio_padrao,minimo,skewness,kurtosis,pico_a_pico,crest_factor,shape_factor,mean_abs
0.002909375825632,0.000364733947027,0.0028864228454366,-0.004523516,-0.0299761953532722,-1.4040746796591348,0.0098009513,1.813940726909513,1.12782821580624,0.0025796267417837
