rms,media,desvio_padrao,minimo,skewness,kurtosis,pico_a_pico,crest_factor,shape_factor,mean_abs
0.0030486088664661,-0.0012755500169189,0.0027689326779527,-0.0052774353,0.0083087114206384,-1.4641837278357308,0.0082931127,1.7310962249209056,1.1643282113758344,0.0026183414922702
