rms,media,desvio_padrao,minimo,skewness,kurtosis,pico_a_pico,crest_factor,shape_factor,mean_abs
0.0031947643820739,-0.0014996882004864,0.0028208960913671,-0.006031355,0.0309168573651406,-1.4446628113029665,0.0090470324,1.8878872676314689,1.1744496623155964,0.0027202224876756
