rms,media,desvio_padrao,minimo,skewness,kurtosis,pico_a_pico,crest_factor,shape_factor,mean_abs
0.0029474085012121,0.0002669281896216,0.0029352966144161,-0.0037695968,0.0224995722559965,-1.4686896158768474,0.0082931128,1.5347434867408614,1.1204459838841512,0.0026305672416216
