rms,media,desvio_padrao,minimo,skewness,kurtosis,pico_a_pico,crest_factor,shape_factor,mean_abs
0.0028745826538117,0.0003382448924324,0.0028546130782189,-0.0037695968,-0.0539817355877883,-1.4660686254961195,0.0082931128,1.5736253031380931,1.119646918626163,0.0025674010315135
