rms,media,desvio_padrao,minimo,skewness,kurtosis,pico_a_pico,crest_factor,shape_factor,mean_abs
0.0042962141806127,-0.0032296275358648,0.0028331894157083,-0.0075391936,-0.0741501160464508,-1.433519412445196,0.00829311296,1.75484584405069,1.264815420449403,0.003396712367
