rms,media,desvio_padrao,minimo,skewness,kurtosis,pico_a_pico,crest_factor,shape_factor,mean_abs
0.0028563549773529,0.0003932606294324,0.0028291535543316,-0.0037695968,-0.0731820407525386,-1.4572782807831626,0.0082931128,1.5836673088132902,1.1205511954747402,0.0025490624514864
