rms,media,desvio_padrao,minimo,skewness,kurtosis,pico_a_pico,crest_factor,shape_factor,mean_abs
0.0028942882117195,-0.0003952982459729,0.0028671664669546,-0.0052774353,-0.0044434622244586,-1.4578805084180064,0.0090470321,1.8233966052968047,1.1237547404887391,0.0025755515037567
