rms,media,desvio_padrao,minimo,skewness,kurtosis,pico_a_pico,crest_factor,shape_factor,mean_abs
0.0029228092415762,-0.000788558877081,0.0028144251206987,-0.0052774353,0.034709947216282,-1.4529266232497364,0.0090470321,1.8056037407196528,1.1357270204066676,0.0025735138717837
