rms,media,desvio_padrao,minimo,skewness,kurtosis,pico_a_pico,crest_factor,shape_factor,mean_abs
0.0028090383915057,0.0002210817515945,0.002800324899733,-0.0037695968,-0.0053678735010445,-1.4570948413716889,0.0082931128,1.6103432454603168,1.1212590864526404,0.0025052536255405
