rms,media,desvio_padrao,minimo,skewness,kurtosis,pico_a_pico,crest_factor,shape_factor,mean_abs
0.0029080554721034,0.0007233550416756,0.0028166547733993,-0.0037695968,-0.0547840752373554,-1.4707805371841756,0.0090470321,1.8147643160956328,1.130889490705619,0.0025714762547567
