rms,media,desvio_padrao,minimo,skewness,kurtosis,pico_a_pico,crest_factor,shape_factor,mean_abs
0.0030556553541071,-0.0012857381149459,0.0027719861368446,-0.0052774353,0.007788825071513,-1.4686472346202102,0.0082931127,1.7271042340905824,1.1633979420915457,0.0026264919711081
