rms,media,desvio_padrao,minimo,skewness,kurtosis,pico_a_pico,crest_factor,shape_factor,mean_abs
0.0038631843869635,0.0025775891604864,0.0028775384840903,-0.002261758,-0.0048806443480436,-1.4064034409148336,0.0098009516,1.9515489929606664,1.2399802885591518,0.0031155208051351
