rms,media,desvio_padrao,minimo,skewness,kurtosis,pico_a_pico,crest_factor,shape_factor,mean_abs
0.0028230853827962,0.0001263324289189,0.002820257292511,-0.0037695968,-0.0109441198965836,-1.4863090549952191,0.0082931128,1.6023305662542222,1.113731404601929,0.0025347991186486
