rms,media,desvio_padrao,minimo,skewness,kurtosis,pico_a_pico,crest_factor,shape_factor,mean_abs
0.0027896943480719,3.871477654054053e-05,0.0027894256974764,-0.004523516,0.0046873051626048,-1.4775622188930488,0.009047032,1.6215095403287778,1.1158065144642255,0.0025001595813513
