rms,media,desvio_padrao,minimo,skewness,kurtosis,pico_a_pico,crest_factor,shape_factor,mean_abs
0.0043280984788384,0.0032500037467837,0.0028583058073647,-0.0015078387,-0.0373234799514382,-1.4679814247546965,0.0090470323,1.7419182204059531,1.2428877199021318,0.0034822924142972
