rms,media,desvio_padrao,minimo,skewness,kurtosis,pico_a_pico,crest_factor,shape_factor,mean_abs
0.0031638403366431,-0.0014833872398918,0.0027945389552296,-0.006031355,0.0075174251947057,-1.4853081499817335,0.0090470324,1.9063398775676967,1.177190105605021,0.0026876205649189
