rms,media,desvio_padrao,minimo,skewness,kurtosis,pico_a_pico,crest_factor,shape_factor,mean_abs
0.0045088896135952,0.0034822924125945,0.0028642145696113,-0.0015078387,-0.0772111095074478,-1.440135174611006,0.0098009517,1.8392805570121824,1.234833559665742,0.0036514148634054
