rms,media,desvio_padrao,minimo,skewness,kurtosis,pico_a_pico,crest_factor,shape_factor,mean_abs
0.0029137286992648,0.0007080728926756,0.0028263842115992,-0.0037695968,0.0065923052412038,-1.439075969439096,0.0090470321,1.811230847035146,1.1353448039802474,0.002566382203054
