rms,media,desvio_padrao,minimo,skewness,kurtosis,pico_a_pico,crest_factor,shape_factor,mean_abs
0.0034867599623704,0.0019642655487567,0.0028808255568772,-0.002261758,-0.027280016472002,-1.4686936298973432,0.008293113,1.7297878446153716,1.2033703025229932,0.0028974954384864
