rms,media,desvio_padrao,minimo,skewness,kurtosis,pico_a_pico,crest_factor,shape_factor,mean_abs
0.0030515049469544,0.0008282924582162,0.0029369395712118,-0.0037695968,-0.0218317894328915,-1.4416296727718665,0.0090470321,1.7294532998437613,1.1375488411442616,0.0026825265312432
