rms,media,desvio_padrao,minimo,skewness,kurtosis,pico_a_pico,crest_factor,shape_factor,mean_abs
0.0043420073899027,0.0032673235118648,0.002859654741885,-0.0015078387,-0.0220703909907518,-1.4546773089120892,0.0098009517,1.9099721062855417,1.2472468092329236,0.0034812736001891
