rms,media,desvio_padrao,minimo,skewness,kurtosis,pico_a_pico,crest_factor,shape_factor,mean_abs
0.0058590713431155,0.0051134070775135,0.0028603819785743,0.00075391936,-0.0828331733768166,-1.45603659682789,0.00904703264,1.6727824984613169,1.1458253282593471,0.0051134070775135
