rms,media,desvio_padrao,minimo,skewness,kurtosis,pico_a_pico,crest_factor,shape_factor,mean_abs
0.0028750445180089,0.0006796465845344,0.0027935571411131,-0.0037695968,0.0106997984730245,-1.4921984380027258,0.0090470321,1.83560124615208,1.131215795505442,0.0025415526634547
