rms,media,desvio_padrao,minimo,skewness,kurtosis,pico_a_pico,crest_factor,shape_factor,mean_abs
0.0030781955313106,-0.0013753933886216,0.0027538301972918,-0.0052774353,0.0323020810944482,-1.466440416701632,0.0082931127,1.7144574626008302,1.1665497766252482,0.0026387176895405
