rms,media,desvio_padrao,minimo,skewness,kurtosis,pico_a_pico,crest_factor,shape_factor,mean_abs
0.0042421489692219,-0.0031389534519189,0.0028535590240535,-0.0075391936,-0.0630668797100037,-1.447971051876231,0.0090470323,1.7772109500866302,1.266756187123702,0.0033488283004594
