rms,media,desvio_padrao,minimo,skewness,kurtosis,pico_a_pico,crest_factor,shape_factor,mean_abs
0.0034100254804565,0.0019163814808378,0.002820594936758,-0.002261758,0.0230912176559855,-1.4497047780799763,0.008293113,1.7687125901453404,1.213145117398127,0.0028108965955945
