rms,media,desvio_padrao,minimo,skewness,kurtosis,pico_a_pico,crest_factor,shape_factor,mean_abs
0.0029606147428933,-0.0004690375309311,0.0029232248374724,-0.004523516,-0.0049769487203047,-1.480866062591148,0.0082931128,1.5278975458925224,1.1222062948698832,0.0026382089963562
