rms,media,desvio_padrao,minimo,skewness,kurtosis,pico_a_pico,crest_factor,shape_factor,mean_abs
0.003822810622916,0.0025388743873513,0.0028579709417577,-0.002261758,0.0122070696994698,-1.4628119127678323,0.0090470325,1.7749439272050809,1.2399971438837618,0.0030829188936216
