rms,media,desvio_padrao,minimo,skewness,kurtosis,pico_a_pico,crest_factor,shape_factor,mean_abs
0.0028179151930967,0.000185173171255,0.0028118244845887,-0.0037695968,0.0234115640339328,-1.467042063251748,0.0082931128,1.6052704535188214,1.1194934081618504,0.0025171342435357
