rms,media,desvio_padrao,minimo,skewness,kurtosis,pico_a_pico,crest_factor,shape_factor,mean_abs
0.0040334067016047,0.0027935768726486,0.0029093466409406,-0.002261758,-0.0250238057189713,-1.3743002067824792,0.0098009516,1.8691875522992651,1.240269196123078,0.0032520413424864
