rms,media,desvio_padrao,minimo,skewness,kurtosis,pico_a_pico,crest_factor,shape_factor,mean_abs
0.0030497424319119,-0.0013519607601621,0.0027337028009617,-0.0052774353,-0.0425022237154637,-1.481583628729546,0.0082931127,1.730452789972651,1.174357058905755,0.0025969464812972
