rms,media,desvio_padrao,minimo,skewness,kurtosis,pico_a_pico,crest_factor,shape_factor,mean_abs
0.0032237245047175,0.0015750801279729,0.0028127428380107,-0.0030156774,-0.0886180296682526,-1.4637832113018945,0.0090470324,1.870927553261417,1.1676037090080968,0.0027609748751621
