rms,media,desvio_padrao,minimo,skewness,kurtosis,pico_a_pico,crest_factor,shape_factor,mean_abs
0.0047575610287586,-0.0038266501561891,0.0028268596577298,-0.008293113,-0.0737662765974795,-1.4266525526484344,0.00904703236,1.743143797813515,1.2379967597785015,0.0038429511153243
