rms,media,desvio_padrao,minimo,skewness,kurtosis,pico_a_pico,crest_factor,shape_factor,mean_abs
0.0031661458683121,0.0013519607633243,0.0028629847631207,-0.0030156774,0.0007089526077506,-1.436594072228952,0.0090470324,1.9049517144373536,1.171387280663012,0.002702902721054
