rms,media,desvio_padrao,minimo,skewness,kurtosis,pico_a_pico,crest_factor,shape_factor,mean_abs
0.0028913675086911,0.0003239815531891,0.0028731588928404,-0.004523516,-0.0311216435017376,-1.467068995858635,0.009047032,1.5644901543656196,1.1190793379313515,0.0025837019867027
