rms,media,desvio_padrao,minimo,skewness,kurtosis,pico_a_pico,crest_factor,shape_factor,mean_abs
0.0032882443395903,0.0016392651674594,0.0028505018062793,-0.0030156774,0.0223674705106703,-1.4547455089780434,0.0090470324,1.8342174051309637,1.1905328887257391,0.002761993701081
