rms,media,desvio_padrao,minimo,skewness,kurtosis,pico_a_pico,crest_factor,shape_factor,mean_abs
0.0030636886403967,0.0011512552039729,0.0028391547229098,-0.0030156774,0.015290942352757,-1.4628369416667089,0.0082931127,1.722575600670869,1.1565864860572426,0.0026489057907297
