rms,media,desvio_padrao,minimo,skewness,kurtosis,pico_a_pico,crest_factor,shape_factor,mean_abs
0.0056773735735872,0.0049208519998108,0.0028315695806433,0.00075391936,0.0281052011722474,-1.4698084747856657,0.00829311264,1.5935241679514218,1.15373792461255,0.0049208519998108
