rms,media,desvio_padrao,minimo,skewness,kurtosis,pico_a_pico,crest_factor,shape_factor,mean_abs
0.0034083356869171,0.0018705350261891,0.0028491842465014,-0.002261758,-0.033207433090472,-1.4635321048277203,0.008293113,1.7695894870776094,1.1947888560130684,0.0028526677912702
