rms,media,desvio_padrao,minimo,skewness,kurtosis,pico_a_pico,crest_factor,shape_factor,mean_abs
0.0028537991961679,0.0003596399032162,0.0028310473313004,-0.004523516,-0.0615825514946094,-1.4670530988150166,0.009047032,1.5850855960973724,1.117315714195065,0.0025541565019729
