rms,media,desvio_padrao,minimo,skewness,kurtosis,pico_a_pico,crest_factor,shape_factor,mean_abs
0.0028661533471681,-0.0005206118688918,0.0028184744617349,-0.0052774353,-0.0120861469308298,-1.438460740642287,0.0090470321,1.8412955137987743,1.128454299180154,0.0025398931522972
