rms,media,desvio_padrao,minimo,skewness,kurtosis,pico_a_pico,crest_factor,shape_factor,mean_abs
0.0027779679669155,5.1959308324324366e-05,0.0027774819991293,-0.004523516,0.0127336503255047,-1.4980021401775818,0.009047032,1.628354269693963,1.1124762561322004,0.002497103153081
