rms,media,desvio_padrao,minimo,skewness,kurtosis,pico_a_pico,crest_factor,shape_factor,mean_abs
0.0037229523573654,-0.0024583883881891,0.0027958363306941,-0.0067852745,0.035703255090659,-1.4544024335363286,0.0090470325,1.82255206317,1.2250139988664852,0.0030391100516486
