rms,media,desvio_padrao,minimo,skewness,kurtosis,pico_a_pico,crest_factor,shape_factor,mean_abs
0.0029557359654146,-0.0010575246949459,0.0027600754730306,-0.0052774353,-0.0209644226323502,-1.4601584215710992,0.0082931127,1.7854894218400277,1.154922482397486,0.0025592505215405
