rms,media,desvio_padrao,minimo,skewness,kurtosis,pico_a_pico,crest_factor,shape_factor,mean_abs
0.0032770128371638,0.0015862870463513,0.0028674913324218,-0.0030156774,-0.0270597480157505,-1.454570765589287,0.0090470324,1.8405039283337008,1.1812377995903345,0.0027742194148378
