rms,media,desvio_padrao,minimo,skewness,kurtosis,pico_a_pico,crest_factor,shape_factor,mean_abs
0.0062110451091068,-0.0055076865354864,0.0028709702844476,-0.010554871,-0.0094902230785178,-1.4187318746694222,0.00980095164,1.6993711709683126,1.1277049027915105,0.0055076865354864
