rms,media,desvio_padrao,minimo,skewness,kurtosis,pico_a_pico,crest_factor,shape_factor,mean_abs
0.0030675722040153,0.0012052521304054,0.002820880452802,-0.0030156774,-0.0765540012292016,-1.453653601345499,0.0082931127,1.72039481029721,1.148774026366119,0.002670300802081
