rms,media,desvio_padrao,minimo,skewness,kurtosis,pico_a_pico,crest_factor,shape_factor,mean_abs
0.0028536206411876,0.000632844574089,0.0027825632982662,-0.0037695968,0.0202026877211045,-1.4910109377116505,0.0082931128,1.5851847770898224,1.1300242962203175,0.0025252737049392
