rms,media,desvio_padrao,minimo,skewness,kurtosis,pico_a_pico,crest_factor,shape_factor,mean_abs
0.005920300964577,0.0051694416292702,0.0028856258857897,0.00075391936,-0.0880774545493204,-1.443885209475208,0.00904703264,1.6554820538080752,1.145249601244227,0.0051694416292702
