rms,media,desvio_padrao,minimo,skewness,kurtosis,pico_a_pico,crest_factor,shape_factor,mean_abs
0.00325537748813,0.0014599546101351,0.0029096417522728,-0.0037695968,-0.0610264662581705,-1.4469425949627546,0.0098009518,1.8527359797724927,1.1648832040810002,0.0027945956098648
