rms,media,desvio_padrao,minimo,skewness,kurtosis,pico_a_pico,crest_factor,shape_factor,mean_abs
0.0029723209848212,-0.0008272736519189,0.0028548748381758,-0.006031355,0.0151610110445608,-1.4145142947898135,0.0098009518,2.029173508110409,1.1387369559657428,0.0026101910272162
