rms,media,desvio_padrao,minimo,skewness,kurtosis,pico_a_pico,crest_factor,shape_factor,mean_abs
0.0030899011662337,0.0011797818801621,0.0028558018020047,-0.0030156774,-0.0688216096372609,-1.45083829702304,0.0082931127,1.7079624933222917,1.1470701334829745,0.0026937334309729
