rms,media,desvio_padrao,minimo,skewness,kurtosis,pico_a_pico,crest_factor,shape_factor,mean_abs
0.0032188363767911,0.001525158447081,0.0028345721602829,-0.0030156774,0.005147966318371,-1.4766556326372993,0.0090470324,1.8737687455901872,1.1819708812760876,0.002723278913027
