rms,media,desvio_padrao,minimo,skewness,kurtosis,pico_a_pico,crest_factor,shape_factor,mean_abs
0.0028869808911204,0.000667320497081,0.002808797255031,-0.0037695968,-0.050288676362017,-1.4680681592874298,0.0082931128,1.566867315926174,1.128506405353056,0.0025582317277297
