rms,media,desvio_padrao,minimo,skewness,kurtosis,pico_a_pico,crest_factor,shape_factor,mean_abs
0.0031846505258817,0.001509876298027,0.0028039744179743,-0.0030156774,0.0352966070517193,-1.474541894588942,0.0090470324,1.8938828455377044,1.189441962113441,0.002677432466081
