rms,media,desvio_padrao,minimo,skewness,kurtosis,pico_a_pico,crest_factor,shape_factor,mean_abs
0.0029052808275359,5.094047918918943e-06,0.0029052763616433,-0.004523516,0.01770554280954,-1.4862920429687825,0.009047032,1.5569978492703964,1.1143578095608997,0.0026071346228378
