rms,media,desvio_padrao,minimo,skewness,kurtosis,pico_a_pico,crest_factor,shape_factor,mean_abs
0.0029076592433095,-0.0007467876692702,0.002810122853583,-0.0052774353,-0.0526307926537506,-1.430448312431054,0.0090470321,1.8150116153201936,1.1420472862082989,0.0025460060002972
