rms,media,desvio_padrao,minimo,skewness,kurtosis,pico_a_pico,crest_factor,shape_factor,mean_abs
0.0031476544181451,0.0014558793737297,0.0027907245627644,-0.0030156774,-0.0163483595726442,-1.457883867101938,0.0090470324,1.9161426887371544,1.1778651971511338,0.0026723384184864
