rms,media,desvio_padrao,minimo,skewness,kurtosis,pico_a_pico,crest_factor,shape_factor,mean_abs
0.0059922586308507,0.0052835483302432,0.0028268853073637,0.00075391936,-0.0843296604705174,-1.4581435056183143,0.00904703264,1.635602300197862,1.1341352924796455,0.0052835483302432
