rms,media,desvio_padrao,minimo,skewness,kurtosis,pico_a_pico,crest_factor,shape_factor,mean_abs
0.003170267339893,0.0013438102774054,0.002871370569037,-0.0030156774,-0.0268953541463049,-1.455155683974428,0.0090470324,1.902475202675973,1.1641361170951534,0.0027232789132972
