rms,media,desvio_padrao,minimo,skewness,kurtosis,pico_a_pico,crest_factor,shape_factor,mean_abs
0.0032127456332957,0.0015404405964864,0.0028193575993401,-0.0030156774,-0.0205737560171128,-1.4624543260394631,0.0090470324,1.8773210482315097,1.1792931458969127,0.002724297724
