rms,media,desvio_padrao,minimo,skewness,kurtosis,pico_a_pico,crest_factor,shape_factor,mean_abs
0.0029674726558122,0.000681681448286,0.0028881143270404,-0.0037695968,0.038425219443242,-1.4893523435162304,0.0090470321,1.778427608983439,1.1331085187862022,0.0026188777214304
