rms,media,desvio_padrao,minimo,skewness,kurtosis,pico_a_pico,crest_factor,shape_factor,mean_abs
0.0033097808507469,0.0017971806928378,0.0027793507942075,-0.002261758,-0.1037012035740655,-1.4694148303644368,0.008293113,1.822282281510848,1.179620031796292,0.0028058025139729
