rms,media,desvio_padrao,minimo,skewness,kurtosis,pico_a_pico,crest_factor,shape_factor,mean_abs
0.0030630618039303,0.0011665373548918,0.0028322320198632,-0.0030156774,-0.0108078030318128,-1.4571550291244435,0.0090470324,1.9690608241273104,1.157685635995768,0.0026458493641891
