rms,media,desvio_padrao,minimo,skewness,kurtosis,pico_a_pico,crest_factor,shape_factor,mean_abs
0.0028645449728629,1.9357387999999986e-05,0.0028644795675801,-0.004523516,0.0145201825901485,-1.452258110582336,0.009047032,1.5791394594440842,1.1179554177399875,0.0025623069823783
