rms,media,desvio_padrao,minimo,skewness,kurtosis,pico_a_pico,crest_factor,shape_factor,mean_abs
0.0031441140971852,0.0013061143151621,0.0028599858132249,-0.0030156774,-0.0074370937074389,-1.4298256999931536,0.0090470324,1.918300294954132,1.1663134731274851,0.0026957710509459
