rms,media,desvio_padrao,minimo,skewness,kurtosis,pico_a_pico,crest_factor,shape_factor,mean_abs
0.0054701119302244,0.0046416980918378,0.0028942638707299,0.0,-0.0378998226412743,-1.41856810298863,0.009047032,1.6539025371696232,1.178472150061484,0.0046416980918378
