rms,media,desvio_padrao,minimo,skewness,kurtosis,pico_a_pico,crest_factor,shape_factor,mean_abs
0.0034492186009088,0.0019408329193513,0.0028513639781721,-0.002261758,-0.0033215788665446,-1.446361990673312,0.0090470325,1.9671917860503776,1.2078262190400315,0.0028557242312972
