rms,media,desvio_padrao,minimo,skewness,kurtosis,pico_a_pico,crest_factor,shape_factor,mean_abs
0.0047673992123356,0.0036860543874594,0.0030234249291936,-0.0015078387,0.0438231119915364,-1.433970177895695,0.0098009517,1.73954658098309,1.2538532470444252,0.003802198721081
