rms,media,desvio_padrao,minimo,skewness,kurtosis,pico_a_pico,crest_factor,shape_factor,mean_abs
0.0029205746229949,0.0007671638671081,0.0028180162755892,-0.0037695968,0.0195019468270006,-1.4717710144684435,0.0090470321,1.806985261889392,1.137109518110131,0.0025684198192702
