rms,media,desvio_padrao,minimo,skewness,kurtosis,pico_a_pico,crest_factor,shape_factor,mean_abs
0.0042280932369507,0.0031175584522432,0.0028561515571123,-0.0015078387,-0.0139323395570543,-1.4700735649553656,0.0090470323,1.7831190509500534,1.248505219661058,0.0033865242774864
