rms,media,desvio_padrao,minimo,skewness,kurtosis,pico_a_pico,crest_factor,shape_factor,mean_abs
0.0050049270781623,0.0041098793216216,0.0028562540187157,0.0,0.0339716658036251,-1.4574866241140192,0.008293113,1.6569897763715085,1.2177795712472668,0.0041098793216216
