rms,media,desvio_padrao,minimo,skewness,kurtosis,pico_a_pico,crest_factor,shape_factor,mean_abs
0.0030253405617645,-0.0012510985769729,0.0027545304255633,-0.0052774353,-0.0632738469109037,-1.4619419808825154,0.0082931127,1.744410320840679,1.177432511574659,0.0025694386149729
