rms,media,desvio_padrao,minimo,skewness,kurtosis,pico_a_pico,crest_factor,shape_factor,mean_abs
0.0028908361599794,-0.0001670848244864,0.0028860035282845,-0.004523516,0.0045773918604939,-1.4663029487601391,0.009047032,1.5647777147052913,1.1188736819873473,0.0025837019911351
