rms,media,desvio_padrao,minimo,skewness,kurtosis,pico_a_pico,crest_factor,shape_factor,mean_abs
0.0029917678920137,-0.001207289754081,0.0027373575888756,-0.0052774353,-0.0040966629721146,-1.467778740337006,0.0082931127,1.7639855398166449,1.1629829545221164,0.0025724950485135
