rms,media,desvio_padrao,minimo,skewness,kurtosis,pico_a_pico,crest_factor,shape_factor,mean_abs
0.0033056009902638,-0.0017279016376216,0.0028180407799635,-0.006031355,-0.0421610211511214,-1.4518227371757566,0.008293113,1.8245865177813292,1.2016929082305718,0.0027507868005405
