rms,media,desvio_padrao,minimo,skewness,kurtosis,pico_a_pico,crest_factor,shape_factor,mean_abs
0.0046416001816043,-0.0036707722327837,0.00284075403034,-0.008293113,-0.0825721356374012,-1.4467760139585413,0.00904703236,1.7866926653586697,1.254724285043117,0.0036992989112702
