rms,media,desvio_padrao,minimo,skewness,kurtosis,pico_a_pico,crest_factor,shape_factor,mean_abs
0.003423738013127,-0.0019245319562972,0.0028316353458242,-0.006031355,0.0318145657532586,-1.4563731818356025,0.008293113,1.7616286575886049,1.198048751676137,0.0028577618467837
