rms,media,desvio_padrao,minimo,skewness,kurtosis,pico_a_pico,crest_factor,shape_factor,mean_abs
0.0036137577710825,0.0022637956801351,0.0028168198995784,-0.002261758,-0.0697290758669248,-1.459966972149361,0.0090470325,1.8776229426045048,1.211420154303582,0.0029830754905675
