rms,media,desvio_padrao,minimo,skewness,kurtosis,pico_a_pico,crest_factor,shape_factor,mean_abs
0.0029769688773928,0.0006540759635945,0.0029042259434854,-0.0037695968,-0.0153393861439561,-1.4391935347649358,0.0090470321,1.7727546095885862,1.1316832516639632,0.0026305672307297
