rms,media,desvio_padrao,minimo,skewness,kurtosis,pico_a_pico,crest_factor,shape_factor,mean_abs
0.0086928551622563,0.0081912319283783,0.0029102320126547,0.0037695968,-0.0099341547201202,-1.4283860260604375,0.0090470322,1.4743865807920973,1.061239046612764,0.0081912319283783
