rms,media,desvio_padrao,minimo,skewness,kurtosis,pico_a_pico,crest_factor,shape_factor,mean_abs
0.0029027681137175,0.000165047206054,0.0028980721422679,-0.004523516,-0.0260588105892856,-1.4451938777501985,0.009047032,1.558345628306742,1.121722566685578,0.0025877772275675
