rms,media,desvio_padrao,minimo,skewness,kurtosis,pico_a_pico,crest_factor,shape_factor,mean_abs
0.003954169310297,-0.0027589373447297,0.0028326171047903,-0.0075391936,-0.041289969269497,-1.440929110588453,0.0098009516,1.906644103571171,1.2544165478340843,0.0031521979817027
