rms,media,desvio_padrao,minimo,skewness,kurtosis,pico_a_pico,crest_factor,shape_factor,mean_abs
0.0030676974003418,-0.0012062709422162,0.0028205811021895,-0.006031355,0.0350521773733989,-1.4303237319224726,0.0098009518,1.9660853770414,1.158099848780593,0.0026489057947567
