rms,media,desvio_padrao,minimo,skewness,kurtosis,pico_a_pico,crest_factor,shape_factor,mean_abs
0.0029398413140682,0.0006479631058918,0.00286754437896,-0.004523516,-0.0286036764956185,-1.442344368816813,0.0098009513,1.7951429128999026,1.1298214821561827,0.0026020405528648
