rms,media,desvio_padrao,minimo,skewness,kurtosis,pico_a_pico,crest_factor,shape_factor,mean_abs
0.0031263523196939,-0.0014171645954054,0.0027867047451039,-0.006031355,-0.0251560847768447,-1.4752404265801145,0.0090470324,1.9291987540900395,1.1770738813241115,0.002656037458054
