rms,media,desvio_padrao,minimo,skewness,kurtosis,pico_a_pico,crest_factor,shape_factor,mean_abs
0.004241786841333,0.0031389534618378,0.0028530206399046,-0.0015078387,-0.0194546046502898,-1.4597819216424304,0.0090470323,1.777362673328192,1.2454298933118852,0.0034058816671351
