rms,media,desvio_padrao,minimo,skewness,kurtosis,pico_a_pico,crest_factor,shape_factor,mean_abs
0.0031763186239016,0.0014640298482432,0.0028187970136207,-0.0030156774,-0.0555870147245593,-1.472253628245396,0.0082931127,1.661494303590208,1.1698594394573052,0.0027151284306216
