rms,media,desvio_padrao,minimo,skewness,kurtosis,pico_a_pico,crest_factor,shape_factor,mean_abs
0.0030099411046656,0.0010035277667837,0.0028377239955376,-0.0037695968,-0.0765067122928456,-1.4481528133065769,0.0090470321,1.753335070848884,1.1402430097441856,0.0026397365113783
