rms,media,desvio_padrao,minimo,skewness,kurtosis,pico_a_pico,crest_factor,shape_factor,mean_abs
0.0033121007516365,0.0016891868487837,0.0028489751102611,-0.0030156774,-0.0694033782091851,-1.452583706394503,0.0090470324,1.821005896943128,1.1770277430865903,0.0028139530024594
