rms,media,desvio_padrao,minimo,skewness,kurtosis,pico_a_pico,crest_factor,shape_factor,mean_abs
0.002972450193205,0.0007773519639459,0.002869004021474,-0.0037695968,-0.0506723740703874,-1.460784637150932,0.0090470321,1.7754495305132525,1.1321578978017883,0.0026254731773513
