rms,media,desvio_padrao,minimo,skewness,kurtosis,pico_a_pico,crest_factor,shape_factor,mean_abs
0.0030202585377785,0.0006764897776486,0.0029435222465205,-0.0037695968,-0.0022224270912231,-1.4503824267037868,0.0090470321,1.7473455447564528,1.1323516343991404,0.0026672443841891
