rms,media,desvio_padrao,minimo,skewness,kurtosis,pico_a_pico,crest_factor,shape_factor,mean_abs
0.0038150671373422,0.0025174793741351,0.0028665370856196,-0.002261758,-0.0140831753426416,-1.4570977728818204,0.0090470325,1.778546551274312,1.2305720813877117,0.0031002386573243
