rms,media,desvio_padrao,minimo,skewness,kurtosis,pico_a_pico,crest_factor,shape_factor,mean_abs
0.002824309453314,-0.0003168498839459,0.0028064800086803,-0.004523516,-0.0599915223164414,-1.4534990621817718,0.0082931128,1.6016361077898469,1.1246106361876005,0.0025113664787027
