rms,media,desvio_padrao,minimo,skewness,kurtosis,pico_a_pico,crest_factor,shape_factor,mean_abs
0.0050290403379164,0.0040905219324594,0.0029255558515364,-0.00075391936,-0.0377706365109742,-1.4576269343694868,0.00904703236,1.649044836143803,1.2245573940403776,0.0041068228915945
