rms,media,desvio_padrao,minimo,skewness,kurtosis,pico_a_pico,crest_factor,shape_factor,mean_abs
0.0032429665554252,-0.0015221020214054,0.0028635707632325,-0.006031355,0.007510477344296,-1.4596918902570326,0.0090470324,1.859826457325008,1.1797971948616992,0.002748749166
