rms,media,desvio_padrao,minimo,skewness,kurtosis,pico_a_pico,crest_factor,shape_factor,mean_abs
0.0030425560460311,0.0009474932198918,0.0028912633729045,-0.0037695968,-0.0862269262668598,-1.4598474106152108,0.0090470321,1.734540044672032,1.1346437768730755,0.002681507719027
