rms,media,desvio_padrao,minimo,skewness,kurtosis,pico_a_pico,crest_factor,shape_factor,mean_abs
0.0028061658165884,0.0002078372271081,0.0027984585537787,-0.004523516,-0.0486030660439901,-1.461997140443869,0.009047032,1.6119916981596498,1.1169329082438668,0.0025123852971621
