rms,media,desvio_padrao,minimo,skewness,kurtosis,pico_a_pico,crest_factor,shape_factor,mean_abs
0.0030572330556364,0.0012056604803778,0.0028094584464859,-0.0030156774,-0.0640317872338766,-1.4450974775413072,0.0082931127,1.7262129526796572,1.154377096354277,0.0026483833275033
