rms,media,desvio_padrao,minimo,skewness,kurtosis,pico_a_pico,crest_factor,shape_factor,mean_abs
0.0031424035322928,-0.0014650486593243,0.0027799878391062,-0.0052774353,0.0347506978115871,-1.499169343691631,0.0082931127,1.679426351761147,1.1692139792258711,0.0026876205622972
