rms,media,desvio_padrao,minimo,skewness,kurtosis,pico_a_pico,crest_factor,shape_factor,mean_abs
0.0029208363634623,0.0007874946934143,0.0028126743803662,-0.0037695968,0.0268499028467179,-1.4795939200552288,0.0090470321,1.8068233352669092,1.139200082319212,0.0025639362292847
