rms,media,desvio_padrao,minimo,skewness,kurtosis,pico_a_pico,crest_factor,shape_factor,mean_abs
0.0035970339824044,0.0022240620936756,0.002827048155594,-0.002261758,-0.0189565841693145,-1.4747351298321392,0.0090470325,1.8863526264114805,1.2195589589817055,0.0029494547647027
