rms,media,desvio_padrao,minimo,skewness,kurtosis,pico_a_pico,crest_factor,shape_factor,mean_abs
0.0029089797655097,0.0008058786447297,0.0027951248426704,-0.0037695968,0.0194434907885608,-1.476216602847029,0.0090470321,1.814187696515411,1.1380120806951493,0.0025561940992162
