rms,media,desvio_padrao,minimo,skewness,kurtosis,pico_a_pico,crest_factor,shape_factor,mean_abs
0.0028625331968218,-0.0005236682992162,0.0028142259709026,-0.0052774353,0.0096284448518804,-1.46140639372058,0.0090470321,1.8436241388778905,1.1265770867416751,0.0025409119628918
