rms,media,desvio_padrao,minimo,skewness,kurtosis,pico_a_pico,crest_factor,shape_factor,mean_abs
0.0039821396129149,0.0028149718847027,0.0028166237208899,-0.0015078387,-0.0705329153792934,-1.4520310154127116,0.0082931132,1.70392682315653,1.2318369697299711,0.0032326839596216
