rms,media,desvio_padrao,minimo,skewness,kurtosis,pico_a_pico,crest_factor,shape_factor,mean_abs
0.002875250572156,0.0005878533231351,0.0028145149356794,-0.0037695968,-0.063090230824203,-1.4573235640964424,0.0082931128,1.5732597512737947,1.124816992169026,0.0025561941117297
