rms,media,desvio_padrao,minimo,skewness,kurtosis,pico_a_pico,crest_factor,shape_factor,mean_abs
0.0028632039303003,0.0006571323971351,0.0027867747951929,-0.0037695968,0.0050563874239889,-1.488738185696581,0.0082931128,1.5798790830541762,1.1291047057080874,0.0025358179058378
