rms,media,desvio_padrao,minimo,skewness,kurtosis,pico_a_pico,crest_factor,shape_factor,mean_abs
0.0031037906533743,-0.0013916943467567,0.0027742932911246,-0.006031355,0.0007670878380855,-1.481811802154014,0.0090470324,1.9432222316421064,1.1726275948844456,0.0026468681676216
