rms,media,desvio_padrao,minimo,skewness,kurtosis,pico_a_pico,crest_factor,shape_factor,mean_abs
0.0059631547241979,0.0051928742642432,0.0029314281741983,0.0,-0.092495607697271,-1.4322516287340896,0.009800952,1.6435850574577022,1.148334124948609,0.0051928742642432
