rms,media,desvio_padrao,minimo,skewness,kurtosis,pico_a_pico,crest_factor,shape_factor,mean_abs
0.0029908691829768,0.0009230417832432,0.0028448712336532,-0.0037695968,-0.0065855682293028,-1.4300829705986553,0.0090470321,1.7645155896612157,1.1467382173048064,0.0026081534022702
