rms,media,desvio_padrao,minimo,skewness,kurtosis,pico_a_pico,crest_factor,shape_factor,mean_abs
0.0028396336434755,0.0005399692594054,0.0027878221657873,-0.0037695968,-0.0412100612163587,-1.4593757684271402,0.0082931128,1.592992818067713,1.125689210708511,0.0025225733856756
