rms,media,desvio_padrao,minimo,skewness,kurtosis,pico_a_pico,crest_factor,shape_factor,mean_abs
0.0033346350865882,-0.0017350333087837,0.002847709707487,-0.006031355,-0.0325625685036348,-1.4424046684463947,0.0090470324,1.8087001556055973,1.2020084098092267,0.0027742194308918
