rms,media,desvio_padrao,minimo,skewness,kurtosis,pico_a_pico,crest_factor,shape_factor,mean_abs
0.008618669661953,0.0081362161922972,0.0028431413637153,0.0037695968,-0.0637003486217923,-1.4362216832824584,0.0090470322,1.487077414810174,1.0592970317224963,0.0081362161922972
