rms,media,desvio_padrao,minimo,skewness,kurtosis,pico_a_pico,crest_factor,shape_factor,mean_abs
0.0029226778676306,-2.9545485189189165e-05,0.0029225285254797,-0.004523516,-0.042531361030594,-1.4718639264855091,0.009047032,1.5477299260719035,1.1175370020991562,0.0026152850976216
