rms,media,desvio_padrao,minimo,skewness,kurtosis,pico_a_pico,crest_factor,shape_factor,mean_abs
0.002804955437755,7.630762817813763e-05,0.0028039172872382,-0.004523516,-0.0451594478505529,-1.491875534944496,0.009047032,1.6126872958881495,1.1147953950502816,0.002516116814089
