rms,media,desvio_padrao,minimo,skewness,kurtosis,pico_a_pico,crest_factor,shape_factor,mean_abs
0.0034941319248091,0.002052902021081,0.0028274637397872,-0.002261758,0.0266664585593438,-1.463068203700549,0.0090470325,1.9419056423780257,1.2218101105925132,0.0028597994848108
