rms,media,desvio_padrao,minimo,skewness,kurtosis,pico_a_pico,crest_factor,shape_factor,mean_abs
0.003595218449175,0.0022413818584324,0.0028110145965431,-0.002261758,-0.0768525440733022,-1.4662080954643646,0.008293113,1.6776045976799867,1.2076800748811631,0.0029769626277297
