rms,media,desvio_padrao,minimo,skewness,kurtosis,pico_a_pico,crest_factor,shape_factor,mean_abs
0.0028709731381019,0.0001090126617297,0.0028689027517999,-0.004523516,-0.027313093892295,-1.4816269030604128,0.009047032,1.5756037351818102,1.116911357661919,0.0025704574659459
