rms,media,desvio_padrao,minimo,skewness,kurtosis,pico_a_pico,crest_factor,shape_factor,mean_abs
0.0027953330148016,0.0001212383809459,0.0027927026190817,-0.004523516,0.005258119226554,-1.4727111365659555,0.009047032,1.6182386771262502,1.1176064156364205,0.0025011783895405
