rms,media,desvio_padrao,minimo,skewness,kurtosis,pico_a_pico,crest_factor,shape_factor,mean_abs
0.0033935425614102,-0.0019510210179729,0.0027766253084509,-0.006031355,-0.0250948272006859,-1.4495282618783325,0.008293113,1.7773034788441342,1.2160966688355968,0.0027905203988918
