rms,media,desvio_padrao,minimo,skewness,kurtosis,pico_a_pico,crest_factor,shape_factor,mean_abs
0.0038783647360237,0.0026213979899999,0.0028583186672687,-0.002261758,-0.0528562081400718,-1.435243443949436,0.0090470325,1.7495194397204843,1.2299708557545108,0.0031532167757297
