rms,media,desvio_padrao,minimo,skewness,kurtosis,pico_a_pico,crest_factor,shape_factor,mean_abs
0.0027944071092077,0.0001220922039676,0.0027917386313408,-0.004523516,-0.0530907815560665,-1.5025068840160942,0.009047032,1.6187748682340275,1.1137556533739137,0.0025089947698515
