rms,media,desvio_padrao,minimo,skewness,kurtosis,pico_a_pico,crest_factor,shape_factor,mean_abs
0.0041992919245719,0.0031094079741891,0.0028223456056662,-0.00075391936,0.023452348114424,-1.4821346708911485,0.00829311296,1.7953487719881505,1.2551040755661798,0.0033457718816486
