rms,media,desvio_padrao,minimo,skewness,kurtosis,pico_a_pico,crest_factor,shape_factor,mean_abs
0.0032275344965984,0.0015282148741081,0.0028428046407179,-0.0030156774,-0.0208903132975835,-1.4871782000024385,0.0090470324,1.868718988551972,1.1750540423743825,0.0027467115385405
