rms,media,desvio_padrao,minimo,skewness,kurtosis,pico_a_pico,crest_factor,shape_factor,mean_abs
0.0029059417061714,0.0002343262803513,0.0028964786196351,-0.004523516,-0.062866484032097,-1.5004941478566691,0.009047032,1.5566437517976526,1.112437718506485,0.0026122286738648
