rms,media,desvio_padrao,minimo,skewness,kurtosis,pico_a_pico,crest_factor,shape_factor,mean_abs
0.0030541467706387,0.001130879007081,0.0028370627712382,-0.0030156774,-0.0738691237892041,-1.465757811139033,0.0082931127,1.7279573302550535,1.145056972980369,0.0026672443753513
