rms,media,desvio_padrao,minimo,skewness,kurtosis,pico_a_pico,crest_factor,shape_factor,mean_abs
0.0039614470100451,-0.0027293918524324,0.0028711465530813,-0.0075391936,-0.0317154507625206,-1.4219693091910262,0.0098009516,1.9031413473114112,1.2498579682610502,0.0031695177457297
