rms,media,desvio_padrao,minimo,skewness,kurtosis,pico_a_pico,crest_factor,shape_factor,mean_abs
0.0029493623561303,-0.0005837780805135,0.0028910104566519,-0.0052774353,0.0417266695776691,-1.44612235814876,0.0098009513,1.7893478870206216,1.1259857338774275,0.0026193603234864
