rms,media,desvio_padrao,minimo,skewness,kurtosis,pico_a_pico,crest_factor,shape_factor,mean_abs
0.0058407548279281,0.0051042377855945,0.0028392205951765,0.00075391936,0.0244395227141812,-1.4530750903476786,0.00904703264,1.6780283180413182,1.144295205919324,0.0051042377855945
