rms,media,desvio_padrao,minimo,skewness,kurtosis,pico_a_pico,crest_factor,shape_factor,mean_abs
0.0030497424487086,0.0008833081931621,0.0029190230624899,-0.0037695968,0.002887244618788,-1.450543469903706,0.0090470321,1.7304527804420151,1.1429691275491909,0.0026682631885675
