rms,media,desvio_padrao,minimo,skewness,kurtosis,pico_a_pico,crest_factor,shape_factor,mean_abs
0.0028711068878928,0.0004645773227297,0.0028332706670756,-0.0037695968,-0.0238645698761911,-1.4636910563542933,0.0082931128,1.5755303360788042,1.1236437994194122,0.002555175305
