rms,media,desvio_padrao,minimo,skewness,kurtosis,pico_a_pico,crest_factor,shape_factor,mean_abs
0.0028475661434401,0.0004283401358974,0.0028151656557379,-0.0037695968,0.0229866838256055,-1.4511057230733015,0.0082931128,1.5885551984176407,1.1271725934236474,0.0025262911465856
