rms,media,desvio_padrao,minimo,skewness,kurtosis,pico_a_pico,crest_factor,shape_factor,mean_abs
0.0028845854036667,0.000251646053,0.0028735878645095,-0.004523516,-0.0389700615142152,-1.4517738221565446,0.009047032,1.5681685119289404,1.1177766721491718,0.0025806455578648
