rms,media,desvio_padrao,minimo,skewness,kurtosis,pico_a_pico,crest_factor,shape_factor,mean_abs
0.0033735656586326,0.0018308014355135,0.0028335686610398,-0.002261758,-0.0299670036473692,-1.4580704938163838,0.008293113,1.7878279572138556,1.1941149368991604,0.0028251599191891
