rms,media,desvio_padrao,minimo,skewness,kurtosis,pico_a_pico,crest_factor,shape_factor,mean_abs
0.0028632039524328,9.06740815945946e-05,0.002861767824991,-0.004523516,-0.0040940182279169,-1.434051410730349,0.009047032,1.5798790708417256,1.1227892997021862,0.0025500812602972
