rms,media,desvio_padrao,minimo,skewness,kurtosis,pico_a_pico,crest_factor,shape_factor,mean_abs
0.0033401586559502,0.0017737480747027,0.0028302787167358,-0.0030156774,-0.0391694362848082,-1.4654586556968483,0.0090470324,1.805709135778797,1.189151434367885,0.0028088589555675
