rms,media,desvio_padrao,minimo,skewness,kurtosis,pico_a_pico,crest_factor,shape_factor,mean_abs
0.0035845202790021,0.0022311937573243,0.0028054518437953,-0.002261758,-0.0776221052551764,-1.4742097516780808,0.008293113,1.6826114878833955,1.207392081966132,0.0029688121468918
