rms,media,desvio_padrao,minimo,skewness,kurtosis,pico_a_pico,crest_factor,shape_factor,mean_abs
0.0029109594290204,-0.0007233550417027,0.0028196528653447,-0.0052774353,-0.0658221025352037,-1.4404688741357632,0.0090470321,1.81295391731921,1.142886168853024,0.0025470248117027
