rms,media,desvio_padrao,minimo,skewness,kurtosis,pico_a_pico,crest_factor,shape_factor,mean_abs
0.0033611340878242,0.0017136382986216,0.0028914816509587,-0.0030156774,-0.0157667386669693,-1.4266487986164773,0.0090470324,1.7944404603936204,1.1901438174299233,0.0028241411152162
