rms,media,desvio_padrao,minimo,skewness,kurtosis,pico_a_pico,crest_factor,shape_factor,mean_abs
0.0029147829660777,0.0007427124299729,0.0028185702023722,-0.0037695968,-0.0253379774386113,-1.4370158028788174,0.0090470321,1.810575731167228,1.1366580703408913,0.0025643445835945
