rms,media,desvio_padrao,minimo,skewness,kurtosis,pico_a_pico,crest_factor,shape_factor,mean_abs
0.0028654833110953,3.056429972972974e-05,0.0028653203014232,-0.004523516,-0.0295512035959623,-1.452793577385362,0.009047032,1.578622350541916,1.1187664634982193,0.0025612881728108
