rms,media,desvio_padrao,minimo,skewness,kurtosis,pico_a_pico,crest_factor,shape_factor,mean_abs
0.0031278260979108,0.0009688882245675,0.0029739791033338,-0.0037695968,-0.0119568694842816,-1.4446252030088875,0.0090470321,1.687253426117577,1.1442706545207084,0.0027334670215945
