rms,media,desvio_padrao,minimo,skewness,kurtosis,pico_a_pico,crest_factor,shape_factor,mean_abs
0.0081218043207758,0.0075768895133783,0.0029247992626895,0.0030156774,0.0247303009098417,-1.4884450540985632,0.0090470326,1.48522539125244,1.0719180088920763,0.0075768895133783
