rms,media,desvio_padrao,minimo,skewness,kurtosis,pico_a_pico,crest_factor,shape_factor,mean_abs
0.0029130696159391,0.000297492494,0.0028978393335934,-0.004523516,-0.0407637304055611,-1.4772189649004803,0.009047032,1.5528348430978622,1.116908838029944,0.0026081534291351
