rms,media,desvio_padrao,minimo,skewness,kurtosis,pico_a_pico,crest_factor,shape_factor,mean_abs
0.005954260349264,0.005221400937027,0.0028618505484443,0.00075391936,-0.082565754573537,-1.434397625272596,0.00904703264,1.6460402174405089,1.1403568546211476,0.005221400937027
