rms,media,desvio_padrao,minimo,skewness,kurtosis,pico_a_pico,crest_factor,shape_factor,mean_abs
0.0041733296077487,0.0030309595953783,0.0028687913737489,-0.002261758,-0.0230181099691475,-1.3750702669093984,0.0098009516,1.8065176510385577,1.24469122473945,0.0033529035352702
