rms,media,desvio_padrao,minimo,skewness,kurtosis,pico_a_pico,crest_factor,shape_factor,mean_abs
0.0028517384076036,0.0003886601705263,0.0028251292390346,-0.0037695968,0.0065899565411596,-1.4553081247006436,0.0082931128,1.586231046977807,1.122045762089484,0.0025415526745479
