rms,media,desvio_padrao,minimo,skewness,kurtosis,pico_a_pico,crest_factor,shape_factor,mean_abs
0.0032087984137306,0.0014803308155135,0.0028469295629856,-0.0030156774,0.0307818696916306,-1.4348267668670422,0.0090470324,1.87963038568938,1.187167554015018,0.0027029027224324
