rms,media,desvio_padrao,minimo,skewness,kurtosis,pico_a_pico,crest_factor,shape_factor,mean_abs
0.004079137449702,0.0028475738107567,0.0029207337649731,-0.002261758,-0.0346455001899321,-1.4360763187728025,0.0098009516,1.8482323022850395,1.237658638341277,0.003295850183027
