rms,media,desvio_padrao,minimo,skewness,kurtosis,pico_a_pico,crest_factor,shape_factor,mean_abs
0.0044616245867237,0.0033457718731621,0.0029515935569815,-0.0015078387,-0.0361996171641766,-1.4726168958693793,0.0090470323,1.689786635664965,1.2433989487111283,0.003588248640027
