rms,media,desvio_padrao,minimo,skewness,kurtosis,pico_a_pico,crest_factor,shape_factor,mean_abs
0.0030283856974239,-0.0012796252573783,0.0027447548402437,-0.0052774353,-0.0475765172137753,-1.4823231454757102,0.0082931127,1.7426562622089774,1.1739627600288165,0.0025796267143513
