rms,media,desvio_padrao,minimo,skewness,kurtosis,pico_a_pico,crest_factor,shape_factor,mean_abs
0.0029109594574887,0.0002200629389189,0.0029026293711146,-0.004523516,0.0011472728852946,-1.4685258660579177,0.009047032,1.5539604951771977,1.1195985219591873,0.0026000029478378
