rms,media,desvio_padrao,minimo,skewness,kurtosis,pico_a_pico,crest_factor,shape_factor,mean_abs
0.0031413034023285,0.0013519607571351,0.0028354874671998,-0.0030156774,-0.0040181384028606,-1.4744147267143837,0.0082931127,1.6800145112019529,1.1692478789055878,0.002686601754
