rms,media,desvio_padrao,minimo,skewness,kurtosis,pico_a_pico,crest_factor,shape_factor,mean_abs
0.0029091117973833,0.0006927907459729,0.0028254154441372,-0.0037695968,-0.039298147670001,-1.444849375952274,0.0090470321,1.8141053584626456,1.1277258667248953,0.0025796267366216
