rms,media,desvio_padrao,minimo,skewness,kurtosis,pico_a_pico,crest_factor,shape_factor,mean_abs
0.0039520319601076,0.0026815077832432,0.0029031142971158,-0.002261758,-0.006852434495501,-1.4176768284543182,0.0098009516,1.9076752607523384,1.2416987583868602,0.0031827622709729
