rms,media,desvio_padrao,minimo,skewness,kurtosis,pico_a_pico,crest_factor,shape_factor,mean_abs
0.0029598909449247,0.0008374617515945,0.0028389456177361,-0.0037695968,-0.0676913703040534,-1.4297520580910836,0.0090470321,1.782983021401213,1.1357480571973295,0.0026061157896486
