rms,media,desvio_padrao,minimo,skewness,kurtosis,pico_a_pico,crest_factor,shape_factor,mean_abs
0.0029402331996221,0.0006021166586216,0.0028779205683219,-0.0037695968,-0.0115741552716937,-1.4406148784872084,0.0090470321,1.794903649369816,1.129529829263247,0.0026030593645675
