rms,media,desvio_padrao,minimo,skewness,kurtosis,pico_a_pico,crest_factor,shape_factor,mean_abs
0.0028000003737797,-8.863646337837839e-05,0.0027985970897088,-0.004523516,0.0077997874487156,-1.478778005863408,0.009047032,1.6155412129083542,1.1158363523977148,0.0025093288704594
