rms,media,desvio_padrao,minimo,skewness,kurtosis,pico_a_pico,crest_factor,shape_factor,mean_abs
0.0027984912013131,-8.965527591891889e-05,0.00279705468937,-0.004523516,0.0022540109738673,-1.501904202408468,0.009047032,1.616412443204167,1.1120743420436954,0.0025164605418108
