rms,media,desvio_padrao,minimo,skewness,kurtosis,pico_a_pico,crest_factor,shape_factor,mean_abs
0.0029364427931782,0.0008068974532432,0.0028234044658104,-0.0037695968,0.0245921703698913,-1.4499121907351382,0.0090470321,1.797220539170764,1.142834376808589,0.002569438628
