rms,media,desvio_padrao,minimo,skewness,kurtosis,pico_a_pico,crest_factor,shape_factor,mean_abs
0.002938901134685,0.0008180177419163,0.0028227622736183,-0.0037695968,0.0097146947726559,-1.4605827521657064,0.0090470321,1.7957171943334576,1.1417151846418931,0.0025741105787314
