rms,media,desvio_padrao,minimo,skewness,kurtosis,pico_a_pico,crest_factor,shape_factor,mean_abs
0.0031142904488668,0.0012969450232702,0.0028313845741116,-0.0030156774,-0.0619697155354092,-1.4518876718129696,0.0090470324,1.936670679574722,1.1583146753307032,0.0026886393785675
