rms,media,desvio_padrao,minimo,skewness,kurtosis,pico_a_pico,crest_factor,shape_factor,mean_abs
0.0030742004718376,0.0011206909052432,0.002862649198898,-0.0030156774,-0.0134060672630853,-1.4623311677946689,0.0082931127,1.7166854758972043,1.1499400217051154,0.0026733572306486
