rms,media,desvio_padrao,minimo,skewness,kurtosis,pico_a_pico,crest_factor,shape_factor,mean_abs
0.0035849488316431,0.0021415384908918,0.0028750080030372,-0.002261758,0.0237077805826122,-1.4136543588512251,0.0090470325,1.892711672788356,1.2251953902971389,0.0029260221349459
