rms,media,desvio_padrao,minimo,skewness,kurtosis,pico_a_pico,crest_factor,shape_factor,mean_abs
0.0028114982449765,0.0005328375894324,0.0027605445993126,-0.0037695968,0.0368447393995684,-1.4646724466553918,0.0090470321,1.8770900211050812,1.129590891129692,0.0024889526527297
