rms,media,desvio_padrao,minimo,skewness,kurtosis,pico_a_pico,crest_factor,shape_factor,mean_abs
0.0029385346553412,0.0007233550389729,0.0028481122534468,-0.0037695968,-0.021236514529401,-1.4609496521413452,0.0090470321,1.7959411471998177,1.1328678455829944,0.002593890070054
