rms,media,desvio_padrao,minimo,skewness,kurtosis,pico_a_pico,crest_factor,shape_factor,mean_abs
0.00435022544849,-0.0033213204335945,0.002809500316796,-0.0075391936,0.0315981297380323,-1.425751731715779,0.0090470323,1.733058134404709,1.2455976328018532,0.003492480504081
