rms,media,desvio_padrao,minimo,skewness,kurtosis,pico_a_pico,crest_factor,shape_factor,mean_abs
0.0028599829296412,0.0006897343168918,0.0027755664160565,-0.0037695968,-0.0368776985435062,-1.4758878889334464,0.0082931128,1.581658391425229,1.12964993027857,0.0025317426691081
