rms,media,desvio_padrao,minimo,skewness,kurtosis,pico_a_pico,crest_factor,shape_factor,mean_abs
0.0041014839139608,0.0029392667067297,0.0028605736353378,-0.0015078387,0.0311597706417957,-1.425723618365459,0.0090470323,1.8381624207613327,1.25530389152692,0.0032673235075945
