rms,media,desvio_padrao,minimo,skewness,kurtosis,pico_a_pico,crest_factor,shape_factor,mean_abs
0.0029315996841519,0.0003983546739729,0.0029044087628713,-0.0037695968,-0.0316120982905769,-1.466023971175073,0.0082931128,1.5430196777731553,1.12182245088896,0.0026132474722972
