rms,media,desvio_padrao,minimo,skewness,kurtosis,pico_a_pico,crest_factor,shape_factor,mean_abs
0.0029768398549689,0.0009668506099459,0.0028154529689161,-0.0037695968,-0.0515264296642944,-1.4524780020232473,0.0090470321,1.7728314444563775,1.1426982891806936,0.0026050969736756
