rms,media,desvio_padrao,minimo,skewness,kurtosis,pico_a_pico,crest_factor,shape_factor,mean_abs
0.00534741497085,0.0045011023224864,0.0028870269747575,0.0,0.0300424395704395,-1.4366313774666013,0.009047032,1.6918514926029509,1.1880234190934884,0.0045011023224864
