rms,media,desvio_padrao,minimo,skewness,kurtosis,pico_a_pico,crest_factor,shape_factor,mean_abs
0.0030636243571005,0.0011619107737651,0.0028347411795837,-0.0030156774,0.010174969043814,-1.4548459752628684,0.0090470324,1.968699258452244,1.1572349587664683,0.0026473658904723
