rms,media,desvio_padrao,minimo,skewness,kurtosis,pico_a_pico,crest_factor,shape_factor,mean_abs
0.0028948189084654,0.0008170855529459,0.0027771113971132,-0.0037695968,0.0160330268942026,-1.475042133161864,0.0090470321,1.8230623285508063,1.1420309091388905,0.0025347990893243
