rms,media,desvio_padrao,minimo,skewness,kurtosis,pico_a_pico,crest_factor,shape_factor,mean_abs
0.0028064590912237,-0.0003540673857489,0.0027840346472451,-0.004523516,0.0044349275549256,-1.46393589209,0.0082931128,1.6118232452223424,1.1231135624399242,0.0024988204087989
