rms,media,desvio_padrao,minimo,skewness,kurtosis,pico_a_pico,crest_factor,shape_factor,mean_abs
0.0028670911732631,0.0003973358687837,0.0028394252945237,-0.0037695968,-0.07178583164898,-1.456013552524819,0.0082931128,1.57773706053847,1.1202854571329623,0.0025592505508378
