rms,media,desvio_padrao,minimo,skewness,kurtosis,pico_a_pico,crest_factor,shape_factor,mean_abs
0.0030433132921816,-0.0012918509759459,0.0027555175285809,-0.0052774353,-0.0225585161726454,-1.4669065291218857,0.0082931127,1.73410845132437,1.171421843050293,0.0025979652934054
