rms,media,desvio_padrao,minimo,skewness,kurtosis,pico_a_pico,crest_factor,shape_factor,mean_abs
0.0034724115585745,-0.0020804098818378,0.0027802044449416,-0.0067852745,-0.0028111964972916,-1.4601721851444094,0.0090470325,1.954052503726114,1.218992001875189,0.0028485925692972
