rms,media,desvio_padrao,minimo,skewness,kurtosis,pico_a_pico,crest_factor,shape_factor,mean_abs
0.0031102182634903,0.0013020390718108,0.0028245622496286,-0.0030156774,0.0332954973886786,-1.4755675758351512,0.0090470324,1.939206347927311,1.1705503953033891,0.0026570562668378
