rms,media,desvio_padrao,minimo,skewness,kurtosis,pico_a_pico,crest_factor,shape_factor,mean_abs
0.0039861881714071,-0.0028455361844054,0.0027915264571746,-0.0075391936,-0.0296664701902496,-1.4180942813702555,0.0090470323,1.8913290782603915,1.2536342560138318,0.003179705845054
