rms,media,desvio_padrao,minimo,skewness,kurtosis,pico_a_pico,crest_factor,shape_factor,mean_abs
0.0030552782796583,0.0011808006911081,0.0028178777642103,-0.0030156774,-0.0359836987507515,-1.442350253518898,0.0082931127,1.7273173887748323,1.156525174761622,0.0026417741233243
