rms,media,desvio_padrao,minimo,skewness,kurtosis,pico_a_pico,crest_factor,shape_factor,mean_abs
0.0029751622081411,0.0010819761322972,0.0027714468809432,-0.0030156774,0.0137145347976449,-1.4562927146715812,0.0082931127,1.773831116017466,1.1588225634542897,0.0025674009999189
