rms,media,desvio_padrao,minimo,skewness,kurtosis,pico_a_pico,crest_factor,shape_factor,mean_abs
0.0030670713670335,-0.0013132459826756,0.002771698352899,-0.006031355,-0.0526572068139163,-1.4781021600800452,0.0090470324,1.9664866832992527,1.175495954952588,0.0026091722001351
