rms,media,desvio_padrao,minimo,skewness,kurtosis,pico_a_pico,crest_factor,shape_factor,mean_abs
0.0029319926455766,-0.0008598755717837,0.0028030688316138,-0.0052774353,0.0138842002238319,-1.471310489797544,0.0090470321,1.7999483416037343,1.1383941102767063,0.0025755514888108
