rms,media,desvio_padrao,minimo,skewness,kurtosis,pico_a_pico,crest_factor,shape_factor,mean_abs
0.0028835200714976,0.0006897343131081,0.0027998133116425,-0.0037695968,0.0160225702140117,-1.486893241316496,0.0090470321,1.8302058488044572,1.1325660931149597,0.0025460060026756
