rms,media,desvio_padrao,minimo,skewness,kurtosis,pico_a_pico,crest_factor,shape_factor,mean_abs
0.0028268918974182,-0.0004910663838378,0.0027839130026553,-0.004523516,0.0382163992613209,-1.466770923961942,0.0082931128,1.6001729688111632,1.1233603171426494,0.0025164605285405
