rms,media,desvio_padrao,minimo,skewness,kurtosis,pico_a_pico,crest_factor,shape_factor,mean_abs
0.0032466356615595,0.0015944375196756,0.0028281464097109,-0.0030156774,-0.0809692699606848,-1.4713679546678875,0.0090470324,1.857724619800048,1.1677149886456768,0.0027803322669729
