rms,media,desvio_padrao,minimo,skewness,kurtosis,pico_a_pico,crest_factor,shape_factor,mean_abs
0.0058626098664443,-0.0051215575569459,0.0028530409455562,-0.009800952,0.0103250433182247,-1.4442094977842852,0.00904703264,1.6717728491703694,1.1446927621643892,0.0051215575569459
