rms,media,desvio_padrao,minimo,skewness,kurtosis,pico_a_pico,crest_factor,shape_factor,mean_abs
0.0028641427225774,-0.0003056429739729,0.0028477878972554,-0.004523516,-0.0374716173480087,-1.4528586034062134,0.009047032,1.5793612393481584,1.1227088900312292,0.0025511000652162
