rms,media,desvio_padrao,minimo,skewness,kurtosis,pico_a_pico,crest_factor,shape_factor,mean_abs
0.0037416799158188,-0.0023259431021891,0.0029308970090777,-0.0067852745,0.0027153469269208,-1.408685845794586,0.0098009519,1.8134299706700097,1.2254249436104043,0.0030533733912702
