rms,media,desvio_padrao,minimo,skewness,kurtosis,pico_a_pico,crest_factor,shape_factor,mean_abs
0.0029951036346481,0.0009668506097297,0.0028347567233799,-0.0037695968,-0.0295503332711061,-1.4671014594458196,0.0090470321,1.7620209327481244,1.1425597003789092,0.002621397931027
