rms,media,desvio_padrao,minimo,skewness,kurtosis,pico_a_pico,crest_factor,shape_factor,mean_abs
0.0031014387877252,0.0012134026078648,0.0028542208508161,-0.0037695968,-0.0694391375790568,-1.4472695882101834,0.0090470321,1.7016087245980147,1.1526611287580544,0.0026906769998108
