rms,media,desvio_padrao,minimo,skewness,kurtosis,pico_a_pico,crest_factor,shape_factor,mean_abs
0.0028941555328446,1.1206907216216258e-05,0.0028941338347639,-0.004523516,0.0160545303121029,-1.490894227066531,0.009047032,1.5629830355226035,1.1144455636213806,0.0025969465241891
