rms,media,desvio_padrao,minimo,skewness,kurtosis,pico_a_pico,crest_factor,shape_factor,mean_abs
0.0028552791164193,0.0005583078349189,0.0028001627085097,-0.0037695968,0.034007171369871,-1.482497258204704,0.0090470321,1.8483080234264708,1.1273383384495372,0.0025327614781081
