rms,media,desvio_padrao,minimo,skewness,kurtosis,pico_a_pico,crest_factor,shape_factor,mean_abs
0.0030489420685643,0.0010815334068825,0.0028506724166866,-0.0030156774,-0.0171526870402386,-1.454614937006686,0.0082931127,1.7309070429419433,1.1512465119513058,0.0026483833279082
