rms,media,desvio_padrao,minimo,skewness,kurtosis,pico_a_pico,crest_factor,shape_factor,mean_abs
0.002857564814051,0.000188479835081,0.0028513421433195,-0.004523516,0.0104848168249011,-1.465258646511476,0.009047032,1.5829968152453695,1.1187900239525046,0.002554156502
