rms,media,desvio_padrao,minimo,skewness,kurtosis,pico_a_pico,crest_factor,shape_factor,mean_abs
0.0031592242469964,0.0014039200638378,0.0028301424517441,-0.0030156774,-0.0213476137328353,-1.4708568625389498,0.0090470324,1.9091253195255349,1.168386072033147,0.0027039215227027
