rms,media,desvio_padrao,minimo,skewness,kurtosis,pico_a_pico,crest_factor,shape_factor,mean_abs
0.0029593719000353,0.0006153611864864,0.0028946869697576,-0.0037695968,-0.0276244484982002,-1.44759048761939,0.0090470321,1.7832957391860846,1.129367831758584,0.0026203791331891
