rms,media,desvio_padrao,minimo,skewness,kurtosis,pico_a_pico,crest_factor,shape_factor,mean_abs
0.0037110702981753,-0.0023330747715945,0.0028859668861835,-0.0067852745,-0.041237234022748,-1.4776633112921866,0.0090470325,1.8283874879266648,1.2339275297298729,0.0030075269485135
