rms,media,desvio_padrao,minimo,skewness,kurtosis,pico_a_pico,crest_factor,shape_factor,mean_abs
0.0032975747177285,-0.001718732351081,0.002814242015952,-0.006031355,-0.0797639840566368,-1.4449887956376677,0.0090470324,1.8290275479048157,1.210883935745939,0.0027232789372972
