rms,media,desvio_padrao,minimo,skewness,kurtosis,pico_a_pico,crest_factor,shape_factor,mean_abs
0.0032375806607103,0.0015821114335762,0.0028246861677632,-0.0030156774,-0.0185617916880672,-1.482446677359008,0.0090470324,1.862920381627396,1.1807423801340269,0.0027419873421862
