rms,media,desvio_padrao,minimo,skewness,kurtosis,pico_a_pico,crest_factor,shape_factor,mean_abs
0.0038411513115415,0.0025663822514594,0.0028579932710822,-0.002261758,-0.0409679075649173,-1.4482601987006356,0.0090470325,1.766468943728468,1.2292903277001082,0.0031246900955675
