rms,media,desvio_padrao,minimo,skewness,kurtosis,pico_a_pico,crest_factor,shape_factor,mean_abs
0.0035474721950293,0.0021578394373513,0.0028157215659786,-0.002261758,-0.0837960467138431,-1.4562076864037137,0.008293113,1.7001838685166029,1.2040029244222337,0.002946398321027
