rms,media,desvio_padrao,minimo,skewness,kurtosis,pico_a_pico,crest_factor,shape_factor,mean_abs
0.0033652450094426,0.0016932621017837,0.002908218944344,-0.0030156774,-0.016502175843272,-1.4447063767043802,0.0090470324,1.7922484048193934,1.185611517033047,0.0028384044529729
