rms,media,desvio_padrao,minimo,skewness,kurtosis,pico_a_pico,crest_factor,shape_factor,mean_abs
0.0032097407296453,0.0012992644958434,0.0029350208383221,-0.0030156774,-0.0070277300585768,-1.4825812858125311,0.0090470324,1.8790785636652765,1.1619660609044635,0.0027623360420242
