rms,media,desvio_padrao,minimo,skewness,kurtosis,pico_a_pico,crest_factor,shape_factor,mean_abs
0.0031993291868251,0.0015282148776756,0.0028107412782612,-0.0030156774,0.0154182594898052,-1.467041644427158,0.0090470324,1.885193628976105,1.1858992178391985,0.0026978086659459
