rms,media,desvio_padrao,minimo,skewness,kurtosis,pico_a_pico,crest_factor,shape_factor,mean_abs
0.0031897114536733,0.0014854248564324,0.0028227242432777,-0.0030156774,-0.0649331418860906,-1.47609111724518,0.0090470324,1.8908779328782492,1.1664757708435578,0.002734485819081
