rms,media,desvio_padrao,minimo,skewness,kurtosis,pico_a_pico,crest_factor,shape_factor,mean_abs
0.0028500285735088,-0.0007793895889729,0.0027413891986395,-0.0052774353,-0.008092806428535,-1.486619242864344,0.0082931127,1.8517131193188607,1.1394743427915652,0.0025011783648648
