rms,media,desvio_padrao,minimo,skewness,kurtosis,pico_a_pico,crest_factor,shape_factor,mean_abs
0.0052407765764156,-0.0043869956125135,0.0028670557405977,-0.009047032,-0.0516078414175607,-1.4199865221857146,0.009047032,1.7262769874054738,1.1946163250008306,0.0043869956125135
