rms,media,desvio_padrao,minimo,skewness,kurtosis,pico_a_pico,crest_factor,shape_factor,mean_abs
0.0028973385463391,-0.000188479833027,0.002891201481157,-0.004523516,0.004096691145902,-1.489663387662519,0.0082931128,1.5612659437798582,1.1174247502690893,0.0025928712834054
