rms,media,desvio_padrao,minimo,skewness,kurtosis,pico_a_pico,crest_factor,shape_factor,mean_abs
0.002819682344217,0.0001069750408648,0.0028176523672946,-0.004523516,0.0379510880866516,-1.45124866712942,0.009047032,1.604264398533184,1.1191360820675114,0.0025195169643783
