rms,media,desvio_padrao,minimo,skewness,kurtosis,pico_a_pico,crest_factor,shape_factor,mean_abs
0.0029397106673263,-0.0008384805624864,0.002817596343326,-0.0052774353,0.0258338293645456,-1.457067958606544,0.0090470321,1.7952226927148036,1.1373416778660008,0.0025847207787567
