rms,media,desvio_padrao,minimo,skewness,kurtosis,pico_a_pico,crest_factor,shape_factor,mean_abs
0.0027937207758407,-1.0174355195681503e-06,0.0027937205905725,-0.0037695968,0.0085626056742488,-1.508395966483957,0.0082931128,1.619172552646624,1.1121291490380525,0.0025120470749797
