rms,media,desvio_padrao,minimo,skewness,kurtosis,pico_a_pico,crest_factor,shape_factor,mean_abs
0.004018716500506,-0.0028934202579459,0.0027889427248237,-0.0067852745,0.0257435924168681,-1.4610401505689548,0.0082931132,1.68841830448743,1.2427600109201768,0.0032337027786486
