rms,media,desvio_padrao,minimo,skewness,kurtosis,pico_a_pico,crest_factor,shape_factor,mean_abs
0.0028334054979022,4.482763470270273e-05,0.0028330508641233,-0.004523516,-0.0149055709129653,-1.475183566886454,0.009047032,1.5964943963541325,1.11690494513045,0.0025368367382162
