rms,media,desvio_padrao,minimo,skewness,kurtosis,pico_a_pico,crest_factor,shape_factor,mean_abs
0.0043284533997411,0.0032418532659999,0.0028680823271754,-0.0015078387,-0.0781742240514184,-1.4575303163381026,0.0090470323,1.7417753880521851,1.235040289812094,0.0035047062314054
