rms,media,desvio_padrao,minimo,skewness,kurtosis,pico_a_pico,crest_factor,shape_factor,mean_abs
0.0032208640628557,0.0014630110384054,0.0028694187587209,-0.0030156774,-0.0307437271322298,-1.4699702279601237,0.0090470324,1.872589119657656,1.1700216195957145,0.0027528243999189
