rms,media,desvio_padrao,minimo,skewness,kurtosis,pico_a_pico,crest_factor,shape_factor,mean_abs
0.0030508755888665,0.0011247661467027,0.0028359730206709,-0.0037695968,-0.0139361103390618,-1.4530637634418124,0.0090470321,1.729810064775759,1.1535240260014887,0.0026448305541081
