rms,media,desvio_padrao,minimo,skewness,kurtosis,pico_a_pico,crest_factor,shape_factor,mean_abs
0.0030473488656941,-0.0008802517641081,0.0029174461333556,-0.0052774353,0.0266869189333691,-1.4658331255757144,0.0090470321,1.7318119889098906,1.1372953429518975,0.0026794700994594
