rms,media,desvio_padrao,minimo,skewness,kurtosis,pico_a_pico,crest_factor,shape_factor,mean_abs
0.0029605396330241,0.0005817404568648,0.0029028215514484,-0.004523516,0.0115297663730876,-1.4543553867787211,0.0098009513,1.7825923494255504,1.1284971809089002,0.0026234355593513
