rms,media,desvio_padrao,minimo,skewness,kurtosis,pico_a_pico,crest_factor,shape_factor,mean_abs
0.0030532664071234,0.0010666939787027,0.0028608739414151,-0.0037695968,0.0278101795397074,-1.4476951397419442,0.0090470321,1.7284555608011678,1.157549266434673,0.002637698883027
