rms,media,desvio_padrao,minimo,skewness,kurtosis,pico_a_pico,crest_factor,shape_factor,mean_abs
0.0072926868726642,0.0067261832639189,0.0028181093880307,0.002261758,-0.0678890303679195,-1.4540572918204009,0.008293113,1.4473226650610198,1.0842236356812125,0.0067261832639189
