rms,media,desvio_padrao,minimo,skewness,kurtosis,pico_a_pico,crest_factor,shape_factor,mean_abs
0.0034889621675141,0.0020416950992972,0.0028291939007163,-0.002261758,-0.0882526347249796,-1.4457041362647771,0.008293113,1.728696016299099,1.1940539367151872,0.0029219468737837
