rms,media,desvio_padrao,minimo,skewness,kurtosis,pico_a_pico,crest_factor,shape_factor,mean_abs
0.002889374418117,-0.0004655961314054,0.0028516144147639,-0.0052774353,0.0274619568762415,-1.449508700985733,0.0090470321,1.8264975514801003,1.12407012000495,0.0025704574534054
