rms,media,desvio_padrao,minimo,skewness,kurtosis,pico_a_pico,crest_factor,shape_factor,mean_abs
0.0077075567686548,0.0071520457752702,0.0028730945982468,0.0030156774,-0.0148712542666423,-1.4573490758273295,0.0082931126,1.4672340846052174,1.0776716216366158,0.0071520457752702
