rms,media,desvio_padrao,minimo,skewness,kurtosis,pico_a_pico,crest_factor,shape_factor,mean_abs
0.0031410588845081,0.0012439669063783,0.0028842325238758,-0.0030156774,-0.0202520823540025,-1.4621310244424857,0.0090470324,1.920166167449731,1.1594835078723484,0.0027090155773513
