rms,media,desvio_padrao,minimo,skewness,kurtosis,pico_a_pico,crest_factor,shape_factor,mean_abs
0.002817911150653,0.0002282134242432,0.0028086548178745,-0.0037695968,-0.0384194733785351,-1.4790255665598382,0.0082931128,1.605272756364831,1.1170779618118534,0.0025225733986216
