rms,media,desvio_padrao,minimo,skewness,kurtosis,pico_a_pico,crest_factor,shape_factor,mean_abs
0.0029193909131531,0.0004768030403513,0.0028801913416494,-0.004523516,0.0328826532892933,-1.421494830796725,0.0098009513,1.807717930552868,1.1290351570280486,0.002585739598081
