rms,media,desvio_padrao,minimo,skewness,kurtosis,pico_a_pico,crest_factor,shape_factor,mean_abs
0.0029631329426305,-0.0010544682649189,0.0027691611570981,-0.0052774353,0.006489636863278,-1.4584727896223597,0.0082931127,1.781032239247066,1.1527648369575905,0.0025704574321081
