rms,media,desvio_padrao,minimo,skewness,kurtosis,pico_a_pico,crest_factor,shape_factor,mean_abs
0.0041857345483795,0.0030401288924054,0.002877149635848,-0.0015078387,0.0352631100305473,-1.4580677695092443,0.0090470323,1.8011638131516536,1.2571770871735213,0.0033294709162972
