rms,media,desvio_padrao,minimo,skewness,kurtosis,pico_a_pico,crest_factor,shape_factor,mean_abs
0.0029772268816151,0.0006336997639729,0.0029090040415496,-0.0037695968,-0.03744648878242,-1.473157709027278,0.0090470321,1.7726009840193964,1.1265456423066051,0.0026427929502432
