rms,media,desvio_padrao,minimo,skewness,kurtosis,pico_a_pico,crest_factor,shape_factor,mean_abs
0.0028458481709847,0.0006438878706216,0.0027720498232108,-0.0037695968,-0.0265725820339832,-1.4675737730925824,0.0082931128,1.589514172302022,1.129978269451786,0.002518498141
