rms,media,desvio_padrao,minimo,skewness,kurtosis,pico_a_pico,crest_factor,shape_factor,mean_abs
0.002904090844021,0.0005766464118648,0.0028462646654887,-0.0037695968,0.0016002850171277,-1.4550291123378472,0.0090470321,1.8172418093825384,1.1293477185241825,0.0025714762569459
