rms,media,desvio_padrao,minimo,skewness,kurtosis,pico_a_pico,crest_factor,shape_factor,mean_abs
0.0049973245966699,-0.0041557257708108,0.0027754632842646,-0.008293113,0.0079160592280945,-1.4418112241911964,0.008293113,1.6595105720221348,1.202515486409229,0.0041557257708108
