rms,media,desvio_padrao,minimo,skewness,kurtosis,pico_a_pico,crest_factor,shape_factor,mean_abs
0.0028981337360813,0.0005674771243783,0.0028420325236563,-0.0037695968,-0.0764969724773679,-1.4566250505682772,0.0090470321,1.820977146187786,1.1212560156746247,0.0025847207912972
