rms,media,desvio_padrao,minimo,skewness,kurtosis,pico_a_pico,crest_factor,shape_factor,mean_abs
0.0030737007249136,-0.0011553304441621,0.0028483061126091,-0.0052774353,0.0037340515836156,-1.4564091573660838,0.0082931127,1.7169645883947386,1.1585837539301835,0.0026529810335135
