rms,media,desvio_padrao,minimo,skewness,kurtosis,pico_a_pico,crest_factor,shape_factor,mean_abs
0.0031930809522442,0.0015119139144864,0.0028124512942923,-0.0030156774,-0.0685739823514346,-1.4816158901227572,0.0090470324,1.8888825840011816,1.167707994966963,0.0027344858183783
