rms,media,desvio_padrao,minimo,skewness,kurtosis,pico_a_pico,crest_factor,shape_factor,mean_abs
0.0032272964975253,0.001628058244081,0.0027865514595677,-0.0030156774,-0.0691635816003072,-1.4953184142131135,0.0082931127,1.6352495979364288,1.1749673952490294,0.0027467115347837
