rms,media,desvio_padrao,minimo,skewness,kurtosis,pico_a_pico,crest_factor,shape_factor,mean_abs
0.0030247057856832,0.0008649696151621,0.0028983913908911,-0.0037695968,0.0327848549975716,-1.483497032004519,0.0090470321,1.7447764093220242,1.1396782061065407,0.0026539998479189
