rms,media,desvio_padrao,minimo,skewness,kurtosis,pico_a_pico,crest_factor,shape_factor,mean_abs
0.0030494905696519,0.0011013335169729,0.0028436696746963,-0.0037695968,0.0327166989513475,-1.441259508297757,0.0090470321,1.7305957108115984,1.1624034664219784,0.0026234355434594
