rms,media,desvio_padrao,minimo,skewness,kurtosis,pico_a_pico,crest_factor,shape_factor,mean_abs
0.080862443785894,0.0118902219419924,0.0799834822772616,-0.2165427692307692,-0.0855487340335376,-0.3535791282853249,0.4126412307692307,2.6779152235879358,1.2450213918615671,0.0649486380832282
