rms,media,desvio_padrao,minimo,skewness,kurtosis,pico_a_pico,crest_factor,shape_factor,mean_abs
0.0794468618928403,0.0171141563682219,0.0775816313080879,-0.138312,0.2518686161634214,-0.6204881209978064,0.3475532307692307,2.633725559248142,1.2169462140524727,0.065283790668348
