rms,media,desvio_padrao,minimo,skewness,kurtosis,pico_a_pico,crest_factor,shape_factor,mean_abs
0.0763362226937784,0.0132231374527112,0.0751822288247751,-0.1512461538461538,0.0075252272390603,-0.7798143084895797,0.3354535384615384,2.413105837766293,1.1946919350495309,0.0638961563682219
