rms,media,desvio_padrao,minimo,skewness,kurtosis,pico_a_pico,crest_factor,shape_factor,mean_abs
0.0836885501539285,0.0157419117276166,0.0821946813487743,-0.1906744615384615,-0.0756639120862576,-0.648442258441718,0.3738387692307692,2.2783817043998664,1.2086473060252407,0.0692414981084489
