rms,media,desvio_padrao,minimo,skewness,kurtosis,pico_a_pico,crest_factor,shape_factor,mean_abs
0.066061041970657,0.0090405699873896,0.0654395091710811,-0.1460307692307692,0.4449413219827333,0.3388206567752716,0.3517255384615384,3.113707611849881,1.3076000332159434,0.0505208322824716
