rms,media,desvio_padrao,minimo,skewness,kurtosis,pico_a_pico,crest_factor,shape_factor,mean_abs
0.0834000234156194,0.0135446103404791,0.0822928152176753,-0.1825384615384615,0.0019491882664176,-0.7390597527146623,0.3740473846153846,2.296269416167294,1.2175601014330513,0.0684976645649432
