rms,media,desvio_padrao,minimo,skewness,kurtosis,pico_a_pico,crest_factor,shape_factor,mean_abs
0.0711533832995572,0.01383615889029,0.0697951621685655,-0.1700215384615384,0.2085669533319755,-0.3468015847962249,0.3807230769230769,2.961230073550832,1.2308969324856092,0.0578061261034047
