rms,media,desvio_padrao,minimo,skewness,kurtosis,pico_a_pico,crest_factor,shape_factor,mean_abs
0.0728111272990452,0.0085669104665825,0.0723053822589668,-0.1401895384615384,0.3057650255780052,-0.5922409631895769,0.3164695384615384,2.4210585186518823,1.22891132887886,0.0592484791929382
