rms,media,desvio_padrao,minimo,skewness,kurtosis,pico_a_pico,crest_factor,shape_factor,mean_abs
0.0714205601697773,0.0133009407313997,0.0701710865714973,-0.1827470769230769,0.1193496245344063,0.0417948927261306,0.3723784615384615,2.655137178490374,1.2552732201787482,0.0568964262295082
