rms,media,desvio_padrao,minimo,skewness,kurtosis,pico_a_pico,crest_factor,shape_factor,mean_abs
0.0594476576175463,0.0039448053181386,0.0593166292637655,-0.1595907692307692,0.0966505690048301,-0.013294345700745,0.3483876923076923,3.175851339535343,1.2280054516861207,0.0484099297245963
