rms,media,desvio_padrao,minimo,skewness,kurtosis,pico_a_pico,crest_factor,shape_factor,mean_abs
0.0700505061672678,0.0133163303909205,0.0687731688902748,-0.1431101538461538,0.1588437720626681,-0.4354679628922842,0.3218935384615384,2.552206891817206,1.2220847693232626,0.0573204968474148
