rms,media,desvio_padrao,minimo,skewness,kurtosis,pico_a_pico,crest_factor,shape_factor,mean_abs
0.0655621194888038,0.0063285699873896,0.0652559630515013,-0.1333052307692307,0.0331524325967927,-0.558652061706125,0.3060387692307692,2.63465458115698,1.2127939834593435,0.0540587440100882
