rms,media,desvio_padrao,minimo,skewness,kurtosis,pico_a_pico,crest_factor,shape_factor,mean_abs
0.0919436941444602,0.0135557250945775,0.090938909219818,-0.2138307692307692,0.0645029005636909,-0.5925433990374347,0.4399698461538461,2.4595387321263296,1.211719157458071,0.0758787162673392
