rms,media,desvio_padrao,minimo,skewness,kurtosis,pico_a_pico,crest_factor,shape_factor,mean_abs
0.077786405846055,0.0151605245901639,0.0762947142900359,-0.2046516923076922,-0.3026935650530387,-0.0890235632108016,0.3944916923076922,2.630944187249286,1.2438853906746077,0.062535026481715
