rms,media,desvio_padrao,minimo,skewness,kurtosis,pico_a_pico,crest_factor,shape_factor,mean_abs
0.0834407042325177,0.0154195838587641,0.0820035825829643,-0.1685612307692307,0.1911417365318145,-0.0439725002403679,0.4086775384615384,2.8776879330164107,1.245118409332212,0.0670142723833543
