rms,media,desvio_padrao,minimo,skewness,kurtosis,pico_a_pico,crest_factor,shape_factor,mean_abs
0.0528172440467886,0.0048922017654476,0.0525901856869148,-0.1278812307692307,-0.0080760671966975,-0.4074097822560278,0.2561796923076923,2.429101780183895,1.221399049673194,0.0432432332912988
