rms,media,desvio_padrao,minimo,skewness,kurtosis,pico_a_pico,crest_factor,shape_factor,mean_abs
0.0797043806164256,0.0068441235813366,0.079409988426214,-0.2367784615384615,-0.1887661795326307,0.1778973315096426,0.4170221538461538,2.97070825602358,1.259862966680272,0.0632643253467843
