rms,media,desvio_padrao,minimo,skewness,kurtosis,pico_a_pico,crest_factor,shape_factor,mean_abs
0.075141905282213,0.0110181412358133,0.0743297147387822,-0.1635544615384615,-0.1080519325256941,-0.5121969449693857,0.3425464615384614,2.3820529879799253,1.2241752496801563,0.0613816569987389
