rms,media,desvio_padrao,minimo,skewness,kurtosis,pico_a_pico,crest_factor,shape_factor,mean_abs
0.0769069072496052,0.0116482622950819,0.0760196709293348,-0.2038172307692307,-0.1547856338512896,-0.4590565950303977,0.3882332307692308,2.650181083315853,1.2089942361458583,0.0636123026481715
