rms,media,desvio_padrao,minimo,skewness,kurtosis,pico_a_pico,crest_factor,shape_factor,mean_abs
0.0870052150629232,0.020998898385565,0.0844331316175009,-0.1881710769230769,-0.0648091920173671,-0.4093521930182335,0.4172307692307692,2.632712213193584,1.236073623554056,0.070388376068376
