rms,media,desvio_padrao,minimo,skewness,kurtosis,pico_a_pico,crest_factor,shape_factor,mean_abs
0.0741539606353456,0.00289314339981,0.0740975006270557,-0.2246787692307692,-0.45779745195365,0.2951854798892586,0.3901107692307692,3.029895737270648,1.2668109753809542,0.0585359316239316
