rms,media,desvio_padrao,minimo,skewness,kurtosis,pico_a_pico,crest_factor,shape_factor,mean_abs
0.0782071681927995,0.0180110315258512,0.0761049531903911,-0.1610510769230769,0.1235717590234996,-0.6104377234797247,0.3531858461538462,2.4567411615916166,1.233213738454458,0.0634173669609079
