rms,media,desvio_padrao,minimo,skewness,kurtosis,pico_a_pico,crest_factor,shape_factor,mean_abs
0.0950706765219887,0.0133274451450189,0.0941318901342958,-0.2048603076923076,-0.1872685070816743,-0.7093105081172082,0.4234892307692307,2.2996462324148568,1.1963016003138225,0.0794704918032786
