rms,media,desvio_padrao,minimo,skewness,kurtosis,pico_a_pico,crest_factor,shape_factor,mean_abs
0.0732570530265187,0.0144414854981084,0.0718194911896352,-0.1679353846153846,-0.1564011215414911,-0.657437297400278,0.3346190769230769,2.292412507429049,1.1906487968237152,0.0615270037831021
