rms,media,desvio_padrao,minimo,skewness,kurtosis,pico_a_pico,crest_factor,shape_factor,mean_abs
0.0630702697680131,0.0133120554854981,0.0616493966504212,-0.1051421538461538,0.425528928936382,-0.5375271537731146,0.2791273846153845,2.758593413492414,1.2665778886273016,0.0497958083228247
