rms,media,desvio_padrao,minimo,skewness,kurtosis,pico_a_pico,crest_factor,shape_factor,mean_abs
0.0649885393070094,0.0165122496847414,0.0628558338709101,-0.1376861538461538,-0.0785648236148881,-0.1630337342731405,0.3402516923076922,3.1169424735738063,1.2330949034029768,0.0527035989911727
