rms,media,desvio_padrao,minimo,skewness,kurtosis,pico_a_pico,crest_factor,shape_factor,mean_abs
0.0824585390619198,0.0102324558404558,0.0818211923140899,-0.2015224615384615,-0.1935363891365178,-0.3636143795905546,0.3909452307692307,2.4439247145421046,1.2306636203242187,0.0670033124406457
