rms,media,desvio_padrao,minimo,skewness,kurtosis,pico_a_pico,crest_factor,shape_factor,mean_abs
0.0815221248392766,0.0087857856242118,0.0810473121656479,-0.1879624615384615,-0.2316542483341012,-0.4644594188235746,0.3538116923076922,2.3056619526175908,1.228858953116125,0.0663396923076923
