rms,media,desvio_padrao,minimo,skewness,kurtosis,pico_a_pico,crest_factor,shape_factor,mean_abs
0.0750350528226753,0.0127787654320987,0.0739389092841724,-0.1489513846153846,0.109145096025815,-0.5628469112693626,0.3485963076923076,2.6606887789994453,1.227029748256998,0.061151779677113
