rms,media,desvio_padrao,minimo,skewness,kurtosis,pico_a_pico,crest_factor,shape_factor,mean_abs
0.0668578787858856,0.0147005447667087,0.0652216983779951,-0.1552098461538461,-0.227667683759378,-0.4250744937059294,0.3269003076923077,2.567991456748206,1.2156905581883524,0.0549958032786885
