rms,media,desvio_padrao,minimo,skewness,kurtosis,pico_a_pico,crest_factor,shape_factor,mean_abs
0.0802226555029107,0.0170876519546027,0.0783816726449305,-0.1351827692307692,0.4226014437998291,-0.2346944979449623,0.3765507692307692,3.0087261321241403,1.2497634871495338,0.0641902698612862
