rms,media,desvio_padrao,minimo,skewness,kurtosis,pico_a_pico,crest_factor,shape_factor,mean_abs
0.0676995718872701,0.0072673392181588,0.0673083784859498,-0.1823298461538461,-0.022484740125886,-0.208999336538429,0.3634079999999999,2.693220076154283,1.2301537661627164,0.055033422446406
