rms,media,desvio_padrao,minimo,skewness,kurtosis,pico_a_pico,crest_factor,shape_factor,mean_abs
0.0762601995722404,0.0151528297604035,0.074739613251944,-0.1877538461538461,-0.1043461903186174,-0.5584023416331378,0.3805144615384615,2.5276699571447536,1.1961751066182305,0.0637533745271122
