rms,media,desvio_padrao,minimo,skewness,kurtosis,pico_a_pico,crest_factor,shape_factor,mean_abs
0.0920152595271484,0.0179751223203026,0.090242467627047,-0.180660923076923,0.3155072659289862,0.2052586629710475,0.4919150769230769,3.382636265393791,1.2580666256638464,0.07314021185372
