rms,media,desvio_padrao,minimo,skewness,kurtosis,pico_a_pico,crest_factor,shape_factor,mean_abs
0.0843209115490695,0.016625107187894,0.0826657240666107,-0.1839987692307692,0.3675556702585688,0.0288568548922754,0.4445593846153846,3.090106719647894,1.2676657933855822,0.0665166733921815
