rms,media,desvio_padrao,minimo,skewness,kurtosis,pico_a_pico,crest_factor,shape_factor,mean_abs
0.0897527965360874,0.0095133745271122,0.089247185900482,-0.2111187692307692,-0.2377842095880459,-0.8728335042740492,0.3942830769230769,2.352224971016736,1.1695096252345067,0.0767439571248423
