rms,media,desvio_padrao,minimo,skewness,kurtosis,pico_a_pico,crest_factor,shape_factor,mean_abs
0.0796832283921566,0.0120680580075662,0.0787640708884617,-0.1967243076923076,-0.3444903768226053,-0.4561448628855795,0.3888590769230768,2.4688295349196907,1.2112394597255762,0.0657865195460277
