rms,media,desvio_padrao,minimo,skewness,kurtosis,pico_a_pico,crest_factor,shape_factor,mean_abs
0.0846305085784309,0.0115601992433795,0.0838372517184171,-0.2081981538461538,-0.0079548401113492,-0.2733021275541643,0.4266184615384615,2.5808696102763906,1.220909538815087,0.0693175914249684
