rms,media,desvio_padrao,minimo,skewness,kurtosis,pico_a_pico,crest_factor,shape_factor,mean_abs
0.0716260002192303,0.0056633947036569,0.0714017497533202,-0.2094498461538461,-0.0761669816246862,-0.0735786073475659,0.4034621538461538,2.924215306072788,1.239347787720801,0.0577933013871374
