rms,media,desvio_padrao,minimo,skewness,kurtosis,pico_a_pico,crest_factor,shape_factor,mean_abs
0.0818780139031475,0.0144192559899117,0.0805983512078344,-0.1716904615384615,-0.0031288497335764,-0.8257896217588403,0.3360793846153845,2.0969055470929217,1.2030133486374377,0.0680607692307692
