rms,media,desvio_padrao,minimo,skewness,kurtosis,pico_a_pico,crest_factor,shape_factor,mean_abs
0.0849840959307147,0.018306,0.0829890771436875,-0.2086153846153846,-0.1989674595519849,-0.4389472103310061,0.4061741538461538,2.45475794418597,1.211456598710958,0.070150343001261
