rms,media,desvio_padrao,minimo,skewness,kurtosis,pico_a_pico,crest_factor,shape_factor,mean_abs
0.0631445244721799,0.0110232711223203,0.0621749022080578,-0.1489513846153846,-0.0349682927319206,-0.6485818366196359,0.297276923076923,2.3588962916493137,1.196825080912852,0.052760027742749
