rms,media,desvio_padrao,minimo,skewness,kurtosis,pico_a_pico,crest_factor,shape_factor,mean_abs
0.0815038937541775,0.0198742640075973,0.0790436482410103,-0.1963070769230769,0.0408123290290423,-0.001864510259987,0.4188996923076923,2.731067254970333,1.2751519201055144,0.0639170066476733
