rms,media,desvio_padrao,minimo,skewness,kurtosis,pico_a_pico,crest_factor,shape_factor,mean_abs
0.0750478466437279,0.0097356696090794,0.074413681693109,-0.1983932307692307,0.1125320267700752,-0.118201174280168,0.4149359999999999,2.885396169443145,1.2387237149199752,0.0605848146279949
