rms,media,desvio_padrao,minimo,skewness,kurtosis,pico_a_pico,crest_factor,shape_factor,mean_abs
0.0751022628170196,0.0145312585119798,0.0736830537253628,-0.1792006153846154,0.1387256062891212,-0.3050619895805297,0.3732129230769231,2.5833084172843432,1.253973550580107,0.0598914249684741
