rms,media,desvio_padrao,minimo,skewness,kurtosis,pico_a_pico,crest_factor,shape_factor,mean_abs
0.0621701230766982,0.0159719016393442,0.0600834632939457,-0.1718990769230769,-0.402225735016009,0.2550772579846216,0.3241883076923076,2.764978874354291,1.2332344512590874,0.0504122496847414
