rms,media,desvio_padrao,minimo,skewness,kurtosis,pico_a_pico,crest_factor,shape_factor,mean_abs
0.0769515399849873,0.0180324060529634,0.07480890213071,-0.1950553846153846,-0.0669212623153621,0.0009057649631194,0.4236978461538461,2.971252577701081,1.259587045585655,0.0610926733921815
