rms,media,desvio_padrao,minimo,skewness,kurtosis,pico_a_pico,crest_factor,shape_factor,mean_abs
0.0610580764313529,0.0146475359394703,0.0592751076624823,-0.156252923076923,0.0887427614520619,-0.2348209477221945,0.3254399999999999,2.770920520453872,1.2608498379784898,0.0484261286254728
