rms,media,desvio_padrao,minimo,skewness,kurtosis,pico_a_pico,crest_factor,shape_factor,mean_abs
0.0756685093530645,0.011323369482976,0.0748164728603722,-0.168144,-0.004821114796505,-0.7625948491360308,0.3425464615384615,2.304822217716892,1.1893025494600586,0.0636242723833543
