rms,media,desvio_padrao,minimo,skewness,kurtosis,pico_a_pico,crest_factor,shape_factor,mean_abs
0.0837215142814278,0.0098476721311475,0.0831403350196085,-0.2081981538461538,-0.1114617767722153,0.1208299332400772,0.4266184615384615,2.6088910307820417,1.2868565999135722,0.0650589306431273
