rms,media,desvio_padrao,minimo,skewness,kurtosis,pico_a_pico,crest_factor,shape_factor,mean_abs
0.0728369751546381,0.0170902168978562,0.0708035976208949,-0.145404923076923,0.1776424974154512,-0.5241432875555865,0.3283606153846153,2.5118518708288518,1.2499644831271943,0.0582712358133669
