rms,media,desvio_padrao,minimo,skewness,kurtosis,pico_a_pico,crest_factor,shape_factor,mean_abs
0.0846392217552831,0.0125135031525851,0.0837090801418235,-0.2084067692307692,-0.2247307244646845,-0.5378510778247128,0.4103464615384615,2.4622954335914677,1.2172068355467112,0.0695356116015132
