rms,media,desvio_padrao,minimo,skewness,kurtosis,pico_a_pico,crest_factor,shape_factor,mean_abs
0.070638624602656,0.0118320832282471,0.0696406281723162,-0.1351827692307692,0.1198951660472622,-0.7276828641833166,0.3077076923076923,2.4423596020927616,1.2081258459502595,0.0584695914249684
