rms,media,desvio_padrao,minimo,skewness,kurtosis,pico_a_pico,crest_factor,shape_factor,mean_abs
0.0836063208427879,0.0115482295081967,0.0828049230426139,-0.191508923076923,-0.1124487101282484,-0.2620478265364636,0.3926141538461538,2.405383094746938,1.242327620152831,0.0672981261034047
