rms,media,desvio_padrao,minimo,skewness,kurtosis,pico_a_pico,crest_factor,shape_factor,mean_abs
0.0863536791805371,0.0166037326607818,0.0847423977106172,-0.1623027692307692,0.1916078513810503,-0.6311991753046047,0.3999156923076923,2.7516247753631045,1.2198150925242963,0.0707924337957124
