rms,media,desvio_padrao,minimo,skewness,kurtosis,pico_a_pico,crest_factor,shape_factor,mean_abs
0.0625562449567937,0.0116969962168978,0.0614529418546928,-0.1902572307692307,-0.3049912096028697,0.0609139491091617,0.3446326153846153,3.0413786968932897,1.2428329309670938,0.0503335914249684
