rms,media,desvio_padrao,minimo,skewness,kurtosis,pico_a_pico,crest_factor,shape_factor,mean_abs
0.0821148750469247,0.0093552030264817,0.081580223585777,-0.2278079999999999,-0.2404463643831056,0.2459733836982511,0.4476886153846153,2.7742598386689203,1.2612001565920197,0.0651085195460277
