rms,media,desvio_padrao,minimo,skewness,kurtosis,pico_a_pico,crest_factor,shape_factor,mean_abs
0.07990714346642,0.0060412963430012,0.0796784432293897,-0.1760713846153846,-0.1129403862687886,-0.5144802090287333,0.381348923076923,2.568951029363271,1.2275495823044946,0.0650948398486759
