rms,media,desvio_padrao,minimo,skewness,kurtosis,pico_a_pico,crest_factor,shape_factor,mean_abs
0.058695290399639,0.005083175688509,0.0584747675499245,-0.1397723076923077,0.1352602758749955,-0.709306854231742,0.2970683076923077,2.679874295348358,1.1926668080001066,0.0492134852801519
