rms,media,desvio_padrao,minimo,skewness,kurtosis,pico_a_pico,crest_factor,shape_factor,mean_abs
0.0633019136301373,0.007854711223203,0.0628127039764843,-0.1303846153846153,0.2965625011933058,-0.4853990807242656,0.3154264615384615,2.923163543443809,1.2109148042643805,0.0522761084489281
