rms,media,desvio_padrao,minimo,skewness,kurtosis,pico_a_pico,crest_factor,shape_factor,mean_abs
0.062933149756442,0.0086575384615384,0.0623348086229013,-0.1458221538461538,-0.1663317604966187,-0.3610094179608243,0.3018664615384615,2.479524833831069,1.2366045890529598,0.0508918940731399
