rms,media,desvio_padrao,minimo,skewness,kurtosis,pico_a_pico,crest_factor,shape_factor,mean_abs
0.0789578057094818,0.0129341538461538,0.0778912238107753,-0.1393550769230769,0.1194261200248902,-0.753444404365939,0.3546461538461538,2.7266598278480685,1.1911294430890431,0.0662881823361823
