rms,media,desvio_padrao,minimo,skewness,kurtosis,pico_a_pico,crest_factor,shape_factor,mean_abs
0.0699992911140304,0.012076607818411,0.0689496649742917,-0.173568,-0.4027004585719733,-0.5405968971373989,0.3158436923076922,2.479567967584898,1.189261467650199,0.0588594627994955
