rms,media,desvio_padrao,minimo,skewness,kurtosis,pico_a_pico,crest_factor,shape_factor,mean_abs
0.0919732419384936,0.0166199773013871,0.0904591266107409,-0.2117446153846153,0.0568026236284779,-0.4641488780536398,0.4591624615384615,2.6901068282371168,1.219694809270757,0.0754067667087011
