rms,media,desvio_padrao,minimo,skewness,kurtosis,pico_a_pico,crest_factor,shape_factor,mean_abs
0.0672109942252611,0.0106026204287515,0.0663694371287862,-0.1310104615384615,0.0676062871681069,-0.7704350458490556,0.2826738461538461,2.256526426421799,1.2090479569968238,0.0555900151324085
