rms,media,desvio_padrao,minimo,skewness,kurtosis,pico_a_pico,crest_factor,shape_factor,mean_abs
0.0754732868374237,0.0051923001261034,0.075294468890115,-0.1718990769230769,0.2249299088615593,-0.4254358940188427,0.3832264615384615,2.800028903876981,1.2254092069549196,0.0615902723833543
