rms,media,desvio_padrao,minimo,skewness,kurtosis,pico_a_pico,crest_factor,shape_factor,mean_abs
0.0826719055085251,0.0112361614123581,0.0819047778650668,-0.1739852307692307,-0.0118024154163111,-0.8004385241953433,0.355272,2.192846144233059,1.1979585999599396,0.0690106532156368
