rms,media,desvio_padrao,minimo,skewness,kurtosis,pico_a_pico,crest_factor,shape_factor,mean_abs
0.0570989518844281,0.0160419221272554,0.0547991518252181,-0.1693956923076923,-0.5028407762622593,0.5277851561747924,0.3148006153846153,2.9667040587813207,1.2500032501912437,0.0456790427350427
