rms,media,desvio_padrao,minimo,skewness,kurtosis,pico_a_pico,crest_factor,shape_factor,mean_abs
0.0641605780755295,0.0060139369482976,0.0638781053363985,-0.1746110769230769,-0.1916984904879282,0.0140505192622484,0.3396258461538461,2.7214698208848027,1.2715750304475946,0.0504575636822194
