rms,media,desvio_padrao,minimo,skewness,kurtosis,pico_a_pico,crest_factor,shape_factor,mean_abs
0.070798020690777,0.0145757175283732,0.0692813697343287,-0.1944295384615384,-0.00219328834562,-0.1105020297374275,0.3792627692307692,2.7462566970727065,1.2522159225253808,0.0565381891551071
