rms,media,desvio_padrao,minimo,skewness,kurtosis,pico_a_pico,crest_factor,shape_factor,mean_abs
0.0819280166367384,0.0074614199243379,0.0815875426933694,-0.1875452307692307,0.0584162166481475,-0.7751122959572445,0.3767593846153846,2.309517081136148,1.20043046215465,0.0682488650693568
