rms,media,desvio_padrao,minimo,skewness,kurtosis,pico_a_pico,crest_factor,shape_factor,mean_abs
0.0761374589737631,0.0102255737704918,0.0754476659681775,-0.2067378461538461,0.1349015173572108,0.006311446937528,0.4032535384615384,2.715323691392008,1.2711855103727023,0.0598948448928121
