rms,media,desvio_padrao,minimo,skewness,kurtosis,pico_a_pico,crest_factor,shape_factor,mean_abs
0.0753824041684705,0.0149861084489281,0.073877759926622,-0.1769058461538461,-0.1813518236600174,-0.7060902890876197,0.3531858461538462,2.3467790408817826,1.2037313323662346,0.0626239445145019
