rms,media,desvio_padrao,minimo,skewness,kurtosis,pico_a_pico,crest_factor,shape_factor,mean_abs
0.0710133047938955,0.0176698940731399,0.0687798248121839,-0.1700215384615384,0.1377637295432475,0.1374319900697673,0.4030449230769231,3.2814045944164527,1.2242005448742217,0.0580079016393442
