rms,media,desvio_padrao,minimo,skewness,kurtosis,pico_a_pico,crest_factor,shape_factor,mean_abs
0.0700337794922337,0.0072895687263556,0.0696533736279195,-0.2092412307692307,-0.4131826813186577,0.0768893998815669,0.3527686153846153,2.9877186735642915,1.23776278210748,0.0565809382093316
