rms,media,desvio_padrao,minimo,skewness,kurtosis,pico_a_pico,crest_factor,shape_factor,mean_abs
0.0793908348653992,0.0095407339218158,0.0788154747296379,-0.2019396923076923,-0.0478007945969792,-0.2783161279162049,0.3988726153846154,2.5436146710141654,1.2244587845927255,0.0648374905422446
