rms,media,desvio_padrao,minimo,skewness,kurtosis,pico_a_pico,crest_factor,shape_factor,mean_abs
0.0625753994349418,0.0100964716267339,0.0617555007682156,-0.1558356923076923,0.0426193444287951,-0.4240497824841873,0.3179298461538461,2.5903814487781127,1.213007290270017,0.0515869936948297
