rms,media,desvio_padrao,minimo,skewness,kurtosis,pico_a_pico,crest_factor,shape_factor,mean_abs
0.0771749035041267,0.0084677326607818,0.0767089514623737,-0.1829556923076923,0.0668853429865541,-0.2574518039142086,0.4009587692307692,2.824792348608764,1.2436970156809124,0.062052817150063
