rms,media,desvio_padrao,minimo,skewness,kurtosis,pico_a_pico,crest_factor,shape_factor,mean_abs
0.0887705891125614,0.0131786784363177,0.0877869006518816,-0.2157083076923077,-0.1443262473191701,-0.5170074286906492,0.408468923076923,2.429952418348703,1.224381455694141,0.072502395964691
