rms,media,desvio_padrao,minimo,skewness,kurtosis,pico_a_pico,crest_factor,shape_factor,mean_abs
0.0690999521699039,-8.891803278688602e-05,0.06909989495988,-0.1754455384615384,-0.2474257708683253,-0.4781146317751217,0.3150092307692307,2.539010997144404,1.229395277335805,0.0562064564943253
