rms,media,desvio_padrao,minimo,skewness,kurtosis,pico_a_pico,crest_factor,shape_factor,mean_abs
0.0649408673861779,0.0029702042875157,0.0648729076222082,-0.1395636923076923,0.1134624388691341,-0.6496433103573369,0.28476,2.235823350323951,1.2181401556333904,0.0533114905422446
