rms,media,desvio_padrao,minimo,skewness,kurtosis,pico_a_pico,crest_factor,shape_factor,mean_abs
0.0817277130267713,0.0183897881462799,0.0796318703065627,-0.1802436923076923,0.0733401999732987,-0.2900982838019108,0.3976209230769231,2.6597738113389418,1.2654401465524725,0.0645844161412358
