rms,media,desvio_padrao,minimo,skewness,kurtosis,pico_a_pico,crest_factor,shape_factor,mean_abs
0.0548217139813995,0.0147792030264817,0.0527920020624375,-0.1036818461538461,0.3617845100062936,-0.1027842243007546,0.2693224615384615,3.021441749172885,1.2608719526896484,0.0434792080706179
