rms,media,desvio_padrao,minimo,skewness,kurtosis,pico_a_pico,crest_factor,shape_factor,mean_abs
0.0711040576012188,0.0117269205548549,0.0701303524991681,-0.1587563076923076,0.329095097901375,0.4581015305355889,0.3932399999999999,3.29775402724236,1.3357181001363296,0.0532328322824716
