rms,media,desvio_padrao,minimo,skewness,kurtosis,pico_a_pico,crest_factor,shape_factor,mean_abs
0.0622796300934874,0.0079803934426229,0.0617662176685813,-0.1266295384615384,0.1348228264125049,-0.7683664760156854,0.2839255384615384,2.525641205059893,1.2080146627759814,0.0515553593947036
