rms,media,desvio_padrao,minimo,skewness,kurtosis,pico_a_pico,crest_factor,shape_factor,mean_abs
0.0723490374943141,0.0120193240857503,0.0713436687791942,-0.1817039999999999,0.2252165831096838,-0.1767734619741268,0.3778024615384615,2.7104501777770413,1.2504895729228889,0.0578565699873896
