rms,media,desvio_padrao,minimo,skewness,kurtosis,pico_a_pico,crest_factor,shape_factor,mean_abs
0.0577152350654874,0.0139361916771752,0.0560074184390023,-0.1157815384615384,0.1420255432448162,-0.2989152224045046,0.2785015384615384,2.819359564513034,1.259744939734389,0.0458150163934426
