rms,media,desvio_padrao,minimo,skewness,kurtosis,pico_a_pico,crest_factor,shape_factor,mean_abs
0.0824049091596386,0.0163429634300126,0.0807680419468837,-0.1877538461538461,-0.0571517353889606,-0.4887170507292171,0.3899021538461538,2.453110011937474,1.2201352400105032,0.0675375208070617
