rms,media,desvio_padrao,minimo,skewness,kurtosis,pico_a_pico,crest_factor,shape_factor,mean_abs
0.0750082281827334,0.005979737704918,0.0747694926563861,-0.1931778461538461,-0.2359453164412743,-0.1563292294374929,0.3558978461538461,2.575422068139384,1.2724576154744427,0.0589475258511979
