rms,media,desvio_padrao,minimo,skewness,kurtosis,pico_a_pico,crest_factor,shape_factor,mean_abs
0.0635154534336513,0.0092987742749054,0.0628310880207138,-0.1408153846153846,-0.0890823653414032,-0.4075353157038393,0.3158436923076922,2.7556806765953947,1.240253824148189,0.0512116569987389
