rms,media,desvio_padrao,minimo,skewness,kurtosis,pico_a_pico,crest_factor,shape_factor,mean_abs
0.0746013523380691,0.0101947944514501,0.073901474523594,-0.1794092307692308,-0.1395880809552915,-0.5471148988057952,0.3460929230769231,2.404905878330547,1.220554135621764,0.0611208877679697
