rms,media,desvio_padrao,minimo,skewness,kurtosis,pico_a_pico,crest_factor,shape_factor,mean_abs
0.0782537648422094,0.0069501412358133,0.0779445139107433,-0.157296,-0.0632653432244455,-0.8325682288526384,0.3463015384615384,2.415290035471754,1.1846148356523696,0.0660584035308953
