rms,media,desvio_padrao,minimo,skewness,kurtosis,pico_a_pico,crest_factor,shape_factor,mean_abs
0.0820109446002852,0.0139028474148801,0.0808239189101197,-0.1741938461538461,0.1252507762203865,-0.0072427242821304,0.4268270769230769,3.0804819039769,1.2388298384011265,0.0662003303909205
