rms,media,desvio_padrao,minimo,skewness,kurtosis,pico_a_pico,crest_factor,shape_factor,mean_abs
0.0766750020989677,0.0175236923076923,0.0746456707035447,-0.2081981538461538,-0.4075373890328279,0.054732528733409,0.3861470769230769,2.71533287442788,1.2398090671421045,0.0618442017654476
