rms,media,desvio_padrao,minimo,skewness,kurtosis,pico_a_pico,crest_factor,shape_factor,mean_abs
0.0581887910524017,0.0144816696090794,0.0563579333321719,-0.1178676923076923,0.3964874973489751,0.1450503491963615,0.3010319999999999,3.147759291430536,1.281416087619667,0.0454097553593947
