rms,media,desvio_padrao,minimo,skewness,kurtosis,pico_a_pico,crest_factor,shape_factor,mean_abs
0.08286782842303,0.0094714804539722,0.0823247717613524,-0.1800350769230769,0.1283118045146575,-0.5229521506402435,0.4128498461538461,2.809471101888644,1.1967647186207344,0.0692432080706179
