rms,media,desvio_padrao,minimo,skewness,kurtosis,pico_a_pico,crest_factor,shape_factor,mean_abs
0.0700065832743186,0.0151459899117276,0.0683485236953802,-0.1353913846153846,0.1680396613495656,-0.2811652124540806,0.3283606153846153,2.7564440620260933,1.236590746033017,0.0566125725094577
