rms,media,desvio_padrao,minimo,skewness,kurtosis,pico_a_pico,crest_factor,shape_factor,mean_abs
0.0717615771925025,0.0124929836065573,0.0706657577739161,-0.1746110769230769,-0.1468432351256206,-0.1759440444956674,0.3686233846153846,2.703568055254194,1.2364257575619295,0.0580395359394703
