rms,media,desvio_padrao,minimo,skewness,kurtosis,pico_a_pico,crest_factor,shape_factor,mean_abs
0.0779837605498314,0.0098245876418663,0.0773624223196296,-0.1979759999999999,-0.23112885883201,-0.2431667069032506,0.3811403076923076,2.5386823949518784,1.2293428744038788,0.0634353215636822
