rms,media,desvio_padrao,minimo,skewness,kurtosis,pico_a_pico,crest_factor,shape_factor,mean_abs
0.0825597823037867,0.0132363456790123,0.0814918204920858,-0.1718990769230769,-0.0997490655404383,-0.8587078664045373,0.3775938461538461,2.4914645301981952,1.1799697427369482,0.0699677113010446
