rms,media,desvio_padrao,minimo,skewness,kurtosis,pico_a_pico,crest_factor,shape_factor,mean_abs
0.0654236654376807,0.0161317831021437,0.0634036400630671,-0.107436923076923,0.0854486819014044,-0.7636350043834037,0.2676535384615384,2.4489091877193827,1.2192574863101842,0.0536586128625472
