rms,media,desvio_padrao,minimo,skewness,kurtosis,pico_a_pico,crest_factor,shape_factor,mean_abs
0.0584305724236628,0.0129332988650693,0.0569812387915856,-0.1456135384615384,0.1155530717834039,-0.1458387653242612,0.3031181538461538,2.6955856985722444,1.2731489545541326,0.0458945296343001
