rms,media,desvio_padrao,minimo,skewness,kurtosis,pico_a_pico,crest_factor,shape_factor,mean_abs
0.0795506860037954,0.0124374098360655,0.0785724027903194,-0.199644923076923,-0.2357610222596304,-0.357258530194402,0.3669544615384615,2.5096568377474178,1.2396418250351915,0.0641723152585119
