rms,media,desvio_padrao,minimo,skewness,kurtosis,pico_a_pico,crest_factor,shape_factor,mean_abs
0.0692490984533407,0.0166042393162393,0.0672289883408157,-0.1700215384615384,0.0922039536011239,-0.4641844988488932,0.3383741538461539,2.45521663471326,1.233623552396342,0.0561347084520417
