rms,media,desvio_padrao,minimo,skewness,kurtosis,pico_a_pico,crest_factor,shape_factor,mean_abs
0.0677422036360798,0.0197286885245901,0.0648057482216802,-0.146448,0.2618427314241792,0.226928521301978,0.3485963076923077,2.9840822536313603,1.28475945611407,0.0527275384615384
