rms,media,desvio_padrao,minimo,skewness,kurtosis,pico_a_pico,crest_factor,shape_factor,mean_abs
0.0716721944970467,0.0143833467843631,0.0702141210818967,-0.158964923076923,-0.1672724395278749,-0.725787722847151,0.3179298461538461,2.217944130111338,1.194298167132549,0.0600119773013871
