rms,media,desvio_padrao,minimo,skewness,kurtosis,pico_a_pico,crest_factor,shape_factor,mean_abs
0.0879713456472463,0.015034842370744,0.0866770509989476,-0.1960984615384615,0.2390911366668234,-0.2981878913498077,0.444768,2.826710636650608,1.260152834417077,0.0698100605296343
