rms,media,desvio_padrao,minimo,skewness,kurtosis,pico_a_pico,crest_factor,shape_factor,mean_abs
0.0751918817474291,0.0146595056746532,0.0737490201568412,-0.195264,-0.055763359756651,-0.3914971243950189,0.3721698461538462,2.5968760917022293,1.231628532610344,0.0610507793190416
