rms,media,desvio_padrao,minimo,skewness,kurtosis,pico_a_pico,crest_factor,shape_factor,mean_abs
0.0766502972510224,0.0056710895334174,0.0764402172431113,-0.21696,-0.3566190442584042,-0.3923129814124309,0.3911538461538462,2.830517398901621,1.212538429533203,0.0632147364438839
