rms,media,desvio_padrao,minimo,skewness,kurtosis,pico_a_pico,crest_factor,shape_factor,mean_abs
0.0756097946573696,0.0127623026481715,0.0745249265631712,-0.1529150769230769,-0.0620002064918473,-0.5625659988333171,0.3387913846153846,2.458362815751816,1.215276626621455,0.0622161185372005
