rms,media,desvio_padrao,minimo,skewness,kurtosis,pico_a_pico,crest_factor,shape_factor,mean_abs
0.0799371810188116,0.0075708575031525,0.0795778551225227,-0.1981846153846153,-0.0558253179056341,-0.5520772340721849,0.3828092307692308,2.4792544953264803,1.2286403855054433,0.0650614955863808
