rms,media,desvio_padrao,minimo,skewness,kurtosis,pico_a_pico,crest_factor,shape_factor,mean_abs
0.0739440043192138,0.0113396141235813,0.0730693432725941,-0.1485341538461538,0.0887347288187123,-0.5241436805578803,0.3344104615384615,2.5137441419845987,1.2423847405747377,0.0595177982345523
