rms,media,desvio_padrao,minimo,skewness,kurtosis,pico_a_pico,crest_factor,shape_factor,mean_abs
0.0818582404521891,0.0173159319041614,0.0800058124902113,-0.1812867692307692,-0.1116300466513929,-0.6469294393381677,0.3719612307692307,2.329325190538741,1.1966796688214925,0.0684044716267339
