rms,media,desvio_padrao,minimo,skewness,kurtosis,pico_a_pico,crest_factor,shape_factor,mean_abs
0.0824503221880766,0.010886474148802,0.0817284547114718,-0.2011052307692307,-0.1777383316917539,-0.0866290696549172,0.4232806153846153,2.694657567360167,1.2442135399692469,0.0662670189155107
