rms,media,desvio_padrao,minimo,skewness,kurtosis,pico_a_pico,crest_factor,shape_factor,mean_abs
0.073247947733559,0.0152887717528373,0.0716345957304697,-0.173568,-0.12778839171008,-0.5834999220282544,0.3477618461538461,2.3781396140609976,1.2201904185148893,0.0600299319041614
