rms,media,desvio_padrao,minimo,skewness,kurtosis,pico_a_pico,crest_factor,shape_factor,mean_abs
0.0623849780849913,0.0105419167717528,0.0614878319787117,-0.1255864615384615,-0.1385421867439658,-0.858197057769281,0.2551366153846154,2.07662417817409,1.197546379722903,0.0520939974779319
