rms,media,desvio_padrao,minimo,skewness,kurtosis,pico_a_pico,crest_factor,shape_factor,mean_abs
0.0644872104364821,0.0065158108448928,0.064157186027075,-0.1497858461538461,-0.1449340945544959,-0.2494234966391775,0.3162609230769231,2.5815208286463176,1.2605971053091471,0.0511560832282471
