rms,media,desvio_padrao,minimo,skewness,kurtosis,pico_a_pico,crest_factor,shape_factor,mean_abs
0.0739415354676963,0.0117918991172761,0.0729952175318943,-0.2109101538461538,-0.424227478473333,0.0338893476625905,0.4053396923076923,2.8523907775528485,1.2261908597208404,0.060301815889029
