rms,media,desvio_padrao,minimo,skewness,kurtosis,pico_a_pico,crest_factor,shape_factor,mean_abs
0.0715788519084214,0.0115657056030389,0.0706382792431381,-0.1226658461538461,0.4297504635866466,-0.2579149562601306,0.3339932307692307,2.952371810681717,1.2598472899662183,0.0568154985754985
