rms,media,desvio_padrao,minimo,skewness,kurtosis,pico_a_pico,crest_factor,shape_factor,mean_abs
0.0767069680381539,0.014629581336696,0.0752989660986082,-0.1487427692307692,0.0387473516023567,-0.6140390918472991,0.3289864615384615,2.349769478804578,1.2092480012020002,0.0634336116015132
