rms,media,desvio_padrao,minimo,skewness,kurtosis,pico_a_pico,crest_factor,shape_factor,mean_abs
0.0890708367755484,0.0137677604035308,0.0880003564615926,-0.2081981538461538,-0.2390708057726355,-0.5089494737345497,0.4188996923076923,2.365550230458593,1.212663656535825,0.0734505699873896
