rms,media,desvio_padrao,minimo,skewness,kurtosis,pico_a_pico,crest_factor,shape_factor,mean_abs
0.0772977711953152,0.0146637805800756,0.0758941300158497,-0.1958898461538461,0.0815834843352689,-0.4733933367628311,0.3938658461538461,2.5612122696236104,1.2225824566305985,0.0632249962168978
