rms,media,desvio_padrao,minimo,skewness,kurtosis,pico_a_pico,crest_factor,shape_factor,mean_abs
0.084931733287095,0.0109454678436317,0.0842234887239556,-0.1942209230769231,-0.3025203977809028,-0.6613369236911444,0.3869815384615385,2.286788642596017,1.1963479810038085,0.0709924993694829
