rms,media,desvio_padrao,minimo,skewness,kurtosis,pico_a_pico,crest_factor,shape_factor,mean_abs
0.0621840416042259,0.0178289205548549,0.0595733549675085,-0.1276726153846153,0.1971809274417578,-0.4915637783901108,0.3035353846153846,2.8281013053165367,1.2441877326805777,0.0499796292559899
