rms,media,desvio_padrao,minimo,skewness,kurtosis,pico_a_pico,crest_factor,shape_factor,mean_abs
0.085025158970586,0.0113994627994955,0.0842575213607446,-0.2081981538461538,0.1223071404088104,0.5563554540741125,0.4533212307692307,2.882947587406169,1.3262229842954765,0.0641107566204287
