rms,media,desvio_padrao,minimo,skewness,kurtosis,pico_a_pico,crest_factor,shape_factor,mean_abs
0.066296465383233,0.0087541513240857,0.0657159505516371,-0.1391464615384615,0.0448894237559062,-0.3563784815502826,0.3141747692307692,2.640085058540299,1.242711045003435,0.0533482547288776
