rms,media,desvio_padrao,minimo,skewness,kurtosis,pico_a_pico,crest_factor,shape_factor,mean_abs
0.0704315162831769,0.0127691424968474,0.0692643305449683,-0.1533323076923076,0.0517836789118963,-0.3495832489182953,0.3540203076923077,2.8494062117463685,1.234476703710109,0.0570537427490542
