rms,media,desvio_padrao,minimo,skewness,kurtosis,pico_a_pico,crest_factor,shape_factor,mean_abs
0.0761581275716805,0.0128110365699873,0.0750728828354607,-0.1429015384615384,0.3176917870668101,-0.1635545532267635,0.4009587692307692,3.3884398027819893,1.252507158204696,0.0608045447667086
