rms,media,desvio_padrao,minimo,skewness,kurtosis,pico_a_pico,crest_factor,shape_factor,mean_abs
0.0624635912181836,0.0198090567465321,0.0592393576829206,-0.1257950769230769,-0.0287842748634838,-0.3452522456468339,0.2962338461538461,2.72860983345372,1.2312045726372558,0.0507337225725094
