rms,media,desvio_padrao,minimo,skewness,kurtosis,pico_a_pico,crest_factor,shape_factor,mean_abs
0.0840776908415349,0.0137899899117276,0.0829390997990645,-0.183372923076923,-0.1518138390120363,-0.4511537306582251,0.3934486153846154,2.498590175408497,1.2220688228046492,0.0687994728877679
