rms,media,desvio_padrao,minimo,skewness,kurtosis,pico_a_pico,crest_factor,shape_factor,mean_abs
0.0808730020142949,0.0177297427490542,0.0789056314647852,-0.2242615384615384,-0.3187985958796842,0.1769569330506852,0.4393439999999999,2.773008703471876,1.2583363146840525,0.0642697831021437
