rms,media,desvio_padrao,minimo,skewness,kurtosis,pico_a_pico,crest_factor,shape_factor,mean_abs
0.0677739325346777,0.0088541841109709,0.0671930752008276,-0.1904658461538461,-0.3813944468937843,0.2489807053281825,0.3719612307692307,2.810311266155181,1.2391669698600305,0.0546931399747793
