rms,media,desvio_padrao,minimo,skewness,kurtosis,pico_a_pico,crest_factor,shape_factor,mean_abs
0.0804030334709619,0.0098741765447667,0.0797944135193398,-0.1693956923076923,0.1206752020829852,-0.7267831294081808,0.3757163076923077,2.5660799907397704,1.1996366437389547,0.0670228221941992
