rms,media,desvio_padrao,minimo,skewness,kurtosis,pico_a_pico,crest_factor,shape_factor,mean_abs
0.0635410672063782,0.0134385926860025,0.062103715253962,-0.1798264615384615,-0.1940361965538077,-0.1880312402331641,0.3385827692307692,2.8300824875099115,1.24233027733155,0.0511466784363177
