rms,media,desvio_padrao,minimo,skewness,kurtosis,pico_a_pico,crest_factor,shape_factor,mean_abs
0.072137952428901,0.0095116645649432,0.071508128334046,-0.1700215384615384,0.156644989127361,-0.0407464134887249,0.3654941538461538,2.709705623780665,1.3035323871063678,0.0553403606557377
