rms,media,desvio_padrao,minimo,skewness,kurtosis,pico_a_pico,crest_factor,shape_factor,mean_abs
0.0636231663534081,0.0065842093316519,0.0632815572209663,-0.1362258461538461,-0.0342548811542116,-0.7383481633334577,0.290184,2.4198442591014917,1.1992893740286583,0.0530507213114754
