rms,media,desvio_padrao,minimo,skewness,kurtosis,pico_a_pico,crest_factor,shape_factor,mean_abs
0.0754729642531768,0.013154738965952,0.074317704323391,-0.1812867692307692,-0.0438969352722737,-0.5956411235249446,0.3513083076923077,2.4020093953463384,1.2217575394666942,0.0617740933165195
