rms,media,desvio_padrao,minimo,skewness,kurtosis,pico_a_pico,crest_factor,shape_factor,mean_abs
0.0872433703366626,0.0170568726355611,0.0855597379822677,-0.1595907692307692,-0.0155047308761575,-1.030982870118236,0.3490135384615385,2.171199582269775,1.177761855195974,0.0740755611601513
