rms,media,desvio_padrao,minimo,skewness,kurtosis,pico_a_pico,crest_factor,shape_factor,mean_abs
0.0823927342496472,0.0182914653215636,0.0803366974272842,-0.169812923076923,-0.1207044775450219,-0.725454957887389,0.3590270769230769,2.296490771538681,1.1977417166509756,0.0687900680958385
