rms,media,desvio_padrao,minimo,skewness,kurtosis,pico_a_pico,crest_factor,shape_factor,mean_abs
0.0732501002836279,0.0185582194199243,0.0708602122740504,-0.1495772307692307,-0.029182377957829,-0.6932835575368981,0.3139661538461538,2.244214307426218,1.2089310735859111,0.0605907994955863
