rms,media,desvio_padrao,minimo,skewness,kurtosis,pico_a_pico,crest_factor,shape_factor,mean_abs
0.0673159443373506,0.0117064010088272,0.0662902446627693,-0.1441532307692307,-0.0971668762311963,-0.7060930854844507,0.3047870769230769,2.386267439833232,1.2022269125174168,0.055992711223203
