rms,media,desvio_padrao,minimo,skewness,kurtosis,pico_a_pico,crest_factor,shape_factor,mean_abs
0.0812117119878438,0.0160839041614123,0.079603079029162,-0.183372923076923,-0.1869162619451204,-0.4859886487291684,0.3746732307692307,2.3555753598808797,1.2132345564219422,0.0669381790668348
