rms,media,desvio_padrao,minimo,skewness,kurtosis,pico_a_pico,crest_factor,shape_factor,mean_abs
0.083501929090263,0.0078037606837606,0.0831364750334406,-0.1568787692307692,-0.1158476237528603,-0.9509681121805856,0.3337846153846154,2.1185839426849222,1.170597764925533,0.0713327255460588
