rms,media,desvio_padrao,minimo,skewness,kurtosis,pico_a_pico,crest_factor,shape_factor,mean_abs
0.0614804958680301,0.0115396796973518,0.0603878064236597,-0.172524923076923,0.1188986951818545,0.3986405654476916,0.3834350769230769,3.4305213526396927,1.2629503411535463,0.0486800580075661
