rms,media,desvio_padrao,minimo,skewness,kurtosis,pico_a_pico,crest_factor,shape_factor,mean_abs
0.0600376272392081,0.0110181412358133,0.0590179400540359,-0.1164073846153846,0.1821273563355673,-0.3622841276962849,0.2812135384615384,2.7450477546275422,1.2501735938149383,0.0480234325346784
