rms,media,desvio_padrao,minimo,skewness,kurtosis,pico_a_pico,crest_factor,shape_factor,mean_abs
0.0824024989971273,0.0147279041614123,0.0810756478850698,-0.173568,0.0312544398571951,-0.8807415886371146,0.354228923076923,2.1924204396182336,1.1998820283883094,0.068675500630517
