rms,media,desvio_padrao,minimo,skewness,kurtosis,pico_a_pico,crest_factor,shape_factor,mean_abs
0.0717206843105137,0.0039175233291298,0.0716136130141057,-0.1656406153846154,-0.1011854658109767,-0.6652811681614885,0.3216849230769231,2.309523632924032,1.2024209783848891,0.0596469003783102
