rms,media,desvio_padrao,minimo,skewness,kurtosis,pico_a_pico,crest_factor,shape_factor,mean_abs
0.0873148007760386,0.0134599672131147,0.0862711059230214,-0.2154996923076923,-0.0636834277171087,0.0167665462799684,0.4418473846153846,2.592317571545187,1.273774036246276,0.0685481084489281
