rms,media,desvio_padrao,minimo,skewness,kurtosis,pico_a_pico,crest_factor,shape_factor,mean_abs
0.05851816073109,0.0067500756620428,0.0581275460853663,-0.1543753846153846,0.0971786859389153,0.3929343260346019,0.3275261538461538,2.958923641268445,1.2903457093822872,0.0453507616645649
