rms,media,desvio_padrao,minimo,skewness,kurtosis,pico_a_pico,crest_factor,shape_factor,mean_abs
0.0887231611828086,0.0071228474148802,0.0884367817990623,-0.222384,-0.3061883737439124,-0.6366076971460357,0.3984553846153846,2.5064931978899114,1.2041736768830895,0.0736797049180327
