rms,media,desvio_padrao,minimo,skewness,kurtosis,pico_a_pico,crest_factor,shape_factor,mean_abs
0.059666068659629,0.0113849281210592,0.0585698144181273,-0.1819126153846153,-0.0515795858796056,-0.1374280186347576,0.3354535384615384,3.04884533992601,1.2422817491183902,0.0480294174022698
