rms,media,desvio_padrao,minimo,skewness,kurtosis,pico_a_pico,crest_factor,shape_factor,mean_abs
0.0785814431968983,0.0068116343001261,0.0782856618613441,-0.1750283076923076,-0.1173899158588288,-0.8117037958243118,0.3408775384615384,2.227349111593004,1.1815315027012674,0.0665081235813367
