rms,media,desvio_padrao,minimo,skewness,kurtosis,pico_a_pico,crest_factor,shape_factor,mean_abs
0.0774826840231717,0.0135155409836065,0.0762947997923522,-0.1666836923076923,-0.0988229860883025,-0.8396656546104491,0.3400430769230769,2.23739519095054,1.1827855283665385,0.0655086506935687
