rms,media,desvio_padrao,minimo,skewness,kurtosis,pico_a_pico,crest_factor,shape_factor,mean_abs
0.0722493706544567,0.0080026229508196,0.0718048019694511,-0.1731507692307692,-0.2605537050993081,-0.4555694870301514,0.3481790769230769,2.4225582327824875,1.2080982646734837,0.0598042168978562
