rms,media,desvio_padrao,minimo,skewness,kurtosis,pico_a_pico,crest_factor,shape_factor,mean_abs
0.0746767916004934,0.0088097250945775,0.0741553231231682,-0.1664750769230769,0.2567803945073389,-0.5610916821619529,0.3717526153846153,2.748879994198654,1.2110480720841683,0.0616629457755359
