rms,media,desvio_padrao,minimo,skewness,kurtosis,pico_a_pico,crest_factor,shape_factor,mean_abs
0.0813259251566326,0.0130059722572509,0.0802792052042484,-0.1954726153846153,-0.0890758732759727,-0.5081963166912065,0.3880246153846153,2.403570755674009,1.2207410870162891,0.0666201261034047
