rms,media,desvio_padrao,minimo,skewness,kurtosis,pico_a_pico,crest_factor,shape_factor,mean_abs
0.0806628429991829,0.0188318133669609,0.0784337749061129,-0.1431101538461538,-0.0366210224284588,-0.784570660603118,0.3275261538461538,2.286257130831206,1.1952339125774258,0.0674870769230769
