rms,media,desvio_padrao,minimo,skewness,kurtosis,pico_a_pico,crest_factor,shape_factor,mean_abs
0.0753703662400852,0.0166480227920227,0.0735087439987983,-0.1739852307692307,-0.078699989451325,-0.2304412061054606,0.390528,2.873049184091695,1.2465658087957805,0.0604624045584045
