rms,media,desvio_padrao,minimo,skewness,kurtosis,pico_a_pico,crest_factor,shape_factor,mean_abs
0.0740492765453184,0.0122099848675914,0.0730356873481604,-0.2127876923076923,-0.1623692529796901,0.2854920073717482,0.4090947692307692,2.8735958301694597,1.287467959154634,0.0575154325346784
