rms,media,desvio_padrao,minimo,skewness,kurtosis,pico_a_pico,crest_factor,shape_factor,mean_abs
0.0834361959285422,0.0114900907944514,0.0826412524382426,-0.1789919999999999,0.1037480681267763,-0.7051304247152466,0.3840609230769231,2.457793296958929,1.2138609746260949,0.0687362042875157
