rms,media,desvio_padrao,minimo,skewness,kurtosis,pico_a_pico,crest_factor,shape_factor,mean_abs
0.0775870755928494,0.004744290037831,0.0774418879617967,-0.1850418461538461,-0.0163306401232156,-0.5186531003983021,0.3673716923076923,2.3849570916280274,1.2301859271463096,0.0630693896595208
