rms,media,desvio_padrao,minimo,skewness,kurtosis,pico_a_pico,crest_factor,shape_factor,mean_abs
0.068088190910221,0.0129486885245901,0.0668455922774259,-0.180660923076923,0.036841210048125,-0.0804238264039374,0.3644510769230769,2.699295595744256,1.2599805845941046,0.054039079445145
