rms,media,desvio_padrao,minimo,skewness,kurtosis,pico_a_pico,crest_factor,shape_factor,mean_abs
0.0617883331240307,0.0129119243379571,0.060424169999571,-0.1385206153846153,0.0057885372449908,-0.3602892574262539,0.2922701538461538,2.4883263666121165,1.2548384344022596,0.0492400706179066
