rms,media,desvio_padrao,minimo,skewness,kurtosis,pico_a_pico,crest_factor,shape_factor,mean_abs
0.069496105130459,0.0098938411097099,0.068788229635597,-0.1625113846153845,-0.2139290772185734,-0.1504361844033983,0.3412947692307692,2.572566970188762,1.2411634231003317,0.055992711223203
