rms,media,desvio_padrao,minimo,skewness,kurtosis,pico_a_pico,crest_factor,shape_factor,mean_abs
0.0666806004396797,0.0091508625472887,0.0660497099890441,-0.1564615384615384,-0.1092123145611494,-0.4854510843360078,0.3029095384615384,2.346432657022576,1.2194244849303948,0.0546820252206809
