rms,media,desvio_padrao,minimo,skewness,kurtosis,pico_a_pico,crest_factor,shape_factor,mean_abs
0.0811035993025088,0.0139344817150063,0.0798975846891259,-0.1829556923076923,-0.1837808723411497,-0.4944895932617474,0.3882332307692308,2.5310533715756875,1.2144736711820368,0.0667808625472887
