rms,media,desvio_padrao,minimo,skewness,kurtosis,pico_a_pico,crest_factor,shape_factor,mean_abs
0.0793202074462426,0.0151032408575031,0.0778690402208426,-0.164388923076923,0.1946517004588745,-0.2256263946921164,0.3732129230769231,2.632670875722626,1.2884056401938315,0.0615646229508196
