rms,media,desvio_padrao,minimo,skewness,kurtosis,pico_a_pico,crest_factor,shape_factor,mean_abs
0.0762768446176536,0.0129221841109709,0.0751742920327677,-0.2309372307692307,-0.3911209428535115,0.279974178499073,0.4257839999999999,3.027619088424931,1.2636995027519098,0.0603599546027742
