rms,media,desvio_padrao,minimo,skewness,kurtosis,pico_a_pico,crest_factor,shape_factor,mean_abs
0.06650162784679,0.0110489205548549,0.0655773425875543,-0.1683526153846153,-0.0673882972769551,-0.1172185368008502,0.3454670769230769,2.6633101665797883,1.2610678266763422,0.0527343783102143
