rms,media,desvio_padrao,minimo,skewness,kurtosis,pico_a_pico,crest_factor,shape_factor,mean_abs
0.0743194272646237,0.009607422446406,0.0736958255458068,-0.1908830769230769,-0.089390315309482,-0.3602758005163764,0.3721698461538461,2.5684142619050805,1.2402475469667351,0.0599230592686002
