rms,media,desvio_padrao,minimo,skewness,kurtosis,pico_a_pico,crest_factor,shape_factor,mean_abs
0.0854753595056893,0.0191190870113493,0.0833096488678189,-0.1931778461538461,-0.0213930710208128,-0.738303265562553,0.3901107692307692,2.3039730305412176,1.1947678242290998,0.071541397225725
