rms,media,desvio_padrao,minimo,skewness,kurtosis,pico_a_pico,crest_factor,shape_factor,mean_abs
0.0749007437211848,0.0114635863808322,0.0740182923153176,-0.1593821538461538,0.2278493091590558,-0.3169292020938479,0.374256,2.8687812093522838,1.2328681802853887,0.0607532459016393
