rms,media,desvio_padrao,minimo,skewness,kurtosis,pico_a_pico,crest_factor,shape_factor,mean_abs
0.0840675266114674,0.0083625699873896,0.0836505615867329,-0.1994363076923077,-0.1221586609495698,-0.4397112289608036,0.4126412307692307,2.536115093076144,1.2134163593952545,0.0692816822194199
