rms,media,desvio_padrao,minimo,skewness,kurtosis,pico_a_pico,crest_factor,shape_factor,mean_abs
0.0804693459335909,0.0152058385876418,0.0790196058445402,-0.195264,-0.2966048476904428,-0.3902711973583734,0.385104,2.426563776983424,1.216831632656191,0.0661302219419924
