rms,media,desvio_padrao,minimo,skewness,kurtosis,pico_a_pico,crest_factor,shape_factor,mean_abs
0.0798323514698104,0.0126904842370744,0.0788172313078041,-0.1645975384615384,-0.0371340210734566,-0.5505151588348705,0.3604873846153846,2.4537652035456365,1.2204854198235189,0.0654103278688524
