rms,media,desvio_padrao,minimo,skewness,kurtosis,pico_a_pico,crest_factor,shape_factor,mean_abs
0.0790237939344005,0.0136549029003783,0.077835105412454,-0.2461661538461538,-0.5149458295063294,0.6377126986311983,0.4414301538461538,3.115089033190461,1.297501716761146,0.0609045775535939
