rms,media,desvio_padrao,minimo,skewness,kurtosis,pico_a_pico,crest_factor,shape_factor,mean_abs
0.0572762126978758,0.0133043606557377,0.0557095909925245,-0.1522892307692307,-0.193742875671885,-0.2044738391832981,0.2906012307692307,2.6588565059728277,1.2561400410110748,0.0455969962168978
