rms,media,desvio_padrao,minimo,skewness,kurtosis,pico_a_pico,crest_factor,shape_factor,mean_abs
0.0743152308500827,0.0130675308953341,0.0731573179702521,-0.1529150769230769,-0.0375881495232325,-0.4845945787076977,0.3448412307692308,2.582595137641829,1.21914724007643,0.0609567313997477
