rms,media,desvio_padrao,minimo,skewness,kurtosis,pico_a_pico,crest_factor,shape_factor,mean_abs
0.080516401163406,0.0101434955863808,0.079874904404297,-0.1940123076923077,0.076979039426665,-0.5912558494972338,0.4015846153846154,2.578012736449123,1.1991406634726829,0.0671450844892812
