rms,media,desvio_padrao,minimo,skewness,kurtosis,pico_a_pico,crest_factor,shape_factor,mean_abs
0.0792583075997212,0.008653263556116,0.0787845184880914,-0.1846246153846154,-0.2094816702636876,-0.5729727605024468,0.3876073846153846,2.561028305775775,1.19752781711141,0.0661849407313997
