rms,media,desvio_padrao,minimo,skewness,kurtosis,pico_a_pico,crest_factor,shape_factor,mean_abs
0.0719620620592704,0.018818133669609,0.0694580176870533,-0.1683526153846153,-0.1560062381826441,-0.323551827765713,0.3513083076923077,2.5423909081010443,1.2133900835906677,0.0593066179066834
