rms,media,desvio_padrao,minimo,skewness,kurtosis,pico_a_pico,crest_factor,shape_factor,mean_abs
0.0764353943940211,0.0150553619167717,0.0749380116744805,-0.1489513846153846,0.0389165303943915,-0.575881608634623,0.3609046153846154,2.7729722918236157,1.2024708452638309,0.0635652786885246
