rms,media,desvio_padrao,minimo,skewness,kurtosis,pico_a_pico,crest_factor,shape_factor,mean_abs
0.0703629530828402,0.0106761488020176,0.069548292669879,-0.1731507692307692,-0.154878629708803,-0.4134429734645861,0.356940923076923,2.612030135087887,1.216395528379295,0.0578454552332913
