rms,media,desvio_padrao,minimo,skewness,kurtosis,pico_a_pico,crest_factor,shape_factor,mean_abs
0.0767587685493136,0.0144551651954602,0.0753853881622894,-0.1908830769230769,-0.1972811890572501,-0.3590639164093017,0.3654941538461538,2.486791809335036,1.224021755310157,0.0627102976040353
