rms,media,desvio_padrao,minimo,skewness,kurtosis,pico_a_pico,crest_factor,shape_factor,mean_abs
0.0675035455230246,0.0147749281210592,0.0658667606399206,-0.1376861538461538,0.1735292615285797,-0.1111089065214794,0.3319070769230769,2.877195880187901,1.244044149476823,0.0542613745271122
