rms,media,desvio_padrao,minimo,skewness,kurtosis,pico_a_pico,crest_factor,shape_factor,mean_abs
0.0700796413034948,0.0086173543505674,0.0695478060705243,-0.1877538461538461,-0.0200034290712724,0.1276163216853345,0.3869815384615384,2.842875457151589,1.259915245497933,0.0556225044136191
