rms,media,desvio_padrao,minimo,skewness,kurtosis,pico_a_pico,crest_factor,shape_factor,mean_abs
0.0928456883275334,0.0110326759142496,0.0921878620165616,-0.2033999999999999,-0.1314384282851265,-0.5944193558399271,0.4149359999999999,2.2783610505827747,1.2205121811087238,0.0760710870113493
