rms,media,desvio_padrao,minimo,skewness,kurtosis,pico_a_pico,crest_factor,shape_factor,mean_abs
0.0782844675528335,0.0192345094577553,0.0758847251161271,-0.1623027692307692,-0.2589813387222859,-0.6358471641942001,0.3435895384615385,2.31574378542487,1.19826216016304,0.0653316696090794
