rms,media,desvio_padrao,minimo,skewness,kurtosis,pico_a_pico,crest_factor,shape_factor,mean_abs
0.068745909703433,0.0111908474148802,0.0678289395102815,-0.1894227692307692,-0.424464362956766,0.3699692808910426,0.3481790769230769,2.755404213107822,1.272312793562705,0.0540322395964691
