rms,media,desvio_padrao,minimo,skewness,kurtosis,pico_a_pico,crest_factor,shape_factor,mean_abs
0.0685970790694064,0.0060259066834804,0.0683318937648912,-0.156252923076923,-0.0911016950593741,-0.5440263368750684,0.3310726153846154,2.5485005291669927,1.2117116749730517,0.0566117175283732
