rms,media,desvio_padrao,minimo,skewness,kurtosis,pico_a_pico,crest_factor,shape_factor,mean_abs
0.060027573073479,0.0166062976040353,0.0576848369069209,-0.1216227692307692,0.3493194779348733,-0.0173275793279539,0.3143833846153846,3.211201211627522,1.2740530435819026,0.0471154426229508
