rms,media,desvio_padrao,minimo,skewness,kurtosis,pico_a_pico,crest_factor,shape_factor,mean_abs
0.0796913969807983,0.0056035460277427,0.0794941445935872,-0.1904658461538461,0.0517150617161395,0.2520395408978033,0.4124326153846154,2.785329127612762,1.2892604617793242,0.061811712484237
