rms,media,desvio_padrao,minimo,skewness,kurtosis,pico_a_pico,crest_factor,shape_factor,mean_abs
0.0878358517181435,0.0142987036569987,0.0866642020720264,-0.2075723076923077,-0.0911515352420066,-0.4318316565812998,0.4335027692307692,2.572189568599503,1.2048961243345644,0.072899107187894
