rms,media,desvio_padrao,minimo,skewness,kurtosis,pico_a_pico,crest_factor,shape_factor,mean_abs
0.0595423161381056,0.0085823001261034,0.0589205527438057,-0.130176,0.1521465396598183,-0.6685031424487975,0.2916443076923076,2.711824432858632,1.207045142557742,0.0493289886506935
