rms,media,desvio_padrao,minimo,skewness,kurtosis,pico_a_pico,crest_factor,shape_factor,mean_abs
0.0646282254440679,0.0082753619167717,0.0640962238294559,-0.1560443076923076,0.1132812884072387,-0.2718212500672017,0.3304467692307692,2.698549439352885,1.2459039752812051,0.0518725573770491
