rms,media,desvio_padrao,minimo,skewness,kurtosis,pico_a_pico,crest_factor,shape_factor,mean_abs
0.0792969801414345,0.0086960126103404,0.078818718742643,-0.1789919999999999,-0.1468168368104163,-0.5458347315709142,0.3567323076923077,2.2572360218604635,1.213474348026819,0.0653470592686002
