rms,media,desvio_padrao,minimo,skewness,kurtosis,pico_a_pico,crest_factor,shape_factor,mean_abs
0.0669541390752461,0.0082941715006305,0.0664384185424783,-0.1802436923076923,-0.0563481604143776,0.3528435035794937,0.3721698461538462,2.8665315766432067,1.2700194140458974,0.0527189886506935
