rms,media,desvio_padrao,minimo,skewness,kurtosis,pico_a_pico,crest_factor,shape_factor,mean_abs
0.0741139302424198,0.0195619672131147,0.0714856915384561,-0.1837901538461538,-0.3325721740794068,-0.2978185750533315,0.3592356923076923,2.479832782379685,1.222256522834195,0.0606369684741488
