rms,media,desvio_padrao,minimo,skewness,kurtosis,pico_a_pico,crest_factor,shape_factor,mean_abs
0.0671627407377682,0.0204391778058007,0.0639771346187959,-0.1149470769230769,0.1744077425205259,-0.7449642868358302,0.2912270769230769,2.624669542421917,1.2129744455065787,0.0553702849936948
