rms,media,desvio_padrao,minimo,skewness,kurtosis,pico_a_pico,crest_factor,shape_factor,mean_abs
0.0877616873243257,0.0091498879392212,0.0872834080035398,-0.1986018461538461,-0.2618824958479912,-0.5671320411656615,0.4163963076923077,2.4816576364763385,1.185211156736483,0.0740473010446343
