rms,media,desvio_padrao,minimo,skewness,kurtosis,pico_a_pico,crest_factor,shape_factor,mean_abs
0.0566036179613501,0.0083206759142496,0.0559887124217418,-0.153540923076923,-0.0972068570770149,0.6151169488244146,0.3314898461538461,3.143772951022838,1.2904862697869797,0.043862239596469
