rms,media,desvio_padrao,minimo,skewness,kurtosis,pico_a_pico,crest_factor,shape_factor,mean_abs
0.0778313088073261,0.0222406229508196,0.0745859726853571,-0.1512461538461538,-0.1706958656078978,-0.7380484593610079,0.3323243076923077,2.326546432547068,1.186048551717649,0.0656223631778058
