rms,media,desvio_padrao,minimo,skewness,kurtosis,pico_a_pico,crest_factor,shape_factor,mean_abs
0.0594873613087856,0.0107727616645649,0.0585037927112463,-0.1397723076923077,0.0767175110194355,-0.5146463893928113,0.2887236923076923,2.503916484750621,1.2282410759220166,0.0484329684741488
