rms,media,desvio_padrao,minimo,skewness,kurtosis,pico_a_pico,crest_factor,shape_factor,mean_abs
0.0764837234596283,0.0129632232030264,0.0753771503735543,-0.2094498461538461,-0.0708812457441758,-0.2373790522507022,0.3924055384615385,2.738489140953021,1.2456711282802866,0.0613996116015132
