rms,media,desvio_padrao,minimo,skewness,kurtosis,pico_a_pico,crest_factor,shape_factor,mean_abs
0.0837062654580477,0.0182487162673392,0.0816928591220022,-0.1900486153846153,-0.045002326606204,-0.4848395562910417,0.3942830769230769,2.4398945577236453,1.2178051948914117,0.0687353493064312
