rms,media,desvio_padrao,minimo,skewness,kurtosis,pico_a_pico,crest_factor,shape_factor,mean_abs
0.0665988369206813,0.0184744312736443,0.0639851581876836,-0.1512461538461538,-0.0820192977811821,-0.1991806082009954,0.3170953846153845,2.4902721794789877,1.2637512544243314,0.0526993240857503
