rms,media,desvio_padrao,minimo,skewness,kurtosis,pico_a_pico,crest_factor,shape_factor,mean_abs
0.0769467963566038,0.0176929785624211,0.0748850317428948,-0.1466566153846153,0.3547262235824745,-0.2963620912176075,0.3665372307692307,2.857566861726068,1.2587167009259417,0.0611311475409836
