rms,media,desvio_padrao,minimo,skewness,kurtosis,pico_a_pico,crest_factor,shape_factor,mean_abs
0.0663648946751018,0.0146415510718789,0.0647296240329489,-0.1641803076923076,-0.2214907389848486,-0.1943125039930979,0.3127144615384615,2.473902934617377,1.2627332743121882,0.0525565422446406
