rms,media,desvio_padrao,minimo,skewness,kurtosis,pico_a_pico,crest_factor,shape_factor,mean_abs
0.0672339957812011,0.0127725624211853,0.0660096344324333,-0.118284923076923,0.3063985383089566,-0.4310171019468618,0.3102110769230769,2.8545998436674385,1.234873700409394,0.0544460504413619
