rms,media,desvio_padrao,minimo,skewness,kurtosis,pico_a_pico,crest_factor,shape_factor,mean_abs
0.0783144430907543,0.0108762143757881,0.0775555282198947,-0.2033999999999999,-0.3980478530863015,-0.1163652031419788,0.3855212307692307,2.597222070063,1.2206376024954573,0.0641586355611601
