rms,media,desvio_padrao,minimo,skewness,kurtosis,pico_a_pico,crest_factor,shape_factor,mean_abs
0.0714453383342999,0.0183547339218158,0.0690473758542779,-0.1704387692307692,-0.0539723455573454,-0.1780547164528192,0.3890676923076922,3.06008660850532,1.2114536219341765,0.0589748852459016
