rms,media,desvio_padrao,minimo,skewness,kurtosis,pico_a_pico,crest_factor,shape_factor,mean_abs
0.0750153437166461,0.0065072610340479,0.0747325721942001,-0.1620941538461538,0.160962945258298,-0.4827893763088711,0.3510996923076923,2.5195583876208705,1.2384668671396428,0.0605711349306431
