rms,media,desvio_padrao,minimo,skewness,kurtosis,pico_a_pico,crest_factor,shape_factor,mean_abs
0.0674084468583059,0.0043492887767969,0.067267989378196,-0.1408153846153846,0.3010083627992385,-0.2944162179420551,0.3210590769230769,2.6739036531514877,1.231849022348018,0.0547213543505674
