rms,media,desvio_padrao,minimo,skewness,kurtosis,pico_a_pico,crest_factor,shape_factor,mean_abs
0.0955586494777984,0.0136865372005044,0.0945734327889178,-0.2040258461538461,0.2882574926312541,-0.3851990238097245,0.4577021538461537,2.654666103786296,1.2314563131246692,0.0775980832282471
