rms,media,desvio_padrao,minimo,skewness,kurtosis,pico_a_pico,crest_factor,shape_factor,mean_abs
0.0636749327990385,0.0152930466582597,0.0618111623484817,-0.1579218461538461,-0.0238340052320797,0.0708472566943112,0.341712,2.88638159110753,1.2651013820355776,0.0503318814627995
