rms,media,desvio_padrao,minimo,skewness,kurtosis,pico_a_pico,crest_factor,shape_factor,mean_abs
0.0925202242453252,0.0157248121059268,0.0911741310824434,-0.2092412307692307,0.1025898430086376,-0.6801981081969886,0.4458110769230768,2.556952796899421,1.2026626801553613,0.0769294880201765
