rms,media,desvio_padrao,minimo,skewness,kurtosis,pico_a_pico,crest_factor,shape_factor,mean_abs
0.0696837687936483,0.009727974779319,0.069001406797105,-0.1766972307692307,0.1949132728514599,-0.3308176567581391,0.3517255384615384,2.53570140978564,1.2434517300728605,0.0560405901639344
