rms,media,desvio_padrao,minimo,skewness,kurtosis,pico_a_pico,crest_factor,shape_factor,mean_abs
0.0796747657062358,0.0084249836065573,0.0792280754630126,-0.2081981538461538,-0.1062300812043585,-0.3171940254226935,0.3828092307692308,2.613100295942996,1.2326577001499324,0.0646365699873896
