rms,media,desvio_padrao,minimo,skewness,kurtosis,pico_a_pico,crest_factor,shape_factor,mean_abs
0.0699709700975974,0.0096219571248423,0.069306237796367,-0.1270467692307692,0.1856101728590121,-0.7092987167603972,0.3024923076923077,2.5074046882131573,1.22268507020024,0.0572273039092055
