rms,media,desvio_padrao,minimo,skewness,kurtosis,pico_a_pico,crest_factor,shape_factor,mean_abs
0.0918159304016466,0.0077880226986128,0.0914850358144211,-0.1917175384615384,0.2037926202799626,-0.3783847264857023,0.4249495384615385,2.540212782027388,1.2401915778903123,0.0740336670870113
