rms,media,desvio_padrao,minimo,skewness,kurtosis,pico_a_pico,crest_factor,shape_factor,mean_abs
0.0631499193542751,0.0122305044136191,0.0619542337232887,-0.119328,0.3897103469717089,-0.4095131861666385,0.2814221538461539,2.566814898635028,1.272130842756216,0.0496410567465321
