rms,media,desvio_padrao,minimo,skewness,kurtosis,pico_a_pico,crest_factor,shape_factor,mean_abs
0.0801132170035741,0.0146184665825977,0.0787681913810087,-0.1856676923076923,-0.0904879740240113,-0.0747796727963638,0.4184824615384616,2.906071905967559,1.2712215711783337,0.0630206557377049
