rms,media,desvio_padrao,minimo,skewness,kurtosis,pico_a_pico,crest_factor,shape_factor,mean_abs
0.0826043166870671,0.0242147742749054,0.078975425558541,-0.2027741538461538,-0.3198050196565314,-0.2800054199206334,0.4080516923076923,2.4850703533956784,1.214737645245897,0.0680017755359394
