rms,media,desvio_padrao,minimo,skewness,kurtosis,pico_a_pico,crest_factor,shape_factor,mean_abs
0.066211232045261,0.0075289634300126,0.0657817752772067,-0.1656406153846154,0.0981679572214362,-0.3608864878445565,0.3485963076923076,2.763212322988137,1.232874052838586,0.0537047818411097
