rms,media,desvio_padrao,minimo,skewness,kurtosis,pico_a_pico,crest_factor,shape_factor,mean_abs
0.067620044155199,0.0035721109709962,0.0675256276887668,-0.1750283076923076,-0.2374001243684915,0.0379656543746023,0.3600701538461538,2.736494015430467,1.2622413845191185,0.0535714047919293
