rms,media,desvio_padrao,minimo,skewness,kurtosis,pico_a_pico,crest_factor,shape_factor,mean_abs
0.074846976970117,0.0183880781841109,0.0725530739683733,-0.1810781538461538,0.0281266114779139,-0.3189159956908782,0.3686233846153846,2.5057155059730585,1.232763869636376,0.0607147717528373
