rms,media,desvio_padrao,minimo,skewness,kurtosis,pico_a_pico,crest_factor,shape_factor,mean_abs
0.076285490188844,0.0122476040353089,0.0752958976886954,-0.1988104615384615,-0.0982702158497242,-0.2681777181505138,0.4166049230769231,2.854991965042283,1.2281285804484618,0.0621152307692307
