rms,media,desvio_padrao,minimo,skewness,kurtosis,pico_a_pico,crest_factor,shape_factor,mean_abs
0.0812214485323482,0.0163463833543505,0.0795595340165181,-0.172524923076923,-0.1204082625580404,-0.2565017311874062,0.3675803076923077,2.4015255593194644,1.244650480375744,0.0652564312736443
