rms,media,desvio_padrao,minimo,skewness,kurtosis,pico_a_pico,crest_factor,shape_factor,mean_abs
0.067747381145217,0.0134351727616645,0.06640183570429,-0.1862935384615384,-0.1774788784209367,0.2188975223214138,0.389484923076923,2.9992507633592846,1.266113641157897,0.0535081361916771
