rms,media,desvio_padrao,minimo,skewness,kurtosis,pico_a_pico,crest_factor,shape_factor,mean_abs
0.0699244158984829,0.0089482320302648,0.0693494995099211,-0.1908830769230769,-0.1851835824535647,-0.4391198816305164,0.3538116923076922,2.729848715507373,1.2271885230247523,0.0569793593947036
