rms,media,desvio_padrao,minimo,skewness,kurtosis,pico_a_pico,crest_factor,shape_factor,mean_abs
0.074997095208825,0.0082001235813366,0.0745474497418414,-0.169812923076923,-0.0819355885881017,-0.6073662263338222,0.3354535384615384,2.26426000372533,1.2197433281834125,0.0614859646910466
