rms,media,desvio_padrao,minimo,skewness,kurtosis,pico_a_pico,crest_factor,shape_factor,mean_abs
0.0764473689924657,0.0161104085750315,0.0747305490506778,-0.1558356923076923,-0.0039157877538332,-0.6653572115508104,0.3367052307692307,2.3659354251859743,1.2150801856439497,0.0629154930643127
