rms,media,desvio_padrao,minimo,skewness,kurtosis,pico_a_pico,crest_factor,shape_factor,mean_abs
0.0773175725114275,0.0109471778058007,0.0765386589714507,-0.1856676923076923,-0.0481118916045184,-0.5828041638850929,0.3775938461538461,2.482309617490736,1.2064022149386653,0.0640893820933165
