rms,media,desvio_padrao,minimo,skewness,kurtosis,pico_a_pico,crest_factor,shape_factor,mean_abs
0.060427431351007,0.0090773341740227,0.0597417480826748,-0.1059766153846153,0.7546151825047674,0.3709832297070745,0.3087507692307692,3.3556639644053736,1.3166586918421206,0.0458945296343001
