rms,media,desvio_padrao,minimo,skewness,kurtosis,pico_a_pico,crest_factor,shape_factor,mean_abs
0.0730749573800692,0.0083839445145018,0.0725924160672221,-0.1522892307692307,-0.0605919494305281,-0.5793574280705802,0.3296123076923076,2.42659158869986,1.218662521596773,0.0599632433795712
