rms,media,desvio_padrao,minimo,skewness,kurtosis,pico_a_pico,crest_factor,shape_factor,mean_abs
0.0843958447799157,0.0140473392181588,0.0832185729089702,-0.1712732307692308,-0.0219041549818615,-0.5728629090945931,0.3709181538461539,2.3655776371164903,1.227104922854202,0.0687763883984867
