rms,media,desvio_padrao,minimo,skewness,kurtosis,pico_a_pico,crest_factor,shape_factor,mean_abs
0.0706525813988716,0.0165190895334174,0.0686943006319383,-0.1416498461538461,-0.0142220481632359,-0.8252741418368461,0.2995716923076923,2.235188623361018,1.2016872384488035,0.0587944842370743
