rms,media,desvio_padrao,minimo,skewness,kurtosis,pico_a_pico,crest_factor,shape_factor,mean_abs
0.0600005842861064,0.0137865699873896,0.0583952104427835,-0.1224572307692307,0.1051789926113623,-0.5488457972117993,0.2751636923076923,2.545082908031309,1.2326361607701075,0.0486766380832282
