rms,media,desvio_padrao,minimo,skewness,kurtosis,pico_a_pico,crest_factor,shape_factor,mean_abs
0.0867272464598553,0.0103162017654476,0.0861115048041959,-0.2002707692307692,-0.1669441233794417,-0.3750425132961879,0.4362147692307692,2.720529125863748,1.22435268704798,0.0708351828499369
