rms,media,desvio_padrao,minimo,skewness,kurtosis,pico_a_pico,crest_factor,shape_factor,mean_abs
0.0660951215322095,0.0126665447667086,0.0648700526747937,-0.1744024615384615,-0.2661676009334676,-0.2810643010484259,0.3342018461538461,2.638658610431203,1.2360842644167531,0.0534713720050441
