rms,media,desvio_padrao,minimo,skewness,kurtosis,pico_a_pico,crest_factor,shape_factor,mean_abs
0.0785068627146019,0.0105367868852459,0.0777965527219829,-0.1802436923076923,0.1751914557874756,-0.4062607977144834,0.4005415384615384,2.8060966715062947,1.2273494733542794,0.063964554854981
