rms,media,desvio_padrao,minimo,skewness,kurtosis,pico_a_pico,crest_factor,shape_factor,mean_abs
0.0657423027199011,0.0082206431273644,0.0652263090592104,-0.1639716923076923,0.161273824775362,-0.1692684363286609,0.3554806153846154,2.913024265256692,1.2436845273058197,0.0528609155107187
