rms,media,desvio_padrao,minimo,skewness,kurtosis,pico_a_pico,crest_factor,shape_factor,mean_abs
0.0688199976278371,0.0122610902184235,0.0677189614521013,-0.1178676923076923,0.3681825220440255,-0.4095357179974832,0.3018664615384615,2.673623591587327,1.2441120635980485,0.0553165584045584
