rms,media,desvio_padrao,minimo,skewness,kurtosis,pico_a_pico,crest_factor,shape_factor,mean_abs
0.0578045089052253,0.0038606723646723,0.0576754406889702,-0.1401895384615384,0.1448352691824865,-0.5757222301039571,0.2874719999999999,2.547940711336928,1.2199377092757335,0.0473831642924976
