rms,media,desvio_padrao,minimo,skewness,kurtosis,pico_a_pico,crest_factor,shape_factor,mean_abs
0.063831761601595,0.0169953139974779,0.0615276611882005,-0.112860923076923,0.2273577849122226,-0.5396262459423542,0.2839255384615384,2.6799294127633906,1.2302050292842877,0.0518870920554854
