rms,media,desvio_padrao,minimo,skewness,kurtosis,pico_a_pico,crest_factor,shape_factor,mean_abs
0.0536859624264381,0.0130615460277427,0.0520728199449394,-0.1312190769230769,0.2405998915720141,0.0884307561784769,0.2774584615384615,2.723978075567996,1.284221055357785,0.0418043001261034
