rms,media,desvio_padrao,minimo,skewness,kurtosis,pico_a_pico,crest_factor,shape_factor,mean_abs
0.0720384095045665,0.0083608600252206,0.0715515790432767,-0.1710646153846154,0.036694175182232,-0.7365430209401467,0.3312812307692308,2.374630652746042,1.2179960647551242,0.059145026481715
