rms,media,desvio_padrao,minimo,skewness,kurtosis,pico_a_pico,crest_factor,shape_factor,mean_abs
0.0602228861097007,0.0100255574548907,0.0593825244419658,-0.138312,0.0528150977781812,-0.1850553720847294,0.3170953846153845,2.9686950620353296,1.2465172258139496,0.0483129192782526
