rms,media,desvio_padrao,minimo,skewness,kurtosis,pico_a_pico,crest_factor,shape_factor,mean_abs
0.0856647501586793,0.0102751626733921,0.0850462841738796,-0.2036086153846153,-0.0831823987062946,-0.1605688938632754,0.4243236923076923,2.5764982272666392,1.2541608073164157,0.0683044388398486
