rms,media,desvio_padrao,minimo,skewness,kurtosis,pico_a_pico,crest_factor,shape_factor,mean_abs
0.0707172306882348,0.0148835107187894,0.0691332613500672,-0.17628,-0.0229002186070184,-0.338642541028971,0.3584012307692307,2.575344495207025,1.2364273081081212,0.0571948146279949
