rms,media,desvio_padrao,minimo,skewness,kurtosis,pico_a_pico,crest_factor,shape_factor,mean_abs
0.0827594341421247,0.0177485523329129,0.0808338594254322,-0.1940123076923077,-0.0042058605820584,-0.0722458688840586,0.4042966153846153,2.540910409454726,1.2819579812484307,0.0645570567465321
