rms,media,desvio_padrao,minimo,skewness,kurtosis,pico_a_pico,crest_factor,shape_factor,mean_abs
0.0812562959506317,0.0126220857503152,0.0802699731090545,-0.1785747692307692,0.0221501573178144,-0.3848715842879957,0.3909452307692307,2.613587772539988,1.2499007855485302,0.0650101967213114
