rms,media,desvio_padrao,minimo,skewness,kurtosis,pico_a_pico,crest_factor,shape_factor,mean_abs
0.0780114555619255,0.0109052837326607,0.0772454657931483,-0.1783661538461538,0.1857706294316595,-0.2948701317638056,0.3765507692307692,2.540455295405893,1.2506474650827173,0.0623768549810844
