rms,media,desvio_padrao,minimo,skewness,kurtosis,pico_a_pico,crest_factor,shape_factor,mean_abs
0.0626388674943309,0.0164934401008827,0.0604284217451601,-0.1420670769230769,0.1999618448928774,-0.1192907094394963,0.3229366153846154,2.8874969439367293,1.2675557390910464,0.0494170517023959
