rms,media,desvio_padrao,minimo,skewness,kurtosis,pico_a_pico,crest_factor,shape_factor,mean_abs
0.0572202207980543,0.0125340226986128,0.0558305645965429,-0.1587563076923076,-0.1947090091593915,-0.2768622127226416,0.3033267692307692,2.7744791173141663,1.217450983704258,0.0470000201765447
