rms,media,desvio_padrao,minimo,skewness,kurtosis,pico_a_pico,crest_factor,shape_factor,mean_abs
0.0884609744545209,0.021933684741488,0.0856986433679344,-0.1875452307692307,-0.2182974545279159,-0.788726172694703,0.3752990769230768,2.122448314769279,1.1890389931074803,0.0743970340479193
