rms,media,desvio_padrao,minimo,skewness,kurtosis,pico_a_pico,crest_factor,shape_factor,mean_abs
0.0767115381637283,0.0141584867591424,0.0753936160436434,-0.1708559999999999,-0.1822885054611584,-0.7212238294361937,0.3273175384615384,2.2272529542470605,1.1946829944281978,0.064210789407314
