rms,media,desvio_padrao,minimo,skewness,kurtosis,pico_a_pico,crest_factor,shape_factor,mean_abs
0.0755676231555202,0.0148364867591424,0.0740968577607749,-0.1326793846153846,0.1043000031069026,-0.5957656990404443,0.3412947692307692,2.760645047496709,1.238702512261787,0.0610054653215636
