rms,media,desvio_padrao,minimo,skewness,kurtosis,pico_a_pico,crest_factor,shape_factor,mean_abs
0.0599081059444738,0.0055402774274905,0.0596513745347141,-0.1280898461538461,0.2920704307323858,-0.5207351155451363,0.2868461538461538,2.6499971112331915,1.2237078299875166,0.0489562168978562
