rms,media,desvio_padrao,minimo,skewness,kurtosis,pico_a_pico,crest_factor,shape_factor,mean_abs
0.0782321508680011,0.0125511223203026,0.0772187720566346,-0.157296,-0.2404128320094555,-0.6721085658821422,0.3606959999999999,2.599954082090761,1.1876231859633206,0.0658728726355611
