rms,media,desvio_padrao,minimo,skewness,kurtosis,pico_a_pico,crest_factor,shape_factor,mean_abs
0.0710153566823134,0.0087893181386514,0.0704693463242974,-0.1635544615384615,-0.2959116089059105,-0.4260333969641112,0.3237710769230769,2.3030858279022803,1.2073139331720597,0.0588209534662868
