rms,media,desvio_padrao,minimo,skewness,kurtosis,pico_a_pico,crest_factor,shape_factor,mean_abs
0.0685781019016409,0.0131402042875157,0.0673074371203822,-0.1973501538461538,-0.61990037066158,0.2691164729209268,0.3467187692307692,2.8777430167024134,1.2272607500001531,0.0558789987389659
