rms,media,desvio_padrao,minimo,skewness,kurtosis,pico_a_pico,crest_factor,shape_factor,mean_abs
0.0714819174528567,0.016106133669609,0.0696437863772046,-0.1721076923076923,-0.1719214095167048,-0.2685893405529489,0.3558978461538461,2.571141911062554,1.23287863088885,0.0579796872635561
