rms,media,desvio_padrao,minimo,skewness,kurtosis,pico_a_pico,crest_factor,shape_factor,mean_abs
0.0556877489419543,0.0156641084489281,0.0534393215593382,-0.157296,-0.1644510056895926,0.7114444989896906,0.3398344615384615,3.277892624618908,1.275847898731201,0.0436476393442622
