rms,media,desvio_padrao,minimo,skewness,kurtosis,pico_a_pico,crest_factor,shape_factor,mean_abs
0.0638360590208543,0.0066243934426229,0.0634914155050218,-0.1433187692307692,-0.0402697700748385,-0.8000796274805126,0.2787101538461538,2.245106784927764,1.2069788094044664,0.0528891298865069
