rms,media,desvio_padrao,minimo,skewness,kurtosis,pico_a_pico,crest_factor,shape_factor,mean_abs
0.0679183182180359,0.008773815889029,0.0673492249718719,-0.1973501538461538,0.1656448735318059,0.7171380310979099,0.4034621538461538,3.0347041182369283,1.300733346580006,0.0522154047919293
