rms,media,desvio_padrao,minimo,skewness,kurtosis,pico_a_pico,crest_factor,shape_factor,mean_abs
0.0767476152748385,0.0063627692307692,0.0764834074691406,-0.1625113846153845,-0.140689561320976,-0.601124610318748,0.3337846153846153,2.2316423794523064,1.2145542922642354,0.0631899419924337
