rms,media,desvio_padrao,minimo,skewness,kurtosis,pico_a_pico,crest_factor,shape_factor,mean_abs
0.0552107740611756,0.007849581336696,0.054649918986882,-0.1241261538461538,0.1291347389295891,-0.3568238564162738,0.2734947692307692,2.705425126246361,1.2196240273922354,0.0452686834804539
