rms,media,desvio_padrao,minimo,skewness,kurtosis,pico_a_pico,crest_factor,shape_factor,mean_abs
0.0658948609754634,0.0109796670870113,0.0649736840084818,-0.1370603076923076,0.2723756536865547,-0.4608557619277182,0.3064559999999999,2.570696558124136,1.2404113355904804,0.053123394703657
