rms,media,desvio_padrao,minimo,skewness,kurtosis,pico_a_pico,crest_factor,shape_factor,mean_abs
0.0711590939908769,0.0127718974358974,0.0700035377212421,-0.130176,0.0326031253726796,-0.6988221569628039,0.3031181538461538,2.4303591311649666,1.2213622628668934,0.0582620702754036
