rms,media,desvio_padrao,minimo,skewness,kurtosis,pico_a_pico,crest_factor,shape_factor,mean_abs
0.0726101852338569,0.0083830895334174,0.0721246338609058,-0.1585476923076923,0.1429114000377963,-0.5607136142758091,0.355272,2.709321110512444,1.2101696012911092,0.0600000075662042
