rms,media,desvio_padrao,minimo,skewness,kurtosis,pico_a_pico,crest_factor,shape_factor,mean_abs
0.0756128282484394,0.013273581336696,0.0744386447634971,-0.1869193846153846,-0.3118378331658012,-0.3485766417768547,0.3657027692307691,2.4720591590785035,1.233565522168753,0.06129615889029
