rms,media,desvio_padrao,minimo,skewness,kurtosis,pico_a_pico,crest_factor,shape_factor,mean_abs
0.0785905467377481,0.0154349735182849,0.077059948280725,-0.1620941538461538,0.4406863319624037,0.2138870077708015,0.4107636923076923,3.164115135772418,1.265900069070136,0.0620827414880201
