rms,media,desvio_padrao,minimo,skewness,kurtosis,pico_a_pico,crest_factor,shape_factor,mean_abs
0.0798398077962132,0.0127648675914249,0.0788127722156101,-0.1779489230769231,-0.0871983293503793,-0.6520506720087806,0.3684147692307692,2.385600008456933,1.2063605581610606,0.0661823757881462
