rms,media,desvio_padrao,minimo,skewness,kurtosis,pico_a_pico,crest_factor,shape_factor,mean_abs
0.0569480444006916,0.0068483984867591,0.0565347609814501,-0.1241261538461538,0.2085726461705393,-0.4592367007650049,0.2816307692307692,2.765759861329012,1.2331045146939006,0.046182658259773
