rms,media,desvio_padrao,minimo,skewness,kurtosis,pico_a_pico,crest_factor,shape_factor,mean_abs
0.0631109514502027,0.0035396216897856,0.0630116121936508,-0.1435273846153846,0.6081854391301779,1.5196440988479454,0.3917796923076923,3.93358524927626,1.3140061833691978,0.0480294174022698
