rms,media,desvio_padrao,minimo,skewness,kurtosis,pico_a_pico,crest_factor,shape_factor,mean_abs
0.0679285422784736,0.0111840075662042,0.0670015285709025,-0.1890055384615384,-0.2155470037122781,0.021004338529925,0.35256,2.7824171124813586,1.262780252909627,0.0537928448928121
