rms,media,desvio_padrao,minimo,skewness,kurtosis,pico_a_pico,crest_factor,shape_factor,mean_abs
0.0831215026480797,0.0126220857503152,0.0821575751454874,-0.1896313846153846,-0.1762311161687741,-0.3020509858373179,0.4101378461538461,2.652820924954195,1.2154206527867946,0.0683890819672131
