rms,media,desvio_padrao,minimo,skewness,kurtosis,pico_a_pico,crest_factor,shape_factor,mean_abs
0.0747736594711009,0.0104034098360655,0.074046399064931,-0.1954726153846153,0.0144027811585059,-0.1933157197834636,0.3938658461538461,2.6532502511249594,1.2440116542416173,0.0601068802017654
