rms,media,desvio_padrao,minimo,skewness,kurtosis,pico_a_pico,crest_factor,shape_factor,mean_abs
0.0771695923156545,0.017068842370744,0.0752582261170632,-0.1483255384615384,0.1734233899025538,-0.414870393239434,0.3730043076923077,2.9114935363626544,1.2225886537306052,0.0631198335435056
