rms,media,desvio_padrao,minimo,skewness,kurtosis,pico_a_pico,crest_factor,shape_factor,mean_abs
0.0705880927314196,0.0120894325346784,0.069545125324849,-0.1867107692307692,-0.3285930223765374,-0.3781973614870666,0.3408775384615384,2.6450745728629363,1.2164579242029987,0.0580275662042875
