rms,media,desvio_padrao,minimo,skewness,kurtosis,pico_a_pico,crest_factor,shape_factor,mean_abs
0.0728502341271983,0.0136651626733921,0.0715571096502461,-0.1648061538461538,0.0525416113640827,-0.5695469157839557,0.3375396923076922,2.3710773277672823,1.2192784691680056,0.0597486431273644
