rms,media,desvio_padrao,minimo,skewness,kurtosis,pico_a_pico,crest_factor,shape_factor,mean_abs
0.0739005832653001,0.0075865603038936,0.0735101374621687,-0.232188923076923,-0.02526542477397,1.2068499014346328,0.4760603076923076,3.299992690719313,1.3249565139501027,0.0557758556505223
