rms,media,desvio_padrao,minimo,skewness,kurtosis,pico_a_pico,crest_factor,shape_factor,mean_abs
0.0892293548919176,0.0115439546027742,0.0884794602524047,-0.1783661538461538,-0.2507595302957822,-0.9476539826841552,0.3730043076923076,2.1813242299231748,1.1616407412661105,0.076813210592686
