rms,media,desvio_padrao,minimo,skewness,kurtosis,pico_a_pico,crest_factor,shape_factor,mean_abs
0.071218539686223,0.0081103505674653,0.0707552302569282,-0.1777403076923077,-0.1091534428073216,-0.6180269984103788,0.3479704615384615,2.4957027829467133,1.2097475962655175,0.0588705775535939
