rms,media,desvio_padrao,minimo,skewness,kurtosis,pico_a_pico,crest_factor,shape_factor,mean_abs
0.0035628838692002,0.0003204920231309,0.003548439985193,-0.0067852745,-0.0316736026792395,-0.7059820629516578,0.0150783874999999,2.3276405587313183,1.200490022911706,0.0029678579590013
