rms,media,desvio_padrao,minimo,skewness,kurtosis,pico_a_pico,crest_factor,shape_factor,mean_abs
0.0031503375571081,-0.0010279792105135,0.0029778995057721,-0.0067852745,-0.0161487824008423,-1.351669696627909,0.0105548713,2.1538245908570555,1.155952894037349,0.0027253165534324
