rms,media,desvio_padrao,minimo,skewness,kurtosis,pico_a_pico,crest_factor,shape_factor,mean_abs
0.0030319126319808,-0.0007935993016194,0.002926208187473,-0.006031355,-0.0060667158363017,-1.4054359305451358,0.0098009518,1.989290501441508,1.141745993086679,0.0026555053841565
