rms,media,desvio_padrao,minimo,skewness,kurtosis,pico_a_pico,crest_factor,shape_factor,mean_abs
0.004662569006136,0.0017289204816756,0.0043301713251351,-0.0075391936,0.1688561531171951,-0.43206276929509,0.0196019036,2.587138117232213,1.2708929673518192,0.003668734603081
