rms,media,desvio_padrao,minimo,skewness,kurtosis,pico_a_pico,crest_factor,shape_factor,mean_abs
0.0044389281651795,-0.0033040006477837,0.0029643992604013,-0.009047032,-0.0507341717025777,-1.1917237199798905,0.0113087899999999,2.0381118286545044,1.237425088333171,0.0035872298105405
