rms,media,desvio_padrao,minimo,skewness,kurtosis,pico_a_pico,crest_factor,shape_factor,mean_abs
0.0038869702666888,-0.002540912013081,0.002941479898946,-0.0075391936,0.0435094225978906,-1.3610313142623724,0.010554871,1.9396067072111347,1.2323018217412218,0.0031542355923783
