rms,media,desvio_padrao,minimo,skewness,kurtosis,pico_a_pico,crest_factor,shape_factor,mean_abs
0.0049240866988663,0.0038887975542972,0.0030205766667382,-0.0015078387,0.0169242854971428,-1.3300499670510595,0.0105548707,1.8373015247848692,1.2282528465576237,0.0040090171275945
