rms,media,desvio_padrao,minimo,skewness,kurtosis,pico_a_pico,crest_factor,shape_factor,mean_abs
0.0073848950743802,-0.0010025090093243,0.0073165327133711,-0.018094065,-0.6816750025028478,-0.6710423099704452,0.027141097,2.4501451703453534,1.2454553651514957,0.0059294738944594
