rms,media,desvio_padrao,minimo,skewness,kurtosis,pico_a_pico,crest_factor,shape_factor,mean_abs
0.0080956128324121,-0.0073863721067567,0.0033136768449627,-0.015832307,-0.188012649998158,-0.8903776891087309,0.0143244683,1.9556650407752552,1.0960201727457806,0.0073863721067567
