rms,media,desvio_padrao,minimo,skewness,kurtosis,pico_a_pico,crest_factor,shape_factor,mean_abs
0.0083440360568112,0.0069696788414594,0.0045876480427641,-0.0037695968,0.0578493736786213,-0.2885782470430835,0.0226175798,2.258856849571549,1.1618645087692372,0.0071815913076216
