rms,media,desvio_padrao,minimo,skewness,kurtosis,pico_a_pico,crest_factor,shape_factor,mean_abs
0.003175382732403,-0.0010469406321457,0.0029978276818398,-0.0067852745,0.1408042028155381,-1.0764861645088284,0.0120627098,2.1368367443584133,1.167590197946669,0.002719603794197
