rms,media,desvio_padrao,minimo,skewness,kurtosis,pico_a_pico,crest_factor,shape_factor,mean_abs
0.0212476496074084,0.0210211055743243,0.0030944683343535,0.015832307,0.0142808878904476,-1.2675838441536031,0.01206271,1.3128518925817445,1.0107769799396693,0.0210211055743243
