rms,media,desvio_padrao,minimo,skewness,kurtosis,pico_a_pico,crest_factor,shape_factor,mean_abs
0.0083350559559218,0.0076960903144594,0.003200523654034,0.0015078387,-0.0888981181327506,-1.1429232344543476,0.0120627103,1.628129321718411,1.0830247067477718,0.0076960903144594
