rms,media,desvio_padrao,minimo,skewness,kurtosis,pico_a_pico,crest_factor,shape_factor,mean_abs
0.0047409396368579,-0.0037665444984075,0.0028791754343643,-0.008293113,-0.0178271784419915,-1.4234687109199926,0.00904703236,1.749255134051061,1.239281289049846,0.0038255557303643
