rms,media,desvio_padrao,minimo,skewness,kurtosis,pico_a_pico,crest_factor,shape_factor,mean_abs
0.0032490512362732,-0.0014081300576788,0.0029280545890727,-0.0067852745,-0.0619172381733279,-1.3650819091954014,0.0105548713,2.0883864262426823,1.1906691669446186,0.0027287607057219
