rms,media,desvio_padrao,minimo,skewness,kurtosis,pico_a_pico,crest_factor,shape_factor,mean_abs
0.004194258782553,0.0028027461571621,0.0031203238154935,-0.0030156774,-0.0757494447525991,-1.1902813685540237,0.0120627094,2.1570037684925545,1.2234239553683317,0.0034282954524054
