rms,media,desvio_padrao,minimo,skewness,kurtosis,pico_a_pico,crest_factor,shape_factor,mean_abs
0.0090654794597198,-0.0084123137259459,0.0033787417200585,-0.015078387,0.0259893506497712,-1.021527811011382,0.0135705483,1.6632751821894198,1.0776440055676204,0.0084123137259459
