rms,media,desvio_padrao,minimo,skewness,kurtosis,pico_a_pico,crest_factor,shape_factor,mean_abs
0.0058149883986852,-0.0035913050471891,0.0045734689388775,-0.013570549,0.2413183008230528,-0.5865403529720536,0.0211097426,2.3337190153411647,1.184400965969076,0.0049096450997297
