rms,media,desvio_padrao,minimo,skewness,kurtosis,pico_a_pico,crest_factor,shape_factor,mean_abs
0.0033516639981871,0.0004486888422402,0.0033214951271366,-0.006031355,-0.003260033189325,-0.9023985705508776,0.0135705486,2.2493882453843423,1.184548383102239,0.0028294867866936
