rms,media,desvio_padrao,minimo,skewness,kurtosis,pico_a_pico,crest_factor,shape_factor,mean_abs
0.0058901243671146,-0.005065523025081,0.0030056682355927,-0.010554871,0.0387164380728647,-1.355967886002526,0.010554871,1.7919606348092154,1.1627870089526189,0.005065523025081
