rms,media,desvio_padrao,minimo,skewness,kurtosis,pico_a_pico,crest_factor,shape_factor,mean_abs
0.0080898230957689,0.0075086292518918,0.0030109341537918,0.002261758,-0.088995856823023,-1.4257880857109766,0.009800952,1.4910968827376303,1.077403454662599,0.0075086292518918
