rms,media,desvio_padrao,minimo,skewness,kurtosis,pico_a_pico,crest_factor,shape_factor,mean_abs
0.0055170905619534,-0.0044440489731081,0.0032693603339816,-0.01130879,-0.1717156332849357,-1.0402462420648195,0.0128166287,2.0497742194023205,1.218000536477674,0.0045296290081351
