rms,media,desvio_padrao,minimo,skewness,kurtosis,pico_a_pico,crest_factor,shape_factor,mean_abs
0.0052028998892228,-0.0012826817235945,0.0050423104677549,-0.013570549,0.1445520842142371,-0.4346606496534448,0.023371501,2.608266406991569,1.2121624802008093,0.004292246274081
