rms,media,desvio_padrao,minimo,skewness,kurtosis,pico_a_pico,crest_factor,shape_factor,mean_abs
0.0050991147941228,0.0039886409413513,0.0031767459962386,-0.002261758,0.0208696461042311,-1.145061289753346,0.012816629,2.0699418283670155,1.2174584161146358,0.0041883276887567
