rms,media,desvio_padrao,minimo,skewness,kurtosis,pico_a_pico,crest_factor,shape_factor,mean_abs
0.0083539719201197,-0.0072447575019729,0.0041596076232927,-0.017340146,-0.060558609690323,-0.7532101594180887,0.0188479847,2.0756768356185047,1.143138905439114,0.007307923718081
