rms,media,desvio_padrao,minimo,skewness,kurtosis,pico_a_pico,crest_factor,shape_factor,mean_abs
0.0032420190506337,-0.0009169289387027,0.0031096509202869,-0.0067852745,0.0481186120156518,-1.0600852529526943,0.0128166295,2.092916295070401,1.1699127917930388,0.0027711630075135
