rms,media,desvio_padrao,minimo,skewness,kurtosis,pico_a_pico,crest_factor,shape_factor,mean_abs
0.0074739108564549,-0.0066630170182702,0.003385786127988,-0.013570549,0.0990636748211987,-0.897861094960104,0.0150783877,1.8157226197419207,1.1169187851433713,0.0066915436967027
