rms,media,desvio_padrao,minimo,skewness,kurtosis,pico_a_pico,crest_factor,shape_factor,mean_abs
0.0064307635637424,0.0054402251251551,0.0034290918040186,-0.0030156774,-0.0603235687977463,-0.8338267625994562,0.0150783874,1.8757819161648648,1.1590985355693688,0.0055480732365722
