rms,media,desvio_padrao,minimo,skewness,kurtosis,pico_a_pico,crest_factor,shape_factor,mean_abs
0.0089391594892851,0.0077511060765945,0.0044529683318271,-0.0037695968,-0.0148336066910918,-0.1109969656224998,0.0218636618,2.024134933680088,1.130685410036009,0.007905965187081
