rms,media,desvio_padrao,minimo,skewness,kurtosis,pico_a_pico,crest_factor,shape_factor,mean_abs
0.0079137271482907,0.007228456540054,0.0032212564980367,0.00075391936,-0.0680359999992925,-1.184312884647979,0.0128166296399999,1.7148113329799388,1.0948017885200672,0.007228456540054
