rms,media,desvio_padrao,minimo,skewness,kurtosis,pico_a_pico,crest_factor,shape_factor,mean_abs
0.0048676858542306,-0.0038083115714864,0.0030316874096713,-0.009800952,0.0009895272053083,-1.21303801343685,0.0113087907,2.01347258091474,1.2238256694982133,0.0039774340214864
