rms,media,desvio_padrao,minimo,skewness,kurtosis,pico_a_pico,crest_factor,shape_factor,mean_abs
0.0045664421307231,0.0034028252251621,0.0030451887002686,-0.002261758,-0.0513086126073528,-1.2954425881885507,0.0113087899999999,1.9811993103189092,1.227981764555096,0.0037186563046216
