rms,media,desvio_padrao,minimo,skewness,kurtosis,pico_a_pico,crest_factor,shape_factor,mean_abs
0.0063404742762878,-0.0055637210883513,0.0030408258252162,-0.01130879,-0.0137976819563116,-1.132786153992389,0.01206270936,1.7835873953929136,1.1366963028654524,0.0055779844275945
