rms,media,desvio_padrao,minimo,skewness,kurtosis,pico_a_pico,crest_factor,shape_factor,mean_abs
0.0099412873295324,-0.0094596503929729,0.0030568297648134,-0.014324468,-0.0259928836112181,-1.4071256193378858,0.009800952,1.4409067483087876,1.0509148770357613,0.0094596503929729
