rms,media,desvio_padrao,minimo,skewness,kurtosis,pico_a_pico,crest_factor,shape_factor,mean_abs
0.0072622370811798,-0.0065947567618918,0.0030412613624523,-0.012816629,-0.1042530505784255,-1.4068031076287728,0.0113087903,1.7648320836583986,1.1012137889823426,0.0065947567618918
