rms,media,desvio_padrao,minimo,skewness,kurtosis,pico_a_pico,crest_factor,shape_factor,mean_abs
0.0075650778623362,0.0067679544452432,0.0033801177036195,0.00075391936,0.1210778187590478,-0.9945814963215662,0.0128166296399999,1.793841285832993,1.1177790754270327,0.0067679544452432
