rms,media,desvio_padrao,minimo,skewness,kurtosis,pico_a_pico,crest_factor,shape_factor,mean_abs
0.0080651468440458,-0.0074933471045945,0.0029826737646089,-0.01206271,-0.012948990983055,-1.4447362737553724,0.009800952,1.4956590665060712,1.0763076541724128,0.0074933471045945
