rms,media,desvio_padrao,minimo,skewness,kurtosis,pico_a_pico,crest_factor,shape_factor,mean_abs
0.0035443203222877,-0.0001434583432928,0.0035414158539659,-0.009047032,-0.19938739779297,-0.6470963625506432,0.0165862256,2.5525435562664924,1.2066449426759118,0.0029373349167881
