rms,media,desvio_padrao,minimo,skewness,kurtosis,pico_a_pico,crest_factor,shape_factor,mean_abs
0.0032880107634056,-0.000449295184,0.0032571688040237,-0.0067852745,0.0214866613556916,-1.0214163016782956,0.0128166295,2.063641206871241,1.1739924993881334,0.0028007084927027
