rms,media,desvio_padrao,minimo,skewness,kurtosis,pico_a_pico,crest_factor,shape_factor,mean_abs
0.0093321778971103,-0.0086079252406756,0.0036046036334462,-0.017340146,-0.0836838276811241,-0.7011875707147754,0.0158323073,1.8581028127816996,1.084137888769333,0.0086079252406756
