rms,media,desvio_padrao,minimo,skewness,kurtosis,pico_a_pico,crest_factor,shape_factor,mean_abs
0.0032657427470715,0.000577665223,0.0032142461915955,-0.0052774353,0.1064157791865365,-1.1312758318973513,0.0135705482999999,2.53942629358561,1.1493182101940622,0.0028414608922972
