rms,media,desvio_padrao,minimo,skewness,kurtosis,pico_a_pico,crest_factor,shape_factor,mean_abs
0.0036798930045723,-0.0021578394585675,0.0029808289780108,-0.0075391936,-0.0409567060488112,-1.2468272558242606,0.0113087904,2.048753480232272,1.239516952730285,0.0029688121622432
