rms,media,desvio_padrao,minimo,skewness,kurtosis,pico_a_pico,crest_factor,shape_factor,mean_abs
0.0032712652688071,-0.0008639508242702,0.0031551173404719,-0.0067852745,-0.0106269949394346,-1.082590481072201,0.0128166295,2.074204915358061,1.1735632482551706,0.0027874639681081
