rms,media,desvio_padrao,minimo,skewness,kurtosis,pico_a_pico,crest_factor,shape_factor,mean_abs
0.0534840387145945,-0.0528181641932432,0.0084133185176742,-0.0701145,-0.1291290439884429,-0.9559212394161882,0.032418533,1.3109425107956076,1.0126069228554604,0.0528181641932432
