rms,media,desvio_padrao,minimo,skewness,kurtosis,pico_a_pico,crest_factor,shape_factor,mean_abs
0.0050515942151905,0.0019591715227027,0.0046562056504816,-0.009047032,0.0807973540608435,-0.279464074534586,0.021863661,2.537145394905112,1.251787014213814,0.0040355061666486
