rms,media,desvio_padrao,minimo,skewness,kurtosis,pico_a_pico,crest_factor,shape_factor,mean_abs
0.0060034379749985,-0.0052519996212415,0.0029082241141516,-0.009800952,-0.0179291136942434,-1.4198965159587,0.00904703264,1.6325565518984777,1.1430766199444884,0.0052519996212415
