rms,media,desvio_padrao,minimo,skewness,kurtosis,pico_a_pico,crest_factor,shape_factor,mean_abs
0.0037749925973924,0.0013356598365945,0.0035308047115743,-0.0052774353,0.100739872987101,-0.7719661926858019,0.0150783873,2.5962837666939893,1.218446637178305,0.0030982010062702
