rms,media,desvio_padrao,minimo,skewness,kurtosis,pico_a_pico,crest_factor,shape_factor,mean_abs
0.0064264680144535,-0.005198075577058,0.0037788227579481,-0.012816629,0.1329978734614797,-0.7627504195881047,0.0165862258,1.9943503914085676,1.180404108705713,0.0054442948538191
