rms,media,desvio_padrao,minimo,skewness,kurtosis,pico_a_pico,crest_factor,shape_factor,mean_abs
0.0142692114415219,-0.005027827056081,0.0133540761663621,-0.029402856,0.1185142233057025,-1.0151596781732484,0.053528276,2.0605803004951357,1.1882382119402244,0.0120087128137567
