rms,media,desvio_padrao,minimo,skewness,kurtosis,pico_a_pico,crest_factor,shape_factor,mean_abs
0.0033644460789983,-0.0007345619552162,0.0032832782630225,-0.009047032,-0.0428891492218605,-0.7812078210231084,0.0158323065,2.6890108468296514,1.1874611610074346,0.0028333104184594
