rms,media,desvio_padrao,minimo,skewness,kurtosis,pico_a_pico,crest_factor,shape_factor,mean_abs
0.0084623607935347,-0.0077185041609729,0.0034693290009737,-0.014324468,0.1940821168041574,-0.8154865264195688,0.01507838736,1.6927271655616276,1.0940625732812927,0.0077348051201081
