rms,media,desvio_padrao,minimo,skewness,kurtosis,pico_a_pico,crest_factor,shape_factor,mean_abs
0.003178856792854,-0.0009189665604594,0.0030431284840163,-0.0067852745,-0.1087176014634273,-1.2659009455800307,0.0113087904999999,2.134501470859908,1.1668536537027008,0.0027242977581351
