rms,media,desvio_padrao,minimo,skewness,kurtosis,pico_a_pico,crest_factor,shape_factor,mean_abs
0.0032514820534987,-0.0008333865244864,0.0031428653240361,-0.0067852745,0.0088474267899251,-1.1345934334973973,0.0120627098,2.0868251426141726,1.175055627334794,0.0027670877683243
