rms,media,desvio_padrao,minimo,skewness,kurtosis,pico_a_pico,crest_factor,shape_factor,mean_abs
0.0108593250954034,-0.0104122377094594,0.0030838689027535,-0.015832307,0.0202132399271943,-1.276613753739899,0.011308791,1.4579457619057248,1.0429386456993637,0.0104122377094594
