rms,media,desvio_padrao,minimo,skewness,kurtosis,pico_a_pico,crest_factor,shape_factor,mean_abs
0.0048948299623472,-0.0033610540148648,0.0035584654374396,-0.010554871,0.1002504168266736,-0.7983173096192697,0.015078387,2.1563304713732334,1.2014149459604453,0.0040742209665405
