rms,media,desvio_padrao,minimo,skewness,kurtosis,pico_a_pico,crest_factor,shape_factor,mean_abs
0.0055279392040308,-0.0007111293415675,0.0054820075613796,-0.01206271,-0.0705274322318269,-0.5532588331038397,0.0233715,2.1821350696483948,1.2525112524325692,0.0044134846639459
