rms,media,desvio_padrao,minimo,skewness,kurtosis,pico_a_pico,crest_factor,shape_factor,mean_abs
0.0151415231298981,0.0147910828075675,0.0032387639730179,0.0075391936,-0.0667195422581872,-1.0671800681731234,0.0128166293999999,1.3443708948808335,1.0236926753023972,0.0147910828075675
