rms,media,desvio_padrao,minimo,skewness,kurtosis,pico_a_pico,crest_factor,shape_factor,mean_abs
0.0039384035216898,-0.0019948298687297,0.0033958321652406,-0.009800952,-0.0058284511425049,-0.8153023393967525,0.014324468,2.488559627276258,1.2217731120140238,0.0032235146468378
