rms,media,desvio_padrao,minimo,skewness,kurtosis,pico_a_pico,crest_factor,shape_factor,mean_abs
0.007234632508232,0.0004890287769999,0.0072180855068663,-0.014324468,0.1311763424384051,-0.8238429340407749,0.029402855,2.0841952902020644,1.1938570801106023,0.0060598815626756
