rms,media,desvio_padrao,minimo,skewness,kurtosis,pico_a_pico,crest_factor,shape_factor,mean_abs
0.005300743883016,-0.0042392681605945,0.0031822148223997,-0.009800952,-0.0265171057547005,-1.1527834101186991,0.01206271,1.848976712759696,1.2096903182882788,0.0043819015518918
