rms,media,desvio_padrao,minimo,skewness,kurtosis,pico_a_pico,crest_factor,shape_factor,mean_abs
0.0044432519790625,0.0003881666001891,0.0044262642081038,-0.009047032,0.2119565858643005,-0.6362120132509377,0.0188479839999999,2.205806028148739,1.2309392441008935,0.0036096436118648
