rms,media,desvio_padrao,minimo,skewness,kurtosis,pico_a_pico,crest_factor,shape_factor,mean_abs
0.005937013857871,0.0050573725419189,0.0031098418803529,-0.00075391936,-0.0002702542193687,-1.2254614007482338,0.01206270936,1.904794273809428,1.1729872783304314,0.0050614477817027
