rms,media,desvio_padrao,minimo,skewness,kurtosis,pico_a_pico,crest_factor,shape_factor,mean_abs
0.0035207394677081,-0.0011206909343513,0.0033376126541497,-0.008293113,-0.077916828655651,-0.9127078924340108,0.014324468,2.3555031765524093,1.1982445469735006,0.0029382478531621
