rms,media,desvio_padrao,minimo,skewness,kurtosis,pico_a_pico,crest_factor,shape_factor,mean_abs
0.0078442676140172,-0.0070868419698108,0.00336291618915,-0.014324468,-0.0900532304964254,-0.8642729956938515,0.01507838736,1.8261064900951407,1.105606196198913,0.0070949924493783
