rms,media,desvio_padrao,minimo,skewness,kurtosis,pico_a_pico,crest_factor,shape_factor,mean_abs
0.0044656683821416,0.0011746878583513,0.004308399068645,-0.008293113,0.0639353973588988,-0.462528205565436,0.020355823,2.701210427590013,1.2233380670313678,0.0036503959964054
