rms,media,desvio_padrao,minimo,skewness,kurtosis,pico_a_pico,crest_factor,shape_factor,mean_abs
0.0042808109983028,-0.0029545488397027,0.0030977385230199,-0.008293113,-0.0068569090531167,-1.1491069682611834,0.0113087904,1.9372761383971024,1.2343642292948822,0.0034680290441891
