rms,media,desvio_padrao,minimo,skewness,kurtosis,pico_a_pico,crest_factor,shape_factor,mean_abs
0.0062666319732227,0.001714657138027,0.0060274892937964,-0.01206271,-0.0618369192066408,-0.4347980210620572,0.027141097,2.406138905943376,1.223092719569176,0.0051235951886216
