rms,media,desvio_padrao,minimo,skewness,kurtosis,pico_a_pico,crest_factor,shape_factor,mean_abs
0.003673234977359,-0.0022342873264777,0.0029155814757325,-0.0075391936,-0.0390562358891804,-1.3957201912246475,0.010554871,2.052467007003316,1.2296626298645987,0.0029871892404858
