rms,media,desvio_padrao,minimo,skewness,kurtosis,pico_a_pico,crest_factor,shape_factor,mean_abs
0.0075972965725508,-0.0068229701939459,0.0033415554677152,-0.013570549,-0.1261297239891938,-1.0360066837654112,0.0128166296399999,1.786233941298363,1.113488166677313,0.0068229701939459
