rms,media,desvio_padrao,minimo,skewness,kurtosis,pico_a_pico,crest_factor,shape_factor,mean_abs
0.0051088966050222,0.0041088605039189,0.0030361307416089,-0.002261758,-0.0996427450351918,-1.258465639023525,0.0113087899999999,1.770838734748797,1.202247128607598,0.0042494562752162
