rms,media,desvio_padrao,minimo,skewness,kurtosis,pico_a_pico,crest_factor,shape_factor,mean_abs
0.0036245695300091,-0.0016126345110391,0.0032460613382492,-0.008293113,0.1000131967972177,-1.0950025015547622,0.0135705482999999,2.288027014335972,1.1776720694136529,0.0030777409298785
