rms,media,desvio_padrao,minimo,skewness,kurtosis,pico_a_pico,crest_factor,shape_factor,mean_abs
0.014415309661801,0.0138242321713513,0.0040855547381217,0.0052774353,-0.0711339329503956,-0.5711104878891828,0.0180940647,1.6212971173232482,1.0427566235233383,0.0138242321713513
