rms,media,desvio_padrao,minimo,skewness,kurtosis,pico_a_pico,crest_factor,shape_factor,mean_abs
0.003431612713112,-0.0016462098686909,0.0030109730787598,-0.0067852745,0.0185584420288479,-1.342070962960161,0.0105548713,1.9772844628048571,1.181782671180865,0.0029037595463157
