rms,media,desvio_padrao,minimo,skewness,kurtosis,pico_a_pico,crest_factor,shape_factor,mean_abs
0.0060216046376392,-0.0049544727608108,0.0034224146555351,-0.01130879,0.0483696888826262,-1.1023584232826455,0.013570548,1.8780359522962065,1.1832692257899726,0.0050889556716216
