rms,media,desvio_padrao,minimo,skewness,kurtosis,pico_a_pico,crest_factor,shape_factor,mean_abs
0.0038046842908329,-0.0018155193075675,0.0033435777539576,-0.009047032,-0.0105244340860231,-0.9191157196738552,0.013570548,2.3778666791875365,1.2124804310047617,0.0031379345955135
