rms,media,desvio_padrao,minimo,skewness,kurtosis,pico_a_pico,crest_factor,shape_factor,mean_abs
0.0062528890751853,-0.0050359775483243,0.0037064203646301,-0.012816629,-0.015629960437956,-0.7559559143282728,0.0158323064,2.0497131559334623,1.186896945637283,0.0052682662114594
