rms,media,desvio_padrao,minimo,skewness,kurtosis,pico_a_pico,crest_factor,shape_factor,mean_abs
0.0053600403493119,-0.0021537642272162,0.0049082921876978,-0.012816629,0.119654279776758,-0.6678156427563011,0.021863661,2.391144126675339,1.2044596497686142,0.0044501618218108
