rms,media,desvio_padrao,minimo,skewness,kurtosis,pico_a_pico,crest_factor,shape_factor,mean_abs
0.0082246161171282,-0.0075646638254054,0.0032280290399449,-0.014324468,-0.0602406345287479,-1.0929787839793157,0.0128166293,1.7416579443955438,1.0872414567196516,0.0075646638254054
