rms,media,desvio_padrao,minimo,skewness,kurtosis,pico_a_pico,crest_factor,shape_factor,mean_abs
0.0088178692219423,-0.0082625486336486,0.0030797902025736,-0.014324468,-0.0924047473317393,-1.3663079629555468,0.0113087906,1.624481792534993,1.067209357901043,0.0082625486336486
