rms,media,desvio_padrao,minimo,skewness,kurtosis,pico_a_pico,crest_factor,shape_factor,mean_abs
0.0071146205584907,0.006451104563054,0.0030001792626178,0.00075391936,0.0234863599594748,-1.346913680274782,0.01130879064,1.6954818462671322,1.1028530833675685,0.006451104563054
