rms,media,desvio_padrao,minimo,skewness,kurtosis,pico_a_pico,crest_factor,shape_factor,mean_abs
0.0055603581802392,0.0046274347654594,0.0030829256533317,-0.0015078387,0.0380077287450793,-1.2781281144626313,0.0113087907,1.7626475997231994,1.1905975490341565,0.0046702247831351
