rms,media,desvio_padrao,minimo,skewness,kurtosis,pico_a_pico,crest_factor,shape_factor,mean_abs
0.0057681056458736,-0.0037451453428648,0.0043869042732633,-0.01206271,-0.0321785067658688,-0.8942601200869085,0.018094065,2.0912775771763874,1.2388645702877494,0.0046559614216216
