rms,media,desvio_padrao,minimo,skewness,kurtosis,pico_a_pico,crest_factor,shape_factor,mean_abs
0.0088980786830635,-0.0083399782206756,0.0031017039717943,-0.013570549,-0.0170743808790333,-1.2630372808432426,0.0113087909999999,1.52511002468769,1.0669186954234782,0.0083399782206756
