rms,media,desvio_padrao,minimo,skewness,kurtosis,pico_a_pico,crest_factor,shape_factor,mean_abs
0.0062439768684642,-0.005371166012081,0.0031839947871473,-0.01130879,-0.044399883927283,-1.1303916732799963,0.0128166287,1.811151808892192,1.156794346205814,0.0053976550706216
