rms,media,desvio_padrao,minimo,skewness,kurtosis,pico_a_pico,crest_factor,shape_factor,mean_abs
0.003250703443448,-0.0013185957793522,0.0029712586639199,-0.0067852745,-0.063017944369153,-1.36082705379226,0.0105548713,2.087324979975032,1.1859682978279524,0.0027409699309851
