rms,media,desvio_padrao,minimo,skewness,kurtosis,pico_a_pico,crest_factor,shape_factor,mean_abs
0.0058267984466493,-0.004816933413054,0.0032785259846582,-0.01130879,0.0544772216945392,-0.990296559859952,0.013570548,1.940823953933565,1.1753432467921507,0.0049575291835405
