rms,media,desvio_padrao,minimo,skewness,kurtosis,pico_a_pico,crest_factor,shape_factor,mean_abs
0.0032212218024361,-0.001101333534054,0.0030270999896366,-0.006031355,-0.0057812204698986,-1.3058804782819222,0.010554871,1.872381155323904,1.1662668828293592,0.0027619937167567
