rms,media,desvio_padrao,minimo,skewness,kurtosis,pico_a_pico,crest_factor,shape_factor,mean_abs
0.0036739657634585,0.0014233916061808,0.0033870312615208,-0.006031355,0.0700582810935971,-0.8879002570069416,0.015078387,2.4624704154791823,1.204070612112281,0.0030512876292307
