rms,media,desvio_padrao,minimo,skewness,kurtosis,pico_a_pico,crest_factor,shape_factor,mean_abs
0.0062896573847779,0.0053222026461808,0.0033517083719913,-0.002261758,-0.0006933183066965,-0.9955106203997776,0.014324468,1.9178644021523132,1.1622252649315368,0.0054117369279082
