rms,media,desvio_padrao,minimo,skewness,kurtosis,pico_a_pico,crest_factor,shape_factor,mean_abs
0.0039142478049234,-0.0026636449214304,0.0028681582262639,-0.0075391936,0.0239130492224586,-1.4038926794577826,0.0098009516,1.926090011602491,1.2346509082143948,0.0031703275629419
