rms,media,desvio_padrao,minimo,skewness,kurtosis,pico_a_pico,crest_factor,shape_factor,mean_abs
0.0093597510632484,0.0079018899559999,0.0050164803487352,-0.0015078387,0.182954592019936,-0.77425472593452,0.0203558217,2.013726954128893,1.1733007797140889,0.0079772818914594
