rms,media,desvio_padrao,minimo,skewness,kurtosis,pico_a_pico,crest_factor,shape_factor,mean_abs
0.0052755431138105,-0.004232136509081,0.0031496627937252,-0.010554871,-0.0895056945897885,-1.1236883068681731,0.0120627097,2.0007174185287164,1.2126797520741266,0.0043503184618918
