rms,media,desvio_padrao,minimo,skewness,kurtosis,pico_a_pico,crest_factor,shape_factor,mean_abs
0.0044639480904293,-0.0032734363609459,0.0030350365640112,-0.008293113,0.083540586159453,-1.1836578014340071,0.0113087904,1.8577978130570705,1.2221845790581978,0.003652433656027
