rms,media,desvio_padrao,minimo,skewness,kurtosis,pico_a_pico,crest_factor,shape_factor,mean_abs
0.0035546933037364,-0.0020501315702294,0.002903929239561,-0.0067852745,0.0687147531291067,-1.4158924911130364,0.0098009519,1.9088213581936229,1.197730269665635,0.0029678579507962
