rms,media,desvio_padrao,minimo,skewness,kurtosis,pico_a_pico,crest_factor,shape_factor,mean_abs
0.0042440496719599,0.0016280583001351,0.0039193601249979,-0.0067852745,-0.0740394721255145,-0.824366813724859,0.0173401455,2.4869810242173065,1.2025673319606294,0.0035291576273243
