rms,media,desvio_padrao,minimo,skewness,kurtosis,pico_a_pico,crest_factor,shape_factor,mean_abs
0.0054702523451772,-0.0045826071144054,0.0029872014921859,-0.009800952,-0.0013490398146251,-1.3954492566227326,0.01055487136,1.7916818789248032,1.1926381473051149,0.0045866823541891
