rms,media,desvio_padrao,minimo,skewness,kurtosis,pico_a_pico,crest_factor,shape_factor,mean_abs
0.0032240819383781,-0.0004594832718378,0.0031911721151134,-0.0067852745,0.1900441961663807,-0.8841737068677857,0.013570549,2.1045601909898184,1.174232596428084,0.0027456927598378
