rms,media,desvio_padrao,minimo,skewness,kurtosis,pico_a_pico,crest_factor,shape_factor,mean_abs
0.0082710866658149,-0.0075850400275675,0.0032981877468724,-0.015078387,-0.0302631102640912,-0.9442592614865783,0.015078387,1.823023698000916,1.0904473326118187,0.0075850400275675
