rms,media,desvio_padrao,minimo,skewness,kurtosis,pico_a_pico,crest_factor,shape_factor,mean_abs
0.0044491256346536,0.0006163800131351,0.0044062222586178,-0.01130879,-0.1385020033120316,-0.1687499034543216,0.02261758,2.54180055333061,1.2588593119061364,0.0035342516773513
