rms,media,desvio_padrao,minimo,skewness,kurtosis,pico_a_pico,crest_factor,shape_factor,mean_abs
0.0058099668276118,-0.0048322155626756,0.0032257413556863,-0.01130879,0.0171590416035796,-1.0827130121972262,0.01206270936,1.946446569411554,1.182887237833714,0.0049116827384594
