rms,media,desvio_padrao,minimo,skewness,kurtosis,pico_a_pico,crest_factor,shape_factor,mean_abs
0.0051645223541067,0.0025072912607567,0.0045150616473976,-0.0067852745,-0.0725831335873112,-0.7297106260942212,0.0196019035,2.481667833194368,1.2015102019437778,0.0042983591364864
