rms,media,desvio_padrao,minimo,skewness,kurtosis,pico_a_pico,crest_factor,shape_factor,mean_abs
0.0072358533344311,-0.0063848819175945,0.0034045346783036,-0.014324468,-0.1102008084219844,-0.8170150088426982,0.01507838736,1.97965151281305,1.1300334477391245,0.0064032204966216
