rms,media,desvio_padrao,minimo,skewness,kurtosis,pico_a_pico,crest_factor,shape_factor,mean_abs
0.0092478855388802,-0.0084561225535135,0.0037439789396028,-0.018847983,-0.2501358514235328,-0.4842639977362042,0.0173401443,2.0380856705847816,1.0936319193999535,0.0084561225535135
