rms,media,desvio_padrao,minimo,skewness,kurtosis,pico_a_pico,crest_factor,shape_factor,mean_abs
0.0059563240218178,-0.0044776696996486,0.0039278836430999,-0.013570549,-0.1308890092870055,-0.9096882156847804,0.0165862264,2.278342976354464,1.228483806332158,0.0048485165137027
