rms,media,desvio_padrao,minimo,skewness,kurtosis,pico_a_pico,crest_factor,shape_factor,mean_abs
0.0091851725677207,-0.0086975804766216,0.0029528780793489,-0.014324468,-0.0204210184087309,-1.4616795504711668,0.0105548712,1.559520835824054,1.056060658755583,0.0086975804766216
