rms,media,desvio_padrao,minimo,skewness,kurtosis,pico_a_pico,crest_factor,shape_factor,mean_abs
0.0038168152525726,-0.0019494055052901,0.0032814473709349,-0.009047032,-0.0449274651643844,-0.956656472039898,0.013570548,2.3703091193376458,1.2195739098633946,0.0031296301287719
