rms,media,desvio_padrao,minimo,skewness,kurtosis,pico_a_pico,crest_factor,shape_factor,mean_abs
0.0093489122972414,-0.0088453079541891,0.0030269932832877,-0.014324468,-0.0400777102353851,-1.31263605663727,0.0105548712,1.532206907559367,1.056934630841622,0.0088453079541891
