rms,media,desvio_padrao,minimo,skewness,kurtosis,pico_a_pico,crest_factor,shape_factor,mean_abs
0.004658943338701,-0.0016392651937297,0.0043610277066137,-0.01130879,-0.0297895497729911,-0.6195971931886266,0.0180940645,2.4273293701728145,1.2309358995036452,0.0037848789206486
