rms,media,desvio_padrao,minimo,skewness,kurtosis,pico_a_pico,crest_factor,shape_factor,mean_abs
0.0060605115207222,0.0048974194072162,0.0035700256361305,-0.0030156774,-0.2344112497652749,-0.8964637383873781,0.0143244674,1.865979457564376,1.1698364486805166,0.0051806485663513
