rms,media,desvio_padrao,minimo,skewness,kurtosis,pico_a_pico,crest_factor,shape_factor,mean_abs
0.0051891984508505,-0.00428441891139,0.002927718421234,-0.009047032,-0.0875212195344909,-1.4327540225275244,0.009047032,1.7434353466511052,1.2111790555902926,0.00428441891139
