rms,media,desvio_padrao,minimo,skewness,kurtosis,pico_a_pico,crest_factor,shape_factor,mean_abs
0.0058344391291347,-0.0048902877351351,0.0031821008499363,-0.01130879,-0.0256253841274843,-1.1995997789925643,0.01206270936,1.93828228381518,1.1836957099637817,0.004929002513081
