rms,media,desvio_padrao,minimo,skewness,kurtosis,pico_a_pico,crest_factor,shape_factor,mean_abs
0.0119681630401911,-0.0114065961982432,0.0036230497825479,-0.019601904,-0.1259322159398352,-0.8087088303781078,0.015078388,1.6378373133933235,1.049231763112157,0.0114065961982432
