rms,media,desvio_padrao,minimo,skewness,kurtosis,pico_a_pico,crest_factor,shape_factor,mean_abs
0.0044829212266109,-0.0033233580437027,0.0030086332507229,-0.009047032,-0.1063918776462352,-1.3218212970213123,0.0105548707,2.018110857334761,1.255035527229719,0.0035719476694864
