rms,media,desvio_padrao,minimo,skewness,kurtosis,pico_a_pico,crest_factor,shape_factor,mean_abs
0.0035865553903239,0.0015434970547027,0.0032374367036261,-0.004523516,-0.0895619044376206,-1.1031845111166674,0.0120627095999999,2.102070867311804,1.185698236080824,0.0030248466947027
