rms,media,desvio_padrao,minimo,skewness,kurtosis,pico_a_pico,crest_factor,shape_factor,mean_abs
0.003535869844931,-0.0013074040137921,0.0032852808563368,-0.0075391936,0.0748284480331122,-0.8341329871382013,0.0143244681,2.132203370213967,1.208792445241298,0.0029251256978407
