rms,media,desvio_padrao,minimo,skewness,kurtosis,pico_a_pico,crest_factor,shape_factor,mean_abs
0.0094101668197461,-0.0089145870331081,0.0030135324130647,-0.014324468,-0.0550246897826242,-1.3844205748130451,0.0105548712,1.5222331627471015,1.0555920072121665,0.0089145870331081
