rms,media,desvio_padrao,minimo,skewness,kurtosis,pico_a_pico,crest_factor,shape_factor,mean_abs
0.0057520370914228,-0.0026764137143783,0.0050914379433114,-0.012816629,0.1940871569213506,-0.5421300244770744,0.0233715,2.228189560723035,1.220721987085355,0.0047119959763783
