rms,media,desvio_padrao,minimo,skewness,kurtosis,pico_a_pico,crest_factor,shape_factor,mean_abs
0.0094786455024984,-0.0080689747719189,0.0049735667977991,-0.0233715,-0.4190452652807098,-0.0214123703598025,0.02412541936,2.465700399264808,1.1729254227435355,0.0080812004912702
