rms,media,desvio_padrao,minimo,skewness,kurtosis,pico_a_pico,crest_factor,shape_factor,mean_abs
0.006510283260118,-0.0056849594948108,0.0031725421461872,-0.01206271,-0.0560014855614902,-1.2227383487518828,0.01281662936,1.8528702236193,1.144356391520964,0.0056890347345945
