rms,media,desvio_padrao,minimo,skewness,kurtosis,pico_a_pico,crest_factor,shape_factor,mean_abs
0.0091749648190841,-0.0065621548695405,0.0064123398927066,-0.020355823,0.1446829709081418,-0.62491956829439,0.028648936,2.218626817800922,1.1961177469335054,0.0076706200895405
