rms,media,desvio_padrao,minimo,skewness,kurtosis,pico_a_pico,crest_factor,shape_factor,mean_abs
0.0077784348060412,-0.007010431233,0.003370148655358,-0.013570549,-0.0409744931328181,-1.141455815855973,0.0128166296399999,1.7446374930674062,1.1095515450498985,0.007010431233
