rms,media,desvio_padrao,minimo,skewness,kurtosis,pico_a_pico,crest_factor,shape_factor,mean_abs
0.0047538462402344,-0.0030829188851351,0.0036186551678032,-0.010554871,-0.0436185874350643,-0.7772387138083978,0.015078387,2.220280267095754,1.2390009563202558,0.0038368382332432
