rms,media,desvio_padrao,minimo,skewness,kurtosis,pico_a_pico,crest_factor,shape_factor,mean_abs
0.0030789841153272,-0.001073393934197,0.0028858220049869,-0.006031355,0.0026601579724378,-1.3902701162313091,0.0098009518,1.9588782449301128,1.1563706147655337,0.0026626274275843
