rms,media,desvio_padrao,minimo,skewness,kurtosis,pico_a_pico,crest_factor,shape_factor,mean_abs
0.0035279315644705,-0.001860346955054,0.002997567402146,-0.0075391936,-0.0965848665628848,-1.2619687468264698,0.0113087904,2.137001090363133,1.2305602614883195,0.0028669311653243
