rms,media,desvio_padrao,minimo,skewness,kurtosis,pico_a_pico,crest_factor,shape_factor,mean_abs
0.0057046871997032,0.0046802011509311,0.0032617745527979,-0.002261758,-0.1067753266098414,-1.050424125638419,0.013570548,1.9823681131172817,1.181401220028958,0.0048287466636977
