rms,media,desvio_padrao,minimo,skewness,kurtosis,pico_a_pico,crest_factor,shape_factor,mean_abs
0.0035308695404237,7.844837178378378e-05,0.0035299979553049,-0.0067852745,0.1213105515503392,-0.872956404600413,0.0143244681,2.135222928427746,1.193827186165075,0.0029576052391351
