rms,media,desvio_padrao,minimo,skewness,kurtosis,pico_a_pico,crest_factor,shape_factor,mean_abs
0.0038668609022775,-0.002262776886054,0.0031356744093579,-0.008293113,-0.0405978864978923,-1.1917149856670357,0.0113087904,2.1446628698527634,1.2287045556465854,0.0031471039026486
