rms,media,desvio_padrao,minimo,skewness,kurtosis,pico_a_pico,crest_factor,shape_factor,mean_abs
0.0092269730570761,0.0004044675466486,0.0092181038071675,-0.021109741,0.0642845636188963,-0.4275572847273077,0.042973403,2.3695378608733293,1.213535921486823,0.007603378601081
