rms,media,desvio_padrao,minimo,skewness,kurtosis,pico_a_pico,crest_factor,shape_factor,mean_abs
0.0128887914332707,-0.0093761079271621,0.0088436160448404,-0.032418534,-0.0385258977227649,-0.3777905537530261,0.042219486,2.5152501045455526,1.199471889572008,0.0107453884874864
