rms,media,desvio_padrao,minimo,skewness,kurtosis,pico_a_pico,crest_factor,shape_factor,mean_abs
0.0075593899162465,-0.004604002142027,0.0059956267547321,-0.020355823,-0.3106014915576927,-0.1479931403692629,0.029402855,2.692786484826195,1.273789435523743,0.0059345679163513
