rms,media,desvio_padrao,minimo,skewness,kurtosis,pico_a_pico,crest_factor,shape_factor,mean_abs
0.0051661581158249,-0.0041271990881081,0.0031073167467806,-0.010554871,-0.0743939397197701,-1.0722193726429825,0.0120627097,2.0430793567212686,1.213394849934,0.0042576067601621
