rms,media,desvio_padrao,minimo,skewness,kurtosis,pico_a_pico,crest_factor,shape_factor,mean_abs
0.0083858617495864,-0.007671638892027,0.0033865371684828,-0.015832307,-0.3699029835792562,-0.7187570743480238,0.013570549,1.8879761523352951,1.093099123617735,0.007671638892027
