rms,media,desvio_padrao,minimo,skewness,kurtosis,pico_a_pico,crest_factor,shape_factor,mean_abs
0.0058952636927181,-0.0050790356565991,0.0029929134310358,-0.009800952,-0.0158595157978586,-1.432506690489656,0.009800952,1.6625129105091925,1.160705317171464,0.0050790356565991
