rms,media,desvio_padrao,minimo,skewness,kurtosis,pico_a_pico,crest_factor,shape_factor,mean_abs
0.0133029632016601,0.012790140104054,0.0036580248855621,0.0037695968,-0.1522323598821547,-0.5859883382166364,0.0158323072,1.4734990770743293,1.040095190000581,0.012790140104054
