rms,media,desvio_padrao,minimo,skewness,kurtosis,pico_a_pico,crest_factor,shape_factor,mean_abs
0.003005472003488,0.000749844095027,0.0029104287994904,-0.004523516,0.0100463883566348,-1.3999744742524718,0.0098009513,1.755942259277465,1.140751370707238,0.0026346424651891
