rms,media,desvio_padrao,minimo,skewness,kurtosis,pico_a_pico,crest_factor,shape_factor,mean_abs
0.0065547289589077,-0.0056910723357567,0.0032521019962367,-0.012816629,-0.035333047347416,-0.970105533600607,0.01357054836,1.9553255489813264,1.146420389186101,0.0057175613943513
