rms,media,desvio_padrao,minimo,skewness,kurtosis,pico_a_pico,crest_factor,shape_factor,mean_abs
0.0072802479179642,0.0066243022512162,0.0030200379851177,0.0015078387,-0.0081494845901385,-1.3751070907491127,0.0105548713,1.6569092338510822,1.0990210956372883,0.0066243022512162
