rms,media,desvio_padrao,minimo,skewness,kurtosis,pico_a_pico,crest_factor,shape_factor,mean_abs
0.0067664567650132,0.0058968719586756,0.0033184089946505,0.0,-0.1469777905953989,-1.1707697691518382,0.01206271,1.7827218024020666,1.147465438020605,0.0058968719586756
