rms,media,desvio_padrao,minimo,skewness,kurtosis,pico_a_pico,crest_factor,shape_factor,mean_abs
0.0108178322531202,-0.010083162044054,0.0039185887574477,-0.018094065,-0.0192724185607814,-0.88592340110457,0.015832307,1.6726146770099042,1.0728610931626743,0.010083162044054
