rms,media,desvio_padrao,minimo,skewness,kurtosis,pico_a_pico,crest_factor,shape_factor,mean_abs
0.0048973400302251,-0.0035729664697297,0.0033493058949329,-0.010554871,0.0469298580033778,-0.9477787969771932,0.0143244678,2.155225272261671,1.2111166808563631,0.004043656658054
