rms,media,desvio_padrao,minimo,skewness,kurtosis,pico_a_pico,crest_factor,shape_factor,mean_abs
0.0086345999719412,-0.0080814864592442,0.0030407060503276,-0.013570549,-0.0827106339832027,-1.370200409693664,0.0105548716,1.571647678421526,1.0684420515317778,0.0080814864592442
