rms,media,desvio_padrao,minimo,skewness,kurtosis,pico_a_pico,crest_factor,shape_factor,mean_abs
0.0040802670582328,-0.0026764137231351,0.0030798358477545,-0.008293113,-0.0387680944460142,-1.1602480901259895,0.0120627098,2.0324926975715525,1.2495895402383548,0.0032652858613513
