rms,media,desvio_padrao,minimo,skewness,kurtosis,pico_a_pico,crest_factor,shape_factor,mean_abs
0.0058855584501877,0.0048006324571351,0.0034049561351179,-0.0030156774,-0.1865161183937486,-0.9111639715113312,0.0143244674,1.921447233208471,1.1732118955831004,0.0050166201624324
