rms,media,desvio_padrao,minimo,skewness,kurtosis,pico_a_pico,crest_factor,shape_factor,mean_abs
0.0035821623846181,0.0006601888333513,0.0035208007688722,-0.0075391936,0.2125220306768947,-0.5105610539195213,0.0165862256,2.525578415665386,1.2389098566774186,0.0028913825855135
