rms,media,desvio_padrao,minimo,skewness,kurtosis,pico_a_pico,crest_factor,shape_factor,mean_abs
0.0058046100965619,-0.0011981204847837,0.0056796131626238,-0.012816629,0.1205862928735465,-0.6339809698366845,0.024879339,2.2080085977852755,1.2055525917445964,0.0048148957882972
