rms,media,desvio_padrao,minimo,skewness,kurtosis,pico_a_pico,crest_factor,shape_factor,mean_abs
0.0086811838174702,-0.0081301033405405,0.0030437431141341,-0.013570549,-0.0769837893924268,-1.354992033395234,0.0105548716,1.5632141059713824,1.067782714911109,0.0081301033405405
