rms,media,desvio_padrao,minimo,skewness,kurtosis,pico_a_pico,crest_factor,shape_factor,mean_abs
0.0068796502453715,0.0057878593073783,0.0037189073847884,-0.002261758,-0.202868286365058,-0.5877552412982889,0.016586226,2.082150616542918,1.147821446796328,0.0059936589132162
