rms,media,desvio_padrao,minimo,skewness,kurtosis,pico_a_pico,crest_factor,shape_factor,mean_abs
0.0128833671760426,0.0116337907534864,0.0055349853203803,-0.002261758,-0.1349071889119552,-0.5069986794900028,0.025633258,1.814083203610045,1.1020048728666765,0.011690844109
