rms,media,desvio_padrao,minimo,skewness,kurtosis,pico_a_pico,crest_factor,shape_factor,mean_abs
0.010173986333926,-0.0094881770545945,0.0036721239226882,-0.017340146,-0.1352257070694424,-0.8430308969186298,0.0158323073,1.70436104697504,1.072280404906587,0.0094881770545945
