rms,media,desvio_padrao,minimo,skewness,kurtosis,pico_a_pico,crest_factor,shape_factor,mean_abs
0.0037766105433551,0.0015607453280701,0.0034390203862565,-0.0067852745,-0.1206493659681254,-0.8420286323763357,0.0158323065,2.3955427482238294,1.2004830529250892,0.003145909085641
