rms,media,desvio_padrao,minimo,skewness,kurtosis,pico_a_pico,crest_factor,shape_factor,mean_abs
0.0066734726864465,-0.0032286087124324,0.005840490003309,-0.015832307,-0.3120702338698556,-0.5477960353763547,0.0233715006,2.372424035263465,1.2726369975870726,0.0052438147712972
