rms,media,desvio_padrao,minimo,skewness,kurtosis,pico_a_pico,crest_factor,shape_factor,mean_abs
0.0029442468524024,-0.0006928732361943,0.0028615583527943,-0.0052774353,-0.0369852448364087,-1.4444807090936636,0.0090470321,1.7924568028980896,1.1361576464564582,0.0025914069773549
