rms,media,desvio_padrao,minimo,skewness,kurtosis,pico_a_pico,crest_factor,shape_factor,mean_abs
0.0075841925758786,-0.0068667790145945,0.0032198327585039,-0.012816629,0.0588667562929054,-1.11006298458219,0.0120627096399999,1.6899134445455772,1.1044759937314454,0.0068667790145945
