rms,media,desvio_padrao,minimo,skewness,kurtosis,pico_a_pico,crest_factor,shape_factor,mean_abs
0.0047504519553688,0.0025368367594324,0.0040163731196515,-0.0075391936,-0.2696708921008468,-0.5202078613612575,0.0188479836,2.3805713869433283,1.1858458777798986,0.004005960677
