rms,media,desvio_padrao,minimo,skewness,kurtosis,pico_a_pico,crest_factor,shape_factor,mean_abs
0.0060111997002399,0.0001344829089729,0.0060096951822333,-0.012816629,-0.0316706721263196,-0.795559594788398,0.025633258,2.1321249732376217,1.2140364119743845,0.0049514163174594
