rms,media,desvio_padrao,minimo,skewness,kurtosis,pico_a_pico,crest_factor,shape_factor,mean_abs
0.0043539317176292,-0.002905645963054,0.0032425210776748,-0.009800952,0.0378619133125089,-1.0214452163209091,0.0128166294,2.251057810648585,1.2133863026812743,0.003588248613
