rms,media,desvio_padrao,minimo,skewness,kurtosis,pico_a_pico,crest_factor,shape_factor,mean_abs
0.0034005130556255,0.0014925771747638,0.0030554381713354,-0.004523516,-0.033679840033258,-1.28590203807145,0.0113087904999999,1.9953678721435923,1.1839323495399474,0.0028722190562213
