rms,media,desvio_padrao,minimo,skewness,kurtosis,pico_a_pico,crest_factor,shape_factor,mean_abs
0.0060779135938024,0.004398371645587,0.0041946824100311,-0.004523516,0.0361256201045396,-0.7083499528309454,0.018094065,2.2327643837907813,1.2134391404225175,0.005008832656977
