rms,media,desvio_padrao,minimo,skewness,kurtosis,pico_a_pico,crest_factor,shape_factor,mean_abs
0.0121797823770678,-0.0101116887251621,0.0067897606642767,-0.025633259,0.3030355887749723,0.0560372128476669,0.034680291,2.10457446663928,1.14149824681224,0.010669996569054
