rms,media,desvio_padrao,minimo,skewness,kurtosis,pico_a_pico,crest_factor,shape_factor,mean_abs
0.0090661572412803,-0.0084551037286216,0.0032720678571613,-0.014324468,0.2265127804130047,-1.0291132438020212,0.01357054864,1.5799933333140723,1.0722703744710071,0.0084551037286216
