rms,media,desvio_padrao,minimo,skewness,kurtosis,pico_a_pico,crest_factor,shape_factor,mean_abs
0.0042020346245646,-0.0007987469954054,0.004125420975291,-0.009047032,-0.0128220257757591,-0.5731652723683878,0.018094064,2.153012244856804,1.2415574702751728,0.0033844866026486
