rms,media,desvio_padrao,minimo,skewness,kurtosis,pico_a_pico,crest_factor,shape_factor,mean_abs
0.0064301518189805,0.0055565894428648,0.0032359181353336,0.0,0.2494308880087096,-0.7839961658948265,0.013570549,2.1104554576678067,1.1572119705977877,0.0055565894428648
