rms,media,desvio_padrao,minimo,skewness,kurtosis,pico_a_pico,crest_factor,shape_factor,mean_abs
0.006488301343488,0.0035332328633513,0.0054419040654207,-0.0067852745,0.0148617228015849,-0.5119206766868394,0.0226175815,2.440131270396376,1.2066142571647658,0.0053772788651891
