rms,media,desvio_padrao,minimo,skewness,kurtosis,pico_a_pico,crest_factor,shape_factor,mean_abs
0.0042650820848682,-0.0015333089688378,0.0039799357779674,-0.010554871,-0.0179936333168919,-0.5329368430247583,0.0180940646,2.4747169667488507,1.230913650071353,0.0034649726117027
