rms,media,desvio_padrao,minimo,skewness,kurtosis,pico_a_pico,crest_factor,shape_factor,mean_abs
0.0067458187172831,0.0059163847182726,0.0032407502266972,-0.00075391936,-0.097190619283576,-1.1129044790616407,0.01281662936,1.788175832400399,1.1374542118259348,0.0059306288087449
