rms,media,desvio_padrao,minimo,skewness,kurtosis,pico_a_pico,crest_factor,shape_factor,mean_abs
0.0034594470991915,-0.0015781365819459,0.0030785157399027,-0.0075391936,0.01621031902528,-1.2681788350070704,0.0113087904,2.179305936420245,1.1910124664348565,0.0029046271107027
