rms,media,desvio_padrao,minimo,skewness,kurtosis,pico_a_pico,crest_factor,shape_factor,mean_abs
0.0065788243232689,-0.0055708527773243,0.0034995040805539,-0.013570549,-0.1407139031853641,-0.7345631866146167,0.015832307,2.0627620275558383,1.165588756013786,0.0056442070921891
