rms,media,desvio_padrao,minimo,skewness,kurtosis,pico_a_pico,crest_factor,shape_factor,mean_abs
0.0047575610023502,0.0001854234267297,0.0047539462390632,-0.009800952,0.6804171751549252,0.5472676883526137,0.025633259,3.327820072549505,1.272404301384759,0.0037390324735405
