rms,media,desvio_padrao,minimo,skewness,kurtosis,pico_a_pico,crest_factor,shape_factor,mean_abs
0.00882340014476,-0.0082859908829959,0.0030322838260062,-0.013570549,-0.047942499742639,-1.2707550025647567,0.0113087909999999,1.538018085698993,1.0648575733853265,0.0082859908829959
