rms,media,desvio_padrao,minimo,skewness,kurtosis,pico_a_pico,crest_factor,shape_factor,mean_abs
0.0085208844769182,-0.0061250853994054,0.0059235800930667,-0.020355823,0.0769280230646046,0.4496716892824208,0.032418533,2.3889331037336348,1.2310224086478283,0.0069217947756756
