rms,media,desvio_padrao,minimo,skewness,kurtosis,pico_a_pico,crest_factor,shape_factor,mean_abs
0.0162158516248303,0.0156642029283783,0.0041936369104986,0.0052774353,-0.1166248548964676,-0.5102848038183256,0.0196019027,1.5342603383163504,1.0352171571687567,0.0156642029283783
