rms,media,desvio_padrao,minimo,skewness,kurtosis,pico_a_pico,crest_factor,shape_factor,mean_abs
0.0050333913256849,-0.0041098793079729,0.0029058424443482,-0.009047032,-0.0522757298295172,-1.377109204816307,0.00980095136,1.7974028670955589,1.2198670440573476,0.0041261802671081
