rms,media,desvio_padrao,minimo,skewness,kurtosis,pico_a_pico,crest_factor,shape_factor,mean_abs
0.0083227905580361,-0.0077225793558108,0.0031033225365951,-0.013570549,-0.0207712591129372,-1.2994401743366506,0.0120627103,1.630528715743892,1.0777215972243357,0.0077225793558108
