rms,media,desvio_padrao,minimo,skewness,kurtosis,pico_a_pico,crest_factor,shape_factor,mean_abs
0.0084973244791925,-0.0074047106823243,0.0041683069723518,-0.016586225,-0.1559568181583473,-0.6209207396969827,0.01734014436,1.9519349932575611,1.142526196695457,0.0074373126005945
