rms,media,desvio_padrao,minimo,skewness,kurtosis,pico_a_pico,crest_factor,shape_factor,mean_abs
0.006910507594786,-0.0058245364602702,0.0037188560392382,-0.014324468,-0.0296065241645244,-0.7912526598614291,0.016586226,2.0728532316218944,1.1696708424756488,0.0059080788747027
