rms,media,desvio_padrao,minimo,skewness,kurtosis,pico_a_pico,crest_factor,shape_factor,mean_abs
0.0079014882163632,-0.0072753217954054,0.0030827274947075,-0.012816629,-0.0220193504111207,-1.318275271236956,0.0113087903,1.6220525360599758,1.0860671786852472,0.0072753217954054
