rms,media,desvio_padrao,minimo,skewness,kurtosis,pico_a_pico,crest_factor,shape_factor,mean_abs
0.0051959566970305,-0.0042942839147027,0.0029252506999131,-0.009047032,-0.0358340127730695,-1.4286822913616757,0.00980095136,1.741167705491128,1.20710662769681,0.0043044720141621
