rms,media,desvio_padrao,minimo,skewness,kurtosis,pico_a_pico,crest_factor,shape_factor,mean_abs
0.0033933162162796,0.0016046256444864,0.0029899450638302,-0.004523516,-0.0554241391141669,-1.2591449291442491,0.0113087904999999,1.9995998213921653,1.185712569683208,0.0028618370952972
