rms,media,desvio_padrao,minimo,skewness,kurtosis,pico_a_pico,crest_factor,shape_factor,mean_abs
0.0065445261262057,-0.0051368397295135,0.0040550832062833,-0.013570549,0.0170226035656229,-0.6906154184050481,0.018094065,2.073572438753123,1.1931086119001373,0.0054852727244864
