rms,media,desvio_padrao,minimo,skewness,kurtosis,pico_a_pico,crest_factor,shape_factor,mean_abs
0.0057594435436724,-0.0046050209413513,0.0034590420729539,-0.01206271,-0.155722721717417,-0.8931991397730998,0.0135705487,2.0944228220194256,1.2033011685724722,0.0047863691103243
