rms,media,desvio_padrao,minimo,skewness,kurtosis,pico_a_pico,crest_factor,shape_factor,mean_abs
0.0053413068093211,0.0044185787246756,0.003000953262739,-0.0015078387,-0.0870673885974558,-1.3326405076656396,0.0113087907,1.8349352227616416,1.1955968228334524,0.0044674816019189
