rms,media,desvio_padrao,minimo,skewness,kurtosis,pico_a_pico,crest_factor,shape_factor,mean_abs
0.0060282977057063,0.0022902847733513,0.0055762862987457,-0.008293113,0.25421477209543,-0.7531440905744646,0.0226175809999999,2.3762044774995994,1.2194969640586024,0.0049432658574594
