rms,media,desvio_padrao,minimo,skewness,kurtosis,pico_a_pico,crest_factor,shape_factor,mean_abs
0.003497098317581,0.0016769611578918,0.0030687942123495,-0.004523516,-0.0593810756328453,-1.058820102197029,0.0120627095999999,2.1558426201796927,1.2077876863216157,0.0028954578335135
