rms,media,desvio_padrao,minimo,skewness,kurtosis,pico_a_pico,crest_factor,shape_factor,mean_abs
0.007401725417449,-0.0037879353699729,0.0063590160235856,-0.018847983,0.0494369846194464,-0.8701984147819171,0.0271410959999999,2.546430992369321,1.21408253101161,0.0060965587004054
