rms,media,desvio_padrao,minimo,skewness,kurtosis,pico_a_pico,crest_factor,shape_factor,mean_abs
0.0101739108523992,-0.0068372335794324,0.0075339696716172,-0.021863662,0.0104863007540053,-1.033627263830109,0.0301567749999999,2.1489928816158312,1.2326963745008532,0.0082533793907837
