rms,media,desvio_padrao,minimo,skewness,kurtosis,pico_a_pico,crest_factor,shape_factor,mean_abs
0.010510093963617,-0.0035352705234054,0.0098976733352035,-0.030910693,-0.1372998557840128,0.1568767159028761,0.052020434,2.9410482063247123,1.2895062048961197,0.0081504795585405
