rms,media,desvio_padrao,minimo,skewness,kurtosis,pico_a_pico,crest_factor,shape_factor,mean_abs
0.0110040332449356,-0.0105640403867567,0.0030805516328445,-0.015832307,-0.0054031771567857,-1.263640339758921,0.011308791,1.4387730977899795,1.0416500545312648,0.0105640403867567
