rms,media,desvio_padrao,minimo,skewness,kurtosis,pico_a_pico,crest_factor,shape_factor,mean_abs
0.0081787737251727,-0.0075779083494594,0.0030769538012081,-0.012816629,-0.0079878288141846,-1.3110760928368712,0.0113087903,1.567059981198983,1.0792917185064907,0.0075779083494594
