rms,media,desvio_padrao,minimo,skewness,kurtosis,pico_a_pico,crest_factor,shape_factor,mean_abs
0.0050974575258182,-0.0038439699155405,0.0033478304192328,-0.01130879,-0.0502270901133332,-0.8544189673947913,0.0143244674,2.2185157880613517,1.2123442934805662,0.004204628630027
