rms,media,desvio_padrao,minimo,skewness,kurtosis,pico_a_pico,crest_factor,shape_factor,mean_abs
0.010118685869872,-0.0095523621064864,0.0033376911060955,-0.015832307,0.0523531136448458,-1.0973813202622924,0.0128166296,1.5646603920317366,1.0592862537111116,0.0095523621064864
