rms,media,desvio_padrao,minimo,skewness,kurtosis,pico_a_pico,crest_factor,shape_factor,mean_abs
0.0158649475982469,0.0154502528332432,0.0036036439452283,0.0075391936,0.1494922153607951,-0.7677298035198965,0.0158323064,1.4731533057557986,1.0268406458767734,0.0154502528332432
