rms,media,desvio_padrao,minimo,skewness,kurtosis,pico_a_pico,crest_factor,shape_factor,mean_abs
0.0064443510198335,-0.0056217932653513,0.0031504127584303,-0.01206271,-0.1510474844282593,-1.2150980576701909,0.01206271,1.871826963316392,1.1463159023566174,0.0056217932653513
