rms,media,desvio_padrao,minimo,skewness,kurtosis,pico_a_pico,crest_factor,shape_factor,mean_abs
0.0039710331068179,0.0007702203259459,0.0038956212065528,-0.0075391936,-0.0345057772560801,-0.8444540796458595,0.0158323066,2.088401878534161,1.1839967492252252,0.0033539223054594
