rms,media,desvio_padrao,minimo,skewness,kurtosis,pico_a_pico,crest_factor,shape_factor,mean_abs
0.0073670879256317,-0.0059315115004594,0.0043693427221844,-0.014324468,-0.0060836532506142,-0.6605597206710825,0.0188479839999999,1.9443867298179,1.1800052003345352,0.0062432673377567
