rms,media,desvio_padrao,minimo,skewness,kurtosis,pico_a_pico,crest_factor,shape_factor,mean_abs
0.0056754792012032,-0.0047945195824864,0.0030370456263355,-0.01130879,-0.1703141584829896,-1.0581007493973378,0.01206270936,1.992570071898512,1.175748155565063,0.0048271215007567
