rms,media,desvio_padrao,minimo,skewness,kurtosis,pico_a_pico,crest_factor,shape_factor,mean_abs
0.0030979696481649,0.0004574456588918,0.0030640103475856,-0.004523516,0.0213286116182379,-1.2640194940488845,0.0113087904999999,2.1902327235578998,1.1410029747681525,0.0027151284586216
