rms,media,desvio_padrao,minimo,skewness,kurtosis,pico_a_pico,crest_factor,shape_factor,mean_abs
0.0117371690014028,0.0092130983298108,0.0072718605138388,-0.0067852745,-0.0798326778184261,-0.893068136179219,0.0309106945,2.055471809012592,1.1937073474804285,0.0098325347717567
