rms,media,desvio_padrao,minimo,skewness,kurtosis,pico_a_pico,crest_factor,shape_factor,mean_abs
0.0084867871604329,0.0077541625043243,0.0034494231638086,0.0015078387,0.0352726713255422,-0.9843213329242446,0.0135705483,1.7766896606407716,1.0944814679470565,0.0077541625043243
