rms,media,desvio_padrao,minimo,skewness,kurtosis,pico_a_pico,crest_factor,shape_factor,mean_abs
0.005466910760746,-0.0040626180750067,0.0036581754526799,-0.012816629,-0.1569181234944804,-0.7534112790599328,0.0158323064,2.3444006242111883,1.225924793579263,0.0044594177304993
