rms,media,desvio_padrao,minimo,skewness,kurtosis,pico_a_pico,crest_factor,shape_factor,mean_abs
0.0033281793278065,-0.0008649696399729,0.0032138147364096,-0.0067852745,0.0136955166637336,-1.1699484792987762,0.0120627098,2.0387346448882155,1.1571846687336274,0.0028761004338648
