rms,media,desvio_padrao,minimo,skewness,kurtosis,pico_a_pico,crest_factor,shape_factor,mean_abs
0.0099768807459186,0.0020579960759729,0.0097623153795378,-0.018094065,-0.010668344358873,-0.5213390394638018,0.042973403,2.49369904618512,1.2146714144379167,0.0082136457871081
