rms,media,desvio_padrao,minimo,skewness,kurtosis,pico_a_pico,crest_factor,shape_factor,mean_abs
0.0084373629889951,-0.0078387236986486,0.0031214587910636,-0.013570549,-0.071358903721558,-1.3385002543026217,0.0113087909999999,1.608387480507844,1.0763694847988683,0.0078387236986486
