rms,media,desvio_padrao,minimo,skewness,kurtosis,pico_a_pico,crest_factor,shape_factor,mean_abs
0.0057998444052799,0.0020579960882972,0.0054224392321177,-0.010554871,-0.1972079617779422,-0.5666742238930573,0.0233715,2.2098229028924177,1.195456498747789,0.0048515729441891
