rms,media,desvio_padrao,minimo,skewness,kurtosis,pico_a_pico,crest_factor,shape_factor,mean_abs
0.0043782970670478,0.0030594862606216,0.0031319369451487,-0.002261758,0.0444367637635697,-1.1819394995109105,0.0113087899999999,2.0663358062407657,1.2445589507259205,0.0035179507282432
