rms,media,desvio_padrao,minimo,skewness,kurtosis,pico_a_pico,crest_factor,shape_factor,mean_abs
0.0086728628555085,-0.0080526738091891,0.0032207133733472,-0.013570549,0.0668913746334766,-1.18840944597276,0.0113087909999999,1.5647138927581166,1.0770165364964372,0.0080526738091891
