rms,media,desvio_padrao,minimo,skewness,kurtosis,pico_a_pico,crest_factor,shape_factor,mean_abs
0.0083223291561863,-0.0064612926922432,0.0052452701864702,-0.017340146,0.1421435440900393,-0.793549207417656,0.0226175813,2.083568875320227,1.185928685359308,0.0070175629099189
