rms,media,desvio_padrao,minimo,skewness,kurtosis,pico_a_pico,crest_factor,shape_factor,mean_abs
0.003404345625523,-0.0017062385219433,0.0029458987158852,-0.0067852745,0.0699568181878754,-1.334074030072051,0.0105548713,1.993121511849282,1.1861070274156431,0.0028701841797031
