rms,media,desvio_padrao,minimo,skewness,kurtosis,pico_a_pico,crest_factor,shape_factor,mean_abs
0.0046707164162224,0.0036228881741891,0.0029479269187159,-0.0015078387,-0.0834807108166439,-1.4559961531210563,0.0098009517,1.7755548102205847,1.235043787630232,0.0037818225256486
