rms,media,desvio_padrao,minimo,skewness,kurtosis,pico_a_pico,crest_factor,shape_factor,mean_abs
0.0056544631198155,-0.0046926385978648,0.0031546943058214,-0.010554871,-0.0955915424900741,-1.2005455709645034,0.01130879036,1.8666442377193169,1.1997550110969684,0.0047130147967837
