rms,media,desvio_padrao,minimo,skewness,kurtosis,pico_a_pico,crest_factor,shape_factor,mean_abs
0.004474174379321,0.0031583108268378,0.0031691180315115,-0.0030156774,0.0636215373580802,-1.2172630203396373,0.0128166294,2.19056102178282,1.2497351201529214,0.0035800981401351
