rms,media,desvio_padrao,minimo,skewness,kurtosis,pico_a_pico,crest_factor,shape_factor,mean_abs
0.0046954999126063,0.0028416960372739,0.0037379784725205,-0.0052774353,0.0492491413533052,-0.6024494573577788,0.0165862253,2.4084315217722803,1.2349576220046523,0.003802154688502
