rms,media,desvio_padrao,minimo,skewness,kurtosis,pico_a_pico,crest_factor,shape_factor,mean_abs
0.0040743329195645,-0.0025001595911081,0.0032170469002545,-0.009800952,-0.0649114267028667,-0.9591053250475312,0.0135705488,2.405535382967074,1.2381145240377325,0.0032907560976486
