rms,media,desvio_padrao,minimo,skewness,kurtosis,pico_a_pico,crest_factor,shape_factor,mean_abs
0.0036431453025795,0.0018995511974628,0.0031087317259494,-0.004523516,-0.0674886005390111,-1.2192757304484472,0.0120627095999999,2.069418860307856,1.1987664705549457,0.0030390784127395
