rms,media,desvio_padrao,minimo,skewness,kurtosis,pico_a_pico,crest_factor,shape_factor,mean_abs
0.0060716542658525,-0.0051398961654594,0.0032320972962367,-0.01130879,-0.0161708589673526,-0.9871191733094608,0.0128166287,1.862554998166064,1.1660253112753003,0.0052071376214054
