rms,media,desvio_padrao,minimo,skewness,kurtosis,pico_a_pico,crest_factor,shape_factor,mean_abs
0.0077668232840623,-0.0070032995444054,0.0033581750128877,-0.013570549,0.0894745449817915,-1.0429456331793057,0.01432446836,1.7472457533374093,1.108700852208219,0.0070053371642972
