rms,media,desvio_padrao,minimo,skewness,kurtosis,pico_a_pico,crest_factor,shape_factor,mean_abs
0.0082089583578718,-0.0071540834467297,0.0040256784966639,-0.015832307,-0.123925654428416,-0.853442176090379,0.01658622636,1.9286621164082005,1.145493191491903,0.007166309166081
