rms,media,desvio_padrao,minimo,skewness,kurtosis,pico_a_pico,crest_factor,shape_factor,mean_abs
0.0034508883700672,-0.0018583093204594,0.0029078027808225,-0.0075391936,-0.0609340497384086,-1.3861235247278454,0.010554871,2.184710947301092,1.2175326474290251,0.0028343292291621
