rms,media,desvio_padrao,minimo,skewness,kurtosis,pico_a_pico,crest_factor,shape_factor,mean_abs
0.0157528827802439,0.0153473530697297,0.0035513475810124,0.0067852745,-0.1486644041640593,-0.7690434746071535,0.0158323055,1.4357740304120885,1.026423430064565,0.0153473530697297
