rms,media,desvio_padrao,minimo,skewness,kurtosis,pico_a_pico,crest_factor,shape_factor,mean_abs
0.0059447066919717,-0.0048892689111351,0.0033815066417472,-0.01206271,-0.0183404267744284,-0.781795018787411,0.014324468,2.0291514157108264,1.176164401472637,0.0050543161181621
