rms,media,desvio_padrao,minimo,skewness,kurtosis,pico_a_pico,crest_factor,shape_factor,mean_abs
0.0031124401414051,0.0003463953668918,0.0030931042471319,-0.0052774353,0.0967366355883665,-1.270278979343208,0.0120627098,2.1800497974996462,1.1424742947336763,0.0027242977419729
