rms,media,desvio_padrao,minimo,skewness,kurtosis,pico_a_pico,crest_factor,shape_factor,mean_abs
0.0095749122952175,-0.0090164680463513,0.0032221498149888,-0.015832307,-0.0236243383721909,-1.081512418770585,0.0128166296,1.6535197933779442,1.0619360314920814,0.0090164680463513
