rms,media,desvio_padrao,minimo,skewness,kurtosis,pico_a_pico,crest_factor,shape_factor,mean_abs
0.0029693477148293,2.139500364864864e-05,0.0029692706352539,-0.004523516,0.0397152168628362,-1.4457588385501696,0.009047032,1.5234039373054349,1.118819842364998,0.0026539998687837
