rms,media,desvio_padrao,minimo,skewness,kurtosis,pico_a_pico,crest_factor,shape_factor,mean_abs
0.0037253242212435,-0.0021985918558378,0.0030073633642823,-0.0075391936,0.0226553445518937,-1.2860962684181536,0.0113087904,2.023768443296257,1.2180362549091264,0.0030584674357837
