rms,media,desvio_padrao,minimo,skewness,kurtosis,pico_a_pico,crest_factor,shape_factor,mean_abs
0.0091518986505628,-0.0086013957635627,0.0031262181351815,-0.015078387,-0.0262977916218107,-1.2416474847888834,0.0113087902,1.6475692723140831,1.064001576271155,0.0086013957635627
