rms,media,desvio_padrao,minimo,skewness,kurtosis,pico_a_pico,crest_factor,shape_factor,mean_abs
0.0089299607425547,0.0014528229804864,0.0088109877000788,-0.018094065,-0.2202831385146489,-0.879685811746584,0.03618813,2.026219993753681,1.183831695428632,0.0075432688422162
