rms,media,desvio_padrao,minimo,skewness,kurtosis,pico_a_pico,crest_factor,shape_factor,mean_abs
0.0042493853204262,-0.0028659123664324,0.0031374865592355,-0.008293113,0.0928438479768017,-1.1447793013920131,0.0120627098,1.951602967171768,1.2235055353551554,0.0034731230857837
