rms,media,desvio_padrao,minimo,skewness,kurtosis,pico_a_pico,crest_factor,shape_factor,mean_abs
0.0033243180276468,-0.001421356725614,0.003005134840151,-0.0067852745,-0.0277076845834684,-1.281989331577539,0.0113087904999999,2.0411026994318355,1.1876959974296508,0.0027989637372199
