rms,media,desvio_padrao,minimo,skewness,kurtosis,pico_a_pico,crest_factor,shape_factor,mean_abs
0.0030756190362588,-0.0007935993024021,0.0029714697715818,-0.006031355,0.0110569961952402,-1.3626204742969068,0.010554871,1.961021481820603,1.1433110748616293,0.0026900981752766
