rms,media,desvio_padrao,minimo,skewness,kurtosis,pico_a_pico,crest_factor,shape_factor,mean_abs
0.0060360650346155,0.0050064320651891,0.0033719014040677,-0.002261758,-0.0470575318097729,-0.9842588127362027,0.013570548,1.8735368050454249,1.1783260152626829,0.0051225763977297
