rms,media,desvio_padrao,minimo,skewness,kurtosis,pico_a_pico,crest_factor,shape_factor,mean_abs
0.0035909430150494,-0.0020294693984324,0.0029624526490998,-0.0067852745,0.0256053058694936,-1.35271923832728,0.0105548713,1.8895522628912012,1.2045949006368994,0.0029810378685405
