rms,media,desvio_padrao,minimo,skewness,kurtosis,pico_a_pico,crest_factor,shape_factor,mean_abs
0.0064627395932498,-0.0051806485541621,0.0038636619428226,-0.013570549,-0.059092343553427,-0.6782318421654607,0.0173401457999999,2.099813678733728,1.1921481355396588,0.0054210876992432
