rms,media,desvio_padrao,minimo,skewness,kurtosis,pico_a_pico,crest_factor,shape_factor,mean_abs
0.005143915966012,0.004001571968502,0.0032322272887736,-0.002261758,-0.0673337358707944,-1.0944822512979302,0.01206271,1.90534838919586,1.2046148439574953,0.0042701748129824
