rms,media,desvio_padrao,minimo,skewness,kurtosis,pico_a_pico,crest_factor,shape_factor,mean_abs
0.0079999795630045,0.0027650501835135,0.0075069414871265,-0.021863662,-0.9642019077883702,1.282825868344292,0.038449887,2.7329647316984698,1.2330839614725642,0.0064877817025945
