rms,media,desvio_padrao,minimo,skewness,kurtosis,pico_a_pico,crest_factor,shape_factor,mean_abs
0.0101019340048545,-0.0023972598194594,0.0098133692479414,-0.020355823,-0.0765334340050933,-0.8846853900997731,0.039957727,2.015042168184609,1.2134898268766794,0.0083246960799459
