rms,media,desvio_padrao,minimo,skewness,kurtosis,pico_a_pico,crest_factor,shape_factor,mean_abs
0.0126265601282106,-0.010591548186054,0.0068738000912024,-0.027141098,-0.2860107490783117,-0.4807112472860506,0.0301567754,2.14952431417647,1.173398996881076,0.0107606706344324
