rms,media,desvio_padrao,minimo,skewness,kurtosis,pico_a_pico,crest_factor,shape_factor,mean_abs
0.0253214032922519,0.025109589927027,0.0032683265420409,0.018847983,0.0102237174258697,-1.0508976776914534,0.012816631,1.250507866192749,1.0084355565280223,0.025109589927027
