rms,media,desvio_padrao,minimo,skewness,kurtosis,pico_a_pico,crest_factor,shape_factor,mean_abs
0.0032296756683188,-6.520383416216213e-05,0.0032290174020189,-0.006031355,-0.0408040339094548,-1.1253545462535297,0.01206271,1.867480087602571,1.158643024735467,0.0027874639551351
