rms,media,desvio_padrao,minimo,skewness,kurtosis,pico_a_pico,crest_factor,shape_factor,mean_abs
0.0097907975169461,0.0083287713113513,0.0051469684729021,-0.0030156774,-0.0082170440906116,-0.6395922120112991,0.0218636604,1.9250712689520468,1.14938802902797,0.0085182699572972
