rms,media,desvio_padrao,minimo,skewness,kurtosis,pico_a_pico,crest_factor,shape_factor,mean_abs
0.003721611050712,0.0005032921231081,0.0036874226570328,-0.008293113,0.0486026886085543,-0.7662371295132968,0.016586226,2.228366394820671,1.2055776347812472,0.0030869941041891
