rms,media,desvio_padrao,minimo,skewness,kurtosis,pico_a_pico,crest_factor,shape_factor,mean_abs
0.0047846877121291,-0.0036096436217837,0.0031406542990777,-0.009800952,-0.0259918879437281,-1.0983777510405728,0.01206271,2.0483995173090515,1.2233262972709331,0.003911211361027
