rms,media,desvio_padrao,minimo,skewness,kurtosis,pico_a_pico,crest_factor,shape_factor,mean_abs
0.0097858538627114,-0.0077908396756486,0.0059216343158526,-0.021863662,0.1127982415829914,-0.1039332921278668,0.0294028556,2.2342109647999626,1.1661018466724518,0.0083919375401351
