rms,media,desvio_padrao,minimo,skewness,kurtosis,pico_a_pico,crest_factor,shape_factor,mean_abs
0.0039456723362804,-0.0022485314119028,0.0032422888019075,-0.009800952,-0.0870178838052867,-0.910078879379684,0.014324468,2.4839751415443687,1.2429674019472934,0.003174397277112
