rms,media,desvio_padrao,minimo,skewness,kurtosis,pico_a_pico,crest_factor,shape_factor,mean_abs
0.0039798242655994,0.0024971031657837,0.0030989477189018,-0.0030156774,0.0380536190907077,-1.2052498387620392,0.0113087904,2.0837887420516,1.2412920677825985,0.0032061948745945
