rms,media,desvio_padrao,minimo,skewness,kurtosis,pico_a_pico,crest_factor,shape_factor,mean_abs
0.0090345857647205,0.0071673279467027,0.0055002863602276,-0.0037695968,0.1325385686523064,-0.651538936664811,0.0241254198,2.2530997579864764,1.2020853021220663,0.0075157609437297
