rms,media,desvio_padrao,minimo,skewness,kurtosis,pico_a_pico,crest_factor,shape_factor,mean_abs
0.0041725012541146,-0.001962227955054,0.0036823128829572,-0.009800952,0.0581179104586216,-0.8134070542588696,0.0150783873,2.348939258037345,1.2116762724307244,0.0034435775867297
