rms,media,desvio_padrao,minimo,skewness,kurtosis,pico_a_pico,crest_factor,shape_factor,mean_abs
0.0061601953985321,0.005262153363054,0.0032027721323558,-0.00075391936,-0.0274627738909673,-1.1224938580178687,0.01281662936,1.958170028644596,1.1693022216596085,0.0052682662227297
