rms,media,desvio_padrao,minimo,skewness,kurtosis,pico_a_pico,crest_factor,shape_factor,mean_abs
0.0063466495599156,-0.0054149748558918,0.003310288196885,-0.012816629,-0.0241318228147752,-1.0261020569618202,0.01357054836,2.019432281395779,1.165476802226049,0.0054455391542702
