rms,media,desvio_padrao,minimo,skewness,kurtosis,pico_a_pico,crest_factor,shape_factor,mean_abs
0.004488742959342,-0.0017258640505675,0.00414369480464,-0.010554871,-0.0080937422537616,-0.6274747308948845,0.0173401455,2.3514090906081253,1.2265781838556489,0.0036595652999729
