rms,media,desvio_padrao,minimo,skewness,kurtosis,pico_a_pico,crest_factor,shape_factor,mean_abs
0.0069819410536618,-0.005569833967027,0.0042100416217135,-0.013570549,0.1900887388805341,-0.9002841444926815,0.0173401457999999,1.9436642182595611,1.1768909214625818,0.0059325303019459
