rms,media,desvio_padrao,minimo,skewness,kurtosis,pico_a_pico,crest_factor,shape_factor,mean_abs
0.0078785133907907,-0.0065845686867027,0.0043260176212034,-0.016586225,-0.0395472705558608,-0.7127487499852831,0.018847983,2.105248055983229,1.171497506345517,0.0067251644567027
