rms,media,desvio_padrao,minimo,skewness,kurtosis,pico_a_pico,crest_factor,shape_factor,mean_abs
0.0162590876747971,0.0159535449608108,0.0031372496234964,0.009800952,-0.0562620359262722,-1.0672818972851432,0.012816628,1.3910731310625135,1.0191520263826566,0.0159535449608108
