rms,media,desvio_padrao,minimo,skewness,kurtosis,pico_a_pico,crest_factor,shape_factor,mean_abs
0.0036607444716223,0.0008201420167297,0.0035676907319592,-0.0067852745,0.0358006742732208,-0.8290541999576964,0.0150783874999999,2.265417065923944,1.2085965031908543,0.0030289219453783
