rms,media,desvio_padrao,minimo,skewness,kurtosis,pico_a_pico,crest_factor,shape_factor,mean_abs
0.0095492877591357,-0.0090572204225675,0.0030258312781457,-0.015078387,-0.0367124306072535,-1.36619356161323,0.0113087902,1.5790064537090287,1.0543287359267672,0.0090572204225675
