rms,media,desvio_padrao,minimo,skewness,kurtosis,pico_a_pico,crest_factor,shape_factor,mean_abs
0.0046160456033101,0.0002292322538378,0.0046103502671314,-0.009800952,0.0818945483418074,-0.7253153155581922,0.020355823,2.2865612489684235,1.2137211715175793,0.003803217503027
