rms,media,desvio_padrao,minimo,skewness,kurtosis,pico_a_pico,crest_factor,shape_factor,mean_abs
0.0060440765883419,-0.0049208520267297,0.0035094268957727,-0.013570549,-0.272151313502204,-0.7948962865388514,0.0150783877,2.2452642354293406,1.20530005020155,0.0050145825409459
