rms,media,desvio_padrao,minimo,skewness,kurtosis,pico_a_pico,crest_factor,shape_factor,mean_abs
0.0054813338419474,0.0045764942604324,0.0030167401232302,-0.00075391936,-0.0901218004462689,-1.3713579287255444,0.01055487136,1.7880596735406782,1.1913493877960328,0.0046009456991351
