rms,media,desvio_padrao,minimo,skewness,kurtosis,pico_a_pico,crest_factor,shape_factor,mean_abs
0.0065721075583178,-0.0056656020938648,0.0033306982259119,-0.013570549,-0.1136941022921627,-0.9089829796135636,0.0150783877,2.064870192640812,1.1525404611638508,0.0057022792515945
