rms,media,desvio_padrao,minimo,skewness,kurtosis,pico_a_pico,crest_factor,shape_factor,mean_abs
0.007581508274483,-0.0067598039721351,0.0034328294414899,-0.013570549,0.0358888377429452,-1.050454782635453,0.01432446836,1.7899537280298468,1.1202067520675518,0.0067679544517027
