rms,media,desvio_padrao,minimo,skewness,kurtosis,pico_a_pico,crest_factor,shape_factor,mean_abs
0.0036000434263613,0.0019066732415654,0.0030536715313841,-0.0037695968,-0.0294836484057312,-1.3337968918929792,0.0113087904,2.094195182423108,1.202702982335342,0.0029932938383265
