rms,media,desvio_padrao,minimo,skewness,kurtosis,pico_a_pico,crest_factor,shape_factor,mean_abs
0.0055316201234005,-0.0028455361722432,0.004743600434487,-0.014324468,0.0923010679524155,-0.2168989649232,0.024879339,2.589561047296564,1.235379227843074,0.0044776696893783
