rms,media,desvio_padrao,minimo,skewness,kurtosis,pico_a_pico,crest_factor,shape_factor,mean_abs
0.0093993045014975,-0.0088738346493243,0.0030987067832119,-0.014324468,-0.0028178734295618,-1.1943930988375844,0.0113087906,1.5239923334452763,1.0592156461032634,0.0088738346493243
