rms,media,desvio_padrao,minimo,skewness,kurtosis,pico_a_pico,crest_factor,shape_factor,mean_abs
0.0055560742267796,0.0035902862468378,0.0042402600721244,-0.004523516,0.1207423202069777,-0.6243865680008627,0.0188479839999999,2.578163540536878,1.2327066723152922,0.0045072151806756
