rms,media,desvio_padrao,minimo,skewness,kurtosis,pico_a_pico,crest_factor,shape_factor,mean_abs
0.0074162394483433,-0.0054995360931621,0.0049755110607022,-0.013570549,0.7181285662442443,-0.2296405900584779,0.0203558235,1.82984234726016,1.129626926158932,0.0065652112893243
