rms,media,desvio_padrao,minimo,skewness,kurtosis,pico_a_pico,crest_factor,shape_factor,mean_abs
0.0118139753529237,-0.0113536180586486,0.0032657879015357,-0.017340146,-0.0797153457958982,-1.1744420972856944,0.0120627107,1.4677655473276925,1.0405471887372877,0.0113536180586486
