rms,media,desvio_padrao,minimo,skewness,kurtosis,pico_a_pico,crest_factor,shape_factor,mean_abs
0.0052676021205865,-0.0042168543555945,0.0031568610112754,-0.010554871,-0.0911745070571507,-1.1776478169841575,0.0120627097,2.003733531572167,1.2202851462151298,0.0043166977299729
