rms,media,desvio_padrao,minimo,skewness,kurtosis,pico_a_pico,crest_factor,shape_factor,mean_abs
0.0061084823102679,-0.0051867614199189,0.0032266177504775,-0.01130879,-0.048345668634443,-1.0159403498967114,0.0128166287,1.8513256526896529,1.168980984573809,0.0052254761975405
