rms,media,desvio_padrao,minimo,skewness,kurtosis,pico_a_pico,crest_factor,shape_factor,mean_abs
0.0041440549976701,-0.0026550187087567,0.0031818339805631,-0.009047032,-0.0766469782416437,-1.0678367394528456,0.0128166288,2.1831351188839108,1.2461840469373096,0.003325395641081
