rms,media,desvio_padrao,minimo,skewness,kurtosis,pico_a_pico,crest_factor,shape_factor,mean_abs
0.0144676457934094,-0.0083674860657837,0.0118024553268577,-0.03392637,0.0597736584089713,-0.7646802196309825,0.048250838,2.3449820713370424,1.1970441293666465,0.0120861423889729
