rms,media,desvio_padrao,minimo,skewness,kurtosis,pico_a_pico,crest_factor,shape_factor,mean_abs
0.0043871475105883,-0.0018073688393513,0.0039975594002094,-0.01130879,0.4270926036882147,-0.2805778618294829,0.019601903,2.577709086076168,1.1746178693468263,0.0037349572359459
