rms,media,desvio_padrao,minimo,skewness,kurtosis,pico_a_pico,crest_factor,shape_factor,mean_abs
0.0042593226946225,0.00271756895973,0.0032797330327388,-0.0037695968,0.0173709854240904,-0.9417150007064934,0.0135705488,2.3010588073953304,1.238193982424644,0.0034399478232658
