rms,media,desvio_padrao,minimo,skewness,kurtosis,pico_a_pico,crest_factor,shape_factor,mean_abs
0.0052900100942969,0.0027436551683243,0.004522893223932,-0.0075391936,0.1114194290399851,-0.6770673492478769,0.0203558226,2.4227985904634437,1.252071968702957,0.0042250048132432
