rms,media,desvio_padrao,minimo,skewness,kurtosis,pico_a_pico,crest_factor,shape_factor,mean_abs
0.0062264226124847,-0.0053477333891891,0.0031890572505698,-0.01130879,-0.0302828656617481,-1.0828363466452555,0.01206270936,1.8162580190629125,1.160331551526785,0.0053660719682162
