rms,media,desvio_padrao,minimo,skewness,kurtosis,pico_a_pico,crest_factor,shape_factor,mean_abs
0.0077125380092832,-0.002447181498081,0.007313996531315,-0.017340146,0.0430324864258559,-0.6146433911453255,0.031664614,2.248306067228236,1.2438619803804367,0.0062004773286216
