rms,media,desvio_padrao,minimo,skewness,kurtosis,pico_a_pico,crest_factor,shape_factor,mean_abs
0.0036145016138795,-0.0003576022836216,0.0035967683444289,-0.009047032,-0.0010424269303748,-0.6993018120733501,0.0158323065,2.5029818676134603,1.2096039295034098,0.0029881695369189
