rms,media,desvio_padrao,minimo,skewness,kurtosis,pico_a_pico,crest_factor,shape_factor,mean_abs
0.0036714297234293,0.0020203001051621,0.0030655804832302,-0.0030156774,0.018951393920804,-1.2529621385894805,0.010554871,2.053476211702589,1.2203336915865557,0.0030085457352702
