rms,media,desvio_padrao,minimo,skewness,kurtosis,pico_a_pico,crest_factor,shape_factor,mean_abs
0.0070936452454277,0.0016076821047297,0.0069090636933025,-0.015832307,-0.0080978136032401,-0.3785487920905654,0.033172453,2.444461965613056,1.262727179152899,0.0056177180332702
