rms,media,desvio_padrao,minimo,skewness,kurtosis,pico_a_pico,crest_factor,shape_factor,mean_abs
0.0086349188548448,-0.0081148211906756,0.0029515251435683,-0.012816629,-0.0274241859058859,-1.4433984651872906,0.0090470322,1.4842790320848096,1.0640923135517515,0.0081148211906756
