rms,media,desvio_padrao,minimo,skewness,kurtosis,pico_a_pico,crest_factor,shape_factor,mean_abs
0.0062386850082288,-0.0054913855879459,0.0029607220329505,-0.010554871,-0.0721517956583194,-1.374405184731622,0.00980095164,1.6918422690163186,1.1360857671191944,0.0054913855879459
