rms,media,desvio_padrao,minimo,skewness,kurtosis,pico_a_pico,crest_factor,shape_factor,mean_abs
0.0082239623859082,-0.0074342561752432,0.0035164459964132,-0.014324468,0.0640114330346242,-1.0035259747311498,0.01357054864,1.7417963905750622,1.1062253158957265,0.0074342561752432
