rms,media,desvio_padrao,minimo,skewness,kurtosis,pico_a_pico,crest_factor,shape_factor,mean_abs
0.0031160164544992,-0.0007977281662432,0.0030121733544888,-0.006031355,0.0603904294033198,-1.2970278782083278,0.0113087903,1.9355979302648445,1.1467891072549703,0.0027171660724594
