rms,media,desvio_padrao,minimo,skewness,kurtosis,pico_a_pico,crest_factor,shape_factor,mean_abs
0.0049530930781843,-0.0033376213679189,0.0036597014421355,-0.01130879,0.0174011532866141,-0.5971357650832649,0.0165862253,2.283177364424866,1.2111723529999054,0.0040895030884054
