rms,media,desvio_padrao,minimo,skewness,kurtosis,pico_a_pico,crest_factor,shape_factor,mean_abs
0.006671515721912,-0.0057287683066216,0.0034191132939355,-0.013570549,-0.1550195313458743,-0.8166715994764391,0.0150783877,2.034102828451511,1.1587934506102782,0.005757294985054
