rms,media,desvio_padrao,minimo,skewness,kurtosis,pico_a_pico,crest_factor,shape_factor,mean_abs
0.0081513990212546,-0.0071601963086486,0.003895753434873,-0.015832307,0.0532835612652519,-0.7407719733301295,0.0173401457,1.9422809457269328,1.1310294697230854,0.0072070615659999
