rms,media,desvio_padrao,minimo,skewness,kurtosis,pico_a_pico,crest_factor,shape_factor,mean_abs
0.0085713056320034,-0.0079772818455405,0.0031353236824964,-0.013570549,0.0205486488663922,-1.2406655722997808,0.0120627103,1.5832534251643586,1.0744644351252262,0.0079772818455405
