rms,media,desvio_padrao,minimo,skewness,kurtosis,pico_a_pico,crest_factor,shape_factor,mean_abs
0.0041571940229515,0.0020620713332432,0.0036097263000233,-0.0052774353,0.0135621159152519,-0.9472742711042595,0.0143244673,2.176235208184184,1.2194982573191415,0.0034089380595675
