rms,media,desvio_padrao,minimo,skewness,kurtosis,pico_a_pico,crest_factor,shape_factor,mean_abs
0.0032740816878409,0.0007192798132702,0.0031940957169248,-0.004523516,0.1705675151195378,-0.9868941492632022,0.012816629,2.532958487504541,1.1762933618237128,0.0027833887311621
