rms,media,desvio_padrao,minimo,skewness,kurtosis,pico_a_pico,crest_factor,shape_factor,mean_abs
0.0082398713095725,0.0076308864747297,0.0031088664828365,0.0015078387,-0.068062721789597,-1.1325916114175765,0.0128166293,1.738433461134117,1.0798052541941974,0.0076308864747297
