rms,media,desvio_padrao,minimo,skewness,kurtosis,pico_a_pico,crest_factor,shape_factor,mean_abs
0.004969658443671,-0.003840913500027,0.0031535517328975,-0.010554871,-0.0155626080848509,-1.0201569297843338,0.012816629,2.1238624584837984,1.214013267250531,0.0040935783633783
