rms,media,desvio_padrao,minimo,skewness,kurtosis,pico_a_pico,crest_factor,shape_factor,mean_abs
0.0059004824464865,-0.0045999268882432,0.0036954520324464,-0.012816629,0.0288791374703125,-0.5929393083849637,0.0165862258,2.172132383451406,1.1884965827766991,0.0049646608429459
