rms,media,desvio_padrao,minimo,skewness,kurtosis,pico_a_pico,crest_factor,shape_factor,mean_abs
0.0078146402208202,-0.0071174062742972,0.0032266282257884,-0.013570549,-0.0320415435240682,-1.058111860888602,0.0128166296399999,1.736554545895091,1.0979618023268989,0.0071174062742972
