rms,media,desvio_padrao,minimo,skewness,kurtosis,pico_a_pico,crest_factor,shape_factor,mean_abs
0.0042390697267224,0.0017085442734054,0.003879508810897,-0.0067852745,-0.0671217840098653,-0.7392051769148553,0.0173401455,2.489902662714845,1.198043545600341,0.0035383269183243
