rms,media,desvio_padrao,minimo,skewness,kurtosis,pico_a_pico,crest_factor,shape_factor,mean_abs
0.0054430849538492,0.0041159921607297,0.0035617105929077,-0.0030156774,-0.0059688603309689,-0.8689253006265574,0.0150783874,2.216153174583377,1.2076381414779918,0.0045072151722432
