rms,media,desvio_padrao,minimo,skewness,kurtosis,pico_a_pico,crest_factor,shape_factor,mean_abs
0.0061959393967418,-0.0052061188063513,0.0033594630496929,-0.012816629,-0.1241851970738141,-0.830551942384425,0.0143244677,2.068552995650613,1.173137706154528,0.0052815107418648
