rms,media,desvio_padrao,minimo,skewness,kurtosis,pico_a_pico,crest_factor,shape_factor,mean_abs
0.0030688239470753,-9.16928413513512e-06,0.0030688102486748,-0.0052774353,0.0606017805471363,-1.3212638045153156,0.0113087903,1.9653636389757403,1.1311172858809966,0.0027130908398108
