rms,media,desvio_padrao,minimo,skewness,kurtosis,pico_a_pico,crest_factor,shape_factor,mean_abs
0.0053373507469275,-0.0040426378566486,0.0034848805080977,-0.01130879,-0.0184063757711807,-0.7625815426932352,0.0150783868,2.1188021054284003,1.2082124188293375,0.0044175599122702
