rms,media,desvio_padrao,minimo,skewness,kurtosis,pico_a_pico,crest_factor,shape_factor,mean_abs
0.0030375028099555,0.0006927907438378,0.0029574421897545,-0.0052774353,-0.1199631814184282,-1.3317868792748,0.0105548706,1.737425651987209,1.1370795096027686,0.0026713196256756
