rms,media,desvio_padrao,minimo,skewness,kurtosis,pico_a_pico,crest_factor,shape_factor,mean_abs
0.0079616747674044,-0.007349694926081,0.0030610863423729,-0.012816629,-0.0184628543312218,-1.3599839955392918,0.010554871,1.6097905747760577,1.0832660195393515,0.007349694926081
