rms,media,desvio_padrao,minimo,skewness,kurtosis,pico_a_pico,crest_factor,shape_factor,mean_abs
0.0045460977208536,-0.0032446003095276,0.0031842696680657,-0.009800952,-0.0761509513963514,-1.0149003334314934,0.0128166294,2.1559043825744384,1.2401317291513383,0.0036658184078272
