rms,media,desvio_padrao,minimo,skewness,kurtosis,pico_a_pico,crest_factor,shape_factor,mean_abs
0.0106143403348615,0.0101646668847297,0.0030567577376606,0.004523516,-0.0702965399452886,-1.2801501495588603,0.010554871,1.420567508135833,1.0442388772038762,0.0101646668847297
