rms,media,desvio_padrao,minimo,skewness,kurtosis,pico_a_pico,crest_factor,shape_factor,mean_abs
0.0104018499967041,-0.0095798699362162,0.0040527244366122,-0.018847983,-0.2491869778399418,-0.7475522510048944,0.0158323056,1.8119837342368963,1.0858028413705765,0.0095798699362162
