rms,media,desvio_padrao,minimo,skewness,kurtosis,pico_a_pico,crest_factor,shape_factor,mean_abs
0.0068983816112813,-0.0019734348815405,0.0066100849936429,-0.0233715,-0.7029554415192,0.4881884811521173,0.03543421,3.3879685579845478,1.358278664679542,0.0050787675538648
