rms,media,desvio_padrao,minimo,skewness,kurtosis,pico_a_pico,crest_factor,shape_factor,mean_abs
0.0077382891311952,-0.0065815122564054,0.0040699895696131,-0.015832307,-0.0778965165013595,-0.7374001679896933,0.018094065,2.0459699465319146,1.1592520899492575,0.0066752427692702
