rms,media,desvio_padrao,minimo,skewness,kurtosis,pico_a_pico,crest_factor,shape_factor,mean_abs
0.0040464304103977,-0.002558231759081,0.0031351314698144,-0.009047032,-0.1265304609788142,-1.0547571828073017,0.0120627094,2.2358056564503346,1.250936239780497,0.0032347215483243
