rms,media,desvio_padrao,minimo,skewness,kurtosis,pico_a_pico,crest_factor,shape_factor,mean_abs
0.0043694286857322,0.0029300973952432,0.0032413633387956,-0.0037695968,-0.0482003814199926,-1.0599072527190818,0.0128166288,2.0705297307041057,1.2281664989388306,0.0035576843119459
