rms,media,desvio_padrao,minimo,skewness,kurtosis,pico_a_pico,crest_factor,shape_factor,mean_abs
0.0072032442514718,-0.006306433549081,0.0034807504416988,-0.013570549,-0.007629473051384,-0.936957539321305,0.01432446836,1.8839495824714103,1.1396281737189122,0.0063206968883243
