rms,media,desvio_padrao,minimo,skewness,kurtosis,pico_a_pico,crest_factor,shape_factor,mean_abs
0.0055684334216045,-0.0045449111597837,0.003217333262271,-0.01130879,-0.0134103356323348,-0.9428909181662632,0.013570548,2.030874600408038,1.1931074693894157,0.0046671683519459
