rms,media,desvio_padrao,minimo,skewness,kurtosis,pico_a_pico,crest_factor,shape_factor,mean_abs
0.0038678222063793,-0.0019707716635897,0.0033280786754751,-0.008293113,-0.0264123558126948,-0.942774154210614,0.012816629,2.144129837799144,1.2394986002626869,0.0031204732345479
