rms,media,desvio_padrao,minimo,skewness,kurtosis,pico_a_pico,crest_factor,shape_factor,mean_abs
0.0035379324910028,0.0004217873193513,0.003512700068057,-0.0067852745,0.0132310144698261,-0.8123240292124807,0.0143244681,2.1309602767075577,1.2066062772715314,0.0029321349951891
