rms,media,desvio_padrao,minimo,skewness,kurtosis,pico_a_pico,crest_factor,shape_factor,mean_abs
0.0112769587873115,-0.0107667835567567,0.003353531173655,-0.017340146,0.1224827501119756,-0.9769287240805076,0.0135705492,1.5376615563684144,1.0473841819021863,0.0107667835567567
