rms,media,desvio_padrao,minimo,skewness,kurtosis,pico_a_pico,crest_factor,shape_factor,mean_abs
0.004362919613894,-0.000537931644027,0.0043296301347408,-0.010554871,-0.0384978680629841,-0.5838001558398029,0.019601903,2.419221973833122,1.2270396909015495,0.0035556466887297
