rms,media,desvio_padrao,minimo,skewness,kurtosis,pico_a_pico,crest_factor,shape_factor,mean_abs
0.0032860245193417,-0.0013448291125135,0.0029982314453442,-0.0075391936,-0.1159755495234758,-1.2747592148913616,0.0113087904,2.2943205553165917,1.1928090990580649,0.0027548620495405
