rms,media,desvio_padrao,minimo,skewness,kurtosis,pico_a_pico,crest_factor,shape_factor,mean_abs
0.0048638182939246,-0.0013947508075405,0.0046595491821828,-0.012816629,-0.1564456153064025,0.2565238478081451,0.025633258,2.63509617865642,1.3459315718277107,0.0036137188514864
