rms,media,desvio_padrao,minimo,skewness,kurtosis,pico_a_pico,crest_factor,shape_factor,mean_abs
0.0062238931801148,-0.005204081182054,0.0034138519839135,-0.012816629,-0.1049433486993074,-0.7200349384849289,0.0150783869999999,2.0592623666724896,1.172999914893415,0.0053059621753513
