rms,media,desvio_padrao,minimo,skewness,kurtosis,pico_a_pico,crest_factor,shape_factor,mean_abs
0.0087602774837341,-0.0081219528831081,0.0032827340672968,-0.014324468,0.0233225967962364,-1.096682457888449,0.01357054864,1.6351614462666646,1.07859250229752,0.0081219528831081
