rms,media,desvio_padrao,minimo,skewness,kurtosis,pico_a_pico,crest_factor,shape_factor,mean_abs
0.0053204143950111,-0.0034486716605945,0.0040513544786963,-0.013570549,-0.2624201963214385,-0.5835806020885261,0.018094065,2.55065639487122,1.246642490466514,0.0042677948455135
