rms,media,desvio_padrao,minimo,skewness,kurtosis,pico_a_pico,crest_factor,shape_factor,mean_abs
0.0084489166150712,0.0040304121348648,0.0074256292656959,-0.017340146,-0.5046043227911972,0.1473243596761664,0.035434211,2.141584042588814,1.224590537866822,0.006899380939027
