rms,media,desvio_padrao,minimo,skewness,kurtosis,pico_a_pico,crest_factor,shape_factor,mean_abs
0.0030062513834047,6.104610145748991e-05,0.0030056315066421,-0.0052774353,0.0436814758939175,-1.2320841572339356,0.0113087903,2.006271010233739,1.137311593693184,0.0026432961732523
