rms,media,desvio_padrao,minimo,skewness,kurtosis,pico_a_pico,crest_factor,shape_factor,mean_abs
0.004257150691659,-0.002476726962081,0.0034625360022378,-0.009047032,0.1016477581140048,-0.7823526546722506,0.0143244673,2.125137834027289,1.2101223262617185,0.0035179507057027
