rms,media,desvio_padrao,minimo,skewness,kurtosis,pico_a_pico,crest_factor,shape_factor,mean_abs
0.0036244756020439,-0.0015679484952702,0.0032677761407402,-0.008293113,-0.1819443656982097,-1.0655345979727089,0.0120627098,2.2880863083540333,1.2179247402104445,0.0029759438185135
