rms,media,desvio_padrao,minimo,skewness,kurtosis,pico_a_pico,crest_factor,shape_factor,mean_abs
0.0036436039242391,-0.0016382463844054,0.0032545350421701,-0.008293113,-0.055958368546123,-1.0904053691372997,0.012816629,2.2760742310188906,1.2082207207974751,0.0030156774019189
