rms,media,desvio_padrao,minimo,skewness,kurtosis,pico_a_pico,crest_factor,shape_factor,mean_abs
0.0051316234233898,0.0017910678868648,0.0048089120166754,-0.009047032,-0.0502953887244022,-0.4743791222762614,0.021863661,2.497577850623634,1.238780130588251,0.0041424812173513
