rms,media,desvio_padrao,minimo,skewness,kurtosis,pico_a_pico,crest_factor,shape_factor,mean_abs
0.0160242320174535,0.0155368516935135,0.0039220213159734,0.0075391936,0.0560456757408556,-0.651582970350387,0.0165862264,1.505558579888424,1.0313693104339487,0.0155368516935135
