rms,media,desvio_padrao,minimo,skewness,kurtosis,pico_a_pico,crest_factor,shape_factor,mean_abs
0.0035181449581026,-0.0018354527787044,0.0030014091762652,-0.0075391936,0.0176361822455354,-1.2628391973772677,0.0113087904,2.1429456971738814,1.2031514096280451,0.0029241082460188
