rms,media,desvio_padrao,minimo,skewness,kurtosis,pico_a_pico,crest_factor,shape_factor,mean_abs
0.0046619100031666,-0.0032530601543243,0.0033393119815274,-0.009800952,-0.0229480035498068,-1.0146615438728384,0.0128166294,2.102346890725609,1.2251241609126795,0.003805255134054
