rms,media,desvio_padrao,minimo,skewness,kurtosis,pico_a_pico,crest_factor,shape_factor,mean_abs
0.0059015888534535,-0.0029015707161891,0.0051390308788875,-0.017340146,-0.1186620295020667,-0.0227240996851163,0.026387178,2.938216543135304,1.2731054545123222,0.0046355852396486
