rms,media,desvio_padrao,minimo,skewness,kurtosis,pico_a_pico,crest_factor,shape_factor,mean_abs
0.0036311449560812,0.0018379331283243,0.0031316474111691,-0.004523516,-0.0914287490546175,-1.1675685479418116,0.0120627095999999,2.076257954773659,1.1912113599479337,0.0030482793215135
