rms,media,desvio_padrao,minimo,skewness,kurtosis,pico_a_pico,crest_factor,shape_factor,mean_abs
0.009362622822337,0.0088779098468918,0.002973453020279,0.0037695968,-0.0830616561112431,-1.4274180934705925,0.0098009521999999,1.4494388225940085,1.0545976455950212,0.0088779098468918
