rms,media,desvio_padrao,minimo,skewness,kurtosis,pico_a_pico,crest_factor,shape_factor,mean_abs
0.0052078431219984,0.0006561135988648,0.0051663473488269,-0.01130879,-0.1077253452098108,-0.795582024104883,0.0233715,2.316258327568648,1.1843587799159818,0.0043971837
