rms,media,desvio_padrao,minimo,skewness,kurtosis,pico_a_pico,crest_factor,shape_factor,mean_abs
0.0115785130248918,-0.007970150203,0.0083987302379115,-0.027141098,0.3688407763982661,0.7916082284451753,0.046743002,2.344091848551812,1.1984332860409694,0.0096613746962432
