rms,media,desvio_padrao,minimo,skewness,kurtosis,pico_a_pico,crest_factor,shape_factor,mean_abs
0.0060021205722694,-0.0052142692737297,0.0029726835191621,-0.01130879,-0.0448891667019743,-1.236963188709982,0.01130879,1.8841324268372723,1.151095245983758,0.0052142692737297
