rms,media,desvio_padrao,minimo,skewness,kurtosis,pico_a_pico,crest_factor,shape_factor,mean_abs
0.0045146778552423,0.0032500037307027,0.0031336547172644,-0.002261758,-0.0001303346274808,-1.2463554149317184,0.010554871,1.8369224263410704,1.2398782536742556,0.0036412267429189
