rms,media,desvio_padrao,minimo,skewness,kurtosis,pico_a_pico,crest_factor,shape_factor,mean_abs
0.003247818406295,0.0003596398978918,0.003227845030994,-0.0067852745,-0.1109662826536796,-0.9635859142675174,0.0128166295,2.089179150795052,1.175029517532303,0.0027640313352432
