rms,media,desvio_padrao,minimo,skewness,kurtosis,pico_a_pico,crest_factor,shape_factor,mean_abs
0.0082315609419921,-0.0076216058160593,0.0031096173922751,-0.013570549,-0.0941613074238936,-1.2944741644042288,0.0113087909999999,1.6485997122091138,1.0800297392247076,0.0076216058160593
