rms,media,desvio_padrao,minimo,skewness,kurtosis,pico_a_pico,crest_factor,shape_factor,mean_abs
0.0068078203771766,-0.0052030623751891,0.0043902801969569,-0.017340146,-0.2298959065909331,-0.1978566687272787,0.021863662,2.547092173308969,1.2103115209684163,0.0056248496847567
