rms,media,desvio_padrao,minimo,skewness,kurtosis,pico_a_pico,crest_factor,shape_factor,mean_abs
0.0056300952926738,-0.0047924819611351,0.0029546725126115,-0.009800952,-0.0635702733812684,-1.315629726519741,0.01055487136,1.740814584924259,1.1717872692941356,0.0048047076804864
