rms,media,desvio_padrao,minimo,skewness,kurtosis,pico_a_pico,crest_factor,shape_factor,mean_abs
0.0048983593794819,0.0023636390706486,0.0042903537096913,-0.008293113,-0.2247862161967052,-0.6008394144341573,0.020355823,2.462602080714559,1.19066930297942,0.0041139545356756
