rms,media,desvio_padrao,minimo,skewness,kurtosis,pico_a_pico,crest_factor,shape_factor,mean_abs
0.0038578123463928,-0.0023167738118918,0.0030846839715784,-0.008293113,-0.0347492821249585,-1.1909451175409913,0.0120627098,2.1496932083164504,1.240690325419722,0.0031094079379459
