rms,media,desvio_padrao,minimo,skewness,kurtosis,pico_a_pico,crest_factor,shape_factor,mean_abs
0.0039814644066281,-9.5768125891892e-05,0.0039803124610148,-0.009800952,-0.0226022354268087,-0.4656915854094867,0.0188479839999999,2.461645012745496,1.2421983473866507,0.0032051760614594
