rms,media,desvio_padrao,minimo,skewness,kurtosis,pico_a_pico,crest_factor,shape_factor,mean_abs
0.003418012441486,-0.0006989036225945,0.0033457947899531,-0.0075391936,0.1608322862960163,-0.8365886927698605,0.0143244681,2.205724446316577,1.183806233709885,0.0028873073516216
