rms,media,desvio_padrao,minimo,skewness,kurtosis,pico_a_pico,crest_factor,shape_factor,mean_abs
0.0081153235851225,-0.0068321394964324,0.0043795372806422,-0.015832307,0.1634452358947319,-0.6367688310007109,0.0188479844,1.9509150601245977,1.1474349032360085,0.0070725786379999
