rms,media,desvio_padrao,minimo,skewness,kurtosis,pico_a_pico,crest_factor,shape_factor,mean_abs
0.0096279512878428,-0.0087719536329999,0.0039686616713412,-0.018094065,-0.1878631536147729,-0.5660823733597029,0.01734014564,1.8793266042846788,1.0975834677947447,0.0087719536329999
