rms,media,desvio_padrao,minimo,skewness,kurtosis,pico_a_pico,crest_factor,shape_factor,mean_abs
0.0063604917632617,-0.0051694416515135,0.0037057696207559,-0.012816629,-0.0812206816336535,-0.8683553767552779,0.0150783869999999,2.0150374337451407,1.1909691258727562,0.0053406017209729
