rms,media,desvio_padrao,minimo,skewness,kurtosis,pico_a_pico,crest_factor,shape_factor,mean_abs
0.0054437199443977,0.0036992988987297,0.0039936542778376,-0.0037695968,0.0962375233347291,-0.7390497014435216,0.0158323068,2.215894668206426,1.222423793477232,0.0044532182484054
