rms,media,desvio_padrao,minimo,skewness,kurtosis,pico_a_pico,crest_factor,shape_factor,mean_abs
0.0042996521849417,-0.0031286127316869,0.0029493713375227,-0.008293113,-0.0570134907908399,-1.290497127332087,0.010554871,1.9287869444519667,1.249917839830626,0.0034399478493117
