rms,media,desvio_padrao,minimo,skewness,kurtosis,pico_a_pico,crest_factor,shape_factor,mean_abs
0.004844672133239,-0.0027130908841081,0.0040137246957349,-0.010554871,0.1638777436429959,-0.8992527088813298,0.0158323063,2.1786553784689837,1.188509526756476,0.0040762585609729
