rms,media,desvio_padrao,minimo,skewness,kurtosis,pico_a_pico,crest_factor,shape_factor,mean_abs
0.0031103417785609,-3.769596483783781e-05,0.0031101133409727,-0.0052774353,0.0641930295051364,-1.2741163144553784,0.0113087903,1.939129339924343,1.134491503785055,0.002741617516027
