rms,media,desvio_padrao,minimo,skewness,kurtosis,pico_a_pico,crest_factor,shape_factor,mean_abs
0.0052263937426936,0.0026468682308378,0.0045065818668086,-0.010554871,-0.4475184693796982,-0.0587688246706692,0.022617581,2.308036974225942,1.2133161310978433,0.004307528441054
