rms,media,desvio_padrao,minimo,skewness,kurtosis,pico_a_pico,crest_factor,shape_factor,mean_abs
0.003356102805055,-0.001434484381054,0.0030340864520659,-0.0075391936,-0.0189676768328294,-1.288317054818776,0.0113087904,2.246413187535352,1.184942539276459,0.0028322916038648
