rms,media,desvio_padrao,minimo,skewness,kurtosis,pico_a_pico,crest_factor,shape_factor,mean_abs
0.007399891618813,-0.0062012665443184,0.0040376588781737,-0.014324468,0.2494444514434229,-0.627019431146977,0.0173401454,1.935767270372229,1.1469933959250234,0.0064515555582995
