rms,media,desvio_padrao,minimo,skewness,kurtosis,pico_a_pico,crest_factor,shape_factor,mean_abs
0.0056474630309094,-0.0047588612376756,0.0030409009201281,-0.010554871,-0.1106530731221082,-1.236794148392607,0.0120627097,1.8689579625810049,1.179654360609148,0.0047873879158918
