rms,media,desvio_padrao,minimo,skewness,kurtosis,pico_a_pico,crest_factor,shape_factor,mean_abs
0.0049093236636162,-0.0034537657102162,0.0034889771069866,-0.010554871,-0.0932009105627964,-0.7867294686636499,0.0143244678,2.1499643786421747,1.2236375036098106,0.0040120735504864
