rms,media,desvio_padrao,minimo,skewness,kurtosis,pico_a_pico,crest_factor,shape_factor,mean_abs
0.0061873176030961,-0.0053232819528648,0.0031536595206025,-0.01130879,0.0379877079104659,-1.1416425783372224,0.01206270936,1.8277371108832368,1.154798108456451,0.005357921491027
