rms,media,desvio_padrao,minimo,skewness,kurtosis,pico_a_pico,crest_factor,shape_factor,mean_abs
0.007223635535656,0.0065173272138918,0.0031153420902136,0.0,-0.178932791987326,-1.1660960853698423,0.01206271,1.6698946036878817,1.1083739236321613,0.0065173272138918
