rms,media,desvio_padrao,minimo,skewness,kurtosis,pico_a_pico,crest_factor,shape_factor,mean_abs
0.003163597581505,2.6489060648648657e-05,0.0031634866820282,-0.006031355,-0.0055602731005767,-1.1361062508990671,0.01206271,1.906486158435719,1.1509226102367511,0.0027487491803243
