rms,media,desvio_padrao,minimo,skewness,kurtosis,pico_a_pico,crest_factor,shape_factor,mean_abs
0.0033439508612398,0.0005644207145405,0.0032959727880223,-0.0052774353,0.0246415501432104,-1.0353877792829056,0.0128166289,2.2545766707841914,1.1798032615685112,0.0028343292226486
