rms,media,desvio_padrao,minimo,skewness,kurtosis,pico_a_pico,crest_factor,shape_factor,mean_abs
0.0071663615969277,-0.0059315115005135,0.004021679979461,-0.015078387,0.0214489267781636,-0.5734059372379043,0.0180940644,2.104050541695254,1.164578059282544,0.0061536120655945
