rms,media,desvio_padrao,minimo,skewness,kurtosis,pico_a_pico,crest_factor,shape_factor,mean_abs
0.0039878257038894,-0.0026224168108108,0.0030042776028487,-0.008293113,-0.0732980267772837,-1.3523727081434578,0.0113087904,2.0796076899528075,1.2553559378813848,0.0031766494135675
