rms,media,desvio_padrao,minimo,skewness,kurtosis,pico_a_pico,crest_factor,shape_factor,mean_abs
0.0044332142398382,0.0012928698227297,0.0042405042291901,-0.0075391936,-0.0439091152170096,-0.6182675927887447,0.0180940646,2.3808619274815737,1.242892121727924,0.0035668536008378
