rms,media,desvio_padrao,minimo,skewness,kurtosis,pico_a_pico,crest_factor,shape_factor,mean_abs
0.0091916512007449,-0.0084663106715675,0.0035788315703114,-0.015832307,0.0012553046125851,-0.7113977255126986,0.015832307,1.7224660351250909,1.0856737435366426,0.0084663106715675
