rms,media,desvio_padrao,minimo,skewness,kurtosis,pico_a_pico,crest_factor,shape_factor,mean_abs
0.0084307147953759,0.0076369993517567,0.003571161276425,-0.00075391936,-0.121490240957818,-0.5683630716800403,0.01583230636,1.7885063563376826,1.10245954465718,0.0076471874512162
