rms,media,desvio_padrao,minimo,skewness,kurtosis,pico_a_pico,crest_factor,shape_factor,mean_abs
0.0037731609531063,-0.0018939676912702,0.003263377079418,-0.009800952,-0.1625957473148698,-1.0075141532115723,0.0135705488,2.5975441073964785,1.2349110929384988,0.0030554110127297
