rms,media,desvio_padrao,minimo,skewness,kurtosis,pico_a_pico,crest_factor,shape_factor,mean_abs
0.0091593382658155,-0.0086109816462162,0.0031216137743417,-0.014324468,0.0284635131065417,-1.328028656816247,0.0113087906,1.5639195304601623,1.0636810809880493,0.0086109816462162
