rms,media,desvio_padrao,minimo,skewness,kurtosis,pico_a_pico,crest_factor,shape_factor,mean_abs
0.0037383939332139,0.0014518041684864,0.0034449751604701,-0.004523516,0.1185440858517795,-0.9374081465667472,0.014324468,2.621701237240675,1.2018910125073494,0.0031104267311351
