rms,media,desvio_padrao,minimo,skewness,kurtosis,pico_a_pico,crest_factor,shape_factor,mean_abs
0.0093887568148813,-0.0028852697653513,0.0089344262776145,-0.021109741,0.0112313877253188,-1.0061762471887614,0.036188128,2.248406409519598,1.1793467312156725,0.0079609809111891
