rms,media,desvio_padrao,minimo,skewness,kurtosis,pico_a_pico,crest_factor,shape_factor,mean_abs
0.0098845684911092,-0.0094087098801351,0.00302999548628,-0.014324468,-0.0011912811402343,-1.3808492154758705,0.009800952,1.4491748438876453,1.0505763932607617,0.0094087098801351
