rms,media,desvio_padrao,minimo,skewness,kurtosis,pico_a_pico,crest_factor,shape_factor,mean_abs
0.0071639496313657,-0.0061138784957297,0.0037339876888119,-0.013570549,0.0603285609183568,-0.7477544374575817,0.015832307,1.8942831396502824,1.150283661907784,0.006227985208
