rms,media,desvio_padrao,minimo,skewness,kurtosis,pico_a_pico,crest_factor,shape_factor,mean_abs
0.4338052118308638,0.021753761582526,0.4332594322904364,-1.0188743512974052,0.2480013496867768,1.5655511818804944,2.3370354291417166,3.038601293610665,1.5268051396445812,0.284126114437791
