rms,media,desvio_padrao,minimo,skewness,kurtosis,pico_a_pico,crest_factor,shape_factor,mean_abs
0.6849705729851071,0.014119873368018,0.6848250251207362,-1.9423180638722557,0.2846785122660784,1.9921537299305907,4.390215469061876,3.573726378524065,1.3585977328922925,0.5041746768757567
