rms,media,desvio_padrao,minimo,skewness,kurtosis,pico_a_pico,crest_factor,shape_factor,mean_abs
0.7276569680086243,0.0183837955237066,0.7274247034254794,-1.9313536926147703,0.3440600352338088,1.2299794603193872,4.386560678642715,3.3741269498828528,1.3158787560310945,0.5529817733385687
