rms,media,desvio_padrao,minimo,skewness,kurtosis,pico_a_pico,crest_factor,shape_factor,mean_abs
0.365815368652771,0.0229239905435031,0.3650963908341523,-1.2215121756487026,-0.4669462398072652,2.020550839745405,2.209117764471058,3.339149418864772,1.4163052932741662,0.2582884992310461
