rms,media,desvio_padrao,minimo,skewness,kurtosis,pico_a_pico,crest_factor,shape_factor,mean_abs
0.4463711701335419,0.0085145299564804,0.4462899554168876,-1.4984640718562874,-0.4344262140043373,1.917403351278664,2.6728700598802395,3.35699115919155,1.3976844249867175,0.319364773731226
