rms,media,desvio_padrao,minimo,skewness,kurtosis,pico_a_pico,crest_factor,shape_factor,mean_abs
0.8847646939658051,0.0196353448840024,0.8845467861677476,-2.175818562874252,0.3058357456333823,0.6376209755026574,4.79183632734531,2.9567384213142702,1.2820948682016788,0.6900930000654429
