rms,media,desvio_padrao,minimo,skewness,kurtosis,pico_a_pico,crest_factor,shape_factor,mean_abs
0.8071339627477275,0.0041873646150322,0.8071231007711467,-2.550637624750499,0.3928007663954911,3.0456659661541856,5.557717964071856,3.725627316045961,1.3806601279404005,0.5846000376296587
