rms,media,desvio_padrao,minimo,skewness,kurtosis,pico_a_pico,crest_factor,shape_factor,mean_abs
0.3027563221126529,0.0119696050521906,0.3025196177673029,-1.2397861277445108,-0.6842383961891209,3.857842181250909,2.0267843313373253,4.094996659667432,1.5007319553574627,0.2017391053957658
