rms,media,desvio_padrao,minimo,skewness,kurtosis,pico_a_pico,crest_factor,shape_factor,mean_abs
0.7177512639523809,0.016193584143189,0.7175685644855395,-2.4353086826347305,0.572188602132157,5.702052557092087,5.406247205588823,4.139231335650004,1.5731431629560046,0.4562529850135793
