rms,media,desvio_padrao,minimo,skewness,kurtosis,pico_a_pico,crest_factor,shape_factor,mean_abs
0.2961391336855187,0.0073428667255652,0.2960480852974059,-1.041615269461078,-0.5828528604434003,2.29493987869866,1.826583033932136,3.517317203227886,1.4039067120640731,0.2109393246294296
