rms,media,desvio_padrao,minimo,skewness,kurtosis,pico_a_pico,crest_factor,shape_factor,mean_abs
0.3498782221774698,0.007216380354046,0.3498037938740125,-1.044863972055888,0.3201844318937947,2.056362803182416,2.1522654690618763,3.165105533331188,1.497081450483301,0.2337068715028958
