rms,media,desvio_padrao,minimo,skewness,kurtosis,pico_a_pico,crest_factor,shape_factor,mean_abs
0.4539228387218174,0.0034584036844344,0.4539096638729215,-1.835110878243513,-0.5597250918293055,3.1284289117329216,3.171545908183633,4.042781551619932,1.3815733401599777,0.3285550071987173
