rms,media,desvio_padrao,minimo,skewness,kurtosis,pico_a_pico,crest_factor,shape_factor,mean_abs
0.4787078385103567,0.0184636816530872,0.4783516354221768,-1.1272998003992016,0.0333878999728325,-0.3138607109984384,2.3325684630738523,2.5177541826455285,1.2499852963535598,0.3829707756617911
