rms,media,desvio_padrao,minimo,skewness,kurtosis,pico_a_pico,crest_factor,shape_factor,mean_abs
0.3299155126284815,0.0223514732829423,0.3291574959119048,-0.6879127744510979,0.604589197028929,1.4797601336678126,1.7920655688622755,3.3467744078301838,1.451926073581128,0.227226109256896
