rms,media,desvio_padrao,minimo,skewness,kurtosis,pico_a_pico,crest_factor,shape_factor,mean_abs
0.1903084871405094,0.0065340196655868,0.1901962850970522,-0.4580670658682634,0.2694497324587724,0.5437003874269113,0.9936969061876249,2.814534697676897,1.2974317862005127,0.1466809193089231
