rms,media,desvio_padrao,minimo,skewness,kurtosis,pico_a_pico,crest_factor,shape_factor,mean_abs
0.2856441292595494,0.0134874415104217,0.2853255290049405,-0.7463894211576847,0.7851404335150008,3.5849137344359754,2.0003886227544907,4.390075177975616,1.4450927340472843,0.1976649127973561
