rms,media,desvio_padrao,minimo,skewness,kurtosis,pico_a_pico,crest_factor,shape_factor,mean_abs
0.3094191881867452,0.0238073113934732,0.3085019383121581,-0.8056782435129741,0.8161905576205539,4.910899655417026,2.198965568862276,4.50291183786703,1.580199004793292,0.195810266458952
