rms,media,desvio_padrao,minimo,skewness,kurtosis,pico_a_pico,crest_factor,shape_factor,mean_abs
0.5601919531212394,-0.0117599039625666,0.5600685038462527,-1.8237404191616768,-0.3687274859088099,0.3051549011597161,3.020075149700599,3.255563399296052,1.26124790857916,0.4441568935898694
