rms,media,desvio_padrao,minimo,skewness,kurtosis,pico_a_pico,crest_factor,shape_factor,mean_abs
0.2514492473341544,0.0104917116586499,0.2512302688200299,-0.7268972055888223,-0.2134858617635751,0.2810690423585993,1.381916866267465,2.890830707569541,1.284514535047358,0.1957543028696705
