rms,media,desvio_padrao,minimo,skewness,kurtosis,pico_a_pico,crest_factor,shape_factor,mean_abs
0.1962099212875562,0.0197252167795556,0.1952159036417589,-0.6720753493013971,0.0740643146630741,2.437457079840912,1.433896107784431,3.882682147181256,1.3660922446930668,0.14362860344884
