rms,media,desvio_padrao,minimo,skewness,kurtosis,pico_a_pico,crest_factor,shape_factor,mean_abs
0.7478481194410792,0.0201096011229573,0.7475776974296615,-1.7616089820359282,0.44920054882147,0.8267267975233707,4.13478622754491,3.173341195646288,1.298062642674148,0.5761263708355646
