rms,media,desvio_padrao,minimo,skewness,kurtosis,pico_a_pico,crest_factor,shape_factor,mean_abs
0.5511615363715442,0.0033086171918458,0.5511516054841162,-1.5626259481037923,0.1688762732045938,1.1831006120973004,3.3782446107784434,3.294167939634165,1.3073740310910005,0.4215790762736822
