rms,media,desvio_padrao,minimo,skewness,kurtosis,pico_a_pico,crest_factor,shape_factor,mean_abs
0.872142614224172,0.0102387389156113,0.8720825120200445,-2.999770758483034,0.3576122309974351,4.120163828405668,6.496999101796407,4.00992714525753,1.415857368715954,0.6159819721213311
