rms,media,desvio_padrao,minimo,skewness,kurtosis,pico_a_pico,crest_factor,shape_factor,mean_abs
0.496243859330656,0.0230671198586433,0.4957074499186097,-1.642625249500998,-0.1493781704686714,2.0087976275710844,3.1540841317365267,3.3101170293907614,1.338865609351922,0.3706450116161121
