rms,media,desvio_padrao,minimo,skewness,kurtosis,pico_a_pico,crest_factor,shape_factor,mean_abs
0.2977552660714964,0.0120095481168809,0.2975129732084567,-0.8077086826347305,0.5760830466686201,3.405462864502825,2.1283062874251497,4.435177997736301,1.448927839724263,0.2055004106541016
