rms,media,desvio_padrao,minimo,skewness,kurtosis,pico_a_pico,crest_factor,shape_factor,mean_abs
0.3055092559567868,0.0093466771375282,0.3053662474828485,-0.8901445109780439,-0.2208964167050641,0.4923450526636319,1.5930825349301396,2.913641710102399,1.3179698409353306,0.2318029187526586
