rms,media,desvio_padrao,minimo,skewness,kurtosis,pico_a_pico,crest_factor,shape_factor,mean_abs
0.2657416242278379,0.0045268806648997,0.2657030639618127,-0.5937003992015968,-0.1230094744622378,-0.6792351715140454,1.1666903193612774,2.234126478780675,1.19805703398054,0.2218104954026374
