rms,media,desvio_padrao,minimo,skewness,kurtosis,pico_a_pico,crest_factor,shape_factor,mean_abs
0.6467921047158073,-0.0019339100487549,0.6467892135113473,-1.8399839321357283,0.2315492289872866,1.2081436532577214,4.00321377245509,3.3445520199567973,1.3101630667231838,0.4936729794509342
