rms,media,desvio_padrao,minimo,skewness,kurtosis,pico_a_pico,crest_factor,shape_factor,mean_abs
0.7345553224936541,0.0324176938805316,0.7338396384273775,-2.12221497005988,0.4521828640030343,2.28098283342484,4.665543013972055,3.4624050306764302,1.4269927084611618,0.51475758645311
