rms,media,desvio_padrao,minimo,skewness,kurtosis,pico_a_pico,crest_factor,shape_factor,mean_abs
0.5979578704158184,0.0195421443997251,0.5976384520631859,-2.0682052894211576,-0.1302545055847086,0.6710183830607743,3.6685974051896206,3.458780947197723,1.260838874212942,0.4742539928340041
