rms,media,desvio_padrao,minimo,skewness,kurtosis,pico_a_pico,crest_factor,shape_factor,mean_abs
0.8157220125414983,0.0180509366512876,0.8155222654414553,-2.1542959081836326,0.4146895449821254,1.4316016203865027,4.903104391217565,3.369785834845412,1.3243415222087869,0.6159453576453651
