rms,media,desvio_padrao,minimo,skewness,kurtosis,pico_a_pico,crest_factor,shape_factor,mean_abs
0.6709789774448947,0.0131995050549307,0.6708491344850207,-1.9995764471057884,0.4915314716750794,2.9784338831739867,4.610721157684631,3.8915447403764407,1.4369249679672176,0.4669547766256105
