rms,media,desvio_padrao,minimo,skewness,kurtosis,pico_a_pico,crest_factor,shape_factor,mean_abs
0.6793531317237217,0.0281455179072748,0.6787698486265868,-1.7685124750499002,0.6000187398828729,2.6097399632200404,4.156308882235528,3.5148088610809465,1.443620734077239,0.4705897578826087
