rms,media,desvio_padrao,minimo,skewness,kurtosis,pico_a_pico,crest_factor,shape_factor,mean_abs
0.3079119461479668,0.0238436281907729,0.3069873742930294,-1.3689220558882236,-0.4586931132545595,4.311327654642186,2.41013123752495,4.445823142017327,1.492024925059376,0.206371851419113
