rms,media,desvio_padrao,minimo,skewness,kurtosis,pico_a_pico,crest_factor,shape_factor,mean_abs
0.3692225547444507,0.0095397352835312,0.3690992933923595,-1.0631379241516967,0.6649075785352239,4.289991742378682,2.6724639720558883,4.358688349952107,1.6132148729279094,0.2288737606753706
