rms,media,desvio_padrao,minimo,skewness,kurtosis,pico_a_pico,crest_factor,shape_factor,mean_abs
0.3602081258852535,0.0141598164327083,0.3599297064044015,-1.0424274451097806,-0.2008054173015011,1.290333975550836,2.005667764471058,2.8939587149731656,1.3924964771237136,0.2586779441117764
