rms,media,desvio_padrao,minimo,skewness,kurtosis,pico_a_pico,crest_factor,shape_factor,mean_abs
0.6151620311334185,0.0039144203396485,0.6151495768198151,-1.884653592814371,0.3005237442070073,1.6993677848960127,4.000371157684631,3.4392850302742355,1.3535548131479551,0.4544788472235856
