rms,media,desvio_padrao,minimo,skewness,kurtosis,pico_a_pico,crest_factor,shape_factor,mean_abs
0.4063094528746655,0.0184237385883969,0.4058915339739627,-1.1256754491017964,0.2791170749760984,3.1386717654808853,2.689925748502994,3.849898859930593,1.520870451783234,0.2671558595922908
