rms,media,desvio_padrao,minimo,skewness,kurtosis,pico_a_pico,crest_factor,shape_factor,mean_abs
0.6180164901975744,0.0130081247341382,0.6178795763310433,-2.023535628742515,0.197955574016158,1.9553200788152587,4.4795547904191615,3.9740349984698287,1.3153850135357827,0.4698369555970028
