rms,media,desvio_padrao,minimo,skewness,kurtosis,pico_a_pico,crest_factor,shape_factor,mean_abs
0.2766670968695542,0.0055054857498118,0.2766123137477541,-0.88892624750499,-0.1568670741163753,2.873022205896256,1.8684100798403196,3.540297503454652,1.5234317890707954,0.1816078007918589
