rms,media,desvio_padrao,minimo,skewness,kurtosis,pico_a_pico,crest_factor,shape_factor,mean_abs
0.7144979622744102,0.0085145299564804,0.7144472274940289,-2.0787635728542915,0.3768784414680916,1.8461743982432823,4.5794523952095805,3.4999243586294155,1.3277843230275037,0.5381129675076078
