rms,media,desvio_padrao,minimo,skewness,kurtosis,pico_a_pico,crest_factor,shape_factor,mean_abs
0.6709254574400919,0.0070033506756977,0.6708889047528733,-2.240792614770459,0.5418727305828409,6.002095548344401,5.191426746506986,4.3978568692185815,1.505921199575878,0.4455249435555119
