rms,media,desvio_padrao,minimo,skewness,kurtosis,pico_a_pico,crest_factor,shape_factor,mean_abs
0.4067468909930524,0.0061945036157193,0.4066997190280181,-1.166284231536926,0.2226815453976672,2.648658355929011,2.6115507984031936,3.553233224076331,1.477838134469833,0.2752310158371781
