rms,media,desvio_padrao,minimo,skewness,kurtosis,pico_a_pico,crest_factor,shape_factor,mean_abs
0.4461123857426621,0.0103752110533032,0.4459917215695927,-1.329937624750499,0.3708167932774628,3.747975153044229,3.16748502994012,4.11902351047837,1.544470122961454,0.288844943719119
