rms,media,desvio_padrao,minimo,skewness,kurtosis,pico_a_pico,crest_factor,shape_factor,mean_abs
0.7259469725335131,0.0154479802689702,0.7257825892346708,-1.743741117764471,0.2382172692608529,0.3414079038205022,3.7490027944111777,2.7622701829700573,1.2830221710234866,0.5658101542816006
