rms,media,desvio_padrao,minimo,skewness,kurtosis,pico_a_pico,crest_factor,shape_factor,mean_abs
0.4493203323504546,0.0192192712934786,0.4489091006812745,-1.3486176646706587,-0.3801195610458187,0.7380155271515516,2.4101312375249497,3.001461468738482,1.3583038804176204,0.3307951474100978
