rms,media,desvio_padrao,minimo,skewness,kurtosis,pico_a_pico,crest_factor,shape_factor,mean_abs
0.4370464638032863,0.0146524475638886,0.4368007753007597,-1.4546065868263471,0.2632378857532268,4.583553501545882,3.1930685628742514,3.977750925884124,1.7095126744940603,0.255655585550211
