rms,media,desvio_padrao,minimo,skewness,kurtosis,pico_a_pico,crest_factor,shape_factor,mean_abs
0.4635798252455774,0.0331693866365629,0.4623916588400728,-1.261714870259481,-0.3331435081119281,0.8843633309892063,2.433278243512974,2.72167769507894,1.3315122345633683,0.3481603947842021
