rms,media,desvio_padrao,minimo,skewness,kurtosis,pico_a_pico,crest_factor,shape_factor,mean_abs
0.4809294425002035,0.0211897958181996,0.4804624035413588,-1.5240476047904192,0.7206761698832648,2.74598918394942,3.5000709580838327,4.10875937023252,1.3819125952041516,0.3480172654690618
