rms,media,desvio_padrao,minimo,skewness,kurtosis,pico_a_pico,crest_factor,shape_factor,mean_abs
0.4464309424480824,0.0156129213118478,0.4461578454574043,-1.6040469061876248,-0.3386376961715056,1.8273688308576015,2.826777345309381,3.593045986892289,1.332409054441915,0.3350554703600928
