rms,media,desvio_padrao,minimo,skewness,kurtosis,pico_a_pico,crest_factor,shape_factor,mean_abs
0.3548795771859235,-0.0067803352311769,0.3548147986736358,-1.0607013972055888,0.1676994458001892,1.2940482743989596,2.1949046906187624,3.196023007035307,1.355794702249281,0.2617502315042047
