rms,media,desvio_padrao,minimo,skewness,kurtosis,pico_a_pico,crest_factor,shape_factor,mean_abs
0.3136653259644135,0.0090104896763849,0.3135358795866169,-0.9518698602794412,-0.3109426611451876,0.6832677900248578,1.6710513972055887,3.0346671483459864,1.2925196270890893,0.2426774181145905
