rms,media,desvio_padrao,minimo,skewness,kurtosis,pico_a_pico,crest_factor,shape_factor,mean_abs
0.4365616048846887,0.0213080554338477,0.4360412843219357,-1.783131636726547,-0.4977637172029718,4.199281089840541,3.1666728542914173,4.084490291347391,1.5103048223275268,0.2890552942894698
