rms,media,desvio_padrao,minimo,skewness,kurtosis,pico_a_pico,crest_factor,shape_factor,mean_abs
0.3808056012266738,0.0013880214979876,0.3808030715762803,-1.2186695608782436,-0.1779385554689158,1.3259264400692263,2.2184577844311377,3.200240639719038,1.314526108972736,0.2896904052550636
