rms,media,desvio_padrao,minimo,skewness,kurtosis,pico_a_pico,crest_factor,shape_factor,mean_abs
0.4219003243949263,0.0183005808056019,0.4215032294855186,-1.046082235528942,0.1784221618798814,0.9256947969493936,2.373177245508982,3.145517870561749,1.4070882749735518,0.2998392722751218
