rms,media,desvio_padrao,minimo,skewness,kurtosis,pico_a_pico,crest_factor,shape_factor,mean_abs
0.7780841428432712,0.0065140481332416,0.7780568748626709,-2.6562204590818363,0.4610958823539913,5.002399912645962,5.964211876247505,4.251457181838487,1.499669409797253,0.5188371102058179
