rms,media,desvio_padrao,minimo,skewness,kurtosis,pico_a_pico,crest_factor,shape_factor,mean_abs
0.4311418213289937,0.0224879454206341,0.4305549470272528,-1.0789753493013974,0.2719362300040765,1.5420144797574515,2.4470852295409182,3.173224708339185,1.4747120954897204,0.2923566048231406
