rms,media,desvio_padrao,minimo,skewness,kurtosis,pico_a_pico,crest_factor,shape_factor,mean_abs
0.491317336149931,0.01906948480089,0.4909471250052219,-1.3084149700598804,0.0776365289504533,0.694496108473384,2.7951024950099805,3.0259211624814726,1.293319837037724,0.3798885025031902
