rms,media,desvio_padrao,minimo,skewness,kurtosis,pico_a_pico,crest_factor,shape_factor,mean_abs
0.3207853555114075,0.0236862373613428,0.3199096848647165,-1.2515626746506987,0.5875067409422491,9.962401973720052,2.830026047904192,4.92062167469288,1.7601691629200722,0.1822468898269036
