rms,media,desvio_padrao,minimo,skewness,kurtosis,pico_a_pico,crest_factor,shape_factor,mean_abs
0.2830409953009445,0.0199682037564215,0.2823357502331069,-0.9827325349301396,-0.3165807863995069,2.6696966017619586,1.769324650698603,3.4720501667443795,1.4349437818701278,0.1972488392068322
