rms,media,desvio_padrao,minimo,skewness,kurtosis,pico_a_pico,crest_factor,shape_factor,mean_abs
0.4141526123670376,0.0159306256339779,0.4138461084719195,-0.7792825349301397,0.1579515306433163,-0.3869602254845539,2.04384001996008,3.0533611216467267,1.1943756128934044,0.3467524017538693
