rms,media,desvio_padrao,minimo,skewness,kurtosis,pico_a_pico,crest_factor,shape_factor,mean_abs
0.7857955378865319,0.0084113437060305,0.785750518077744,-2.60099251497006,0.5008947527527122,5.819242837356991,6.029998103792415,4.363737669018808,1.5647245431588357,0.5021941665848629
