rms,media,desvio_padrao,minimo,skewness,kurtosis,pico_a_pico,crest_factor,shape_factor,mean_abs
0.3355687374686572,0.0103452537547855,0.3354092325668119,-1.0103465069860278,0.5156353086030658,3.788522893511619,2.4426182634730536,4.268191868203464,1.4880751950881357,0.2255052288864893
