rms,media,desvio_padrao,minimo,skewness,kurtosis,pico_a_pico,crest_factor,shape_factor,mean_abs
0.449042509329304,-0.0007655754065639,0.4490418567116599,-1.3766377245508985,0.4450842178807284,2.0277725702860607,2.9486036926147703,3.5007063594308296,1.4097516450969412,0.31852596937273
