rms,media,desvio_padrao,minimo,skewness,kurtosis,pico_a_pico,crest_factor,shape_factor,mean_abs
0.4697619603175229,0.011120814927522,0.4696303086862151,-1.2227304391217564,0.1784253379055586,1.4433721876356538,2.737031936127744,3.223550702109717,1.4071155602501826,0.3338474632701809
