rms,media,desvio_padrao,minimo,skewness,kurtosis,pico_a_pico,crest_factor,shape_factor,mean_abs
0.4713835634615844,0.0087874742318641,0.4713016488390061,-1.7871925149700598,-0.4239426103696568,2.679179068538634,3.1305310379241518,3.791376393877399,1.4500987479544798,0.3250699748044894
