rms,media,desvio_padrao,minimo,skewness,kurtosis,pico_a_pico,crest_factor,shape_factor,mean_abs
0.4499679570336365,0.0320742809463041,0.4488233537359684,-1.3047601796407184,-0.3887128185081889,0.2306948044645076,2.2716552894211577,2.8996735417388475,1.2351778441978365,0.3642940643303556
