rms,media,desvio_padrao,minimo,skewness,kurtosis,pico_a_pico,crest_factor,shape_factor,mean_abs
0.1642820891075841,0.0241770824205248,0.1624933028994837,-0.4109608782435129,0.1445126362141326,0.1862161854905077,0.8950175648702594,2.946497023846282,1.2757191588385393,0.1287760616977427
