rms,media,desvio_padrao,minimo,skewness,kurtosis,pico_a_pico,crest_factor,shape_factor,mean_abs
0.6460745061587341,0.0299613577722603,0.6453794113145341,-1.6917618762475048,0.4873511288839541,1.9472668447891368,3.976818063872256,3.536830761533462,1.3819008738881595,0.4675259408013242
