rms,media,desvio_padrao,minimo,skewness,kurtosis,pico_a_pico,crest_factor,shape_factor,mean_abs
0.5988003164278235,0.0064175190602401,0.5987659262209006,-1.4887179640718562,0.0101801062575088,-0.0635233249949815,2.8998731536926146,2.4861676308938607,1.2727721131177927,0.470469387454599
