rms,media,desvio_padrao,minimo,skewness,kurtosis,pico_a_pico,crest_factor,shape_factor,mean_abs
0.4110929595609991,0.0109943285560027,0.4109459163201697,-0.9660829341317364,-0.0258107135105093,0.1180059860519597,2.1445498003992016,2.8666675963653927,1.2435050783467458,0.3305921034979221
