rms,media,desvio_padrao,minimo,skewness,kurtosis,pico_a_pico,crest_factor,shape_factor,mean_abs
0.5396108453073053,-0.0072063945878734,0.5395627231845326,-1.4375508982035927,0.3829241056444973,1.646270383559422,3.4127620758483035,3.6604363956396,1.323628141346119,0.4076755611727365
