rms,media,desvio_padrao,minimo,skewness,kurtosis,pico_a_pico,crest_factor,shape_factor,mean_abs
0.5323425278494001,0.0083429587978514,0.5322771477300022,-1.9597798403193611,-0.4820152748129768,2.0266749756847777,3.431442115768463,3.681426408362745,1.3766130117162887,0.3867045591743343
