rms,media,desvio_padrao,minimo,skewness,kurtosis,pico_a_pico,crest_factor,shape_factor,mean_abs
0.4294021026298033,0.0150385638558947,0.4291386807781935,-1.1301424151696609,0.2884649236431045,0.674417904702401,2.263127445109781,2.6385176574621725,1.3836313571657513,0.3103442982886686
