rms,media,desvio_padrao,minimo,skewness,kurtosis,pico_a_pico,crest_factor,shape_factor,mean_abs
0.3548405300462748,0.0091036901606622,0.3547237299490688,-1.188619061876247,-0.2418075012050253,1.6790724138450095,2.271655289421157,3.3497274443853398,1.3828678172165645,0.2565975761591571
