rms,media,desvio_padrao,minimo,skewness,kurtosis,pico_a_pico,crest_factor,shape_factor,mean_abs
0.2750913371663721,0.0127185375151336,0.274797166265336,-0.7049684630738523,0.4745094040335602,2.6018176363979397,1.7896290419161676,3.94291070745832,1.4743561978213695,0.1865840409345243
