rms,media,desvio_padrao,minimo,skewness,kurtosis,pico_a_pico,crest_factor,shape_factor,mean_abs
0.4744108277343802,0.0057384869605052,0.4743761200134592,-1.4639466067864273,0.3646725194764949,4.429909015683874,3.371341117764471,4.020554337022811,1.6180337117862202,0.2932020663590851
