rms,media,desvio_padrao,minimo,skewness,kurtosis,pico_a_pico,crest_factor,shape_factor,mean_abs
0.6245381240881467,0.0105649406105821,0.6244487572807204,-1.740086327345309,0.5376275297111137,2.6563145516016062,4.118542714570858,3.8083445917704393,1.353409007903184,0.4614555691894899
