rms,media,desvio_padrao,minimo,skewness,kurtosis,pico_a_pico,crest_factor,shape_factor,mean_abs
0.669341109896469,0.0158008106737344,0.6691545828726647,-2.0653626746506983,0.2122242244772444,2.1994197652111973,4.424732934131736,3.5249146131872515,1.3461094417345234,0.4972412265632669
