rms,media,desvio_padrao,minimo,skewness,kurtosis,pico_a_pico,crest_factor,shape_factor,mean_abs
0.3349030121036566,0.0125021792480612,0.3346695729075938,-1.2414104790419165,-0.4324629644932443,2.5087706218778942,2.036124351297405,3.7067760939029255,1.3794471472692384,0.2427806043650403
