rms,media,desvio_padrao,minimo,skewness,kurtosis,pico_a_pico,crest_factor,shape_factor,mean_abs
0.2925626587573169,0.0093400199600798,0.2924135313666172,-0.928316766467066,0.10639440144993,2.4052968594907096,1.8984605788423157,3.316020631259,1.4929661688707083,0.1959606753705703
