rms,media,desvio_padrao,minimo,skewness,kurtosis,pico_a_pico,crest_factor,shape_factor,mean_abs
0.7988354504680618,0.0170556886227544,0.7986533543472505,-2.443024351297405,0.3890469948833719,2.3555851441126348,5.174371057884232,3.4191606105943944,1.3773204083838813,0.57999245898447
