rms,media,desvio_padrao,minimo,skewness,kurtosis,pico_a_pico,crest_factor,shape_factor,mean_abs
0.5011088389486785,6.657177448378472e-06,0.5011088389044587,-1.9264806387225548,-0.4244302371613402,3.204120600686542,3.470832634730539,3.844435557681027,1.4189155287233548,0.3531632636366611
