rms,media,desvio_padrao,minimo,skewness,kurtosis,pico_a_pico,crest_factor,shape_factor,mean_abs
0.3948343724769371,0.0122691780373678,0.3946436987455192,-1.0310569860279442,-0.2070523614446047,0.392258272845686,1.9646528942115769,2.611365822989917,1.3115204126008777,0.3010508785707274
