rms,media,desvio_padrao,minimo,skewness,kurtosis,pico_a_pico,crest_factor,shape_factor,mean_abs
0.7499496120575276,0.0197585026667975,0.7496892837686839,-1.6458739520958083,0.2770392296606158,-0.4004936660161315,3.487482235528942,2.455642690954371,1.2220692743226842,0.6136719315467426
