rms,media,desvio_padrao,minimo,skewness,kurtosis,pico_a_pico,crest_factor,shape_factor,mean_abs
0.6679902932067657,0.0118722911899777,0.6678847808719415,-2.187595109780439,0.4682931136697513,4.317999430762001,4.992849800399201,4.1995440938996405,1.4693154548747944,0.4546268747058728
