rms,media,desvio_padrao,minimo,skewness,kurtosis,pico_a_pico,crest_factor,shape_factor,mean_abs
0.4807187715454881,0.0084446295932724,0.4806445937979909,-1.7043505988023953,-0.5088742403815375,2.919798911509204,3.0005829341317365,3.545421355864653,1.497756786152039,0.3209591677301135
