rms,media,desvio_padrao,minimo,skewness,kurtosis,pico_a_pico,crest_factor,shape_factor,mean_abs
0.5302755362410381,0.0162934418049147,0.5300251579782512,-1.2483139720558882,0.2776323400881282,0.8547235817294343,2.972968962075848,3.2523751750750463,1.2937365022477143,0.4098790869081509
