rms,media,desvio_padrao,minimo,skewness,kurtosis,pico_a_pico,crest_factor,shape_factor,mean_abs
0.6614382045289837,0.015629428946984,0.6612535212468187,-1.694604491017964,0.6206889699348623,2.0537822957581127,4.006868562874251,3.4958126942529306,1.3801347024531954,0.4792562663291304
