rms,media,desvio_padrao,minimo,skewness,kurtosis,pico_a_pico,crest_factor,shape_factor,mean_abs
0.7131310248818462,0.0121593346094696,0.7130273551771258,-2.184346407185629,0.4610051016797354,4.041459192733503,5.066757784431138,4.04190993895277,1.500488566885444,0.4752658838061581
