rms,media,desvio_padrao,minimo,skewness,kurtosis,pico_a_pico,crest_factor,shape_factor,mean_abs
0.3408027742279924,0.0206708607175892,0.3401753172096558,-0.858875748502994,0.2801565398377713,1.2533263388521578,1.9354145708582835,3.158832332846856,1.410901708539837,0.2415496218944225
