rms,media,desvio_padrao,minimo,skewness,kurtosis,pico_a_pico,crest_factor,shape_factor,mean_abs
0.4085732713433878,0.0061911750269951,0.4085263607259912,-1.3400898203592817,-0.3475118259251086,1.2544298011539077,2.377238123752495,3.2799253263755355,1.3327256404112375,0.306569678675436
