rms,media,desvio_padrao,minimo,skewness,kurtosis,pico_a_pico,crest_factor,shape_factor,mean_abs
0.5210884419552626,0.0110043143221753,0.5209722347742362,-1.8342987025948103,-0.5242347233965023,1.8239038044180829,3.073272654690619,3.5201293195297776,1.3364295906367072,0.3899108831517293
