rms,media,desvio_padrao,minimo,skewness,kurtosis,pico_a_pico,crest_factor,shape_factor,mean_abs
0.6509217308450452,0.0183405238702922,0.6506632960836755,-2.1973412175648703,0.6205520556655499,5.840066476382314,4.955489720558882,4.237296701422619,1.544350044057652,0.4214858757894047
