rms,media,desvio_padrao,minimo,skewness,kurtosis,pico_a_pico,crest_factor,shape_factor,mean_abs
0.3435601630562095,0.0093932773796669,0.3434317282652812,-0.9863873253493014,0.5707975390084646,3.402622580720841,2.3999790419161675,4.1145390780816165,1.5173761917384705,0.2264172621969176
