rms,media,desvio_padrao,minimo,skewness,kurtosis,pico_a_pico,crest_factor,shape_factor,mean_abs
0.3612919712994689,0.0227908469945355,0.3605724141122389,-1.0826301397205589,-0.1071930510553798,0.1045183830533136,2.147392415169661,2.996551890778621,1.235834272566244,0.292346619056968
