rms,media,desvio_padrao,minimo,skewness,kurtosis,pico_a_pico,crest_factor,shape_factor,mean_abs
0.2983157462914694,0.0124822077157161,0.2980544899443356,-0.8458809381237524,0.6594083281752459,2.846198711557319,2.048713073852295,4.032077256000142,1.4653263580229368,0.2035831435489676
