rms,media,desvio_padrao,minimo,skewness,kurtosis,pico_a_pico,crest_factor,shape_factor,mean_abs
0.2469278840230988,0.0274356895964169,0.2453989870486306,-0.6343091816367266,0.242161277592635,1.343369601178384,1.569123353293413,3.78577808397386,1.3196884390725228,0.1871107427421579
