rms,media,desvio_padrao,minimo,skewness,kurtosis,pico_a_pico,crest_factor,shape_factor,mean_abs
0.3434307838510439,0.0173419472530349,0.3429926532187174,-1.0070978043912175,0.0049566504449695,0.5844545655541471,1.9646528942115769,2.9324622361984463,1.287480274367924,0.2667464431792153
