rms,media,desvio_padrao,minimo,skewness,kurtosis,pico_a_pico,crest_factor,shape_factor,mean_abs
0.262948360148211,0.0086842879814142,0.2628049148073322,-1.1159293413173654,-0.3056389242070133,4.490110315153991,2.0345000000000004,4.243910632066202,1.4731366142873616,0.1784955703347403
