rms,media,desvio_padrao,minimo,skewness,kurtosis,pico_a_pico,crest_factor,shape_factor,mean_abs
0.3362884751935585,0.0160937264814633,0.3359031564542799,-1.1370459081836328,-0.0610691330345032,2.8138332721598767,2.270437025948104,3.3811622819639604,1.4726811861152218,0.2283511722456726
