rms,media,desvio_padrao,minimo,skewness,kurtosis,pico_a_pico,crest_factor,shape_factor,mean_abs
0.1953649410434296,0.0123723642878178,0.1949727796150843,-0.5189802395209581,0.1429037063186299,-0.1983925436235751,0.9969456087824352,2.656465570276444,1.2290960767252923,0.158950097346291
