rms,media,desvio_padrao,minimo,skewness,kurtosis,pico_a_pico,crest_factor,shape_factor,mean_abs
0.4549822399971187,0.007722325840123,0.4549167005028665,-1.8558213572854287,-0.1012131884159292,2.600574272143862,3.3867724550898206,4.078887468876108,1.344969330853458,0.3382844720395275
