rms,media,desvio_padrao,minimo,skewness,kurtosis,pico_a_pico,crest_factor,shape_factor,mean_abs
0.3403428322652705,0.0163100847485357,0.3399517974799393,-1.0696353293413172,-0.3096532969217453,0.3905979899397507,1.84973003992016,3.142817265232195,1.2460805824183,0.2731306763522136
