rms,media,desvio_padrao,minimo,skewness,kurtosis,pico_a_pico,crest_factor,shape_factor,mean_abs
0.7377642856943673,0.0151617216386898,0.7376084757126038,-2.6314491017964072,0.5585124058350345,5.659515015995679,5.691320858283433,4.147492384518374,1.5117056524081842,0.4880343501521547
