rms,media,desvio_padrao,minimo,skewness,kurtosis,pico_a_pico,crest_factor,shape_factor,mean_abs
0.4704742950850324,0.0258298484997218,0.4697647084043665,-1.3624246506986029,0.201592314132589,2.636438921881483,3.108602295409182,3.711526140647023,1.544231119717558,0.3046657259251988
