rms,media,desvio_padrao,minimo,skewness,kurtosis,pico_a_pico,crest_factor,shape_factor,mean_abs
0.2138067584014908,0.0099957519387454,0.2135729731996361,-0.7443589820359281,-0.4232483852464373,1.653348198450031,1.3770438123752493,3.4814567490806594,1.298878861012857,0.1646086981774156
