rms,media,desvio_padrao,minimo,skewness,kurtosis,pico_a_pico,crest_factor,shape_factor,mean_abs
0.4023474421452013,0.0064707764798272,0.4022954054578976,-1.2064869261477047,-0.2254109677285278,0.2890269706670891,2.1949046906187624,2.998619600301326,1.2695755263403072,0.3169149324302215
