rms,media,desvio_padrao,minimo,skewness,kurtosis,pico_a_pico,crest_factor,shape_factor,mean_abs
0.2884147463286862,0.0099957519387454,0.2882414800874771,-0.99532125748503,-0.0172200121538936,1.565151325411982,2.0271904191616765,3.577726779963939,1.3273043737130037,0.2172936005039102
