rms,media,desvio_padrao,minimo,skewness,kurtosis,pico_a_pico,crest_factor,shape_factor,mean_abs
0.3013553029604715,0.0132943833644187,0.3010619172086656,-1.5804938123752494,-0.8549972240004344,6.812411733152296,2.6736822355289425,5.24461921475648,1.4343841296610262,0.2100938630934851
