rms,media,desvio_padrao,minimo,skewness,kurtosis,pico_a_pico,crest_factor,shape_factor,mean_abs
0.3616937405567798,0.0184936389516049,0.3612206351750724,-0.9636464071856288,0.2880846848835103,1.4122350460702258,2.0702357285429143,3.059464948588375,1.4598150210702854,0.2477668302738785
