rms,media,desvio_padrao,minimo,skewness,kurtosis,pico_a_pico,crest_factor,shape_factor,mean_abs
0.6167382018165667,0.026425665881352,0.6161718053941281,-1.3445567864271455,0.3591725318943687,0.385219052409111,2.979466367265469,2.650897213797997,1.293141491245687,0.4769301781682536
