rms,media,desvio_padrao,minimo,skewness,kurtosis,pico_a_pico,crest_factor,shape_factor,mean_abs
0.2679668855409634,0.0045934524393835,0.2679275124753165,-1.0249656686626745,-0.0785090945857353,4.897626781598392,2.10637754491018,4.035617587838823,1.529401850342951,0.1752102532639639
