rms,media,desvio_padrao,minimo,skewness,kurtosis,pico_a_pico,crest_factor,shape_factor,mean_abs
0.387463379038882,0.0320276807041654,0.3861374078808479,-0.925880239520958,0.2263244522301321,1.3269486434307618,2.216427345309381,3.330758919693715,1.3932340174252993,0.2781035879061548
