rms,media,desvio_padrao,minimo,skewness,kurtosis,pico_a_pico,crest_factor,shape_factor,mean_abs
0.5732901292854453,0.012202606262884,0.5731602469959999,-1.2803949101796408,0.3537946007411165,0.6162278494536753,3.113475349301397,3.1974742725930527,1.3631356637451917,0.420567185301528
