rms,media,desvio_padrao,minimo,skewness,kurtosis,pico_a_pico,crest_factor,shape_factor,mean_abs
0.3182740405846324,0.0040642068322371,0.3182480905408436,-1.0919701596806386,0.3202716938634612,5.795206236142545,2.4543948103792417,4.2806653291483885,1.6586867249449568,0.1918831541834364
