rms,media,desvio_padrao,minimo,skewness,kurtosis,pico_a_pico,crest_factor,shape_factor,mean_abs
0.7148692342091906,0.0205540353718791,0.7145736866473367,-2.053586127744511,0.3260460388511579,1.9593555488329968,4.518133133732535,3.447549409108896,1.361824071164229,0.5249350847485357
