rms,media,desvio_padrao,minimo,skewness,kurtosis,pico_a_pico,crest_factor,shape_factor,mean_abs
0.5167722185825384,0.0157608676090442,0.516531819882308,-1.1370459081836328,0.3598555389725242,0.8779976235210736,2.67611876247505,2.978242248611896,1.4025769892479425,0.3684448144694218
