rms,media,desvio_padrao,minimo,skewness,kurtosis,pico_a_pico,crest_factor,shape_factor,mean_abs
0.5964751263858548,0.0121293773109518,0.5963517876246117,-1.3969421157684632,0.3733426904470482,0.6719855828819581,3.0952013972055887,2.847158592726524,1.302137835848601,0.4580737230457118
