rms,media,desvio_padrao,minimo,skewness,kurtosis,pico_a_pico,crest_factor,shape_factor,mean_abs
0.4154782629600536,0.0220409944338964,0.4148932170530972,-1.0862849301397206,0.2528672313768822,1.1919651685621973,2.2948022954091813,2.9087378883781807,1.4186669595270691,0.2928652564789121
