rms,media,desvio_padrao,minimo,skewness,kurtosis,pico_a_pico,crest_factor,shape_factor,mean_abs
0.2817855966228026,0.0120794484800889,0.2815265695959899,-0.7585720558882235,0.5118195341050913,1.893754964989351,1.9017092814371253,4.056762443678418,1.34453849289947,0.2095779318412355
