rms,media,desvio_padrao,minimo,skewness,kurtosis,pico_a_pico,crest_factor,shape_factor,mean_abs
0.6786026603351957,0.0116533891233925,0.6785025933155625,-1.4870936127744512,0.3265821548578217,0.1598484199140699,3.530121457085828,3.010639308873655,1.2772990867903524,0.5312793748568436
