rms,media,desvio_padrao,minimo,skewness,kurtosis,pico_a_pico,crest_factor,shape_factor,mean_abs
0.7565238194168814,0.0210832809790255,0.7562299812942261,-2.3260710578842314,0.2953874110872257,2.9757602033278125,5.2429999001996,3.855699936273916,1.4318695469322718,0.5283468881908314
