rms,media,desvio_padrao,minimo,skewness,kurtosis,pico_a_pico,crest_factor,shape_factor,mean_abs
0.4664532179617928,0.0068469070056608,0.4664029635533715,-1.3547089820359282,0.1957587890029556,2.232372182966814,2.992867265469062,3.511945507828644,1.4152663860117385,0.3295868697032165
