rms,media,desvio_padrao,minimo,skewness,kurtosis,pico_a_pico,crest_factor,shape_factor,mean_abs
0.2529500697783192,0.0206638787997775,0.252104624935372,-0.7374554890219561,0.5368852688160599,2.7799007887374545,1.780695109780439,4.124290701610635,1.3543125949230657,0.1867737704918032
