rms,media,desvio_padrao,minimo,skewness,kurtosis,pico_a_pico,crest_factor,shape_factor,mean_abs
0.4486711582848682,-0.0017974379110631,0.4486675578795965,-1.5350119760479042,-0.0008728397873193,1.7808308673823603,3.165048502994012,3.633031668844585,1.2975857702555311,0.3457737966689571
