rms,media,desvio_padrao,minimo,skewness,kurtosis,pico_a_pico,crest_factor,shape_factor,mean_abs
0.2372196153637611,0.0091636047576977,0.2370425579113917,-0.7545111776447107,-0.1522157769296464,0.749945545878973,1.4468909181636729,3.1806441321798613,1.280657788820382,0.1852326339125028
