rms,media,desvio_padrao,minimo,skewness,kurtosis,pico_a_pico,crest_factor,shape_factor,mean_abs
0.4564320386787913,0.0192059569385818,0.456027781117062,-1.1691268463073852,0.5155027769220817,1.5109966132806587,2.653377844311377,3.251855418169968,1.3776678588936209,0.3313077500736232
