rms,media,desvio_padrao,minimo,skewness,kurtosis,pico_a_pico,crest_factor,shape_factor,mean_abs
0.6561732215186499,0.0162035699093616,0.6559731251814784,-1.538666766467066,0.2754835268174304,0.3529184743039475,3.3242349301397205,2.721184140279496,1.3106695314131085,0.5006397156506658
