rms,media,desvio_padrao,minimo,skewness,kurtosis,pico_a_pico,crest_factor,shape_factor,mean_abs
0.4606206406474322,0.0116866750106344,0.4604723620562332,-1.8781561876247503,-0.4823567604871292,3.989726027695074,3.2966209580838326,4.077446866004268,1.471206604249601,0.3130903839861261
