rms,media,desvio_padrao,minimo,skewness,kurtosis,pico_a_pico,crest_factor,shape_factor,mean_abs
0.6336720101059151,0.0204109060567389,0.6333432018310563,-2.0677992015968067,0.4271456392691798,4.036016810547561,4.530721856287426,3.886746795521162,1.4426099244584871,0.4392538823991361
