rms,media,desvio_padrao,minimo,skewness,kurtosis,pico_a_pico,crest_factor,shape_factor,mean_abs
0.6360929876269863,0.0209035371879192,0.6357494247274302,-2.1729759481037925,0.448060604281591,4.906772188399886,4.704121357285429,3.979206591514785,1.47258194829724,0.4319576159157094
