rms,media,desvio_padrao,minimo,skewness,kurtosis,pico_a_pico,crest_factor,shape_factor,mean_abs
0.5434477665034154,0.0321997930967333,0.5424929937262584,-1.5000884231536926,0.5393029420209166,3.052286452374346,3.6417956087824352,3.940962347510693,1.4947917507013129,0.3635608547133375
