rms,media,desvio_padrao,minimo,skewness,kurtosis,pico_a_pico,crest_factor,shape_factor,mean_abs
0.3810507147957429,0.012655294329374,0.3808405056868078,-1.1967408183632735,-0.2748500002687821,0.4544890961238654,2.045058283433134,3.140633967855881,1.2837904350810558,0.2968169137135564
