rms,media,desvio_padrao,minimo,skewness,kurtosis,pico_a_pico,crest_factor,shape_factor,mean_abs
0.3813617991116188,0.0093999345571152,0.3812459351284583,-1.2341008982035928,-0.3643546997356581,1.373542609009884,2.2931779441117763,3.2360370154494422,1.350698139662985,0.2823442099407741
