rms,media,desvio_padrao,minimo,skewness,kurtosis,pico_a_pico,crest_factor,shape_factor,mean_abs
0.41019286828231,-0.0047865105853866,0.4101649406105846,-1.3307498003992018,-0.0669142245952599,0.5946864946507855,2.3902329341317365,3.244205112516316,1.263309023173571,0.32469717286738
