rms,media,desvio_padrao,minimo,skewness,kurtosis,pico_a_pico,crest_factor,shape_factor,mean_abs
0.7078222332073703,-0.0023067119858643,0.7078184745416604,-1.7717611776447106,0.3728408235068661,1.038338041587016,3.992655489021956,3.1376441812425964,1.356138843654303,0.5219393548967639
