rms,media,desvio_padrao,minimo,skewness,kurtosis,pico_a_pico,crest_factor,shape_factor,mean_abs
0.4858285628597132,0.0285053843532447,0.484991582971507,-1.3279071856287423,0.2779544593713824,1.3154061269240098,3.002207285429142,3.4462776127139034,1.3653820387952864,0.3558187738344449
