rms,media,desvio_padrao,minimo,skewness,kurtosis,pico_a_pico,crest_factor,shape_factor,mean_abs
0.5390639011363005,0.0047265959883511,0.5390431789742358,-1.140294610778443,0.10733337810361,-0.5272021209916127,2.4011973053892213,2.339059788557356,1.2289397991362072,0.438641422073885
