rms,media,desvio_padrao,minimo,skewness,kurtosis,pico_a_pico,crest_factor,shape_factor,mean_abs
0.628518375576535,0.0279435023395831,0.6278968936970177,-1.6694270459081837,0.594388171877669,2.6840369426133286,4.434479041916167,4.399317670659388,1.4273619265185908,0.4403356737344981
