rms,media,desvio_padrao,minimo,skewness,kurtosis,pico_a_pico,crest_factor,shape_factor,mean_abs
0.3785136396965299,0.0143595317561598,0.3782411655069531,-1.1711572854291417,-0.0793171167106271,0.7119130614901352,2.147798502994012,3.094095331328369,1.31114900535413,0.2886885000490822
