rms,media,desvio_padrao,minimo,skewness,kurtosis,pico_a_pico,crest_factor,shape_factor,mean_abs
0.8961603324093181,0.0237394947809299,0.8958458448703804,-3.3717472055888225,0.3842204524327798,5.995032160297241,7.118313473053892,4.180687464030531,1.500598156998073,0.5972020745394457
