rms,media,desvio_padrao,minimo,skewness,kurtosis,pico_a_pico,crest_factor,shape_factor,mean_abs
0.7946929301049193,0.0196353448840024,0.7944503171313033,-2.6684030938123757,0.4377420561992337,4.096329550057097,5.91223263473054,4.081865357088175,1.40675667088633,0.5649114353260691
