rms,media,desvio_padrao,minimo,skewness,kurtosis,pico_a_pico,crest_factor,shape_factor,mean_abs
0.5400666567907746,0.0123989929976113,0.5399243083523927,-1.312069760479042,0.1752725052123749,0.380515653221765,2.933984530938124,3.00317516377876,1.2785027006263558,0.4224212092209023
