rms,media,desvio_padrao,minimo,skewness,kurtosis,pico_a_pico,crest_factor,shape_factor,mean_abs
0.4815080326875991,0.0258098769673767,0.4808158023543016,-1.388820359281437,0.1468698168380731,1.954339833840926,3.110632734530938,3.5758746653487448,1.4424289441802758,0.3338175059716632
