rms,media,desvio_padrao,minimo,skewness,kurtosis,pico_a_pico,crest_factor,shape_factor,mean_abs
0.2213064307319171,0.0170956316874447,0.2206451351390011,-0.711465868263473,0.0136140039593016,1.8049143321812489,1.474910978043912,3.4497195009450485,1.4052197034469265,0.1574888468963712
