rms,media,desvio_padrao,minimo,skewness,kurtosis,pico_a_pico,crest_factor,shape_factor,mean_abs
0.5456776335740718,0.0143928176434017,0.5454877877489859,-1.3636429141716566,-0.1259756480941389,0.470470870452544,2.7979451097804398,2.628478990818095,1.2970491379903706,0.4207069860279441
