rms,media,desvio_padrao,minimo,skewness,kurtosis,pico_a_pico,crest_factor,shape_factor,mean_abs
0.3230137686688483,0.0052857988940152,0.3229705173536809,-0.9023271457085827,0.3730968313515804,2.0170357875559954,2.040185229540918,3.5226302845277795,1.4380039546745018,0.2246264814633029
