rms,media,desvio_padrao,minimo,skewness,kurtosis,pico_a_pico,crest_factor,shape_factor,mean_abs
0.6974549269580722,0.0348836098295212,0.6965820187912918,-2.0190686626746506,0.6584320650789373,3.4148558343015107,4.730110978043912,3.8870502029333815,1.4769487996101676,0.4722268823009718
