rms,media,desvio_padrao,minimo,skewness,kurtosis,pico_a_pico,crest_factor,shape_factor,mean_abs
0.5202363594412284,0.0220718718301102,0.5197679310601783,-2.0893218562874254,-0.5919235572096483,3.816536677627471,3.7278862275449103,4.016101178571041,1.4508012988375567,0.3585855346683682
