rms,media,desvio_padrao,minimo,skewness,kurtosis,pico_a_pico,crest_factor,shape_factor,mean_abs
0.5760803147690323,0.018896398187232,0.5757703146220174,-1.6751122754491017,0.4888443470456534,2.197950681424227,3.9020979041916166,3.865755471327604,1.3463173363734893,0.4278934090834724
