rms,media,desvio_padrao,minimo,skewness,kurtosis,pico_a_pico,crest_factor,shape_factor,mean_abs
0.2501779940881514,-0.0024731414220738,0.2501657696358108,-0.6424309381237524,0.3360107277554192,1.7837270686783082,1.536230239520958,3.5726535607375243,1.426599225862741,0.1753666969340008
