rms,media,desvio_padrao,minimo,skewness,kurtosis,pico_a_pico,crest_factor,shape_factor,mean_abs
0.4221876938955808,0.0084279866496515,0.4221035630244099,-1.581305988023952,-0.473749802742848,3.2970992282567897,2.818249500998004,3.745504691131652,1.539992296760205,0.274149224501816
