rms,media,desvio_padrao,minimo,skewness,kurtosis,pico_a_pico,crest_factor,shape_factor,mean_abs
0.2674467849049236,0.0060646886554759,0.267378013882018,-1.312069760479042,-1.0464410206693344,5.998730194324572,2.1583567864271456,4.905909640848657,1.5489147164338346,0.1726672114786819
