rms,media,desvio_padrao,minimo,skewness,kurtosis,pico_a_pico,crest_factor,shape_factor,mean_abs
0.6649388681234211,0.0005625314943882,0.6649386301754278,-2.179879441117764,0.0768983676333956,1.007668144336444,4.218846407185628,3.278315564962809,1.2924400991141969,0.5144833161545761
