rms,media,desvio_padrao,minimo,skewness,kurtosis,pico_a_pico,crest_factor,shape_factor,mean_abs
0.2742283968417964,0.0031788022316023,0.2742099721942915,-0.6927858283433134,-0.1137868590911018,0.4354415667336662,1.366891616766467,2.5263095883647115,1.311687585504415,0.2090653291777101
