rms,media,desvio_padrao,minimo,skewness,kurtosis,pico_a_pico,crest_factor,shape_factor,mean_abs
0.3595958778386587,0.0090570899185236,0.3594817999297924,-0.7687242514970061,0.5127776270632641,1.102577955110025,1.9110493013972056,3.176691170004821,1.3784759030453169,0.2608648269035699
