rms,media,desvio_padrao,minimo,skewness,kurtosis,pico_a_pico,crest_factor,shape_factor,mean_abs
0.4814507661892033,0.0245816277281502,0.4808228195940844,-1.7542994011976047,-0.4470860760437802,2.47672378510814,3.114693612774451,3.6437773587594418,1.3822603904390498,0.3483068526880664
