rms,media,desvio_padrao,minimo,skewness,kurtosis,pico_a_pico,crest_factor,shape_factor,mean_abs
0.3508962539729887,0.0145326183698177,0.3505951854426889,-1.001006487025948,-0.2177601135998156,0.5006244073229817,1.936226746506986,2.852713517719695,1.278580080949707,0.2744421403095448
