rms,media,desvio_padrao,minimo,skewness,kurtosis,pico_a_pico,crest_factor,shape_factor,mean_abs
0.639909462109875,0.0101155811328163,0.6398295044119917,-1.6194782435129742,0.4322736253889572,1.012308176098653,3.623521656686627,3.1317608690548644,1.372218780672609,0.4663319516704296
