rms,media,desvio_padrao,minimo,skewness,kurtosis,pico_a_pico,crest_factor,shape_factor,mean_abs
0.4946403314520868,0.0205407210169824,0.4942136544847105,-1.7733855289421157,-0.4358044617571736,1.7730755509484482,3.05175,3.58520204718465,1.3499724676167948,0.3664077181702169
