rms,media,desvio_padrao,minimo,skewness,kurtosis,pico_a_pico,crest_factor,shape_factor,mean_abs
0.2048116595630653,0.0066704918032786,0.2047030054300116,-0.5104523952095809,0.1333170626697819,0.4836997594120928,1.2024260479041915,3.378585253255756,1.2569162917543115,0.1629477324040443
