rms,media,desvio_padrao,minimo,skewness,kurtosis,pico_a_pico,crest_factor,shape_factor,mean_abs
0.4727182526880575,0.027244498707503,0.4719324991083227,-1.0310569860279442,0.0570298606757233,-0.736639475390136,2.1380523952095807,2.3417657407701853,1.187587249551765,0.3980492825823762
