rms,media,desvio_padrao,minimo,skewness,kurtosis,pico_a_pico,crest_factor,shape_factor,mean_abs
0.1893966887489115,0.0107332643655777,0.1890923127604893,-0.5664925149700599,0.030207653505095,1.3286807368161928,1.172375548902196,3.199015980344681,1.3881764190549295,0.1364356044009541
