rms,media,desvio_padrao,minimo,skewness,kurtosis,pico_a_pico,crest_factor,shape_factor,mean_abs
0.4790921950123923,0.0120694627139164,0.4789401417626105,-1.526484131736527,-0.3928467765374804,0.8617057527983478,2.6716517964071858,3.1862012105979782,1.3420282478549197,0.3569911406694807
