rms,media,desvio_padrao,minimo,skewness,kurtosis,pico_a_pico,crest_factor,shape_factor,mean_abs
0.2721139541767896,0.0151117928078269,0.2716940149798321,-0.8008051896207584,0.1998314001185934,2.274366098291724,1.8001873253493017,3.672660370365479,1.4802373537532223,0.1838312980596185
