rms,media,desvio_padrao,minimo,skewness,kurtosis,pico_a_pico,crest_factor,shape_factor,mean_abs
0.5658142364460498,-0.0005126026635254,0.5658140042483356,-1.900084930139721,-0.2816751942418786,1.1645371828215385,3.4700204590818364,3.3581426690045704,1.3198918097568415,0.4286822846111057
