rms,media,desvio_padrao,minimo,skewness,kurtosis,pico_a_pico,crest_factor,shape_factor,mean_abs
0.7166042506031032,0.013753728608357,0.7164722513341342,-1.7234367265469062,0.33217397798121,1.0744148145616066,3.880575249500998,3.0102228965829,1.3422596637918496,0.5338790026504368
