rms,media,desvio_padrao,minimo,skewness,kurtosis,pico_a_pico,crest_factor,shape_factor,mean_abs
0.8707897277971584,0.015794153496286,0.8706464809280431,-2.192874251497006,0.3459173673200648,1.3925094547377208,4.941682734530938,3.1566845534427794,1.339573300045117,0.6500500777134256
