rms,media,desvio_padrao,minimo,skewness,kurtosis,pico_a_pico,crest_factor,shape_factor,mean_abs
0.7496032935718396,0.0209035371879192,0.749311777477695,-2.1563263473053893,0.339812493421986,2.7073400106456877,4.862901696606786,3.6106769707542745,1.4664613464497802,0.5111647131965577
