rms,media,desvio_padrao,minimo,skewness,kurtosis,pico_a_pico,crest_factor,shape_factor,mean_abs
0.3607709392771663,0.0273927697450627,0.3597294911355237,-1.2747096806387226,-0.0254808075580706,1.1009620709632713,2.376019860279441,3.533293682669414,1.3016397911758502,0.2771664954643558
