rms,media,desvio_padrao,minimo,skewness,kurtosis,pico_a_pico,crest_factor,shape_factor,mean_abs
0.2033731721635297,0.0101555241975066,0.203119453731371,-0.5555281437125749,0.0028563563951643,-0.3000189920718945,1.022529141716567,2.7315704318457588,1.216697906997053,0.1671517399626975
