rms,media,desvio_padrao,minimo,skewness,kurtosis,pico_a_pico,crest_factor,shape_factor,mean_abs
0.1998165702659976,0.0088573745950721,0.1996201609761622,-0.6529892215568862,-0.1725965192842211,1.030185128584976,1.25196876247505,3.26794329763353,1.3278421849604862,0.1504821676319492
