rms,media,desvio_padrao,minimo,skewness,kurtosis,pico_a_pico,crest_factor,shape_factor,mean_abs
0.8272507740578086,0.0116999893655312,0.8271680321603888,-2.771955489021956,0.3605852187958981,3.0541486904919486,5.975988423153693,3.873109623597448,1.3608556461221606,0.6078901729328229
