rms,media,desvio_padrao,minimo,skewness,kurtosis,pico_a_pico,crest_factor,shape_factor,mean_abs
0.393634473752349,0.0056552722424004,0.3935938475410319,-1.2759279441117763,0.1922819139423531,4.31682363056208,2.821092115768463,3.925378173632248,1.5755428326384766,0.2498405410490494
