rms,media,desvio_padrao,minimo,skewness,kurtosis,pico_a_pico,crest_factor,shape_factor,mean_abs
0.6668580207882807,0.0162301986191551,0.666660483711496,-2.1676968063872253,0.4599583835380078,4.070737303443904,4.842191217564871,4.010590452246753,1.444389277842118,0.4616885704001833
