rms,media,desvio_padrao,minimo,skewness,kurtosis,pico_a_pico,crest_factor,shape_factor,mean_abs
0.3628564479533464,0.0153947228493832,0.3625297288909012,-0.8138000000000001,0.1299845191985025,0.500204824206893,1.8200856287425151,2.773233421697101,1.3323567915564605,0.2723418008245803
