rms,media,desvio_padrao,minimo,skewness,kurtosis,pico_a_pico,crest_factor,shape_factor,mean_abs
0.8820062316938414,0.0270647549163967,0.8815908868563046,-2.468607884231537,0.3939020793732341,2.3481112795193297,5.745330538922156,3.71507880210536,1.478223960811753,0.5966661717548509
