rms,media,desvio_padrao,minimo,skewness,kurtosis,pico_a_pico,crest_factor,shape_factor,mean_abs
0.3227997324509403,0.0119696050521907,0.3225777360967325,-0.7382676646706586,0.3165294206234192,0.9424228998840364,1.9435363273453092,3.733796969171372,1.309415847330159,0.246521938091031
