rms,media,desvio_padrao,minimo,skewness,kurtosis,pico_a_pico,crest_factor,shape_factor,mean_abs
0.374746464203774,0.0090404469749026,0.3746374016989287,-1.0127830339321358,0.2876212848412913,2.7429167483455243,2.412161676646707,3.734201056940828,1.4719196430000463,0.2545970943359183
