rms,media,desvio_padrao,minimo,skewness,kurtosis,pico_a_pico,crest_factor,shape_factor,mean_abs
0.5079165037645432,0.0165963433788161,0.5076452857880683,-2.056834830339321,-0.6083760599387088,4.149772437915431,3.685653093812375,4.049553056643373,1.4955322659531003,0.3396225647066523
