rms,media,desvio_padrao,minimo,skewness,kurtosis,pico_a_pico,crest_factor,shape_factor,mean_abs
0.7378204281504254,0.0062477610353064,0.7377939750893353,-2.5092166666666667,0.5756894505957637,5.520410568926415,5.6088850299401205,4.201114858047139,1.513741013262627,0.4874152326494552
