rms,media,desvio_padrao,minimo,skewness,kurtosis,pico_a_pico,crest_factor,shape_factor,mean_abs
0.6533855355869267,0.0355127130983934,0.6524197309421338,-1.7132845309381235,0.3963806964111757,1.4064425093950197,3.913874451097804,3.3679807713877885,1.4167711794371938,0.461179296325382
