rms,media,desvio_padrao,minimo,skewness,kurtosis,pico_a_pico,crest_factor,shape_factor,mean_abs
0.3896402102594525,0.0116400747684957,0.3894663042041175,-0.8730888223552894,0.2364957960299318,0.569470227971308,2.0986618762475047,3.145396757372999,1.3487421781777926,0.2888915439612579
