rms,media,desvio_padrao,minimo,skewness,kurtosis,pico_a_pico,crest_factor,shape_factor,mean_abs
0.5407915628201162,0.0005225884296979,0.5407913103210487,-1.3084149700598804,0.0233256945701099,-0.0991925611127748,2.720382335329341,2.61092713411863,1.2622753612670323,0.4284259832793429
