rms,media,desvio_padrao,minimo,skewness,kurtosis,pico_a_pico,crest_factor,shape_factor,mean_abs
0.3640484160340432,0.0110209572657962,0.3638815572653295,-1.032275249500998,-0.3342161762709778,-0.2512128935424043,1.7612028942115767,2.835543856354719,1.206550690768843,0.3017265820817382
