rms,media,desvio_padrao,minimo,skewness,kurtosis,pico_a_pico,crest_factor,shape_factor,mean_abs
0.5898035067992768,0.009047104152351,0.5897341151223838,-1.6544017964071855,0.0712507631470962,0.7808049477761028,3.5211875249501,3.1650977096991437,1.2412838240038977,0.4751560403782599
