rms,media,desvio_padrao,minimo,skewness,kurtosis,pico_a_pico,crest_factor,shape_factor,mean_abs
0.9010428240535142,0.0268151107620824,0.9006437256835521,-2.4872879241516963,0.3613366771298227,1.8572305173764436,5.656803393213572,3.517608025335801,1.4051876241804224,0.6412259890055954
