rms,media,desvio_padrao,minimo,skewness,kurtosis,pico_a_pico,crest_factor,shape_factor,mean_abs
0.604083839322457,0.0132810690095219,0.6039378263832497,-1.94678502994012,0.1225118158262177,2.4787419986365355,4.078746107784431,3.529247000276531,1.380900537490943,0.437456444488073
