rms,media,desvio_padrao,minimo,skewness,kurtosis,pico_a_pico,crest_factor,shape_factor,mean_abs
0.6223374713244476,0.0219919857007296,0.6219487766524239,-1.582118163672655,0.2261378538902306,0.6814290961728724,3.475299600798403,3.042049570141925,1.304262736372365,0.4771565222014986
