rms,media,desvio_padrao,minimo,skewness,kurtosis,pico_a_pico,crest_factor,shape_factor,mean_abs
0.5074738386497252,0.0036015329995746,0.5074610584802939,-1.872064870259481,0.4085607447762349,4.6769720774990455,4.034888622754491,4.261941380564172,1.507645656137791,0.3366002061450869
