rms,media,desvio_padrao,minimo,skewness,kurtosis,pico_a_pico,crest_factor,shape_factor,mean_abs
0.3042490926046814,0.0114037449690782,0.3040353021467281,-1.099279740518962,-0.1762621661017939,2.15162324304099,2.0227234530938123,3.6130912704061338,1.361203750434077,0.2235147328294231
