rms,media,desvio_padrao,minimo,skewness,kurtosis,pico_a_pico,crest_factor,shape_factor,mean_abs
0.1950728443712177,0.001814080854684,0.1950644091620252,-0.5210106786427146,-0.0014695154456153,0.378685093168484,1.1025284431137723,2.981028786172037,1.3048620898804253,0.1494969053695887
