rms,media,desvio_padrao,minimo,skewness,kurtosis,pico_a_pico,crest_factor,shape_factor,mean_abs
0.6495207533325973,0.0087941314093125,0.6494612169040583,-1.9955155688622757,0.376027117258539,2.6907168441598897,4.476712175648703,3.820042075723932,1.3575104097159532,0.4784646575701056
