rms,media,desvio_padrao,minimo,skewness,kurtosis,pico_a_pico,crest_factor,shape_factor,mean_abs
0.6397815351240521,0.0130846822747946,0.6396477184946855,-1.814806487025948,0.4121037091340135,2.484011127909925,4.190420259481038,3.713164013079033,1.4222146710849686,0.4498487803082359
