rms,media,desvio_padrao,minimo,skewness,kurtosis,pico_a_pico,crest_factor,shape_factor,mean_abs
0.4064075306307814,0.0222324830014767,0.4057989621142452,-1.336841117764471,-0.4544442802121171,1.6904493873826758,2.332162375249501,3.2894103012549305,1.4067566726246794,0.2888968209921619
