rms,media,desvio_padrao,minimo,skewness,kurtosis,pico_a_pico,crest_factor,shape_factor,mean_abs
0.42352711706879,0.0153847370832106,0.4232475974621487,-1.3660794411177644,0.4273501873115447,6.2177995287982055,3.196317265469061,4.321418276634285,1.7770347932536104,0.2383336098295213
