rms,media,desvio_padrao,minimo,skewness,kurtosis,pico_a_pico,crest_factor,shape_factor,mean_abs
0.1692880877161081,0.0187865547593337,0.1682424500619605,-0.5177619760479042,0.392442788805616,1.840414668706156,1.1212084830339322,3.56461293365185,1.3449732342126044,0.125867254016557
