rms,media,desvio_padrao,minimo,skewness,kurtosis,pico_a_pico,crest_factor,shape_factor,mean_abs
0.6465040966940176,0.0113205302509734,0.6464049757210912,-1.8383595808383235,0.4763368298553024,3.339636281516425,4.388997205588822,3.9452768169506034,1.5167994732519223,0.4262291147213769
