rms,media,desvio_padrao,minimo,skewness,kurtosis,pico_a_pico,crest_factor,shape_factor,mean_abs
0.6850933351055609,0.0087209024573803,0.6850378264493059,-1.850136127744511,0.5155253241566163,1.906880954451504,4.122603592814372,3.3170187894467147,1.367199602355707,0.5010924037171559
