rms,media,desvio_padrao,minimo,skewness,kurtosis,pico_a_pico,crest_factor,shape_factor,mean_abs
0.4050485589857924,0.0177646780210071,0.4046588085675102,-1.2844557884231536,-0.4999954245010205,1.1937216432053015,2.3345989021956086,3.171115561154749,1.3091886515837825,0.3093889933248257
