rms,media,desvio_padrao,minimo,skewness,kurtosis,pico_a_pico,crest_factor,shape_factor,mean_abs
0.682610171820249,0.025536932691993,0.6821323271485925,-1.7319645708582834,0.322810785403311,1.3148049894318683,3.9638232534930142,3.2695948211308576,1.372032486507328,0.4975174994273747
