rms,media,desvio_padrao,minimo,skewness,kurtosis,pico_a_pico,crest_factor,shape_factor,mean_abs
0.722517039559546,0.0197451883119007,0.7222471875974444,-1.623539121756487,0.3803128963666415,0.5145636790437353,3.8188499001996,3.038420768292742,1.3021396605196958,0.554869083145185
