rms,media,desvio_padrao,minimo,skewness,kurtosis,pico_a_pico,crest_factor,shape_factor,mean_abs
0.3007622675070309,0.0168859305978207,0.3002878733878815,-0.8617183632734531,0.6608856802808198,5.016010651449581,2.2330769461077846,4.559609801459796,1.543329175944444,0.1948788840352082
