rms,media,desvio_padrao,minimo,skewness,kurtosis,pico_a_pico,crest_factor,shape_factor,mean_abs
0.1901778027670523,0.0133842552599718,0.1897062423233346,-0.4073060878243513,0.2672540093261265,-0.4652383571666809,0.8454748502994012,2.303995293350614,1.2299986077103264,0.1546162748273944
