rms,media,desvio_padrao,minimo,skewness,kurtosis,pico_a_pico,crest_factor,shape_factor,mean_abs
0.4449223330792436,0.023269162488032,0.4443134350318287,-0.9616159680638724,0.3110615241650737,0.6569838817898326,2.3276954091816364,3.0703773210558447,1.3212277689715848,0.3367491537250701
