rms,media,desvio_padrao,minimo,skewness,kurtosis,pico_a_pico,crest_factor,shape_factor,mean_abs
0.3651367637443927,0.0093633200811491,0.3650166906797364,-1.318973253493014,-0.6035312212655478,2.8780851771176623,2.3979486027944112,3.612271851147634,1.4815333006804092,0.2464586949052714
