rms,media,desvio_padrao,minimo,skewness,kurtosis,pico_a_pico,crest_factor,shape_factor,mean_abs
0.4471830542138526,0.0102986535126468,0.4470644491702017,-1.4566370259481038,0.2392806892335837,3.7235222095193543,3.217839920159681,3.938438359002154,1.625286017960036,0.2751411439416249
