rms,media,desvio_padrao,minimo,skewness,kurtosis,pico_a_pico,crest_factor,shape_factor,mean_abs
0.2634288055467563,0.0269998880288204,0.262041488391098,-0.8535966067864271,0.9307936031529294,7.940271608282115,2.304142315369261,5.506405062924582,1.5382092286572744,0.1712568099573211
