rms,media,desvio_padrao,minimo,skewness,kurtosis,pico_a_pico,crest_factor,shape_factor,mean_abs
0.2899204799442852,0.0126453085632014,0.2896445767875969,-0.7748155688622754,-0.3324346542383061,0.5389707406129824,1.47734750499002,2.6725106450264358,1.3091266107361628,0.2214609935865973
