rms,media,desvio_padrao,minimo,skewness,kurtosis,pico_a_pico,crest_factor,shape_factor,mean_abs
0.3397588622346735,0.0088939890710382,0.3396424317210735,-0.8686218562874252,0.2706506734031423,1.0192946918893666,1.9268867265469063,3.114752808209403,1.3629352606744596,0.2492846667321095
