rms,media,desvio_padrao,minimo,skewness,kurtosis,pico_a_pico,crest_factor,shape_factor,mean_abs
0.4015492468541621,0.0074660245083603,0.4014798327776694,-1.5666868263473055,-0.3277074117730162,3.027387912618692,2.755305888223553,3.901605690014673,1.3883657219791354,0.2892244028336769
