rms,media,desvio_padrao,minimo,skewness,kurtosis,pico_a_pico,crest_factor,shape_factor,mean_abs
0.5430521305552402,-0.0004589122567872,0.5430519366507462,-1.597955588822355,0.0859309192500502,2.2843600531521147,3.596313772455089,3.6798643651200234,1.4490422996993144,0.3747662374438116
