rms,media,desvio_padrao,minimo,skewness,kurtosis,pico_a_pico,crest_factor,shape_factor,mean_abs
0.5766061199270728,-0.0015278222244036,0.5766040958028346,-1.502118862275449,-0.1749174961812926,-0.2847532465472366,2.6111447105788423,2.605103918191906,1.273391844146811,0.452811224272766
