rms,media,desvio_padrao,minimo,skewness,kurtosis,pico_a_pico,crest_factor,shape_factor,mean_abs
0.8274260154697725,0.0047265959883511,0.8274125152344187,-2.6192664670658683,0.4436545664464362,3.166135417266638,5.861877744510978,3.918913856732088,1.3837149951309562,0.5979743071234579
