rms,media,desvio_padrao,minimo,skewness,kurtosis,pico_a_pico,crest_factor,shape_factor,mean_abs
0.524912411811237,0.0205640211380517,0.5245094480637346,-1.1943042914171655,0.4443572564442439,0.1574094384891089,2.730128443113772,2.9258674726268468,1.2555788183197958,0.4180640865809364
