rms,media,desvio_padrao,minimo,skewness,kurtosis,pico_a_pico,crest_factor,shape_factor,mean_abs
0.2946907677861805,0.0085977446745852,0.2945653194198515,-0.8605000998003992,0.0838681994313874,1.1455324462048075,1.7128784431137725,2.920010376520361,1.3228330424467771,0.2227724575439285
