rms,media,desvio_padrao,minimo,skewness,kurtosis,pico_a_pico,crest_factor,shape_factor,mean_abs
0.4307712144644071,0.0080551847125421,0.4306958941183292,-1.2470957085828345,0.1420366207980481,1.6656259613962463,2.6996718562874253,3.3720362432077304,1.4146870598106092,0.3044992964889892
