rms,media,desvio_padrao,minimo,skewness,kurtosis,pico_a_pico,crest_factor,shape_factor,mean_abs
0.3537523782859946,0.0066971205130722,0.3536889787932765,-1.0517674650698603,0.3477914090725156,2.4715481806969484,2.4064764471057885,3.8295402806895056,1.3975722780767084,0.2531192009423775
