rms,media,desvio_padrao,minimo,skewness,kurtosis,pico_a_pico,crest_factor,shape_factor,mean_abs
0.7669664789720488,0.0125088364255096,0.7668644657813154,-2.557541117764471,0.5087520512941899,4.467397624076019,5.6105093812375255,3.980575875447505,1.40358371249289,0.5464344393180852
