rms,media,desvio_padrao,minimo,skewness,kurtosis,pico_a_pico,crest_factor,shape_factor,mean_abs
0.6870205939146354,0.0193790435522397,0.6867472236083803,-1.7770403193612774,0.4081542483512996,1.663226227204742,4.099456586826348,3.380417251005488,1.3614054952357553,0.5046406792971434
