rms,media,desvio_padrao,minimo,skewness,kurtosis,pico_a_pico,crest_factor,shape_factor,mean_abs
0.3706491864078693,0.0262259505579006,0.3697201900115139,-1.148416367265469,0.1670317142668893,0.5389612956884369,2.3394719560878245,3.213431008348944,1.254726967928676,0.2954022635057753
