rms,media,desvio_padrao,minimo,skewness,kurtosis,pico_a_pico,crest_factor,shape_factor,mean_abs
0.5111598655781118,0.0134441698570072,0.5109830354079177,-1.359582035928144,0.5368390246876746,1.934220866994643,3.205657285429142,3.6115418557228143,1.3778097709566084,0.370994513432152
