rms,media,desvio_padrao,minimo,skewness,kurtosis,pico_a_pico,crest_factor,shape_factor,mean_abs
0.8306114431481685,0.0139501153430843,0.8304942888247925,-2.574596806387225,0.3349356676912844,2.878905492225173,5.7644166666666665,3.840327371591997,1.4078263136034257,0.5899956799515723
