rms,media,desvio_padrao,minimo,skewness,kurtosis,pico_a_pico,crest_factor,shape_factor,mean_abs
0.7431583389568557,0.0136971426000458,0.743032102298216,-2.084854890219561,0.5329429097332489,2.470143628153308,4.821480738522954,3.6824263482593698,1.370709611519243,0.5421705171623966
