rms,media,desvio_padrao,minimo,skewness,kurtosis,pico_a_pico,crest_factor,shape_factor,mean_abs
0.3692241066199825,0.0107200582574688,0.369068450643347,-0.8982662674650699,0.0919292357023961,1.217171491054517,2.18475249500998,3.484296405567592,1.411212325907205,0.2616361123281891
