rms,media,desvio_padrao,minimo,skewness,kurtosis,pico_a_pico,crest_factor,shape_factor,mean_abs
0.4169373175474378,0.0256800620071332,0.4161457210869322,-1.4468909181636729,-0.428377580564535,2.116664577007816,2.6850526946107784,3.470284038557067,1.365181383246744,0.3054080012106934
