rms,media,desvio_padrao,minimo,skewness,kurtosis,pico_a_pico,crest_factor,shape_factor,mean_abs
0.4336531816388504,-0.0033918319099505,0.4336399167763416,-1.457043113772455,-0.2195600070496434,1.019045730038325,2.5766272455089823,3.3599271848209136,1.2989301466682852,0.3338541204476293
