rms,media,desvio_padrao,minimo,skewness,kurtosis,pico_a_pico,crest_factor,shape_factor,mean_abs
0.4262106388482181,0.011243972710317,0.4260622979625114,-1.6040469061876248,-0.3612225074294659,2.699350145398692,2.829213872255489,3.7635074303221634,1.370613445840754,0.310963415791368
