rms,media,desvio_padrao,minimo,skewness,kurtosis,pico_a_pico,crest_factor,shape_factor,mean_abs
0.2996075962473319,0.009989094761297,0.2994410287768764,-1.2052686626746507,-0.7914906051703031,3.86657424387584,1.9195771457085828,4.022824113176616,1.4983503091497077,0.1999583104283236
