rms,media,desvio_padrao,minimo,skewness,kurtosis,pico_a_pico,crest_factor,shape_factor,mean_abs
0.7915974653090966,0.0229073475998822,0.7912659480286793,-2.684240518962076,0.5780571167052259,5.2798469059639,5.948780538922156,4.123989986104072,1.491955741952653,0.5305770426360394
