rms,media,desvio_padrao,minimo,skewness,kurtosis,pico_a_pico,crest_factor,shape_factor,mean_abs
0.5149659672856091,0.0197718170216943,0.5145862636274541,-1.3928812375249502,0.2705279578016396,1.9869096210233792,3.2422051896207584,3.5911576095865407,1.4115618486183945,0.3648199813487779
