rms,media,desvio_padrao,minimo,skewness,kurtosis,pico_a_pico,crest_factor,shape_factor,mean_abs
0.3282329608546748,0.0068469070056608,0.3281615401839197,-1.0761327345309382,-0.1552875578503747,0.258003424989127,1.829831736526946,3.2785638947680087,1.2557495941803984,0.2613840867445437
