rms,media,desvio_padrao,minimo,skewness,kurtosis,pico_a_pico,crest_factor,shape_factor,mean_abs
0.4806569044976522,0.0124921934818886,0.4804945420535765,-1.877750099800399,-0.5175105496010967,4.236420341542668,3.2848444111776445,3.90663294801286,1.5009886340060956,0.3202268782107915
