rms,media,desvio_padrao,minimo,skewness,kurtosis,pico_a_pico,crest_factor,shape_factor,mean_abs
0.1968023357842938,0.0129648530807237,0.1963748251552352,-0.5360359281437126,0.1007628425171107,1.095522202769463,1.0724779441117764,2.725790899941521,1.3562302566322868,0.145109825431105
