rms,media,desvio_padrao,minimo,skewness,kurtosis,pico_a_pico,crest_factor,shape_factor,mean_abs
0.232190631813136,0.0009619621412911,0.2321886391075627,-0.9534942115768462,-0.5813605221694611,2.9154715863512437,1.5841486027944112,4.10651456577372,1.4147952482173636,0.1641160670462353
