rms,media,desvio_padrao,minimo,skewness,kurtosis,pico_a_pico,crest_factor,shape_factor,mean_abs
0.6758509082906199,0.0103785396420274,0.6757712158357699,-2.08769750499002,0.3886482127549862,2.8273980640411915,4.590010678642715,3.702463284367867,1.366399831858412,0.4946216272373286
