rms,media,desvio_padrao,minimo,skewness,kurtosis,pico_a_pico,crest_factor,shape_factor,mean_abs
0.4019965455291228,-0.0058283588560583,0.4019542919915063,-1.2523748502994012,-0.0348625370248059,1.059271024403034,2.253381337325349,3.115387095306948,1.298681292826494,0.3095421084061385
