rms,media,desvio_padrao,minimo,skewness,kurtosis,pico_a_pico,crest_factor,shape_factor,mean_abs
0.3511922696111391,0.0108911423055528,0.3510233514367715,-1.3729829341317366,0.490209252852019,11.036470096803884,3.192256387225549,5.180277615757943,1.82931997622911,0.1919796832564379
