rms,media,desvio_padrao,minimo,skewness,kurtosis,pico_a_pico,crest_factor,shape_factor,mean_abs
0.4803055122183731,0.011976262229639,0.4801561768949355,-1.8533848303393208,-0.6539836560843277,3.323455868936578,3.092358782435129,3.8587623568572975,1.4194641102067578,0.3383710153463565
