rms,media,desvio_padrao,minimo,skewness,kurtosis,pico_a_pico,crest_factor,shape_factor,mean_abs
0.6447925978709211,0.0227043036877065,0.6443927442664045,-1.5764329341317365,0.4039124817943344,0.4781429439781028,3.382305489021956,2.800702987058377,1.279506911136581,0.5039383470763391
