rms,media,desvio_padrao,minimo,skewness,kurtosis,pico_a_pico,crest_factor,shape_factor,mean_abs
0.4662113028347566,0.008804117175485,0.4661281652202981,-1.2885166666666668,0.0963437985078155,0.7898051381615652,2.788199001996008,3.2167438374201893,1.327671963192771,0.3511494674585255
