rms,media,desvio_padrao,minimo,skewness,kurtosis,pico_a_pico,crest_factor,shape_factor,mean_abs
0.6323380621526857,0.0097061647197408,0.6322635646733465,-1.3567394211576846,0.2890237266564578,0.0723906110673042,3.0846431137724557,2.732563158909683,1.271922637272764,0.4971513546677137
