rms,media,desvio_padrao,minimo,skewness,kurtosis,pico_a_pico,crest_factor,shape_factor,mean_abs
0.4106343899975239,0.0204826736770361,0.4101232282225412,-1.4781596806387227,0.4992109612937478,8.09054492196963,3.3733715568862275,4.615326729597423,1.8443178909195403,0.2226483796634374
