rms,media,desvio_padrao,minimo,skewness,kurtosis,pico_a_pico,crest_factor,shape_factor,mean_abs
0.3134035260212,0.0051826126435653,0.3133606718283386,-1.118365868263473,-0.317954679744836,0.8465467594602312,1.8363291417165668,3.5684533689254723,1.2870627642322952,0.2435029081181898
