rms,media,desvio_padrao,minimo,skewness,kurtosis,pico_a_pico,crest_factor,shape_factor,mean_abs
0.3454255957665432,0.007339538136841,0.3453476124003309,-0.9794838323353292,0.6782306711324094,2.0100664441017777,2.2200821357285427,3.5915065895454807,1.4395454345377114,0.2399546325382022
