rms,media,desvio_padrao,minimo,skewness,kurtosis,pico_a_pico,crest_factor,shape_factor,mean_abs
0.2334389293597763,0.0042572649782402,0.2334001059030258,-0.8678096806387225,-0.4112272969333169,1.2898663601675544,1.4582613772455089,3.717501973722872,1.311285881096956,0.1780229107359052
