rms,media,desvio_padrao,minimo,skewness,kurtosis,pico_a_pico,crest_factor,shape_factor,mean_abs
0.3653104303446925,0.0141564878439841,0.3650360316058507,-1.3283132734530938,-0.3516106392222952,1.8733528311242509,2.2732796407185627,3.636121947571411,1.373704134608639,0.2659309389417886
