rms,media,desvio_padrao,minimo,skewness,kurtosis,pico_a_pico,crest_factor,shape_factor,mean_abs
0.5071384371514679,0.0045701523183141,0.5071178444348224,-1.9354145708582835,-0.4500305919350831,2.6126859052731763,3.407076846307385,3.8163436826623927,1.3802454632082253,0.3674262663198194
