rms,media,desvio_padrao,minimo,skewness,kurtosis,pico_a_pico,crest_factor,shape_factor,mean_abs
0.3736415072433059,0.0113407453385911,0.3734693607649959,-1.3210036926147704,-0.1201834595844708,1.906967832005656,2.4478974051896207,3.53548432657019,1.399210344651959,0.267037410544764
