rms,media,desvio_padrao,minimo,skewness,kurtosis,pico_a_pico,crest_factor,shape_factor,mean_abs
0.4184038463565135,0.0218222276757959,0.4178343798985319,-1.3124758483033931,-0.3758794804762131,1.179154486205361,2.261097005988024,3.136863725638552,1.3104404956311972,0.3192848876018455
