rms,media,desvio_padrao,minimo,skewness,kurtosis,pico_a_pico,crest_factor,shape_factor,mean_abs
0.4048880913786687,0.009429891855633,0.4047782648313175,-1.1232389221556889,0.2259178855968183,1.47265702869971,2.356121556886228,3.044996039603185,1.414101152933711,0.2863218734661824
