rms,media,desvio_padrao,minimo,skewness,kurtosis,pico_a_pico,crest_factor,shape_factor,mean_abs
0.3270999926678536,0.025319410771952,0.3261185867770665,-0.7809068862275449,0.4757423665922513,1.293248916383845,1.9756172654690616,3.652431690680772,1.356137867805456,0.2411996600295344
