rms,media,desvio_padrao,minimo,skewness,kurtosis,pico_a_pico,crest_factor,shape_factor,mean_abs
0.5824542153073832,0.0168575970011197,0.5822102149161309,-1.7754159680638724,0.4692249745774049,3.3205565174045977,4.139659281437126,4.0591058511363896,1.4580376678093754,0.3994781672427502
