rms,media,desvio_padrao,minimo,skewness,kurtosis,pico_a_pico,crest_factor,shape_factor,mean_abs
0.2033663329034279,0.0214327827950656,0.2022337785342682,-0.6765423153692615,-0.1298705184525275,2.410089805956754,1.3660794411177646,3.390615919085986,1.398769754184211,0.145389426883937
