rms,media,desvio_padrao,minimo,skewness,kurtosis,pico_a_pico,crest_factor,shape_factor,mean_abs
0.4421161585252836,0.0196539903931973,0.4416790897142153,-1.6743000998003992,-0.5720007696183789,3.126165495575481,2.880787025948104,3.787014040348968,1.4062168810133768,0.3144011172776398
