rms,media,desvio_padrao,minimo,skewness,kurtosis,pico_a_pico,crest_factor,shape_factor,mean_abs
0.2353251356885328,0.0213495680769608,0.2343546787025034,-0.7378615768463074,-0.0355661361584224,1.92672690251462,1.4919666666666669,3.2045241899635557,1.416229392297226,0.1661631491116128
