rms,media,desvio_padrao,minimo,skewness,kurtosis,pico_a_pico,crest_factor,shape_factor,mean_abs
0.3576941217044639,0.0164265853538823,0.3573167390363058,-1.1175536926147704,-0.1295680493290948,0.3404936995964989,2.0393730538922155,3.1243278119569493,1.245421509204402,0.2872072780668172
