rms,media,desvio_padrao,minimo,skewness,kurtosis,pico_a_pico,crest_factor,shape_factor,mean_abs
0.4486893198147092,0.0116467319459441,0.448538135893444,-1.2881105788423153,-0.1125562156197165,0.2003925216761581,2.4215016966067866,2.8708295962432397,1.2628337786964368,0.3553035461863159
