rms,media,desvio_padrao,minimo,skewness,kurtosis,pico_a_pico,crest_factor,shape_factor,mean_abs
0.5253985217495065,0.0184670102418114,0.5250738768871438,-1.53054500998004,0.2870044481180204,2.1222079406499805,3.3595645708582835,3.481204238618438,1.4307074422787118,0.3672298795850921
