rms,media,desvio_padrao,minimo,skewness,kurtosis,pico_a_pico,crest_factor,shape_factor,mean_abs
0.8345460423514476,0.0065606483753804,0.8345202542163724,-2.8166251497005987,0.4979637757156015,4.234363044891396,6.150200099800399,3.994476974220616,1.4343042407771385,0.5818472947547528
