rms,media,desvio_padrao,minimo,skewness,kurtosis,pico_a_pico,crest_factor,shape_factor,mean_abs
0.3221351846631989,0.0126586229180982,0.3218863719759049,-1.0428335329341318,0.1341893699309524,3.100554190713776,2.236731736526946,3.706202428154712,1.5666257866838749,0.2056235684368967
