rms,media,desvio_padrao,minimo,skewness,kurtosis,pico_a_pico,crest_factor,shape_factor,mean_abs
0.639242469827509,0.0263329795693166,0.638699858633283,-1.9926729540918164,0.3821905657416808,2.7895318304691448,4.358540618762476,3.701048938924625,1.3824882499030848,0.4623854632199016
