rms,media,desvio_padrao,minimo,skewness,kurtosis,pico_a_pico,crest_factor,shape_factor,mean_abs
0.405942783827187,0.0192049827174918,0.4054882395090974,-1.1930860279441118,-0.3660252025436543,0.977468228278386,2.227797804391217,2.9390497268994875,1.3199650959691418,0.3075405441150219
