rms,media,desvio_padrao,minimo,skewness,kurtosis,pico_a_pico,crest_factor,shape_factor,mean_abs
0.3940663770079688,0.0115834887601845,0.3938960932483709,-1.3291254491017963,0.2575841929521399,4.813439590203354,2.931548003992016,4.066377261254682,1.661498654723622,0.2371752609535028
