rms,media,desvio_padrao,minimo,skewness,kurtosis,pico_a_pico,crest_factor,shape_factor,mean_abs
0.7048734750129899,0.0136749249468542,0.704740812075323,-1.850136127744511,0.4259342488284723,1.349843271166455,4.193668962075849,3.324756736360592,1.3207172668320748,0.5337050500624767
