rms,media,desvio_padrao,minimo,skewness,kurtosis,pico_a_pico,crest_factor,shape_factor,mean_abs
0.2420997215218964,0.018250651974739,0.2414108300459545,-1.1065893213572853,0.3517536529251882,8.859192490961142,2.3362232534930136,5.079039019152758,1.58837858936376,0.1524194062694283
