rms,media,desvio_padrao,minimo,skewness,kurtosis,pico_a_pico,crest_factor,shape_factor,mean_abs
0.3503530948890628,0.0150651925656882,0.350029043182567,-0.905169760479042,0.0629898654976239,0.5818441914944175,1.8550091816367265,2.711091852801944,1.3258061176664562,0.2642566588135204
