rms,media,desvio_padrao,minimo,skewness,kurtosis,pico_a_pico,crest_factor,shape_factor,mean_abs
0.7514841821210007,0.0089805323778672,0.7514305197530103,-1.5114588822355288,0.2201951501367068,-0.3365957631875416,3.3368236526946102,2.4290128972603835,1.242660760284471,0.604737999411014
