rms,media,desvio_padrao,minimo,skewness,kurtosis,pico_a_pico,crest_factor,shape_factor,mean_abs
0.3241487730995663,0.0086543306828964,0.3240332230842775,-0.8373530938123752,0.4761549440994616,2.2433186877208264,2.0458704590818364,3.728279930580672,1.4717574289842623,0.2202460587022675
