rms,media,desvio_padrao,minimo,skewness,kurtosis,pico_a_pico,crest_factor,shape_factor,mean_abs
0.7050320523566312,0.0261094499525539,0.7045484308927092,-1.895617964071856,0.4881933207590458,1.664599993018367,4.2992517964071855,3.409254691756173,1.3716381343144437,0.5140073279670169
