rms,media,desvio_padrao,minimo,skewness,kurtosis,pico_a_pico,crest_factor,shape_factor,mean_abs
0.3562182388711095,0.005126026635254,0.3561813548676705,-1.098061477045908,-0.1889436784533573,0.2254075835411093,1.9545006986027944,3.082552652345294,1.2778549810087467,0.2787626484735447
