rms,media,desvio_padrao,minimo,skewness,kurtosis,pico_a_pico,crest_factor,shape_factor,mean_abs
0.5937301426858471,0.0083495618519059,0.5936714302967909,-1.7469898203592815,0.0579041183699844,0.7204754957190689,3.507380538922156,2.964967738709415,1.2785357928027563,0.4643828870713857
