rms,media,desvio_padrao,minimo,skewness,kurtosis,pico_a_pico,crest_factor,shape_factor,mean_abs
0.8757193416126896,0.0320476522365105,0.8751327403661059,-2.9900246506986026,0.4552728121946061,5.643020039535089,6.778011876247505,4.325572184546132,1.5820411589379175,0.5535376476555086
