rms,media,desvio_padrao,minimo,skewness,kurtosis,pico_a_pico,crest_factor,shape_factor,mean_abs
0.3273707006536196,0.0135673276398023,0.3270894423046333,-1.188619061876247,0.23308139014155,5.261831416759137,2.643631736526946,4.44454152966548,1.542328465675057,0.2122574457642093
