rms,media,desvio_padrao,minimo,skewness,kurtosis,pico_a_pico,crest_factor,shape_factor,mean_abs
0.4528951905170924,0.0231270344556787,0.4523043155562405,-1.010752594810379,0.3430344547088321,0.2986348578288602,2.316731037924152,2.883621796960735,1.3650450036040451,0.3317804096724583
