rms,media,desvio_padrao,minimo,skewness,kurtosis,pico_a_pico,crest_factor,shape_factor,mean_abs
0.7278674831721615,0.0265288521318019,0.7273838691254747,-2.5380489021956087,0.3815925771515286,4.7993938214777225,5.5414744510978045,4.126335656337871,1.5028349221921624,0.4843296309021301
