rms,skewness,kurtosis,crest_factor
0.645106578161953,-0.0100484295241482,1.202538290422372,3.1751450928682354
