rms,skewness,kurtosis,crest_factor
1.007362640003893,0.0459436104567935,0.1708010830328326,2.6674437059946463
