rms,skewness,kurtosis,crest_factor
0.7410368290361052,0.1114618982930912,0.3741536646359429,2.658893656224062
