rms,skewness,kurtosis,crest_factor
0.9395819788440198,0.0541018972157476,1.1637128463806763,2.8404218490016144
