rms,skewness,kurtosis,crest_factor
0.6369031422710265,0.0435063967990314,-0.7770004243182034,2.125749924171501
