rms,skewness,kurtosis,crest_factor
0.9329659625750004,0.0680408159366103,0.3590142998270043,2.6742707589547243
