rms,skewness,kurtosis,crest_factor
0.673713019837993,0.0150882072070368,-0.5673378451966031,2.2904911840742006
