rms,skewness,kurtosis,crest_factor
0.6064853528459272,0.0803432941231574,1.0244303814849247,3.31239074058268
