rms,skewness,kurtosis,crest_factor
0.4049522098306712,0.0202772791288421,-0.6511119170140001,2.3585957544808305
