rms,skewness,kurtosis,crest_factor
0.5136464442065238,0.0669581920139822,-0.5265207677703838,2.5006613068399
