rms,skewness,kurtosis,crest_factor
0.9117809103126044,0.1112180938308069,1.2812590433679905,2.865121373462674
