rms,skewness,kurtosis,crest_factor
0.6960989308504273,0.0184930717352137,0.3234827835810634,2.714451298464348
