rms,skewness,kurtosis,crest_factor
0.7707405615245293,-0.0048853273005621,-0.1374253502809845,2.6243895210248875
