rms,skewness,kurtosis,crest_factor
0.7053429084745968,0.062456634066609,-0.8639685514915687,2.0329063928429267
