rms,skewness,kurtosis,crest_factor
0.8213532837430441,0.0621056626455496,0.9117156309204132,2.5106297288524746
