rms,skewness,kurtosis,crest_factor
0.6329402501028849,0.0027285422253197,0.7993296072891272,3.0327936095019306
