rms,skewness,kurtosis,crest_factor
0.5683472987269732,-0.0522953658252968,0.5724457665929759,2.8380197142420283
