rms,skewness,kurtosis,crest_factor
0.6541709714993105,0.0136299572060254,-0.1073972174555097,2.6810931542154224
