rms,skewness,kurtosis,crest_factor
0.5086752897654537,-0.0295674910241966,2.3575557923948223,3.246784765971722
