rms,skewness,kurtosis,crest_factor
0.653984371553752,0.0664422894195544,1.155506549054699,2.9072609015038267
