rms,skewness,kurtosis,crest_factor
0.4793378795337494,0.0712605680101968,-0.946246483307903,2.012911375994745
