rms,skewness,kurtosis,crest_factor
0.8023642509252106,0.086250328841282,1.0497800975011593,3.006317484690064
