rms,skewness,kurtosis,crest_factor
0.6742502156554437,0.0192494720475856,1.7739896880220618,3.3414527681105204
