rms,skewness,kurtosis,crest_factor
0.686154422774205,0.0751464562968287,-0.5423897401038955,2.49397808280177
