rms,skewness,kurtosis,crest_factor
0.6460072749478419,-0.0164150147821306,-0.4952490140893877,2.2988335135584923
