rms,skewness,kurtosis,crest_factor
0.7532774176822234,-0.0175459228890687,1.1455336121331046,2.7450699477481555
