rms,skewness,kurtosis,crest_factor
0.580393506798378,0.0286806385532911,0.1114428228103108,3.065983381040055
