rms,skewness,kurtosis,crest_factor
0.6835947746772657,0.0650881941023706,-0.751951323759608,2.0595629738255967
