rms,skewness,kurtosis,crest_factor
0.6645339202973087,0.0791411662726833,-0.5553038599985687,2.302574594643887
