rms,skewness,kurtosis,crest_factor
0.7675572857510419,0.0806427238898787,1.1671140882955109,2.9109165544492464
