rms,skewness,kurtosis,crest_factor
0.4351313941204914,0.0474838656726231,1.3041518245170916,3.3223818695331837
