rms,skewness,kurtosis,crest_factor
0.5970009745789365,-0.01134048139579,0.7805551463422171,3.227610688417946
