rms,skewness,kurtosis,crest_factor
0.7498117879897932,0.0474214826817257,0.1691546880811287,2.7274288243931584
