rms,skewness,kurtosis,crest_factor
0.7578391343233292,0.0728244685697319,1.4600140491336386,2.7960634011822108
