rms,skewness,kurtosis,crest_factor
0.6413190046527113,0.0149214168848592,0.8278353304973924,2.7734476255258795
