rms,skewness,kurtosis,crest_factor
0.6719491115286084,0.0695794779405713,-0.7317669780105218,2.0952576063730777
