rms,skewness,kurtosis,crest_factor
0.4960145675682905,-0.0169478606741235,-0.5344554384803439,2.531424750385661
