rms,skewness,kurtosis,crest_factor
0.6757496638917694,0.0459334363500564,0.3042396675253296,3.0822426741619475
