rms,skewness,kurtosis,crest_factor
0.6406223286414434,0.0225363920577027,-0.5975719531462853,2.3536552261828607
