rms,skewness,kurtosis,crest_factor
0.9938406209099976,0.0274655607186841,1.3696493397459086,2.800984360429195
