rms,skewness,kurtosis,crest_factor
0.4302890685501164,-0.0155586723765561,-0.6915358600077481,2.3650521526224253
