rms,skewness,kurtosis,crest_factor
1.0773977292157733,0.0905457216568113,1.185130556877565,2.880764602851111
