rms,skewness,kurtosis,crest_factor
0.9674444609409488,0.0341708415019636,0.9408054758019144,2.9357532738887984
