rms,skewness,kurtosis,crest_factor
0.5362088689975933,-0.0428777351814688,-0.2065798649756103,2.743811735854287
