rms,skewness,kurtosis,crest_factor
0.7868391778540799,0.1375239850848959,1.5930967205445423,3.082666246316629
