rms,skewness,kurtosis,crest_factor
0.8281286701673326,0.0780604653566849,-0.34826641979976,2.328757773178695
