rms,skewness,kurtosis,crest_factor
0.6647301849582578,-0.017350138562789,0.974474436639003,3.2817883733565654
