rms,skewness,kurtosis,crest_factor
1.209467626434212,0.0445662593547621,0.3048253442589494,2.5574648634484
