rms,skewness,kurtosis,crest_factor
0.9215258058742064,0.1197886914029124,0.8616178362716327,3.039293861004715
