rms,skewness,kurtosis,crest_factor
0.510789998948503,0.0307918993595544,-0.1990398244334001,2.6259482107980032
