rms,skewness,kurtosis,crest_factor
0.6641012626824854,-0.0024100994506909,-0.2288107243820833,2.4862971757393133
