rms,skewness,kurtosis,crest_factor
0.622063322234851,0.0186217535200208,0.0532057145867623,2.4493350797345985
