rms,skewness,kurtosis,crest_factor
0.7226374504700264,0.0761899105531594,2.3195361338719502,3.469493901698779
