rms,skewness,kurtosis,crest_factor
1.2706731895674397,0.0747929850000027,0.35168873383456,2.413504333513941
