rms,skewness,kurtosis,crest_factor
0.9045219642926824,0.046995306913095,-0.2776536037464145,2.492137949062172
