rms,skewness,kurtosis,crest_factor
0.7554273484257924,0.0690346524912157,1.1165586147631057,3.0705449803058973
