rms,skewness,kurtosis,crest_factor
1.0526525660045922,0.0614966659917663,0.558051122005057,2.8790443599417506
