rms,skewness,kurtosis,crest_factor
1.204537284516609,0.0625565052898741,0.2934997119247118,2.356888422245244
