rms,skewness,kurtosis,crest_factor
0.932873482735397,0.0572365825075876,0.1135211950853865,2.739396848487296
