rms,skewness,kurtosis,crest_factor
0.6408617308157135,0.0920997864489093,0.4968090981824278,3.0814838753232325
