rms,skewness,kurtosis,crest_factor
0.9124049057342224,0.0982188091541002,1.0383926435374216,2.6602081059554585
