rms,skewness,kurtosis,crest_factor
0.6204449632450942,0.0377801534417066,-0.619496575910635,2.243662442830306
