rms,skewness,kurtosis,crest_factor
0.6487916318140496,0.0432798454870873,0.031837100845852,2.7965841577340544
