rms,skewness,kurtosis,crest_factor
0.972052961086128,0.057629384561114,0.5512983717582491,2.590131002908349
