rms,skewness,kurtosis,crest_factor
0.6774245324377445,0.1119283023690144,0.3342974513433581,2.8252474253928086
