rms,skewness,kurtosis,crest_factor
0.8676435857673465,0.014108973123137,0.3140210568526851,2.7263056117153064
