rms,skewness,kurtosis,crest_factor
0.5140974771532955,-0.1281529952354111,0.505901410048319,3.027703305134854
