rms,skewness,kurtosis,crest_factor
0.8376157560735265,0.0734363905581522,0.0289894324111021,2.4041925027748787
