rms,skewness,kurtosis,crest_factor
0.762512940411674,0.1399692120285509,1.0070415681569225,2.9477481478162457
