rms,skewness,kurtosis,crest_factor
1.1002340527141872,0.0575698799902248,0.0710303254618152,2.7327587653552325
