rms,skewness,kurtosis,crest_factor
0.7286679954339419,0.1313815397332425,1.279875273631676,2.8494829729301805
