rms,skewness,kurtosis,crest_factor
0.6833486197354748,0.1410214834798015,0.1533861655138038,2.4935215522022176
