rms,skewness,kurtosis,crest_factor
0.5170646997692078,0.0610145853087813,-0.909694040602961,2.124429622367493
