rms,skewness,kurtosis,crest_factor
0.9512981427057218,0.0596154292795296,0.1158333264148829,2.7303088358434526
