rms,skewness,kurtosis,crest_factor
0.8873318339587799,0.0147589125155397,-0.1154090048358869,2.4813808085859987
