rms,skewness,kurtosis,crest_factor
0.6179607982859979,0.0650135260103189,-0.5319986916153447,2.561538440159699
