rms,skewness,kurtosis,crest_factor
0.832604948253263,0.0246846064187113,-0.269454736405974,2.3250169996513086
