rms,skewness,kurtosis,crest_factor
1.00680982284389,0.0695896410895268,1.796879198800272,2.8459751023575777
