rms,skewness,kurtosis,crest_factor
0.5009684384996455,0.0191379122853035,1.3070710001389192,3.115157341360419
