rms,skewness,kurtosis,crest_factor
0.7756079713962878,0.1630428333314155,0.5187886716044741,3.1990344327168976
