rms,skewness,kurtosis,crest_factor
1.010863491980461,0.0723196128328665,1.1828332782658464,2.851836561454909
