rms,skewness,kurtosis,crest_factor
0.6911436086299294,0.0553060081735033,-0.8118334584357414,2.248589272022845
