rms,skewness,kurtosis,crest_factor
0.739009259894905,0.0403628749515782,1.75277861780389,3.297567657377789
