rms,skewness,kurtosis,crest_factor
1.0217336161521455,0.0658507202693985,0.3351080545785598,2.618001851672147
