rms,skewness,kurtosis,crest_factor
1.0811863499069625,0.0746787459803914,0.6647083874549913,2.563433585187328
