rms,skewness,kurtosis,crest_factor
0.6403662518262462,-0.0153893415196823,0.1446740395698746,2.619670848691738
