rms,skewness,kurtosis,crest_factor
1.2717227614477895,0.090360314650079,0.3024296274357638,2.482401701226917
