rms,skewness,kurtosis,crest_factor
0.5447757072220913,0.004787325870081,0.5882658964708716,2.9712522904483736
