rms,skewness,kurtosis,crest_factor
0.5946316141029683,0.0530904991622432,-0.1253968964868979,2.4305242650889403
