rms,skewness,kurtosis,crest_factor
0.7049237231975489,0.047408228541589,1.09051746923621,2.7478702424274206
