rms,skewness,kurtosis,crest_factor
0.9497258631015004,0.0592260037977803,0.364714621428869,2.465023222322238
