rms,skewness,kurtosis,crest_factor
0.6851300884276368,0.0479646872251579,-0.5480997102520839,2.2546931012437827
