rms,skewness,kurtosis,crest_factor
1.0661235730487972,0.0821210561617761,0.8447963752420171,2.68649666657226
