rms,skewness,kurtosis,crest_factor
0.7402450042334402,0.1485595380260391,1.4753242128030752,3.065496895618953
