rms,skewness,kurtosis,crest_factor
1.052023083758308,0.0549101807946778,1.0955024412847267,2.797003621572162
