rms,skewness,kurtosis,crest_factor
0.9089011661889748,0.0726037387207674,0.5110184464148237,2.8161164845002
