rms,skewness,kurtosis,crest_factor
1.1727376323729828,0.0351756718089286,0.1555059939076537,2.4530006271596
