rms,skewness,kurtosis,crest_factor
0.6573365007049851,0.0824989738817357,-0.1743432902350483,2.4223063188697838
