rms,skewness,kurtosis,crest_factor
0.6794334172442593,0.0372242984723055,-1.0476028063061666,2.11700372302294
