rms,skewness,kurtosis,crest_factor
0.7092769014434462,0.0496164831330881,1.2318041668987902,3.0928491012203376
