rms,skewness,kurtosis,crest_factor
0.7480758719101533,0.027290998976948,0.4541814290040449,2.7847850961999203
