rms,skewness,kurtosis,crest_factor
0.5659738910361128,-0.0088887851529983,-0.6624907047750228,2.494757068536521
