rms,skewness,kurtosis,crest_factor
0.7236015790186421,0.1016189598707957,-0.74083674984126,1.9776815508816128
