rms,skewness,kurtosis,crest_factor
0.6574231537898985,0.0153819185233303,-0.0124405346188143,2.471402742454651
