rms,skewness,kurtosis,crest_factor
0.7585499377351788,-0.0072868256378434,-0.0985411695047293,2.8833817170777607
