rms,skewness,kurtosis,crest_factor
0.7372509128206497,0.0918114904898416,-0.6858661085253481,2.034154599540208
