rms,skewness,kurtosis,crest_factor
0.8737547629697198,0.0877892508059316,0.6502602633032679,2.8564259380747625
