rms,skewness,kurtosis,crest_factor
0.9561817722137054,0.0695324429305567,-0.1497810763974785,2.600846312484956
