rms,skewness,kurtosis,crest_factor
0.7351026694767671,0.1696328362036934,1.3022044253346472,3.0803121830513214
