rms,skewness,kurtosis,crest_factor
0.60985104701004,0.0419818586645915,0.7140882828698434,2.665519012959048
