rms,skewness,kurtosis,crest_factor
0.977703976719835,0.1417836925224159,1.5856965515172847,2.739638329392526
