rms,skewness,kurtosis,crest_factor
0.6054255003713666,0.0616194772343928,0.7793969763563058,2.968729776787326
