rms,skewness,kurtosis,crest_factor
0.8638565851383857,0.0620273127520839,-0.0302458842683708,2.5568036577424267
