rms,skewness,kurtosis,crest_factor
0.8530939226336385,0.0342106898901472,-0.1449205688953836,2.4391147994025104
