rms,skewness,kurtosis,crest_factor
1.0282186213779845,0.0672146946093565,0.7606384721201569,2.792642485058096
