rms,skewness,kurtosis,crest_factor
0.6559672124439734,0.0467444522094388,-0.6711417540375306,2.0602558387116745
