rms,skewness,kurtosis,crest_factor
1.08827727476286,0.0576015844643027,0.7539744571784799,2.6333011291369357
