rms,skewness,kurtosis,crest_factor
0.9489191267013736,0.0606419928788747,0.3405504969218884,2.7238875571842414
