rms,skewness,kurtosis,crest_factor
1.1505975764072554,0.0516783608422657,0.0908821743547441,2.362909534818652
