rms,skewness,kurtosis,crest_factor
0.6082078904718945,-0.0332697875642072,-0.3990438712223088,2.510474203772988
