rms,skewness,kurtosis,crest_factor
0.5622199511291384,0.0505448249559745,0.9123642515714367,3.0675805555392284
