rms,skewness,kurtosis,crest_factor
0.5937138377549346,0.0919582903692772,1.3564479236661255,3.334397849304837
