rms,skewness,kurtosis,crest_factor
0.6577221721481434,-0.0372240235345588,1.4284124584523452,3.3747927953449595
