rms,skewness,kurtosis,crest_factor
1.130527163478123,0.0472046978708506,0.3815865441895596,2.600983002550071
