rms,skewness,kurtosis,crest_factor
0.8098810033577789,0.2588447198636804,1.3146384307575625,3.263219596361778
