rms,skewness,kurtosis,crest_factor
0.9583807108986048,0.0743973193598225,1.560705526108543,2.735554841826682
