rms,skewness,kurtosis,crest_factor
0.6272672410670368,0.0832548030289578,-0.4707015500545961,2.213433414911435
