rms,skewness,kurtosis,crest_factor
0.8826452071088304,0.0590880971348131,1.6407347708045807,2.819373138359904
