rms,skewness,kurtosis,crest_factor
0.785586646614975,0.0875044853081037,1.2610795866426772,2.9480120012917017
