rms,skewness,kurtosis,crest_factor
0.9232101399242628,0.048161906993411,0.2962986755890271,2.9145454623932494
