rms,skewness,kurtosis,crest_factor
0.5740393294429269,-0.0106858477243231,0.5630562276099385,3.186226913499472
