rms,skewness,kurtosis,crest_factor
0.7220170806749634,0.0460482767062985,0.0862789002828336,2.458966713646386
