rms,skewness,kurtosis,crest_factor
0.6576824796761312,-0.0862529569147351,0.1220378944467142,2.9866187211714963
