rms,skewness,kurtosis,crest_factor
0.8773071117699957,0.06327842366802,1.6240833384203368,2.842545439202042
