rms,skewness,kurtosis,crest_factor
0.7779359903453263,0.1294620908544843,2.2388851506062157,3.199901269728429
