rms,skewness,kurtosis,crest_factor
0.8304143035761944,0.0717941368238754,0.9839455105036996,2.62113830307264
