rms,skewness,kurtosis,crest_factor
1.221131724994249,0.0691352416542512,0.0998323061923547,2.356452022706105
