rms,skewness,kurtosis,crest_factor
0.5669103016139398,-0.0436983502404218,1.4963771683860028,3.2656919197744947
