rms,skewness,kurtosis,crest_factor
0.590425130254078,0.0475916350521836,0.4862531675411814,2.9671211208398547
