rms,skewness,kurtosis,crest_factor
0.6533810330448547,0.1150504843163489,1.152120584223249,2.9652605631223365
