rms,skewness,kurtosis,crest_factor
0.8704187657469215,0.05379163406456,0.5567292228668301,2.7959924890278978
