rms,skewness,kurtosis,crest_factor
0.6184645856643626,0.0776364917373901,-0.7467342796486438,2.161548371162464
