rms,skewness,kurtosis,crest_factor
0.7639338548554726,0.056918682810682,0.6729276933721526,2.713688273058111
