rms,skewness,kurtosis,crest_factor
0.8002947359171403,0.096873012611988,-0.5345316031356981,2.272746881416174
