rms,skewness,kurtosis,crest_factor
0.6448955834856314,0.0211026784799211,-0.4645899509082589,2.577973233912298
