rms,skewness,kurtosis,crest_factor
0.9852938280312524,0.1264893424461793,1.5832272715484592,2.9328519837152305
