rms,skewness,kurtosis,crest_factor
0.589191230118256,0.0249425520663638,0.547881173418856,2.687994039986285
