rms,skewness,kurtosis,crest_factor
0.6432109082399098,0.0590132586909565,-0.8840350655600635,2.11311084854431
