rms,skewness,kurtosis,crest_factor
0.6627153014179977,0.0616026085625719,0.4426603863512324,2.637334602457872
