rms,skewness,kurtosis,crest_factor
0.747476421664888,0.1592277477642412,0.8980929930316193,3.531309860455796
