rms,skewness,kurtosis,crest_factor
0.6976333333677975,0.0597451338751607,0.9805832281080966,2.775421778027617
