rms,skewness,kurtosis,crest_factor
0.5625051288463423,0.0435059558046704,-0.0621343940577086,2.462494113970393
