rms,skewness,kurtosis,crest_factor
0.7283054977696216,0.0423294967643815,0.1140125881350506,2.5414449143410254
