rms,skewness,kurtosis,crest_factor
1.0537687981889667,0.074342548993758,0.6636765614867737,2.559608268888634
