rms,skewness,kurtosis,crest_factor
0.7261009206126251,0.0469856721515073,2.17278478195472,3.376324318030559
