rms,skewness,kurtosis,crest_factor
0.6063475019014881,0.0719481611707323,-1.0763228093952473,1.972348593775308
