rms,skewness,kurtosis,crest_factor
0.5015806148897952,0.120898051951649,-0.3096612437538724,2.6887356182355058
