rms,skewness,kurtosis,crest_factor
0.6069735674663045,0.0225585067265811,-0.1383626464358776,2.497515426629428
