rms,skewness,kurtosis,crest_factor
0.7369248521634217,0.0576013856038961,1.6068147321845054,3.088125147338638
