rms,skewness,kurtosis,crest_factor
0.5108658968955605,-0.0129663820964228,-0.277297451066226,2.4180889137119106
