rms,skewness,kurtosis,crest_factor
0.6026918622603943,-0.0049881880471485,1.3977065270043625,3.129755124015273
