rms,skewness,kurtosis,crest_factor
0.5290670580685954,0.0856597674505109,0.6384188692715993,2.811552293633717
