rms,skewness,kurtosis,crest_factor
0.6107676901917984,0.0261432136435007,-0.4083162606070365,2.2293459475931265
