rms,skewness,kurtosis,crest_factor
0.9844953431719417,0.0500535057759027,0.9064132916910546,2.8333473437079446
