rms,skewness,kurtosis,crest_factor
0.5430302115916391,0.1291633544915653,0.6786556168399978,2.9695856990580567
