rms,skewness,kurtosis,crest_factor
0.9291087193211612,0.0879435821860262,0.4595498065594992,2.783714434606863
