rms,skewness,kurtosis,crest_factor
0.5713400526609039,0.0271753053744043,0.0909958750999693,2.5992632001490263
