rms,skewness,kurtosis,crest_factor
0.958855244921228,0.0591582810553194,0.5608202361308745,2.61222923258304
