rms,skewness,kurtosis,crest_factor
0.9287203909578418,0.0317356848095002,-0.3875466609342131,2.305209437441138
