rms,skewness,kurtosis,crest_factor
1.034958129309846,0.0617891888007502,0.2182760604640807,2.7842664548355973
