rms,skewness,kurtosis,crest_factor
0.6051093011449978,0.0848025528168028,-0.8382278470897089,2.4582330791877283
