rms,skewness,kurtosis,crest_factor
0.9074241304730792,0.0460053217541875,0.3658116256071575,2.451498728204036
