rms,skewness,kurtosis,crest_factor
0.5897149331991,0.0072862229726694,0.992656714131302,3.054017118453993
