rms,skewness,kurtosis,crest_factor
0.7463940373418091,0.0835566418781612,1.4576984082879747,3.263309523658015
