rms,skewness,kurtosis,crest_factor
0.4384944852568524,0.0956435857443263,0.1104752176133434,2.7653215360341297
