rms,skewness,kurtosis,crest_factor
1.0103603530442882,0.1097032510134081,0.7467154784556107,2.747952695020406
