rms,skewness,kurtosis,crest_factor
0.9316214580539216,0.0612427867669652,0.070155378488951,2.787975418660404
