rms,skewness,kurtosis,crest_factor
0.8762275211450634,0.126672502497787,0.3018859691579809,2.5253401673557856
