rms,skewness,kurtosis,crest_factor
0.5093909932009919,0.0754343147857295,0.1428926167719542,2.97037688873292
