rms,skewness,kurtosis,crest_factor
0.9278046068703004,0.014427123753197,1.0718918890506326,3.0756251053143067
