rms,skewness,kurtosis,crest_factor
0.8158328357352544,-0.0058426842094955,-0.2978572628919047,2.596308948398013
