rms,skewness,kurtosis,crest_factor
0.6536405290501255,-0.0421105120922598,0.6603976554430075,3.2765826022769504
