rms,skewness,kurtosis,crest_factor
0.8715416458349234,0.0891722782541222,0.4500284234525904,2.7933220616827987
