rms,skewness,kurtosis,crest_factor
0.6460390021289892,0.0445051350619083,-0.2662347991821141,2.4866663279455987
