rms,skewness,kurtosis,crest_factor
0.8706166652739113,0.1241210948766952,0.0743689972867147,2.684811364403032
