rms,skewness,kurtosis,crest_factor
0.49545971068442,0.0013762533085722,-0.7776372440950787,2.1137954841076216
