rms,skewness,kurtosis,crest_factor
0.7429729161947387,0.0586884116499151,1.5203359196440729,3.073371567865929
