rms,skewness,kurtosis,crest_factor
0.6735532719254055,-0.0202138043803905,-0.2712243046709437,2.3422812468788834
