rms,skewness,kurtosis,crest_factor
0.7844782369639971,-0.0682471122073895,-0.3960323495103619,2.520454390702505
