rms,skewness,kurtosis,crest_factor
0.5812836875873658,0.0773837849201901,-0.0673751033010141,2.442323884615737
