rms,skewness,kurtosis,crest_factor
0.6623975944675591,0.0263017643186081,-0.6957786333112086,2.568097937576216
