rms,skewness,kurtosis,crest_factor
0.6831059071898636,-0.0340076051987727,0.1672406215286757,3.0811520899756704
