rms,skewness,kurtosis,crest_factor
0.9376028153179332,0.0292567688440706,0.4077590697651296,2.5432386354154013
