rms,skewness,kurtosis,crest_factor
0.7825587774638976,0.083901398903151,0.6517481360957067,2.645988871376236
