rms,skewness,kurtosis,crest_factor
0.5893640360338037,0.0713540647156354,-0.4000601858115922,2.390235196831474
