rms,skewness,kurtosis,crest_factor
0.9301182040401476,0.0112861106036787,0.6416819710815491,2.974106137763147
