rms,skewness,kurtosis,crest_factor
0.9182097434511788,0.0866201440228404,0.8393366469352994,2.9591644524724003
