rms,skewness,kurtosis,crest_factor
0.8015562646207859,0.0707330442276184,1.8253106869157727,3.028093015149723
