rms,skewness,kurtosis,crest_factor
0.7206640416946648,0.0242486503178621,0.9259294394112424,3.083423684668559
