rms,skewness,kurtosis,crest_factor
1.084974403408311,0.0717934267201877,0.6372880423943195,2.710934103640363
