rms,skewness,kurtosis,crest_factor
0.7201685380039401,0.0892321832187645,-0.4918441469623413,2.3936658204330308
