rms,skewness,kurtosis,crest_factor
0.5843646925479131,0.088432889097847,-0.3832159882716102,2.4204129891020054
