rms,skewness,kurtosis,crest_factor
1.0943039580990417,0.0613659790396013,-0.018574001065593,2.61620104769605
