rms,skewness,kurtosis,crest_factor
1.0487454371675793,0.0361479665832038,1.5534098389150195,2.9540476670326727
