rms,skewness,kurtosis,crest_factor
0.9944094019864788,0.1148472793130798,1.0272472530194454,2.809591528354149
