rms,skewness,kurtosis,crest_factor
0.6757065511368237,0.0490180173909422,1.6331130264330245,3.211049592250637
