rms,skewness,kurtosis,crest_factor
0.754092047164612,0.1061942454401247,1.2939201552213793,3.014053206687727
