rms,skewness,kurtosis,crest_factor
0.6873916725147788,-0.0104666890737633,-0.1915372943696733,2.448135482868533
