rms,skewness,kurtosis,crest_factor
0.6480718694338741,0.0696447078541933,0.127973080275761,2.7627201580727734
