rms,skewness,kurtosis,crest_factor
1.0519407346846827,0.0839014995244433,0.1095861158358411,2.8022410576672483
