rms,skewness,kurtosis,crest_factor
0.7161371515347368,0.04949629006539,1.2998946691194129,3.029764956138765
