rms,skewness,kurtosis,crest_factor
0.8663150245751838,0.0526351815503936,0.5750646098239796,2.6226734072396622
