rms,skewness,kurtosis,crest_factor
0.6553937652232985,0.0039684449826832,0.5611464757309368,2.7746087526870866
