rms,skewness,kurtosis,crest_factor
0.8801114813756744,0.0187754030646806,-0.3655626248981454,2.3988445139953933
