rms,skewness,kurtosis,crest_factor
0.9094951903327916,0.0844950266325453,1.0455787768024258,2.844192546165353
