rms,skewness,kurtosis,crest_factor
0.940426877423634,0.0281815797892832,0.965835036211986,2.8624832533493247
