rms,skewness,kurtosis,crest_factor
0.5809605769568771,0.0616276370648425,-0.3620520892335923,2.61144072756775
