rms,skewness,kurtosis,crest_factor
0.6281927181688344,0.0659447100127884,-0.2621593691565369,2.4060433025097656
