rms,skewness,kurtosis,crest_factor
0.9395666010577266,0.0734039201242098,0.8317705349832938,2.811942636376468
