rms,skewness,kurtosis,crest_factor
0.6011332303600397,0.0281192057373902,-0.6860822793678181,2.2812889282679927
