rms,skewness,kurtosis,crest_factor
0.7652194422314509,-0.0286677509019732,-0.5108714738337872,2.363124852869825
