rms,skewness,kurtosis,crest_factor
0.9530206468448484,0.0847499106619143,1.661096270937231,3.019813286003418
