rms,skewness,kurtosis,crest_factor
0.7987524916266985,0.1727843816615841,1.81816615532862,3.068209546325205
