rms,skewness,kurtosis,crest_factor
0.5981364772927591,0.0561621902847096,0.4497008130107591,3.130507884352533
