rms,skewness,kurtosis,crest_factor
0.7797005709095505,0.1059753181194172,1.4309827635915084,3.190576106766291
