rms,skewness,kurtosis,crest_factor
0.6619039037552745,0.0980806110150069,0.4697663956963551,2.8258490520304185
