rms,skewness,kurtosis,crest_factor
0.7834349041155748,0.0928607281154331,1.839992197692839,2.947815376815449
