rms,skewness,kurtosis,crest_factor
0.9784557669900248,0.0415922328132848,1.2641883200233162,2.9890411091090843
