rms,skewness,kurtosis,crest_factor
0.7111757421701825,0.0285743281987544,-0.5184327904341433,2.3137288952660886
