rms,skewness,kurtosis,crest_factor
0.4663570979659143,0.0028294315431058,-0.635578561062085,2.317107867151585
