rms,skewness,kurtosis,crest_factor
0.6724599567323223,-0.0077787806740968,0.1265048235803809,2.4209710504329576
