rms,skewness,kurtosis,crest_factor
0.729294394449725,0.0860235723661352,-0.5405633526596954,2.4633845379898727
