rms,skewness,kurtosis,crest_factor
0.7103031399983923,-0.1146794291607763,-0.0736257551156365,2.924299646995208
