rms,skewness,kurtosis,crest_factor
0.5439185698716203,0.0762914803519243,0.2763317520835726,2.8743974012902505
