rms,skewness,kurtosis,crest_factor
0.8491535855307023,0.0835107613773718,0.287769537679333,2.563294527176268
