rms,skewness,kurtosis,crest_factor
0.6157186645833682,0.0946170569196502,1.1094433144888516,3.0516670540511788
