rms,skewness,kurtosis,crest_factor
1.228971914403927,0.0326952658161849,0.4956225767047089,2.652683121300952
