rms,skewness,kurtosis,crest_factor
0.7104604341533273,0.0228630654853573,1.083007077117073,2.839057780827228
