rms,skewness,kurtosis,crest_factor
0.5324241364259442,0.0356502643701986,-0.3452613324220639,2.2492462532801527
