rms,skewness,kurtosis,crest_factor
0.7455019143791867,0.0586804231285079,1.2014791453667262,3.059132615985348
