rms,skewness,kurtosis,crest_factor
0.7564906133137729,0.0106948293424554,0.891885163532792,2.7028123807806104
