rms,skewness,kurtosis,crest_factor
0.7748624066911737,0.1764472245242826,1.2107459319831184,3.020257676107988
