rms,skewness,kurtosis,crest_factor
0.8325246564267764,0.0971941390912425,-0.2671351625256197,2.622786261861274
