rms,skewness,kurtosis,crest_factor
0.9071205461345172,0.1094649074983061,0.3446258612378718,2.56244521909675
