rms,skewness,kurtosis,crest_factor
0.7984597703969133,0.0389170649614043,0.6023804814502904,2.7026417342605504
