rms,skewness,kurtosis,crest_factor
0.5986871769848181,0.0259963584478105,-0.2894442066962894,2.6304364672809197
