rms,skewness,kurtosis,crest_factor
0.6065462837443654,0.0108100717947672,-0.0729875466987324,2.648575180803185
