rms,skewness,kurtosis,crest_factor
0.5213654559766834,0.0776328188095639,0.4235341090645161,3.071174495858381
