rms,skewness,kurtosis,crest_factor
0.8462975443189393,0.0564759183781157,0.5574892965935563,2.475497063523098
