rms,skewness,kurtosis,crest_factor
0.9105041399493228,0.0423677024075107,0.9476590658984224,3.0118600866514944
