rms,skewness,kurtosis,crest_factor
0.6356716480979349,0.0800931592967777,-0.6949721408403717,2.1720311216109067
