rms,skewness,kurtosis,crest_factor
0.5406314922305764,0.0859539753991043,-1.0626728320400742,2.1219594497893985
