rms,skewness,kurtosis,crest_factor
0.6842271919460867,0.0597500018807289,1.449139912668175,3.125363195449313
