rms,skewness,kurtosis,crest_factor
0.739887834211137,0.1078885622221172,2.1681283816993444,3.21242210782166
