rms,skewness,kurtosis,crest_factor
0.746021194389797,0.1040520227389836,0.7097697813600785,2.971542162346977
