rms,skewness,kurtosis,crest_factor
0.5811850928607964,-0.0517592019844785,-0.1786598256554561,2.7229264324507496
