rms,skewness,kurtosis,crest_factor
0.5603375877997995,0.0501101645988968,-0.6258409093811896,2.4625983642538043
