rms,skewness,kurtosis,crest_factor
0.6289191273944841,0.0494941628856703,-0.1492653491703923,2.522717247149882
