rms,skewness,kurtosis,crest_factor
0.443168211486343,0.0993474698542845,-0.4025691163623257,2.3980326403896304
