rms,skewness,kurtosis,crest_factor
0.5919435024998974,-0.0244444487948547,1.1393082428972354,3.097401220222745
