rms,skewness,kurtosis,crest_factor
0.5967223853311063,0.039989410205179,1.1652023138629146,3.166508736986858
