rms,skewness,kurtosis,crest_factor
0.8568240897597533,0.0838402671356338,1.1027599546442906,2.9522058122729598
