rms,skewness,kurtosis,crest_factor
0.6956510064210853,0.0200398660434611,0.0451436825380264,2.512469585863029
