rms,skewness,kurtosis,crest_factor
0.8368360731343805,0.1116751347798565,0.6942239687583815,2.87811073584155
