rms,skewness,kurtosis,crest_factor
0.5905023276898921,0.0091740593683605,-0.1405228422084588,2.880770856335954
