rms,skewness,kurtosis,crest_factor
0.8639821867800297,0.036615338608845,-0.173144489154926,2.5587820554584177
