rms,skewness,kurtosis,crest_factor
0.6149117465919139,0.07265652209116,-0.5973343292408635,2.1304509608379507
