rms,skewness,kurtosis,crest_factor
1.0848894082515748,0.0533557919352592,0.1844338014904982,2.393729367228134
