rms,skewness,kurtosis,crest_factor
0.916361368999083,0.0405227787015578,1.49275457093092,2.9833025769287635
