rms,skewness,kurtosis,crest_factor
0.5257779659575343,0.0048315877982742,0.2102579353902456,2.9179613824347954
