rms,skewness,kurtosis,crest_factor
0.9666391387400302,0.1121952376466471,0.0005698102652846,2.418111809555752
