rms,skewness,kurtosis,crest_factor
0.5872023598303102,0.0381439250358006,0.6594053559303723,2.798758209392451
