rms,skewness,kurtosis,crest_factor
0.8504860541499515,0.0594636551525783,1.0511225188591775,2.7918100448515992
