rms,skewness,kurtosis,crest_factor
0.6943103469206683,0.0909815967792118,0.8147776152370718,2.7729132711160376
