rms,skewness,kurtosis,crest_factor
0.4972281595556897,-0.0232253370068184,0.1193081679371124,2.739222501177963
