rms,skewness,kurtosis,crest_factor
0.5240990352792055,0.1004846476880416,-0.8620361078585486,2.1214854220853923
