rms,skewness,kurtosis,crest_factor
0.6147255141638268,-0.0094435215681694,-0.4724995100451763,2.427045294672854
