rms,skewness,kurtosis,crest_factor
0.5959094405915897,0.0496322180531541,0.0889952610100737,2.5418419002166037
