rms,skewness,kurtosis,crest_factor
1.0077891717616014,0.0959900881560597,0.4991911346788344,2.836762254982249
