rms,skewness,kurtosis,crest_factor
0.5275038455660792,0.0532903989608432,-0.542331797093643,2.2055604457593008
