rms,skewness,kurtosis,crest_factor
0.5948720094815834,-0.0035387459871048,2.392023846644668,3.4029972365910908
