rms,skewness,kurtosis,crest_factor
0.5654074809727176,0.0574346239682764,0.4582013931974571,2.8664221141853456
