rms,skewness,kurtosis,crest_factor
0.5585603648025533,-0.0198145921040315,-0.0671738243337287,2.943000643368488
