rms,skewness,kurtosis,crest_factor
0.9861666923389538,0.0998460755443631,1.7531615716939153,3.0764394694094697
