rms,skewness,kurtosis,crest_factor
1.017788690959835,0.1201014645151541,1.137028062582266,2.7737806284994657
