rms,skewness,kurtosis,crest_factor
0.5619732101796008,0.0376381797202391,-0.6840470544607555,2.256713046950751
