rms,skewness,kurtosis,crest_factor
0.5820120238040122,-0.0032569304301752,-0.243309584741203,2.6632391808985454
