rms,skewness,kurtosis,crest_factor
0.711081170719683,-0.0100914980921102,-0.5301026796674155,2.3939885202665763
