rms,skewness,kurtosis,crest_factor
1.0236102689759603,0.0150470492075446,0.1439237143778511,2.7798249699821715
