rms,skewness,kurtosis,crest_factor
0.6606295743053473,0.1022694390588612,1.1020879466872673,3.077179296491783
