rms,skewness,kurtosis,crest_factor
0.6946261276738835,0.0542220595320986,-0.7454069652112882,2.0894087141405766
