rms,skewness,kurtosis,crest_factor
0.9056662160644466,0.0503158933008831,1.472739874918939,3.225687076059983
