rms,skewness,kurtosis,crest_factor
0.7283364330326974,0.0487776415889137,1.2984175238066769,3.112273576773248
