rms,skewness,kurtosis,crest_factor
0.7064407626916553,0.0204327467954417,0.6538349204929208,2.626427249740857
