rms,skewness,kurtosis,crest_factor
1.011620388832534,0.0386131722754187,1.0146322485595416,3.0223147568915327
