rms,skewness,kurtosis,crest_factor
0.7298965672667871,0.0238688494377971,0.1977440250875779,2.5948794633557597
