rms,skewness,kurtosis,crest_factor
0.7509446778461463,-0.0024208516196323,0.7231696810511075,2.7590049453214216
