rms,skewness,kurtosis,crest_factor
0.6406992150242405,0.0455170376205405,1.8597325416509456,3.411217962200864
