rms,skewness,kurtosis,crest_factor
0.8653853019408987,0.055305159590633,0.5342038828591189,2.632060657464212
