rms,skewness,kurtosis,crest_factor
0.6981634221819855,0.0845733982653367,1.7924330382533626,3.434070647065651
