rms,skewness,kurtosis,crest_factor
0.6644339369777614,0.047362133205521,-0.6347071617044429,2.232635541018339
