rms,skewness,kurtosis,crest_factor
0.9183091724882976,0.0741476755466779,0.2041276006910699,2.770903725692292
