rms,skewness,kurtosis,crest_factor
0.6957150169813425,0.0634504390496974,-0.8091709807067913,2.178362869116687
