rms,skewness,kurtosis,crest_factor
0.5622774538688042,0.0438809127661105,-0.2409563796726526,2.5992685102065862
