rms,skewness,kurtosis,crest_factor
0.6428619089276435,0.0356342421399129,0.9086093524216508,2.904499069608781
