rms,skewness,kurtosis,crest_factor
0.5608888398873506,-0.0016491713151585,-0.5157038362660904,2.5789153348635616
