rms,skewness,kurtosis,crest_factor
0.6408578741496257,0.0286765483749387,-0.8960736383115764,2.0993250084678454
