rms,skewness,kurtosis,crest_factor
0.9149797216045232,0.0654995121040678,-0.2839268397207934,2.407732537768734
