rms,skewness,kurtosis,crest_factor
0.6471532378379882,0.0567581812686001,1.9844460285637435,3.188320964632936
