rms,skewness,kurtosis,crest_factor
0.82943392696856,0.0523430975706707,0.5527947070176036,2.7667089816259307
