rms,skewness,kurtosis,crest_factor
0.192943990610676,0.0120092057737115,-0.5436424081444109,2.379986597784395
