rms,skewness,kurtosis,crest_factor
0.2237578444657964,-0.1682544654351281,-0.1503403331357242,2.529906508963713
