rms,skewness,kurtosis,crest_factor
0.2473104638380472,0.0931653221153846,-0.4528891143172782,2.315243048956834
