rms,skewness,kurtosis,crest_factor
0.2314062790703511,0.1546225350604847,-0.2476725274917188,2.376795268957188
