rms,skewness,kurtosis,crest_factor
0.3148684191784281,0.4122344233090045,1.7369022917815995,3.3454984755722177
