rms,skewness,kurtosis,crest_factor
0.341672310446557,0.2845223810802722,0.3221212893407195,3.23090021627385
