rms,skewness,kurtosis,crest_factor
0.2584578846986287,0.5620464057719758,2.0217196184389463,3.7482436061181423
