rms,skewness,kurtosis,crest_factor
0.2068900365336664,0.014854126673575,-0.0949802810353821,2.928526883572485
