rms,skewness,kurtosis,crest_factor
0.1670998396527312,0.5445364948570496,0.7609150471098323,3.5150568089256464
