rms,skewness,kurtosis,crest_factor
0.2004880973448779,0.3627095402760358,0.8805816791186594,3.252136258527373
