rms,skewness,kurtosis,crest_factor
0.3428594840655229,-0.271173865581988,-0.0326480890627753,2.796640068078267
