rms,skewness,kurtosis,crest_factor
0.4656785921590082,-0.0766751849172667,1.168609213361516,2.966661559506241
