rms,skewness,kurtosis,crest_factor
0.35085670542956,0.4266032655164188,1.6432586959820084,3.649570060736908
