rms,skewness,kurtosis,crest_factor
0.1603521887498626,0.2722115819655185,0.3486567008153609,3.0176965794451656
