rms,skewness,kurtosis,crest_factor
0.1752932700885802,0.3548260694831449,0.1211376865824611,3.2942330640288744
