rms,skewness,kurtosis,crest_factor
0.2316201340734058,-0.1877575797210158,0.3467490506912125,2.89215994857165
