rms,skewness,kurtosis,crest_factor
0.2461168361505147,0.6005074015414398,1.5347072851305803,3.3362592892107847
