rms,skewness,kurtosis,crest_factor
0.2541759958774616,0.1946858708509714,-0.2433955112118337,2.836173035537011
