rms,skewness,kurtosis,crest_factor
0.2426262362434267,0.0895013316624837,-0.3743652094885936,2.587567553152919
