rms,skewness,kurtosis,crest_factor
0.175856954220368,0.2954202770272486,2.2858566951555934,3.677160532910613
