rms,skewness,kurtosis,crest_factor
0.2900382423135648,0.3560765162932359,2.414384049445202,3.2577950485545584
