rms,skewness,kurtosis,crest_factor
0.1993039917728919,-0.037185390977846,-0.1188886130188966,2.8639518999629985
