rms,skewness,kurtosis,crest_factor
0.2318960345814192,0.2345711893345846,2.3631372376652635,3.604594529412823
