rms,skewness,kurtosis,crest_factor
0.2495159459514605,0.1450198231461016,-0.0217697893115924,2.815579314776184
