rms,skewness,kurtosis,crest_factor
0.226695849535361,-0.0593296274066174,-0.3196256340847676,2.5264964869845588
