rms,skewness,kurtosis,crest_factor
0.2460218205988944,0.4208115230722494,0.6164437974752945,3.564672691772621
