rms,skewness,kurtosis,crest_factor
0.5379724292102602,0.0559376363090168,1.4895597857129248,3.266079640888933
