rms,skewness,kurtosis,crest_factor
0.5164467397986681,0.1791078685715897,1.7749113134303212,3.212867315119956
