rms,skewness,kurtosis,crest_factor
0.5057610190194389,-0.4750034567098048,2.3577970525098007,3.662619596805425
