rms,skewness,kurtosis,crest_factor
0.3157140723942398,-1.0831122679896128,4.876232329377081,4.57905675134231
