rms,skewness,kurtosis,crest_factor
0.191445996962858,-0.0167714638885424,0.3901113301901655,2.868658433005743
