rms,skewness,kurtosis,crest_factor
0.2206699709461175,-0.2462855484583619,-0.5760125508848599,2.6823478076180227
