rms,skewness,kurtosis,crest_factor
0.3403297731364798,-0.4699810271333689,0.0408400759716953,2.60169389253079
