rms,skewness,kurtosis,crest_factor
0.3392838327280893,0.4787690049979142,2.4275114929703125,4.173340694022635
