rms,skewness,kurtosis,crest_factor
0.2749969111969276,-0.0400161556655731,-0.294967326036275,2.509207933043263
