rms,skewness,kurtosis,crest_factor
0.1451732567559842,-0.1465637580795371,-0.14543268219504,2.51418026076556
