rms,skewness,kurtosis,crest_factor
0.1632606524282682,-0.0631003786005247,0.3374464014054346,3.1022339246957684
