rms,skewness,kurtosis,crest_factor
0.1392150763320468,0.3677125734257381,0.4973497148991188,2.8528080627438874
