rms,skewness,kurtosis,crest_factor
0.3190711783151801,-0.0176109192213944,0.5881512102032596,3.0957607301539887
