rms,skewness,kurtosis,crest_factor
0.3222816336482674,0.0802954059055428,0.1864156469566893,2.925813418126136
