rms,skewness,kurtosis,crest_factor
0.1800886266129994,0.3893951254570825,0.4345080081121413,3.535735268563993
