rms,skewness,kurtosis,crest_factor
0.2653586869819878,0.3809546674095695,1.1261618253135983,3.447539860493433
