rms,skewness,kurtosis,crest_factor
0.3754122593618089,0.0867767476893053,0.3908661471196604,3.243404290005984
