rms,skewness,kurtosis,crest_factor
0.2303049521188569,0.1152741675300845,0.0573359399077499,2.797237830207086
