rms,skewness,kurtosis,crest_factor
0.1612249868049976,0.3737316935827109,0.0314055216440953,2.678958259134132
