rms,skewness,kurtosis,crest_factor
0.426060059152907,-0.145170941266915,1.4546340021546549,3.165132281554272
