rms,skewness,kurtosis,crest_factor
0.2812066942291155,-0.0785635915711554,0.0632653098205491,3.165445664151904
