rms,skewness,kurtosis,crest_factor
0.2132507436569666,0.2845047566545112,1.4218035620072325,3.273065971660952
