rms,skewness,kurtosis,crest_factor
0.3855127024182745,-0.0585801920004574,1.228904646204498,3.2540730801262474
