rms,skewness,kurtosis,crest_factor
0.2094079228683281,0.5049219854992223,2.764290278735892,4.512950474297805
