rms,skewness,kurtosis,crest_factor
0.2805261463430955,-0.0015082954004181,0.5359425430581881,2.9293501945171214
