rms,skewness,kurtosis,crest_factor
0.2780535883897419,0.4240122620108616,0.6010330469756568,2.749181281873662
