rms,skewness,kurtosis,crest_factor
0.3695031203766669,-0.2836960801861394,0.3366899453436378,2.8279739249713347
