rms,skewness,kurtosis,crest_factor
0.235284017943349,-0.1661760295545207,0.5359821510192182,2.860930306820861
