rms,skewness,kurtosis,crest_factor
0.2581301099478558,0.7950776418595498,2.331601608037592,3.71210019060886
