rms,skewness,kurtosis,crest_factor
0.3670799220541771,0.2865396816855088,0.990484374460852,3.197992077761944
