rms,skewness,kurtosis,crest_factor
0.2050687204344063,-0.0506875883703975,-0.2505477417011197,2.491157510281224
