rms,skewness,kurtosis,crest_factor
0.387872523897161,-0.2323890030728581,1.7662565452509034,3.431522913045284
