rms,skewness,kurtosis,crest_factor
0.2481797316550129,-0.1148840866162064,-0.6538719273421689,2.135653160750799
