rms,skewness,kurtosis,crest_factor
0.2187460817154046,0.0249501248660446,-0.2040230638081843,2.420790895093782
