rms,skewness,kurtosis,crest_factor
0.3947058585951569,-0.0926352160660195,1.4596891978376396,3.682411875241413
