rms,skewness,kurtosis,crest_factor
0.339351280191165,0.5132028768070563,0.9002795495735993,3.0600968525775247
