rms,skewness,kurtosis,crest_factor
0.2774894715944879,0.2502460168538303,1.8445469561518195,3.6989784835163766
