rms,skewness,kurtosis,crest_factor
0.1854093273006034,0.4967594930426436,1.1087578725591951,3.5691878515365305
