rms,skewness,kurtosis,crest_factor
0.4823552270594814,0.2604292678423948,1.6461696990383716,3.4524036574697394
