rms,skewness,kurtosis,crest_factor
0.2384450878748474,0.7804935241374915,1.5494118150911689,3.702466416934928
