rms,skewness,kurtosis,crest_factor
0.2844935435833021,0.3789368500929944,0.4222235584278584,2.755464768212599
