rms,skewness,kurtosis,crest_factor
0.5989893507000984,0.5600326361799927,4.558245123522354,4.268404670512865
