rms,skewness,kurtosis,crest_factor
0.525042505766546,0.2128247499676348,0.752567022828825,2.8487268330152022
