rms,skewness,kurtosis,crest_factor
0.1913666987674845,-0.1159909191844362,-0.1917433765121972,2.685654054802179
