rms,skewness,kurtosis,crest_factor
0.4111163025035682,0.1157497788413604,2.0061669793422947,4.032467027058233
