rms,skewness,kurtosis,crest_factor
0.6825432295654608,0.4955035954806558,2.402879318657664,3.898910157285058
