rms,skewness,kurtosis,crest_factor
0.3783726588129235,0.3024055999186061,0.2402642198929365,3.0497424557496418
