rms,skewness,kurtosis,crest_factor
0.2260016190208369,0.1139303106988303,0.4315508954221414,2.728315642898824
