rms,skewness,kurtosis,crest_factor
0.1764161680872235,0.0970502955198422,-0.6349007954754358,2.505359870448075
