rms,skewness,kurtosis,crest_factor
0.5615580388791361,0.2194533486350229,1.945012004654803,3.66779086489595
