rms,skewness,kurtosis,crest_factor
0.3453435864305741,0.2595722476162077,2.2240770426988785,3.7722714181079926
