rms,skewness,kurtosis,crest_factor
0.3257490728807471,-0.6063709937805514,2.4707537405657183,3.8032118513027418
