rms,skewness,kurtosis,crest_factor
0.4753347109310187,0.4635870903148458,2.047650116039378,3.653071187511365
