rms,skewness,kurtosis,crest_factor
0.192041689234755,0.6245032805302558,1.1164586389659972,3.808784395389408
