rms,skewness,kurtosis,crest_factor
0.1993987433828886,-0.2003876798726846,-0.3425569880732317,2.526965636325718
