rms,skewness,kurtosis,crest_factor
0.3369634929845128,0.1832120968438963,1.3257719988796444,3.140592059057626
