rms,skewness,kurtosis,crest_factor
0.4755020951731001,0.5555135668797665,3.2645384979465133,3.894668252718191
