rms,skewness,kurtosis,crest_factor
0.2753635148839948,0.0563844985117282,0.3432623736960258,2.9052251686614223
