rms,skewness,kurtosis,crest_factor
0.2100411715375871,-0.2340909971440491,0.0903404554253608,3.025341283773959
