rms,skewness,kurtosis,crest_factor
0.214221235204762,0.2617884036840407,0.0277632835408581,3.1278174152024767
