rms,skewness,kurtosis,crest_factor
0.1667608076306841,-0.0056300953887915,-0.1383688063429131,2.487750732630482
