rms,skewness,kurtosis,crest_factor
0.3799451541419597,0.2337768485143679,0.2600140697005977,2.749825186875929
