rms,skewness,kurtosis,crest_factor
0.346781528569736,0.036565138660996,0.1582862573863619,2.8198142071493915
