rms,skewness,kurtosis,crest_factor
0.3703902689579879,-0.8515161483963836,2.1161527555995816,4.121505010366646
