rms,skewness,kurtosis,crest_factor
0.4288242806698726,0.3294367002389353,0.0972006136039875,2.956848947018063
