rms,skewness,kurtosis,crest_factor
0.2090769368588476,0.055022546355757,-0.0334461604636242,2.780580862124467
