rms,skewness,kurtosis,crest_factor
0.2478850329630548,0.8068804902471446,3.189506530454092,4.011649482765134
