rms,skewness,kurtosis,crest_factor
0.3276511720549299,0.4243616158879376,1.4424960591405158,3.484670968168229
