rms,skewness,kurtosis,crest_factor
0.2729688875086956,-0.2529390153138264,0.3038316206412981,2.9640351639406184
