rms,skewness,kurtosis,crest_factor
0.4305239824368415,0.2192829934703072,1.332935815101913,3.3451094922237306
