rms,skewness,kurtosis,crest_factor
0.3574103289083488,-0.0060257905622618,0.5957673613856391,3.2213400298681294
