rms,skewness,kurtosis,crest_factor
0.3174320907640795,-0.21518122519665,-0.1876519491561064,2.494104551463575
