rms,skewness,kurtosis,crest_factor
0.1759894324900198,0.1270862107623994,1.109041512506864,3.195364694374857
