rms,skewness,kurtosis,crest_factor
0.2007597093817803,0.0972367763944506,0.7303458619022822,2.9928691706141146
