rms,skewness,kurtosis,crest_factor
0.1725821182615096,0.1042131856502239,0.1703171372331882,3.0767987116553064
