rms,skewness,kurtosis,crest_factor
0.5218449558554408,0.2033559430832371,0.7902652146692297,3.0650841875684938
