rms,skewness,kurtosis,crest_factor
0.1785134952020799,0.4204227915072047,0.4942442256697874,3.162013466877245
