rms,skewness,kurtosis,crest_factor
0.1882097036794263,0.133162193968491,0.3350619127841647,2.9896189113583143
