rms,skewness,kurtosis,crest_factor
0.2311950832534137,0.2565642307932457,0.1595275752965821,2.5532085421990907
