rms,skewness,kurtosis,crest_factor
0.3278020635079897,0.354821657090797,1.0871433779969673,3.3879255369875363
