rms,skewness,kurtosis,crest_factor
0.1747378298212883,0.1883759882660558,0.5043404308105499,3.256365608197082
