rms,skewness,kurtosis,crest_factor
0.254702170295028,0.2036605767318124,1.2118346339096409,3.337959264646566
