rms,skewness,kurtosis,crest_factor
0.4075440652953726,-0.275060199380867,1.5723360437565708,3.533329393733293
