rms,skewness,kurtosis,crest_factor
0.1783876370954637,0.3711733181560488,-0.103874674469278,3.018552540172153
