rms,skewness,kurtosis,crest_factor
0.338954906171205,0.5558698976138893,1.6306521472091795,3.801200176317884
