rms,skewness,kurtosis,crest_factor
0.165265383549082,0.1983616506344903,-0.072008848860618,2.762860194282561
