rms,skewness,kurtosis,crest_factor
0.2596960143458313,-0.4977420409868077,0.5143467918825508,3.062984360168291
