rms,skewness,kurtosis,crest_factor
0.1552654071778063,0.401627523992248,-0.3310270332266065,2.645782151869384
