rms,skewness,kurtosis,crest_factor
0.4116455356746625,0.2399449923303884,0.3860549007152922,3.086557425548062
