rms,skewness,kurtosis,crest_factor
0.340851773088157,-0.367707553204379,1.9952974644959367,3.857724908796104
