rms,skewness,kurtosis,crest_factor
0.2526206468691513,0.4739456690721682,0.6732539774086748,3.400185126248901
