rms,skewness,kurtosis,crest_factor
0.5238941757636812,1.150796322675942,6.929878837691399,4.874348280219475
