rms,skewness,kurtosis,crest_factor
0.3586031159618499,0.2798691935145851,0.0115656776252199,2.9904835703128505
