rms,skewness,kurtosis,crest_factor
0.2795350353378792,0.6182907765255989,1.5045799690212522,3.2732823086822345
