rms,skewness,kurtosis,crest_factor
0.2663356536194818,0.2776510967674152,1.2006882643042758,3.111652610807294
