rms,skewness,kurtosis,crest_factor
0.1677940216009171,0.3363598828431162,-0.0281905479280006,2.948718914231664
