rms,skewness,kurtosis,crest_factor
0.304623409600019,-0.0487622566996847,1.4437287890723685,3.1642021903236537
