rms,skewness,kurtosis,crest_factor
0.1672925967091806,-0.1098859835961198,0.3868508350640138,3.0158149427921743
