rms,skewness,kurtosis,crest_factor
0.1823749183031965,0.2644047869216823,1.1884830038241327,3.3008080081361286
