rms,skewness,kurtosis,crest_factor
0.2335790194222392,-0.1492077135590719,0.7945636508339842,3.0049025693527494
