rms,skewness,kurtosis,crest_factor
0.2988614802624258,0.3190977852537525,0.6865792128989243,2.9876915131370736
