rms,skewness,kurtosis,crest_factor
0.3743417687962814,0.1101979466050535,1.4536038620628124,3.234888524754969
