rms,skewness,kurtosis,crest_factor
0.1907606616779071,0.0496202963865036,0.1011203838615881,2.945382495690551
