rms,skewness,kurtosis,crest_factor
0.1525880069500859,0.1286224584048481,-0.0828167609173009,2.670915943297421
