rms,skewness,kurtosis,crest_factor
0.5502971325122229,0.3229132355515265,1.9010800117391653,3.4978490231954757
