rms,skewness,kurtosis,crest_factor
0.2176411574307928,0.4362326530640437,1.6878426005422904,3.915319605345008
