rms,skewness,kurtosis,crest_factor
0.4665007837240491,0.2626287391672661,2.946784239047616,3.776915095897571
