rms,skewness,kurtosis,crest_factor
0.4894969920134698,-0.1262785116599556,1.5098283539857107,3.1889911935627016
