rms,skewness,kurtosis,crest_factor
0.1750275435146448,-0.4327078549807626,0.0607686609955573,2.6681571861569164
