rms,skewness,kurtosis,crest_factor
0.3460847880035376,-0.3652265541683941,2.529619254703939,3.557208785180148
