rms,skewness,kurtosis,crest_factor
0.306150331817287,-0.364636194521531,0.5386838818594013,2.995615706411541
