rms,skewness,kurtosis,crest_factor
0.4601370609884824,-0.3892894435153169,0.9352938466669114,3.259384387930778
