rms,skewness,kurtosis,crest_factor
0.2123713778300116,0.2644632137226395,0.1743890777760466,3.1267622650673523
