rms,skewness,kurtosis,crest_factor
0.2020415764182119,0.1306031401724824,-0.3865647779219148,2.8098710597465946
