rms,skewness,kurtosis,crest_factor
0.4929199478133036,-0.2692757004643265,0.9388942136608316,3.131915192116773
