rms,skewness,kurtosis,crest_factor
0.4468039197006044,-0.2521397853733977,2.318953050505006,3.752189495506855
