rms,skewness,kurtosis,crest_factor
0.4196977595909476,-0.2962193834350983,1.650929018093719,3.5417007555728435
