rms,skewness,kurtosis,crest_factor
0.4476345085862581,-0.1432099473455534,2.267219676227149,3.3137695515817893
