rms,skewness,kurtosis,crest_factor
0.1946153056519311,0.096993798721984,0.2619086805643857,2.976352094786759
