rms,skewness,kurtosis,crest_factor
0.2083013119473845,-0.3929877652523599,-0.3458147296332292,2.563230478317637
