rms,skewness,kurtosis,crest_factor
0.3185669052015633,0.1093443766235132,-0.0389982051643547,2.800843882700632
