rms,skewness,kurtosis,crest_factor
0.1716017410617886,-0.056788533906996,1.377728137865173,3.2713876031193587
