rms,skewness,kurtosis,crest_factor
0.1596039388197542,-0.1926515351014766,-0.0586057124206851,2.6603693635733947
