rms,skewness,kurtosis,crest_factor
0.1875881296007299,0.3380242437172252,1.2171764918588082,3.369270172721526
