rms,skewness,kurtosis,crest_factor
0.3130489377394896,-0.2178317633931086,-0.418073631677994,2.4423726245795034
