rms,skewness,kurtosis,crest_factor
0.254762131263332,-0.4390104143489156,1.4331822894300703,3.2224064920387248
