rms,skewness,kurtosis,crest_factor
0.2563880666865125,-1.2924681621677327,7.640394623569514,5.205895415989962
