rms,skewness,kurtosis,crest_factor
0.1744232157319113,0.4962013700257569,1.2161785630873192,3.5341701205230645
