rms,skewness,kurtosis,crest_factor
0.3362258441055128,-0.1718593604933885,0.0354438737753772,2.72910623615309
