rms,skewness,kurtosis,crest_factor
0.2951717744336666,0.5951170897801062,1.8938131873591164,3.457579648724284
