rms,skewness,kurtosis,crest_factor
0.1579761723784206,0.3450272517937923,0.5063616160020166,3.044575722530777
