rms,skewness,kurtosis,crest_factor
0.295219710999615,-0.1321442826563361,-0.0293119776909076,2.794005813600404
