rms,skewness,kurtosis,crest_factor
0.1661664262242555,-0.0959314804922639,-0.1414339047650457,2.5494368988326683
