rms,skewness,kurtosis,crest_factor
0.3604484504914854,-0.1376756289735108,0.0843309308920461,2.717854012492728
