rms,skewness,kurtosis,crest_factor
0.3303960329165992,0.2245083265199912,2.141905639142128,3.679416185014879
