rms,skewness,kurtosis,crest_factor
0.1885257610606472,0.2370206639862216,-0.4717169655468867,2.493490877980536
