rms,skewness,kurtosis,crest_factor
0.2221977329785397,-0.4281404293251615,0.9341339977524692,2.878099147169012
