rms,skewness,kurtosis,crest_factor
0.2942703140479837,-0.4035290070317681,1.302634180524139,3.229710571338171
