rms,skewness,kurtosis,crest_factor
0.3848004132563187,-0.7275781758440526,3.046000010132784,4.611329136238373
