rms,skewness,kurtosis,crest_factor
0.3788418090565974,0.2976510024402349,1.7326672357839057,3.871772297808223
