rms,skewness,kurtosis,crest_factor
0.3275378965480168,-0.2002954787225762,0.5006292791465352,2.8887791022368394
