rms,skewness,kurtosis,crest_factor
0.3704530939013387,0.1148965240048464,0.4323413415879198,3.2662145393213398
