rms,skewness,kurtosis,crest_factor
0.4600086005776437,0.422644257908676,2.3958361520168543,3.770543231563999
