rms,skewness,kurtosis,crest_factor
0.5433314007571696,-0.3105808803856634,2.377326290592645,3.3752744866481192
