rms,skewness,kurtosis,crest_factor
0.309862863993496,0.2350717365492587,1.143642528293162,3.1909039437242552
