rms,skewness,kurtosis,crest_factor
0.5992078232579439,0.3895534757001292,2.0882874239047373,3.635766883407357
