rms,skewness,kurtosis,crest_factor
0.4380744280748651,-0.1569655834848201,1.709425852213628,3.5221670075238958
