rms,skewness,kurtosis,crest_factor
0.1995969044019075,-0.0458896625315001,-0.2874025490180143,2.636763440476744
