rms,skewness,kurtosis,crest_factor
0.5828247793145336,0.1784325497700142,2.285295981241965,3.649060968536588
