rms,skewness,kurtosis,crest_factor
0.2058996783250397,0.2517253455269172,0.4325363737097669,3.126427512652368
