rms,skewness,kurtosis,crest_factor
0.2164141919419335,-0.1830561592753842,-0.2788583386521237,2.2171992000517133
