rms,skewness,kurtosis,crest_factor
0.3071525749250892,-0.3208130796443787,0.1198102542062651,2.810265483373001
