rms,skewness,kurtosis,crest_factor
0.5352598877391137,0.1045526317912958,1.9470543368772888,3.437704172963263
