rms,skewness,kurtosis,crest_factor
0.1961624626905871,-0.0958975635742292,0.5115252448188476,3.3528322967517528
