rms,skewness,kurtosis,crest_factor
0.2824636296875401,0.1961930859117646,1.814972495690041,3.3405563389044617
