rms,skewness,kurtosis,crest_factor
0.2621170803012609,0.1964747989517962,0.6443710069013058,3.1846613382733886
