rms,skewness,kurtosis,crest_factor
0.1915989922050391,-0.0260439446506944,0.180172217213574,2.9409730113133667
