rms,skewness,kurtosis,crest_factor
0.2019847397170915,0.1611204081958933,-0.0674259765222542,2.936116161613431
