rms,skewness,kurtosis,crest_factor
0.4072395309219492,-0.5769222052992721,2.3703306948294447,3.3508965150331638
