rms,skewness,kurtosis,crest_factor
0.1446347527480946,0.5160033833148993,0.902870766013684,2.954800407420999
