rms,skewness,kurtosis,crest_factor
0.2396725387603433,-0.0986591503660645,-0.0905838596783792,2.598446574840536
