rms,skewness,kurtosis,crest_factor
0.2794298586884272,0.1565418391778178,0.2642612361210528,2.7902838530361485
