rms,skewness,kurtosis,crest_factor
0.1786795559559433,0.1423020731899091,-0.5980544782619899,2.4990781360951426
