rms,skewness,kurtosis,crest_factor
0.1963023392817862,0.186249332256627,0.4759388673077245,3.0873064033736024
