rms,skewness,kurtosis,crest_factor
0.4365255171418256,-0.167680025374592,1.7912919851446958,3.6526232051055527
