rms,skewness,kurtosis,crest_factor
0.3141209187296112,0.5405757919692518,2.4295819018521447,3.9993302531199695
