rms,skewness,kurtosis,crest_factor
0.1827731197505836,-0.2478573402301682,0.533172695923021,2.966565673408444
