rms,skewness,kurtosis,crest_factor
0.3576134582147253,0.0908458742472048,0.8830152060530985,3.010114916156403
