rms,skewness,kurtosis,crest_factor
0.212642781846351,-0.0798448186117606,-0.5610547951644409,2.259578762093307
