rms,skewness,kurtosis,crest_factor
0.2626594776037925,-0.8138750535134778,2.206123993501234,4.324026064115302
