rms,skewness,kurtosis,crest_factor
0.1546453417752998,0.0737107695218895,0.1943687556217481,2.9410414698058323
