rms,skewness,kurtosis,crest_factor
0.1832906898908521,0.0107035573441096,0.5121074811355353,3.458900786258032
