rms,skewness,kurtosis,crest_factor
0.1861928113002201,-0.1308816956409575,-0.4011641759209352,2.4078317253664148
