rms,skewness,kurtosis,crest_factor
0.226975915238466,-0.4785254544359276,0.9176552362629442,3.2633603033985605
