rms,skewness,kurtosis,crest_factor
0.1687548830749453,0.0543041480782133,-0.3942271298515347,2.336110533199557
