rms,skewness,kurtosis,crest_factor
0.1785182792331258,-0.0210548349482921,-0.1449341435558868,2.5468312270139037
