rms,skewness,kurtosis,crest_factor
0.3706742614702619,-0.47820436204228,3.17494803252941,3.6262315416001214
