rms,skewness,kurtosis,crest_factor
0.3014647093002914,0.5591657889776939,1.4081897943567867,3.387020749190941
