rms,skewness,kurtosis,crest_factor
0.3155272573998096,0.1793681677113024,1.5518468779336283,3.460521766372211
