rms,skewness,kurtosis,crest_factor
0.1695931504032222,0.3122794629839537,0.1254942967207668,3.1214473377357184
