rms,skewness,kurtosis,crest_factor
0.1842245837458786,0.2879388841839883,-0.328041154833314,2.7783104914944654
