rms,skewness,kurtosis,crest_factor
0.3503826407160224,-0.3826256639544871,1.0849114161887892,2.909513074529664
