rms,skewness,kurtosis,crest_factor
0.5484380669872613,0.0368488574743784,1.1808121895484742,2.935121087730645
