rms,skewness,kurtosis,crest_factor
0.163426950997168,0.259443816295161,-0.4750324064110658,2.788970676322503
