rms,skewness,kurtosis,crest_factor
0.3455308386994319,0.0174218932679858,0.351991139547827,2.892544575920818
