rms,skewness,kurtosis,crest_factor
0.4571225172947452,-0.2801899663309641,1.3027201432315785,3.1479805958528293
