rms,skewness,kurtosis,crest_factor
0.4455468353671291,0.4306612153132124,3.494568116050411,4.083237291080156
