rms,skewness,kurtosis,crest_factor
0.257864599692787,-0.1378204026603459,-0.3995515345060174,2.487570329969772
