rms,skewness,kurtosis,crest_factor
0.2725337224317939,-0.2445991297629826,0.463036520423191,3.3007502355167277
