rms,skewness,kurtosis,crest_factor
0.3845691199405961,0.2565235976632306,0.1665378383805276,3.0576243468878923
