rms,skewness,kurtosis,crest_factor
0.5486172731560807,0.3996885474100982,1.87593330490878,3.60863475896102
