rms,skewness,kurtosis,crest_factor
0.2056036757477938,0.0580812797225646,0.1095578412644293,2.739858749564036
