rms,skewness,kurtosis,crest_factor
0.466737331298958,-0.0375331260285993,0.8209484077013114,2.904248421509661
