rms,skewness,kurtosis,crest_factor
0.2818485033119755,0.2793811356810228,-0.4504558694152401,2.573848294018365
