rms,skewness,kurtosis,crest_factor
0.3546474408541779,-0.0760715682599974,0.3501098444387298,3.0902515966833337
