rms,skewness,kurtosis,crest_factor
0.2392208234570189,0.0970507947600769,-0.5038485287053396,2.3643389968436788
