rms,skewness,kurtosis,crest_factor
0.400459915579511,0.1171454668871107,0.1144095688431092,2.933859913826755
