rms,skewness,kurtosis,crest_factor
0.2872159691676799,0.5241302312513219,2.1803724513755816,3.82199015593578
