rms,skewness,kurtosis,crest_factor
0.2240934963818392,-0.3264945320065158,1.7842557594763822,3.6655880887240873
