rms,skewness,kurtosis,crest_factor
0.5057240080888098,0.7377375772209743,3.046710588224558,4.439211689055242
