rms,skewness,kurtosis,crest_factor
0.1710294228743185,-0.1014266844268242,-0.7242525621508067,2.1502331444033427
