rms,skewness,kurtosis,crest_factor
0.1929721098279535,-0.1600879030781201,0.0962993809713799,3.0362082556718724
