rms,skewness,kurtosis,crest_factor
0.2154189001049294,-0.0190012438926997,0.1262680828514799,2.6821312159963275
