rms,skewness,kurtosis,crest_factor
0.2680304773460511,-0.0235095055641327,0.9939781390522846,3.002890103520272
