rms,skewness,kurtosis,crest_factor
0.1869424517058823,0.1572937874735759,0.1899582757304658,2.7327045214838037
