rms,skewness,kurtosis,crest_factor
0.3171755441249705,0.0588439285959313,0.1464006054076696,2.796230115502812
