rms,skewness,kurtosis,crest_factor
0.3249210055113729,0.2031041086752578,0.7288626193587877,3.179503348894876
