rms,skewness,kurtosis,crest_factor
0.2078254778815597,-0.2839086172233845,0.7917057419284492,2.938793135711795
