rms,skewness,kurtosis,crest_factor
0.3514968392991442,0.4830592009615972,1.2609026811732322,3.3730431668747425
