rms,skewness,kurtosis,crest_factor
0.1926792439947678,0.4662243421673032,0.2295811169081174,3.433676973795368
