rms,skewness,kurtosis,crest_factor
0.2368611913122285,-0.150711229891949,-0.496461488127804,2.3796633677173484
