rms,skewness,kurtosis,crest_factor
0.2316866884718007,-0.0158362183054732,-0.8226931603696075,2.2911890514444715
