rms,skewness,kurtosis,crest_factor
0.4773714620572735,-0.1732403593780909,1.56485298216647,3.3271588790790267
