rms,skewness,kurtosis,crest_factor
0.3656893316561886,-0.3151422266638512,1.351123139751401,3.2030459167458734
