rms,skewness,kurtosis,crest_factor
0.550060742446592,0.1904961951353469,1.3110960396539006,3.2583841805996725
