rms,skewness,kurtosis,crest_factor
0.1799889924080809,0.3866521025053072,0.3338263379932997,3.059382034718455
