rms,skewness,kurtosis,crest_factor
0.182899327225068,-0.3291480134715369,-0.012965010379041,2.593287717557589
