rms,skewness,kurtosis,crest_factor
0.2231278701227154,-0.1058215444129947,-0.289193393021022,2.7947582824632904
