rms,skewness,kurtosis,crest_factor
0.3065712134725719,-0.1558064654529524,0.8467889121533632,2.8786462038752223
