rms,skewness,kurtosis,crest_factor
0.2100146138971956,-0.0024178200939264,-0.4874488764254279,2.256917743899743
