rms,skewness,kurtosis,crest_factor
0.1568886537002335,-0.3340290858327931,0.4201729675640102,3.161967895877269
