rms,skewness,kurtosis,crest_factor
0.5268080370950441,-0.2388015537810124,1.5176945399373285,3.188218712035224
