rms,skewness,kurtosis,crest_factor
0.3045488609192958,-0.3779175445780167,-0.1655490934563315,2.847625681694624
