rms,skewness,kurtosis,crest_factor
0.2449846784414171,0.2738978366818541,-0.3330599071343902,2.6654288166557105
