rms,skewness,kurtosis,crest_factor
0.2169714199619775,0.2438373095206269,0.7911832204956935,2.740798811586575
