rms,skewness,kurtosis,crest_factor
0.3085235281818486,0.475868104414696,2.0542466011540315,4.03924563780669
