rms,skewness,kurtosis,crest_factor
0.1728273960198664,0.0286302921269636,-0.5544296468019958,2.22373029864947
