rms,skewness,kurtosis,crest_factor
0.1889245776068409,-0.0023719813027969,0.2535164012131328,2.644708620821307
