rms,skewness,kurtosis,crest_factor
0.4211956174591014,-0.216062455047131,2.573347823499075,3.630146689254128
