rms,skewness,kurtosis,crest_factor
0.4627704904302322,0.509115332304514,2.9098635693108053,4.222950871589358
