rms,skewness,kurtosis,crest_factor
0.4735181053224144,-0.6583902968783674,1.9868099410475448,3.895892781558969
