rms,skewness,kurtosis,crest_factor
0.2066293681686599,0.3963775825750239,2.6264239861470573,4.538261004730911
