rms,skewness,kurtosis,crest_factor
0.2398423683403727,0.1741703771818903,1.0506246258113512,3.160085186840945
