rms,skewness,kurtosis,crest_factor
0.3467112617705535,-0.2656139486802734,-0.3947374560308914,2.579106847164727
