rms,skewness,kurtosis,crest_factor
0.3239562210164826,0.7266914965033551,2.823429036507468,3.690383074413602
