rms,skewness,kurtosis,crest_factor
0.1895423646675868,0.426052762067676,0.1826169798876016,2.822054495171129
