rms,skewness,kurtosis,crest_factor
0.5029551278787796,0.3340018085220504,1.9150708530155365,3.5519302972824924
