rms,skewness,kurtosis,crest_factor
0.4366379594807207,-0.003545899198178,0.3081198093780144,2.787495683135744
