rms,skewness,kurtosis,crest_factor
0.2264037676172063,0.4409719068766095,0.1993170594878903,2.6165682859362938
