rms,skewness,kurtosis,crest_factor
0.2396161361716954,-0.1301193377522453,-0.0156414141752709,2.862082365242149
