rms,skewness,kurtosis,crest_factor
0.2383385204109843,-0.2446257715190074,-0.4107986991259968,2.607538241470863
