rms,skewness,kurtosis,crest_factor
0.504966845459901,0.6036360595416361,2.031019779413024,3.8211754366373545
