rms,skewness,kurtosis,crest_factor
0.3260998422806005,-0.0508941593420227,-0.4172370992822936,2.3670411219112246
