rms,skewness,kurtosis,crest_factor
0.3237322479986929,0.3101276186561167,1.4738861286866634,3.0712585332114672
