rms,skewness,kurtosis,crest_factor
0.1595145330860134,0.2580413563820489,-0.1613195103436009,2.8125702383581217
