rms,skewness,kurtosis,crest_factor
0.5704129536451434,0.0022857995605187,1.2012900520666845,3.028503461836008
