rms,skewness,kurtosis,crest_factor
0.1840919826821836,0.7151207121869944,2.0932755371577763,4.145320336075736
