rms,skewness,kurtosis,crest_factor
0.2784839944160409,0.0490186477181845,0.1287645575493159,2.701769351361849
