rms,skewness,kurtosis,crest_factor
0.4419247690681249,0.0457379830464709,0.3178975676837767,2.8140612166088057
