rms,skewness,kurtosis,crest_factor
0.2958035488720743,-0.3515125767255335,-0.5223345025947554,2.298116505214953
