rms,skewness,kurtosis,crest_factor
0.3747971095694214,-0.2166139015303889,0.3048609266933537,3.0021259902597066
