rms,skewness,kurtosis,crest_factor
0.3846532903305074,0.1774395679017232,0.5476161272253544,3.18913195502986
