rms,skewness,kurtosis,crest_factor
0.3230099440427135,0.0015892749198628,0.6917823946938437,2.801542566951956
