rms,skewness,kurtosis,crest_factor
0.5382835525092414,-0.0698931707763553,0.6025867536627958,2.899659769280894
