rms,skewness,kurtosis,crest_factor
0.2067765601665451,-0.2263372077752248,-0.7783617159749858,2.238056790663318
