rms,skewness,kurtosis,crest_factor
0.3514984888832347,0.4267036898568964,2.978226271926657,3.6761792666342825
