rms,skewness,kurtosis,crest_factor
0.3762643064963905,0.1696745714561743,0.3260577972927025,3.3612540395771324
