rms,skewness,kurtosis,crest_factor
0.1690843809152384,0.0406403764212585,1.334311627004282,3.615980524243749
