rms,skewness,kurtosis,crest_factor
0.4153045425051819,-0.4943645966293239,0.822440453078161,3.2001678178618604
