rms,skewness,kurtosis,crest_factor
0.1886281822225017,0.2824659215630904,0.1780548904316936,2.505054053151988
