rms,skewness,kurtosis,crest_factor
0.3189237085359557,-0.4647707617809066,-0.1973848358290926,2.6133355043582105
