rms,skewness,kurtosis,crest_factor
0.1530537419339028,-0.1775208014936831,-0.1965498226725888,2.6129076255702617
