rms,skewness,kurtosis,crest_factor
0.1515074790985598,0.5238121094160403,1.074303242039993,3.676320556544287
