rms,skewness,kurtosis,crest_factor
0.256293093413207,0.5606628801488985,1.1671111368917364,3.1714681749581293
