rms,skewness,kurtosis,crest_factor
0.2225705601131514,-0.3124663185292448,0.9111551981220528,3.5512753390005107
