rms,media,desvio_padrao,minimo,skewness,kurtosis,pico_a_pico,crest_factor,shape_factor,mean_abs
0.1388218323733449,0.0168391084497671,0.1377967545703093,-0.2857233932135729,0.0707859826085809,-0.5605116250093101,0.6455172055888223,2.5917667720133992,1.2204029992615535,0.1137508121967447
