rms,media,desvio_padrao,minimo,skewness,kurtosis,pico_a_pico,crest_factor,shape_factor,mean_abs
0.1462249106974824,0.011421053630444,0.1457782015338961,-0.3198347704590819,-0.0609365560652027,-0.5562605515018149,0.6507151297405189,2.2628179952592293,1.2251512242188862,0.1193525401655704
