rms,media,desvio_padrao,minimo,skewness,kurtosis,pico_a_pico,crest_factor,shape_factor,mean_abs
0.1415996493298528,0.0106045048115151,0.1412020012890746,-0.3448497804391218,-0.146181607534149,-0.4699927362902718,0.6286239520958085,2.435385836555308,1.226862165239092,0.1154161024292877
