rms,media,desvio_padrao,minimo,skewness,kurtosis,pico_a_pico,crest_factor,shape_factor,mean_abs
0.1334448317752342,0.0150325128604579,0.1325954248253714,-0.3526466666666666,-0.0601616054695559,-0.0061283212094065,0.6890498203592814,2.64264012307829,1.2654862442152477,0.1054494526394365
