rms,media,desvio_padrao,minimo,skewness,kurtosis,pico_a_pico,crest_factor,shape_factor,mean_abs
0.1325074853309474,0.0127861538711195,0.131889150190284,-0.3482609181636726,-0.0577995546934804,0.6499568852076703,0.7486635129740519,3.021735668821604,1.3049555028389,0.1015417652499878
