rms,media,desvio_padrao,minimo,skewness,kurtosis,pico_a_pico,crest_factor,shape_factor,mean_abs
0.1588181479283118,0.012338412682831,0.1583381434899604,-0.3321798403193612,-0.0459445078928068,-0.6166408037774547,0.7364808782435129,2.545685384183217,1.214983110859341,0.1307163420699584
