rms,media,desvio_padrao,minimo,skewness,kurtosis,pico_a_pico,crest_factor,shape_factor,mean_abs
0.1288068519569256,0.0102893334642191,0.1283952286026059,-0.2766270259481038,-0.1195805379948635,-0.8626994074170184,0.5290512175648703,2.147611107215095,1.1799346390796095,0.1091643957985668
