rms,media,desvio_padrao,minimo,skewness,kurtosis,pico_a_pico,crest_factor,shape_factor,mean_abs
0.1203464293587043,0.0100230463662838,0.1199283185946044,-0.3237332135728543,-0.0960285055939464,-0.1887075298138558,0.6146545309381237,2.690010956685184,1.2172548941604144,0.0988670737214096
