rms,media,desvio_padrao,minimo,skewness,kurtosis,pico_a_pico,crest_factor,shape_factor,mean_abs
0.1204113776274296,0.0122354591629748,0.1197881187814827,-0.2296832734530938,-0.0166345134212051,-0.8723257524332348,0.4590416766467066,1.907488129267713,1.1964903756011398,0.1006371468445223
