rms,media,desvio_padrao,minimo,skewness,kurtosis,pico_a_pico,crest_factor,shape_factor,mean_abs
0.110013529035787,0.0124520393359622,0.109306556469791,-0.2767894610778443,0.1119362660133958,0.0722811089437889,0.5849289021956088,2.80092315752845,1.272279340893599,0.0864696340652029
