rms,media,desvio_padrao,minimo,skewness,kurtosis,pico_a_pico,crest_factor,shape_factor,mean_abs
0.1327989727992028,0.0060593629135172,0.13266066220853,-0.2556728942115768,0.2488002614609514,-0.5341222750047083,0.6105936526946107,2.67261674545998,1.2188383598488377,0.1089553604266876
