rms,media,desvio_padrao,minimo,skewness,kurtosis,pico_a_pico,crest_factor,shape_factor,mean_abs
0.1207039009953259,0.0140856349090437,0.1198792167337548,-0.3050531736526946,-0.2302408074383964,-0.2622301945715484,0.5678732135728544,2.527285126141096,1.2177256946092216,0.0991224062444217
