rms,media,desvio_padrao,minimo,skewness,kurtosis,pico_a_pico,crest_factor,shape_factor,mean_abs
0.180101186921276,0.013964138714441,0.179559016371822,-0.3979660678642714,0.1309388517615369,-0.3364119277535886,0.8716269061876247,2.629970664937345,1.2389141022964647,0.1453701968420881
