rms,media,desvio_padrao,minimo,skewness,kurtosis,pico_a_pico,crest_factor,shape_factor,mean_abs
0.1062017712767078,0.0190762231634292,0.1044744654551016,-0.2944948902195609,-0.0322004483430961,0.0700596853158788,0.5795685429141717,2.772975315564717,1.2567970799196857,0.0845019239569641
