rms,media,desvio_padrao,minimo,skewness,kurtosis,pico_a_pico,crest_factor,shape_factor,mean_abs
0.1222722934021058,0.0109550512090572,0.1217805427267328,-0.2257848303393213,0.164869371304494,-0.4854470668031569,0.5602387624750499,2.7353206751086283,1.2252826726498771,0.099791089951245
