rms,media,desvio_padrao,minimo,skewness,kurtosis,pico_a_pico,crest_factor,shape_factor,mean_abs
0.1465325582123585,0.0121007568602632,0.1460320591502668,-0.4137222754491018,-0.1797514392618917,-0.1225216690065837,0.7652318962075848,2.823415358991585,1.2496555902057127,0.1172583545104912
