rms,media,desvio_padrao,minimo,skewness,kurtosis,pico_a_pico,crest_factor,shape_factor,mean_abs
0.1401702538304281,0.0189151086444996,0.1388881518483611,-0.3659663473053892,-0.1609619123669829,-0.1697875741889616,0.6861259880239521,2.610870261732702,1.2451517575405882,0.1125728273534232
