rms,media,desvio_padrao,minimo,skewness,kurtosis,pico_a_pico,crest_factor,shape_factor,mean_abs
0.1100919945973549,0.011621375135907,0.1094768967151268,-0.2605459481037924,0.1711576806388348,-0.1418951449262633,0.5545535329341318,2.670562795284327,1.2446542225356376,0.0884518708923616
