rms,media,desvio_padrao,minimo,skewness,kurtosis,pico_a_pico,crest_factor,shape_factor,mean_abs
0.1185422980375825,0.0083267975524361,0.1182494856925466,-0.2561601996007984,0.1301581999367543,-0.513869561026818,0.5600763273453093,2.563777932229369,1.2077900619618969,0.0981480985569843
