rms,media,desvio_padrao,minimo,skewness,kurtosis,pico_a_pico,crest_factor,shape_factor,mean_abs
0.130032137626263,0.015095902179381,0.1291528960304258,-0.2892969660678642,-0.0911369680201589,-0.5250675160569473,0.607507385229541,2.447167484674239,1.2184132819013955,0.1067225214611427
