rms,media,desvio_padrao,minimo,skewness,kurtosis,pico_a_pico,crest_factor,shape_factor,mean_abs
0.1319808800748526,0.0109856742253198,0.1315228788734027,-0.2969314171656687,0.0659927282447318,-0.6101118926118918,0.6066952095808383,2.347035360269517,1.2030968088195937,0.1097009643009064
