rms,media,desvio_padrao,minimo,skewness,kurtosis,pico_a_pico,crest_factor,shape_factor,mean_abs
0.1239716992186968,0.0136339860117164,0.1232197087831462,-0.2639570858283433,-0.0952748457750284,-0.3794903905921751,0.549030738522954,2.2995058911930863,1.265530411715574,0.097960268730831
