rms,media,desvio_padrao,minimo,skewness,kurtosis,pico_a_pico,crest_factor,shape_factor,mean_abs
0.1437475546801762,0.0069279243139736,0.1435805117041658,-0.3329920159680639,-0.0784393481265729,-0.7939676141893721,0.6232635928143713,2.3165056039314016,1.1935753125218589,0.1204344235107021
