rms,media,desvio_padrao,minimo,skewness,kurtosis,pico_a_pico,crest_factor,shape_factor,mean_abs
0.1432489352899534,0.0156809327686091,0.1423880816965086,-0.2689925748502993,0.0407081498074443,-0.9804024369822102,0.5763198403193612,2.1454069787464305,1.199324741853898,0.1194413241809064
