rms,media,desvio_padrao,minimo,skewness,kurtosis,pico_a_pico,crest_factor,shape_factor,mean_abs
0.1195061175926255,0.0080059215994241,0.1192376507710811,-0.2845863473053892,-0.1554654079717425,-0.1901228849381921,0.582492375249501,2.4928098573130706,1.2518283880780103,0.0954652560452864
