rms,media,desvio_padrao,minimo,skewness,kurtosis,pico_a_pico,crest_factor,shape_factor,mean_abs
0.1172231506219522,0.0102281307304091,0.1167760779590518,-0.2382923353293413,0.1394357854309039,-0.1798149120980161,0.5686853892215569,2.818496620669598,1.261699468718317,0.0929089323791441
