rms,media,desvio_padrao,minimo,skewness,kurtosis,pico_a_pico,crest_factor,shape_factor,mean_abs
0.1402365402892369,0.0102994437141976,0.1398578159827789,-0.317073373253493,0.0957593634031077,-0.3026085470899238,0.6755677045908184,2.556354646213699,1.2351054939789996,0.1135421556886227
