rms,media,desvio_padrao,minimo,skewness,kurtosis,pico_a_pico,crest_factor,shape_factor,mean_abs
0.1344786749379325,0.0211561851905944,0.1328041032545434,-0.3186977245508982,0.2493302958765177,0.2804049178903978,0.7338819161676646,3.0873608161917936,1.258816023165903,0.1068294909368255
