rms,media,desvio_padrao,minimo,skewness,kurtosis,pico_a_pico,crest_factor,shape_factor,mean_abs
0.1384396552883222,0.0128257180720526,0.1378442567257908,-0.3419259481037924,0.0214548116404342,-0.0504389635686863,0.6856386826347306,2.4827621378795155,1.2691510929149843,0.1090805153627171
