rms,media,desvio_padrao,minimo,skewness,kurtosis,pico_a_pico,crest_factor,shape_factor,mean_abs
0.1345686020766415,0.0094252318314191,0.1342381230120024,-0.3230834730538922,0.0576312570814481,-0.420618109327838,0.6542887025948103,2.461237052550231,1.2219398800337176,0.1101270236576028
