rms,media,desvio_padrao,minimo,skewness,kurtosis,pico_a_pico,crest_factor,shape_factor,mean_abs
0.1420793989950585,0.0103945276925823,0.1416986570608387,-0.291733493013972,0.0144843653306416,-0.7936712602232139,0.5971115369261477,2.149347801807612,1.200322705396334,0.1183676675916459
