rms,media,desvio_padrao,minimo,skewness,kurtosis,pico_a_pico,crest_factor,shape_factor,mean_abs
0.1689552009322474,0.0169196657092319,0.1681058738841208,-0.4661888223552894,-0.0653834802557994,-0.3395016306353975,0.8420637125748502,2.759245171400407,1.2091445190501893,0.1397311886795514
