rms,media,desvio_padrao,minimo,skewness,kurtosis,pico_a_pico,crest_factor,shape_factor,mean_abs
0.1365525096852504,0.0093173855567553,0.1362342623121188,-0.3922808383233533,-0.1808467520866369,0.2069667923184228,0.7247855489021957,2.87274718881073,1.292473597608725,0.1056520689768004
