rms,media,desvio_padrao,minimo,skewness,kurtosis,pico_a_pico,crest_factor,shape_factor,mean_abs
0.1162201908166339,0.0102651078331142,0.1157659721793469,-0.3185352894211576,-0.1157390206438445,0.0052316550302498,0.6357710978043912,2.7407913133073905,1.2444656323173746,0.0933896347143112
