rms,media,desvio_padrao,minimo,skewness,kurtosis,pico_a_pico,crest_factor,shape_factor,mean_abs
0.1087043353409094,0.009507780831779,0.1082877399596268,-0.1770542914171656,0.1579286202756401,-0.7706530957244571,0.4236308183632734,2.268322842624584,1.1997893110127305,0.0906028536369883
