rms,media,desvio_padrao,minimo,skewness,kurtosis,pico_a_pico,crest_factor,shape_factor,mean_abs
0.1398885401924688,0.0159833526443048,0.138972429335562,-0.3448497804391218,-0.1537579712460221,-0.5213361205695577,0.6570500998003992,2.465175345776375,1.2086483558655006,0.1157396520779579
