rms,media,desvio_padrao,minimo,skewness,kurtosis,pico_a_pico,crest_factor,shape_factor,mean_abs
0.1367964995897619,0.0115540239845512,0.1363076917483975,-0.3253575648702594,0.0366860233405855,-0.5362053073051709,0.6572125349301396,2.4259024979080444,1.2052566058545389,0.1134998961426739
