rms,media,desvio_padrao,minimo,skewness,kurtosis,pico_a_pico,crest_factor,shape_factor,mean_abs
0.0979423154092235,0.0087688341350086,0.0975489861332886,-0.2165260279441117,-0.0701602282414067,-0.5318404729497241,0.458554371257485,2.471131525757054,1.2275380076245268,0.079787603154347
