rms,media,desvio_padrao,minimo,skewness,kurtosis,pico_a_pico,crest_factor,shape_factor,mean_abs
0.1440344574287206,0.0109390739831811,0.1436184583790552,-0.3632049500998003,-0.0826946365609327,-0.3065692496096055,0.7689679041916168,2.817124189138,1.2209361244035652,0.1179705101272864
