rms,media,desvio_padrao,minimo,skewness,kurtosis,pico_a_pico,crest_factor,shape_factor,mean_abs
0.1521327233268386,0.0148449861253103,0.1514067102006373,-0.3874077844311377,0.1641139886274409,0.2300712003986986,0.8586320958083833,3.097455307921344,1.2589615266036112,0.120839851029648
