rms,media,desvio_padrao,minimo,skewness,kurtosis,pico_a_pico,crest_factor,shape_factor,mean_abs
0.1714717520978349,0.0152702228064196,0.1707904624472445,-0.4419859880239521,-0.0576238392105805,-0.3515520754957899,0.8618807984031936,2.577602331676022,1.2553077743536176,0.1365973792252892
