rms,media,desvio_padrao,minimo,skewness,kurtosis,pico_a_pico,crest_factor,shape_factor,mean_abs
0.1353261847323629,0.0120294438764746,0.13479046240087,-0.3308803592814371,-0.0825610331036283,-0.4644661970209571,0.647303992015968,2.4450579164396404,1.2278469066619906,0.1102142164451584
