rms,media,desvio_padrao,minimo,skewness,kurtosis,pico_a_pico,crest_factor,shape_factor,mean_abs
0.1259688942215074,0.0134102182520205,0.1252530572793435,-0.3183728542914171,-0.1278624915321425,-0.2674021683849132,0.6245630738522954,2.527392625449111,1.226107236704447,0.1027388881253885
