rms,media,desvio_padrao,minimo,skewness,kurtosis,pico_a_pico,crest_factor,shape_factor,mean_abs
0.1498913701010661,0.0087622527303117,0.1496350418781139,-0.300180119760479,0.2799512847932289,-0.2920525842980548,0.6791412774451098,2.528238666636454,1.2495904158265465,0.1199524005647242
