rms,media,desvio_padrao,minimo,skewness,kurtosis,pico_a_pico,crest_factor,shape_factor,mean_abs
0.1624215288606743,0.01510910828749,0.1617172467122655,-0.3836717764471058,-0.1991413102254497,-0.4951589496744293,0.7202373652694611,2.3621977895320803,1.2301799520772714,0.1320307070412021
