rms,media,desvio_padrao,minimo,skewness,kurtosis,pico_a_pico,crest_factor,shape_factor,mean_abs
0.1296876745092499,0.014979980694349,0.1288196145701969,-0.3084643113772455,-0.0721368362027342,-0.2288856725664083,0.616928622754491,2.378516790778327,1.2568796162874127,0.1031822561434508
