rms,media,desvio_padrao,minimo,skewness,kurtosis,pico_a_pico,crest_factor,shape_factor,mean_abs
0.1381172551643004,0.0097474392199208,0.1377728696179854,-0.3329920159680639,-0.051859674625555,-0.4695567031560017,0.6666337724550898,2.4156413772496066,1.2062138443920445,0.1145047835476587
