rms,media,desvio_padrao,minimo,skewness,kurtosis,pico_a_pico,crest_factor,shape_factor,mean_abs
0.1397081027125177,0.0117485867609044,0.1392132345456168,-0.3269819161676646,-0.0378461815794825,-0.5079191586215281,0.6547760079840319,2.3462783149441275,1.1984653265663885,0.1165725028631262
