rms,media,desvio_padrao,minimo,skewness,kurtosis,pico_a_pico,crest_factor,shape_factor,mean_abs
0.1042978601612844,0.0126126883937043,0.1035324283773261,-0.2045058283433133,0.0119245554249862,-0.8728418202266024,0.4424732934131736,2.28161406860957,1.1773486985736423,0.0885870603056182
