rms,media,desvio_padrao,minimo,skewness,kurtosis,pico_a_pico,crest_factor,shape_factor,mean_abs
0.1069628122111111,0.0170649328984307,0.1055927614057018,-0.2162011576846307,0.1174941761506032,-0.4905677864883921,0.48828,2.54367697231418,1.225599283513141,0.0872738860490401
