rms,media,desvio_padrao,minimo,skewness,kurtosis,pico_a_pico,crest_factor,shape_factor,mean_abs
0.1359080931924686,0.014366925011765,0.1351465917473284,-0.2624951696606786,-0.0066966963073991,-0.7500009402743286,0.5717716566866268,2.275629653548011,1.18491077031229,0.1146990107589698
