rms,media,desvio_padrao,minimo,skewness,kurtosis,pico_a_pico,crest_factor,shape_factor,mean_abs
0.129452838868634,0.0148964899469353,0.1285928927989777,-0.2970938522954092,-0.204256965175615,-0.7296401151695866,0.5761574051896208,2.2949968103588185,1.1839336784211536,0.1093412926991545
