rms,media,desvio_padrao,minimo,skewness,kurtosis,pico_a_pico,crest_factor,shape_factor,mean_abs
0.1198763256216597,0.0147562995320833,0.1189646378915584,-0.2464140918163672,-0.0885474595974797,-0.9023827747142316,0.4900667864271457,2.055569275572158,1.188695972558322,0.1008469182945584
