rms,media,desvio_padrao,minimo,skewness,kurtosis,pico_a_pico,crest_factor,shape_factor,mean_abs
0.1898356643573314,0.0113717796926472,0.1894947547786251,-0.517680758483034,-0.0422681354666998,0.2701357346806916,1.0563156487025949,2.8373745894537388,1.2568823698539413,0.1510369378316537
