rms,media,desvio_padrao,minimo,skewness,kurtosis,pico_a_pico,crest_factor,shape_factor,mean_abs
0.1416783848746579,0.0126659782873277,0.141111082962029,-0.3453370858283433,-0.1901622874453591,-0.6658181087097814,0.6284615169660679,2.437471927237603,1.1986198128003145,0.1182012706294727
