rms,media,desvio_padrao,minimo,skewness,kurtosis,pico_a_pico,crest_factor,shape_factor,mean_abs
0.1416518525346549,0.0151777800496567,0.1408363671757542,-0.4096613972055888,-0.168108126597042,-0.0335112665649486,0.7522370858283434,2.8920299302500525,1.2219594137996042,0.1159218963698619
