rms,media,desvio_padrao,minimo,skewness,kurtosis,pico_a_pico,crest_factor,shape_factor,mean_abs
0.1505282888161831,0.0123794057413628,0.1500183856979502,-0.3458243912175649,-0.1931568669431404,-0.7468345056350523,0.6399944111776448,2.297404653552307,1.2001836126950742,0.125421049932655
