rms,media,desvio_padrao,minimo,skewness,kurtosis,pico_a_pico,crest_factor,shape_factor,mean_abs
0.1330296436833696,0.0107686502405026,0.1325930702205888,-0.2628200399201597,0.3364805733171036,-0.2882969524082512,0.634471616766467,2.793750073712093,1.224832045325214,0.1086105186348614
