rms,media,desvio_padrao,minimo,skewness,kurtosis,pico_a_pico,crest_factor,shape_factor,mean_abs
0.1330381054020498,0.0133090291548051,0.1323707189370952,-0.2753275449101796,0.1075426030561755,-0.6388650481647482,0.621314371257485,2.6006596027635145,1.2170028817164018,0.1093161794443899
