rms,media,desvio_padrao,minimo,skewness,kurtosis,pico_a_pico,crest_factor,shape_factor,mean_abs
0.1133372812167582,0.0135446932364778,0.112525022100581,-0.2548607185628742,-0.0179319089358796,-0.6827601879115126,0.4949398403193612,2.248692714583929,1.2068010423360434,0.0939154651353031
