rms,media,desvio_padrao,minimo,skewness,kurtosis,pico_a_pico,crest_factor,shape_factor,mean_abs
0.1178933804452413,0.0156796121577982,0.1168460479236992,-0.2511247105788423,-0.2455612850314115,-0.5982620290461207,0.5191426746506986,2.273392815267896,1.2148310232514947,0.0970450854388783
