rms,media,desvio_padrao,minimo,skewness,kurtosis,pico_a_pico,crest_factor,shape_factor,mean_abs
0.1712756081147472,0.0108898108700631,0.1709290670257423,-0.3541085828343313,0.059282916585876,-0.7726088465158836,0.728683992015968,2.1869746270624093,1.2020726979518253,0.1424835689277183
