rms,media,desvio_padrao,minimo,skewness,kurtosis,pico_a_pico,crest_factor,shape_factor,mean_abs
0.1709265017955623,0.0123743614410523,0.1704779874206479,-0.4081994810379241,-0.0037080079476028,0.1411365129007862,0.8789364870259482,2.754031709787472,1.2652777080755884,0.1350901076535453
