rms,media,desvio_padrao,minimo,skewness,kurtosis,pico_a_pico,crest_factor,shape_factor,mean_abs
0.1303157576160926,0.0143299479090599,0.1295254773238833,-0.3370528942115768,-0.1398927929121871,0.1402047975039146,0.7065928143712575,2.8357270595651003,1.2716779875498736,0.1024754370932931
