rms,media,desvio_padrao,minimo,skewness,kurtosis,pico_a_pico,crest_factor,shape_factor,mean_abs
0.1466257280761758,0.0155152177611989,0.1458025450796084,-0.347123872255489,-0.0517510911362067,-0.5540985149787452,0.689537125748503,2.3674144831877606,1.2157474092574767,0.1206054209613559
