rms,media,desvio_padrao,minimo,skewness,kurtosis,pico_a_pico,crest_factor,shape_factor,mean_abs
0.1084171455051901,0.0105001765574541,0.1079074776452302,-0.2239980439121756,0.1461185664668601,-0.6779098131610062,0.4752851896207585,2.3177804999169,1.2118416459672268,0.0894647793843207
