rms,media,desvio_padrao,minimo,skewness,kurtosis,pico_a_pico,crest_factor,shape_factor,mean_abs
0.1085927741842405,0.0089752066359085,0.1082212376147686,-0.2438151297405189,0.1727526994533476,-0.5857281769786709,0.4899043512974051,2.266165713193464,1.2145137769663372,0.0894125503092176
