rms,media,desvio_padrao,minimo,skewness,kurtosis,pico_a_pico,crest_factor,shape_factor,mean_abs
0.1145217425328819,0.0138743371792999,0.1136781961530125,-0.2399166866267465,-0.1170142796493284,-0.5351452420876788,0.5193051097804391,2.439610304335646,1.234466006195783,0.0927702682439998
