rms,media,desvio_padrao,minimo,skewness,kurtosis,pico_a_pico,crest_factor,shape_factor,mean_abs
0.168764178717052,0.0143834975949739,0.168150120472679,-0.4207069860279441,-0.0363356383239656,0.145645399308643,0.864479760479042,2.629543649752367,1.2808693788084335,0.1317575246228853
