rms,media,desvio_padrao,minimo,skewness,kurtosis,pico_a_pico,crest_factor,shape_factor,mean_abs
0.1378516729043913,0.013886222676598,0.1371504886696187,-0.35995624750499,-0.0784692869694719,-0.4003508374032369,0.6909990419161677,2.6111851958056547,1.2233499711209304,0.1126837586615387
