rms,media,desvio_padrao,minimo,skewness,kurtosis,pico_a_pico,crest_factor,shape_factor,mean_abs
0.111611013693789,0.0106612910763838,0.1111006536899751,-0.3175606786427145,-0.1466015099593117,0.1145604029714699,0.5876902994011975,2.845244999870351,1.248020353267606,0.0894304435032374
