rms,media,desvio_padrao,minimo,skewness,kurtosis,pico_a_pico,crest_factor,shape_factor,mean_abs
0.1397020583108623,0.0097501020909001,0.1393614028542645,-0.3338041916167664,-0.0448627981257887,-0.4371569694661477,0.6770296207584829,2.4568387416166613,1.227447485922717,0.1138150999640064
