rms,media,desvio_padrao,minimo,skewness,kurtosis,pico_a_pico,crest_factor,shape_factor,mean_abs
0.1082672843697812,0.0150611982592192,0.1072145753701593,-0.3287687025948103,0.3590887364780271,2.10174488845908,0.7536990019960079,3.924826431869025,1.367072515443328,0.0791964457969307
