rms,media,desvio_padrao,minimo,skewness,kurtosis,pico_a_pico,crest_factor,shape_factor,mean_abs
0.1167923350071875,0.0119422835629553,0.116180167755659,-0.2691550099800399,-0.0294317328784718,0.3069549591782032,0.5574773652694611,2.4686753225002103,1.35847557199859,0.085973084400305
