rms,media,desvio_padrao,minimo,skewness,kurtosis,pico_a_pico,crest_factor,shape_factor,mean_abs
0.1812770285014521,0.0195740934391379,0.1802171355014616,-0.4419859880239521,0.0885615044293208,-0.5372501391744593,0.8579823552894212,2.438179794084674,1.2142628984606094,0.149289769728835
