rms,media,desvio_padrao,minimo,skewness,kurtosis,pico_a_pico,crest_factor,shape_factor,mean_abs
0.1681176912436427,0.0112344361683137,0.1677419016020531,-0.3412762075848303,-0.0225288134107591,-0.4638371173411464,0.7897596007984031,2.667675185734101,1.2195290572017012,0.1378546007172646
