rms,media,desvio_padrao,minimo,skewness,kurtosis,pico_a_pico,crest_factor,shape_factor,mean_abs
0.1320456634651118,0.0154392609902146,0.1311399499009268,-0.3737632335329341,-0.3971574633780899,-0.168144147619877,0.6263498602794411,2.8305604570776928,1.2504949459537595,0.1055947198286354
