rms,media,desvio_padrao,minimo,skewness,kurtosis,pico_a_pico,crest_factor,shape_factor,mean_abs
0.1869365923773979,0.0136273829576619,0.1864392233501273,-0.3633673852295409,0.02062561393665,-0.9306132039619182,0.7569477045908184,2.105421492688257,1.1765601559866985,0.1588840072700128
