rms,media,desvio_padrao,minimo,skewness,kurtosis,pico_a_pico,crest_factor,shape_factor,mean_abs
0.1789730991919893,0.0118775736332213,0.1785785358853999,-0.3040785628742515,-0.0123029319538504,-1.0072417896782744,0.6706946506986028,2.048442416650964,1.18464134539207,0.1510778767667916
