rms,media,desvio_padrao,minimo,skewness,kurtosis,pico_a_pico,crest_factor,shape_factor,mean_abs
0.1316630056043291,0.0065145731301624,0.1315017390824066,-0.3451746506986027,-0.1295100004617433,-0.4078849102083062,0.6325223952095809,2.6216525220145317,1.214074296401237,0.1084472391801762
