rms,media,desvio_padrao,minimo,skewness,kurtosis,pico_a_pico,crest_factor,shape_factor,mean_abs
0.1337521634883733,0.0077556117273649,0.1335271198092541,-0.3534588423153693,-0.0472572132628248,-0.2186319143962203,0.6758925748502994,2.642640186871404,1.2442820528298983,0.1074934442590229
