rms,media,desvio_padrao,minimo,skewness,kurtosis,pico_a_pico,crest_factor,shape_factor,mean_abs
0.1155022480912399,0.0151909861577657,0.1144989225001043,-0.2634697804391218,-0.0884446764906982,-0.3519587339926371,0.5563403193612775,2.535626308249908,1.2427530539821146,0.0929406270386057
