rms,media,desvio_padrao,minimo,skewness,kurtosis,pico_a_pico,crest_factor,shape_factor,mean_abs
0.1179383321903095,0.0147934823036853,0.1170068505736409,-0.2009322554890219,0.2079837574402551,-0.4984324497189809,0.5253152095808383,2.750445491872654,1.1960717909770209,0.0986047268065494
