rms,media,desvio_padrao,minimo,skewness,kurtosis,pico_a_pico,crest_factor,shape_factor,mean_abs
0.1578827236748861,0.0086130561827165,0.1576476124087955,-0.3698647904191616,-0.0660483094957656,-0.335873776195291,0.7486635129740519,2.399241118584429,1.2307171556216074,0.1282851408658094
