rms,media,desvio_padrao,minimo,skewness,kurtosis,pico_a_pico,crest_factor,shape_factor,mean_abs
0.131548159902166,0.0116367461797716,0.1310324559488733,-0.3172358083832335,-0.0136228009914555,-0.333512940662124,0.6341467465069861,2.411556411120958,1.2500221740419617,0.1052366611040214
