rms,media,desvio_padrao,minimo,skewness,kurtosis,pico_a_pico,crest_factor,shape_factor,mean_abs
0.1249231010792171,0.0114681842818428,0.1243955864672296,-0.295794371257485,-0.1508906972243504,-0.6454847323896149,0.5560154491017963,2.3678116273299503,1.2001388035898322,0.1040905441150219
