rms,media,desvio_padrao,minimo,skewness,kurtosis,pico_a_pico,crest_factor,shape_factor,mean_abs
0.1279191556944606,0.0158539327848368,0.1269329082974054,-0.2637946506986028,-0.0291072908913387,-0.9311221610827992,0.5318126147704592,2.0952136731735984,1.1834141188383638,0.1080933154828554
