rms,media,desvio_padrao,minimo,skewness,kurtosis,pico_a_pico,crest_factor,shape_factor,mean_abs
0.1349617112778235,0.0114822996629691,0.1344723774813562,-0.3022917764471057,-0.1723270398545212,-0.5599320750371848,0.5608885029940119,2.239833606027916,1.2344191808531997,0.109332156670266
