rms,media,desvio_padrao,minimo,skewness,kurtosis,pico_a_pico,crest_factor,shape_factor,mean_abs
0.2077161312466085,0.0108165819181309,0.2074343094467901,-0.5019245508982036,0.0242357448075128,-0.428354582596735,1.041046746506986,2.595475817757822,1.223716421779602,0.1697420477078629
