rms,media,desvio_padrao,minimo,skewness,kurtosis,pico_a_pico,crest_factor,shape_factor,mean_abs
0.1547838769150782,0.0096089699289944,0.1544853269723884,-0.386270738522954,0.0358060503862905,0.058729182589166,0.8043787624750499,2.701237572576694,1.2762054245906826,0.1212844530610909
