rms,media,desvio_padrao,minimo,skewness,kurtosis,pico_a_pico,crest_factor,shape_factor,mean_abs
0.102564568322523,0.0110508712655988,0.1019674895221838,-0.3146368463073852,-0.0916070722076753,0.0812036964266229,0.5714467864271457,3.0676953206489657,1.2557722799754791,0.0816744962108303
