rms,media,desvio_padrao,minimo,skewness,kurtosis,pico_a_pico,crest_factor,shape_factor,mean_abs
0.1427821947739807,0.0093882222546776,0.1424732130169448,-0.342413253493014,-0.0430517285805454,-0.0704190076057669,0.7191003193612775,2.638193553926986,1.2599878706876266,0.1133202930723918
