rms,media,desvio_padrao,minimo,skewness,kurtosis,pico_a_pico,crest_factor,shape_factor,mean_abs
0.1225488416794783,0.010580733816919,0.1220912227347951,-0.2832868662674651,0.001660250510853,0.016152400628707,0.6471415568862275,2.9690585862117733,1.2528296349982668,0.0978176427632539
