rms,media,desvio_padrao,minimo,skewness,kurtosis,pico_a_pico,crest_factor,shape_factor,mean_abs
0.1724627615580442,0.0160229709686318,0.1717168265650318,-0.355245628742515,0.0222269684106575,-0.6356925176408628,0.779038882235529,2.457302954356217,1.2320459743012664,0.1399807841228112
