rms,media,desvio_padrao,minimo,skewness,kurtosis,pico_a_pico,crest_factor,shape_factor,mean_abs
0.1984963463193036,0.0147762710644285,0.1979456019100789,-0.4900667864271457,-0.0481216412710095,0.1714643646067073,0.975910259481038,2.468895753067507,1.294855336234812,0.1532961565393802
