rms,media,desvio_padrao,minimo,skewness,kurtosis,pico_a_pico,crest_factor,shape_factor,mean_abs
0.1357289525052278,0.0120415025686332,0.1351937526813129,-0.3877326546906188,-0.0866444126138883,0.6344696403376404,0.8014549301397206,3.048150507410469,1.3060421836348173,0.1039238657112005
