rms,media,desvio_padrao,minimo,skewness,kurtosis,pico_a_pico,crest_factor,shape_factor,mean_abs
0.1979630410150618,0.0120255253427571,0.1975974502572382,-0.4176207185628742,0.0704817955945437,-0.9415710511051012,0.908986986027944,2.4821111301663867,1.182696831587508,0.1673827440201563
