rms,media,desvio_padrao,minimo,skewness,kurtosis,pico_a_pico,crest_factor,shape_factor,mean_abs
0.1267368073060983,0.0139214894800562,0.1259698791648217,-0.2724037125748503,0.0151822742184085,-0.5070457732313765,0.5759949700598803,2.3954466262653105,1.2432811913311728,0.1019373639606033
