rms,media,desvio_padrao,minimo,skewness,kurtosis,pico_a_pico,crest_factor,shape_factor,mean_abs
0.1872388442076365,0.0159212839361926,0.1865607072725516,-0.3835093413173652,-0.0285061039191437,-0.7735815878789092,0.7649070259481038,2.048236000068857,1.1913853224092348,0.1571606101617902
