rms,media,desvio_padrao,minimo,skewness,kurtosis,pico_a_pico,crest_factor,shape_factor,mean_abs
0.1066612879298983,0.0117270240007789,0.1060146558309267,-0.2321198003992015,0.0515555829505138,-0.1057085961088137,0.5329496606786427,2.8204221617608565,1.2493678250333589,0.0853722064813462
