rms,media,desvio_padrao,minimo,skewness,kurtosis,pico_a_pico,crest_factor,shape_factor,mean_abs
0.13154197724258,0.0127610622657124,0.1309215301878879,-0.3519969261477045,-0.0098341444873946,0.0267950792421052,0.7439528942115767,2.979702573126568,1.2263388621581983,0.1072639718936111
