rms,media,desvio_padrao,minimo,skewness,kurtosis,pico_a_pico,crest_factor,shape_factor,mean_abs
0.1196709420955918,0.0155990548983334,0.1186499214846991,-0.3208093812375249,0.1137969499048843,0.4172965580002912,0.6205021956087824,2.680762561234505,1.323429613691486,0.090424863443844
