rms,media,desvio_padrao,minimo,skewness,kurtosis,pico_a_pico,crest_factor,shape_factor,mean_abs
0.1368801793859211,0.0128097408461765,0.1362794703841182,-0.3464741317365269,-0.0734800197371052,-0.0009369360485851,0.667283512974052,2.5312220753281958,1.2809338203953051,0.1068596809659369
