rms,media,desvio_padrao,minimo,skewness,kurtosis,pico_a_pico,crest_factor,shape_factor,mean_abs
0.1232735845059175,0.0144937036496113,0.1224185818879422,-0.2355309381237524,0.1477653229899324,-0.7528760010007933,0.5214167664670658,2.3191166987570635,1.21971338037905,0.1010676659688752
