rms,media,desvio_padrao,minimo,skewness,kurtosis,pico_a_pico,crest_factor,shape_factor,mean_abs
0.1336976179652632,0.012741837636203,0.1330890627483645,-0.2482008782435129,0.2037526553169393,-0.7654582510952284,0.60409624750499,2.661942483926261,1.1723188577626928,0.1140454383037204
