rms,media,desvio_padrao,minimo,skewness,kurtosis,pico_a_pico,crest_factor,shape_factor,mean_abs
0.1525616218843334,0.0118128637034873,0.1521035986526983,-0.3268194810379241,-0.0317229904479042,-0.705121994670046,0.6534765269461078,2.142212943211279,1.2017552396725608,0.1269489966408646
