rms,media,desvio_padrao,minimo,skewness,kurtosis,pico_a_pico,crest_factor,shape_factor,mean_abs
0.1904373389973966,0.0143405127955471,0.1898966291885407,-0.4436103393213573,-0.0973216183250922,-0.7860514012365494,0.8587945309381237,2.3294294157692548,1.1969221445667215,0.1591058698862437
