rms,media,desvio_padrao,minimo,skewness,kurtosis,pico_a_pico,crest_factor,shape_factor,mean_abs
0.1108353758477323,0.0133902467196754,0.1100235512610564,-0.2405664271457085,0.1307864324475496,-0.0873172993236717,0.5704721756487026,2.976538365839302,1.245716743923602,0.0889731765976244
