rms,media,desvio_padrao,minimo,skewness,kurtosis,pico_a_pico,crest_factor,shape_factor,mean_abs
0.1281317143973339,0.0066638346258303,0.1279583117365947,-0.2959568063872255,0.0807529568529918,-0.426890718669644,0.6131926147704592,2.4758570497190995,1.2072176088756084,0.1061380429305323
