rms,media,desvio_padrao,minimo,skewness,kurtosis,pico_a_pico,crest_factor,shape_factor,mean_abs
0.1253093809053596,0.0137643800922744,0.1245511251798229,-0.27857624750499,-0.0342217645777507,-0.748150393629845,0.5303506986027944,2.2231076834972603,1.1911608207294897,0.1051993809103105
