rms,media,desvio_padrao,minimo,skewness,kurtosis,pico_a_pico,crest_factor,shape_factor,mean_abs
0.1308468701593703,0.0100336978502012,0.130461597176924,-0.3196723353293413,0.0943080614050693,-0.4601103366996959,0.6529892215568862,2.547381422433475,1.218144623050886,0.107414889565132
