rms,media,desvio_padrao,minimo,skewness,kurtosis,pico_a_pico,crest_factor,shape_factor,mean_abs
0.106964020721648,0.010511683190995,0.1064462598940578,-0.2902715768463074,-0.0350092600873419,-0.3124306115069037,0.5543910978043912,2.713730980641423,1.2449036363118209,0.0859215264552861
