rms,media,desvio_padrao,minimo,skewness,kurtosis,pico_a_pico,crest_factor,shape_factor,mean_abs
0.1384201949047026,0.0123160164224396,0.1378711938620176,-0.3812352495009979,-0.061900859297294,0.0290554177010062,0.7134150898203593,2.7541880703423725,1.2453399503791185,0.1111505295100855
