rms,media,desvio_padrao,minimo,skewness,kurtosis,pico_a_pico,crest_factor,shape_factor,mean_abs
0.1209483270555784,0.0120796270872888,0.1203435932111685,-0.2399166866267465,0.0297500049036195,-0.6661352327982626,0.5475688223552895,2.5436659044252004,1.1907937849989914,0.1015694980770166
