rms,media,desvio_padrao,minimo,skewness,kurtosis,pico_a_pico,crest_factor,shape_factor,mean_abs
0.1623743782928265,0.0119216733745623,0.1619361368871451,-0.3477736127744511,0.017270145087242,-0.7913675079310121,0.7077298602794412,2.2168291037631787,1.1879675375262015,0.1366825044991983
