rms,media,desvio_padrao,minimo,skewness,kurtosis,pico_a_pico,crest_factor,shape_factor,mean_abs
0.1557597401397167,0.0144171082225792,0.1550910817516291,-0.372788622754491,-0.0985256849786024,-0.3655106737937563,0.7575974451097804,2.470528148096006,1.223967972040351,0.1272580195706148
