rms,media,desvio_padrao,minimo,skewness,kurtosis,pico_a_pico,crest_factor,shape_factor,mean_abs
0.141279247982708,0.0142665585901368,0.1405570745873494,-0.3328295808383233,0.0124473455678027,-0.4675272993529686,0.7329073053892217,2.831822297071301,1.2166107123264245,0.1161252704347402
