rms,media,desvio_padrao,minimo,skewness,kurtosis,pico_a_pico,crest_factor,shape_factor,mean_abs
0.1628246674285427,0.0121403751845901,0.1623714371852171,-0.3593065069860279,0.1241203810721158,-0.6629844849233271,0.8073025948103791,2.7514018293386595,1.1949386787976466,0.136261944079321
