rms,media,desvio_padrao,minimo,skewness,kurtosis,pico_a_pico,crest_factor,shape_factor,mean_abs
0.1872689134327898,0.0131891999607342,0.1868038836392153,-0.504523512974052,0.0583089714788682,0.6221449486149644,1.0628130538922156,2.981218455771795,1.3134234138524103,0.1425807637184647
