rms,media,desvio_padrao,minimo,skewness,kurtosis,pico_a_pico,crest_factor,shape_factor,mean_abs
0.143997186912311,0.009236167991885,0.1437006716737424,-0.2769518962075848,0.1536949313692382,-0.6586551328977523,0.634471616766467,2.4828243400101875,1.212858795291912,0.1187254340499329
