rms,media,desvio_padrao,minimo,skewness,kurtosis,pico_a_pico,crest_factor,shape_factor,mean_abs
0.2041190687304152,0.0125594309741173,0.2037323119021092,-0.4821074650698603,0.1383116752521496,-0.2587749436005491,1.0480314570858282,2.772518978926937,1.2027986789601608,0.1697034360786623
