rms,media,desvio_padrao,minimo,skewness,kurtosis,pico_a_pico,crest_factor,shape_factor,mean_abs
0.1051657957796214,0.0125021792480612,0.1044200177935744,-0.2857233932135729,-0.2465318927873983,0.2174996088135645,0.547406387225549,2.7168851915723247,1.2671539648908432,0.0829936998134877
