rms,media,desvio_padrao,minimo,skewness,kurtosis,pico_a_pico,crest_factor,shape_factor,mean_abs
0.1438754858249888,0.0106045048115151,0.1434841451139432,-0.432239880239521,-0.1609044011970442,-0.1968010590257223,0.7512624750499002,3.0042635669380173,1.208525612417899,0.1190504233808805
