rms,media,desvio_padrao,minimo,skewness,kurtosis,pico_a_pico,crest_factor,shape_factor,mean_abs
0.1248218580700888,0.0135824821900913,0.1240806690408512,-0.2992055089820359,0.2135140513742944,-0.0374988798790769,0.6328472654690618,2.6729433582031947,1.3026761956070831,0.0958195586063645
