rms,media,desvio_padrao,minimo,skewness,kurtosis,pico_a_pico,crest_factor,shape_factor,mean_abs
0.1519614167115383,0.0116623140710448,0.1515132423238513,-0.3442000399201597,-0.0646336415916463,-0.7223575607058494,0.6903493013972055,2.277875983047235,1.1781290132684348,0.1289853785112701
