rms,media,desvio_padrao,minimo,skewness,kurtosis,pico_a_pico,crest_factor,shape_factor,mean_abs
0.1443304061056079,0.0090593901627638,0.1440458037448107,-0.3666160878243513,-0.127058524413149,-0.4023804210235244,0.720562235528942,2.540116789778134,1.2006002865280436,0.120215202116093
