rms,media,desvio_padrao,minimo,skewness,kurtosis,pico_a_pico,crest_factor,shape_factor,mean_abs
0.1600241810483144,0.0181795284228291,0.1589881859337581,-0.3198347704590819,0.1134850391397919,-0.5938176622486657,0.6921360878243513,2.3265316211983262,1.219966257602077,0.1311709894033072
