rms,media,desvio_padrao,minimo,skewness,kurtosis,pico_a_pico,crest_factor,shape_factor,mean_abs
0.1411495412533827,0.0147261311523294,0.1403792508076774,-0.304240998003992,-0.0452305613672193,-0.6078030146246878,0.6598114970059881,2.51910488581538,1.2081568555717708,0.11683047660776
