rms,media,desvio_padrao,minimo,skewness,kurtosis,pico_a_pico,crest_factor,shape_factor,mean_abs
0.1097968479429336,0.0094438719282745,0.1093899497266821,-0.2319573652694611,-0.0652281688066816,-0.7022401939693603,0.4903916566866267,2.353749640895752,1.2056817585093749,0.0910661931873957
