rms,media,desvio_padrao,minimo,skewness,kurtosis,pico_a_pico,crest_factor,shape_factor,mean_abs
0.173902315582005,0.0115475400019632,0.1735184995459744,-0.4088492215568862,-0.0885864685809698,-0.9478645116385912,0.7523995209580838,2.351028048065812,1.16008356479163,0.1499049903471745
