rms,media,desvio_padrao,minimo,skewness,kurtosis,pico_a_pico,crest_factor,shape_factor,mean_abs
0.1139319867449377,0.0171613374876263,0.1126320829039597,-0.2545358483033932,0.0044417485679727,0.1097679880243176,0.5755076646706587,2.817223025223221,1.2634874996401737,0.0901726267789624
