rms,media,desvio_padrao,minimo,skewness,kurtosis,pico_a_pico,crest_factor,shape_factor,mean_abs
0.1379497007640669,0.0160770835378423,0.1370096614323707,-0.3107384031936127,-0.1299995184970615,0.0974900437352412,0.6703697804391218,2.6069746817398363,1.2659883421010203,0.108966011910605
