rms,media,desvio_padrao,minimo,skewness,kurtosis,pico_a_pico,crest_factor,shape_factor,mean_abs
0.1196907828463837,0.0122301767197312,0.1190642947141767,-0.2527490618762475,0.1612604076288484,0.0568264057380325,0.6006851097804391,2.906957742525149,1.281918168461465,0.0933685049413368
