rms,media,desvio_padrao,minimo,skewness,kurtosis,pico_a_pico,crest_factor,shape_factor,mean_abs
0.1139799681629003,0.0105249975458918,0.1134929846689862,-0.2894594011976048,-0.0653945085895231,-0.4428659638889871,0.5527667465069861,2.539563801105023,1.2267576258251858,0.0929115627760871
