rms,media,desvio_padrao,minimo,skewness,kurtosis,pico_a_pico,crest_factor,shape_factor,mean_abs
0.1684684799830532,0.0123873294062281,0.168012448401843,-0.3435502994011976,0.02739859627179,-0.6052931261242396,0.762145628742515,2.484710073857289,1.2003519686897692,0.140349234539052
