rms,media,desvio_padrao,minimo,skewness,kurtosis,pico_a_pico,crest_factor,shape_factor,mean_abs
0.1575713812095053,0.0077343087595301,0.1573814494922559,-0.3531339720558882,-0.0155642545189452,-0.768411054795171,0.6791412774451098,2.241104757382084,1.2006755706157146,0.1312356019109322
