rms,media,desvio_padrao,minimo,skewness,kurtosis,pico_a_pico,crest_factor,shape_factor,mean_abs
0.1449755025947714,0.0076424397107424,0.1447739253728869,-0.3742505389221557,0.0835111085529859,-0.3499657401562683,0.7234860678642715,2.5814743334137136,1.228940817066749,0.117967847256307
