rms,media,desvio_padrao,minimo,skewness,kurtosis,pico_a_pico,crest_factor,shape_factor,mean_abs
0.094781525128513,0.0106594725303491,0.094180216346437,-0.27857624750499,-0.1878849928010069,-0.0436156308420341,0.5462693413173652,2.9391407990879235,1.2063628345010973,0.0785680082458034
