rms,media,desvio_padrao,minimo,skewness,kurtosis,pico_a_pico,crest_factor,shape_factor,mean_abs
0.1502623170843828,0.0116527234056477,0.1498098059968007,-0.3510223153692615,-0.1916864140674683,-0.578102095159442,0.6823899800399202,2.3360635066750493,1.2057669721166748,0.1246196989627302
