rms,media,desvio_padrao,minimo,skewness,kurtosis,pico_a_pico,crest_factor,shape_factor,mean_abs
0.1007155108173898,0.0113158702267595,0.1000777957402085,-0.2265970059880239,-0.0415393006415,-0.2836382517669857,0.501112375249501,2.725651362273372,1.2408638951101847,0.0811656388861621
