rms,media,desvio_padrao,minimo,skewness,kurtosis,pico_a_pico,crest_factor,shape_factor,mean_abs
0.1173644290662197,0.0100376921566702,0.1169344001832123,-0.3251951297405189,0.0385203375709272,-0.3001434495876505,0.6027967664670659,2.770815078536583,1.2360830601425614,0.094948659075292
