rms,media,desvio_padrao,minimo,skewness,kurtosis,pico_a_pico,crest_factor,shape_factor,mean_abs
0.1200282520570331,0.018674757476916,0.118566583509204,-0.2865355688622755,-0.0874732190364935,-0.5683249020776899,0.5527667465069861,2.387234371505502,1.203581231195915,0.0997259253850023
