rms,media,desvio_padrao,minimo,skewness,kurtosis,pico_a_pico,crest_factor,shape_factor,mean_abs
0.1392014849515699,0.0152438105902017,0.1383643004947887,-0.2459267864271457,0.02465020206972,-0.9270236954606356,0.5347364471057885,2.074759912073665,1.1806989067775209,0.1178975301429661
