rms,media,desvio_padrao,minimo,skewness,kurtosis,pico_a_pico,crest_factor,shape_factor,mean_abs
0.1414402631985268,0.0161827648767505,0.1405114449951047,-0.2931954091816367,0.0304071058907717,-0.1543348597249876,0.6929482634730539,2.8263016856121124,1.247404548942061,0.1133876442237476
