rms,media,desvio_padrao,minimo,skewness,kurtosis,pico_a_pico,crest_factor,shape_factor,mean_abs
0.1291526290529439,0.0122605507683819,0.128569360604085,-0.3047283033932136,0.1316678740874732,0.0676738336650322,0.6784915369261477,2.893965351489021,1.2489163838281454,0.1034117501582201
