rms,media,desvio_padrao,minimo,skewness,kurtosis,pico_a_pico,crest_factor,shape_factor,mean_abs
0.1606866851897862,0.0160454213524171,0.1598835677951454,-0.4624528143712574,0.0537957349032647,1.250655040432823,0.9578799600798404,3.0831872916130934,1.348151145004827,0.1191904081268357
