rms,media,desvio_padrao,minimo,skewness,kurtosis,pico_a_pico,crest_factor,shape_factor,mean_abs
0.1188713276865693,0.0180091696282232,0.1174992015090724,-0.3157738922155688,-0.1572334920716267,0.0799838945884916,0.6339843113772454,2.676931648317323,1.2552102773347682,0.0947023218603443
