rms,media,desvio_padrao,minimo,skewness,kurtosis,pico_a_pico,crest_factor,shape_factor,mean_abs
0.141344497594402,0.00840700842218,0.1410942564727683,-0.3031039520958083,0.0103422718345835,-0.1781493960971492,0.7203998003992016,2.9523317526010318,1.24827550591154,0.1132318121480615
