rms,media,desvio_padrao,minimo,skewness,kurtosis,pico_a_pico,crest_factor,shape_factor,mean_abs
0.1219798848949292,0.0089592294100323,0.1216504193472369,-0.3476111776447106,-0.0942657316088053,-0.0628575353601226,0.6531516566866268,2.849741807381891,1.2352571538940031,0.0987485759628284
