rms,media,desvio_padrao,minimo,skewness,kurtosis,pico_a_pico,crest_factor,shape_factor,mean_abs
0.1625762944288498,0.0113078816138215,0.1621825617124845,-0.4229810778443114,-0.0786111123238159,-0.3452013909567095,0.8334546506986028,2.601738951735215,1.2212922898309828,0.1331182516933346
