rms,media,desvio_padrao,minimo,skewness,kurtosis,pico_a_pico,crest_factor,shape_factor,mean_abs
0.1110188815255814,0.0101541765249987,0.11055353795465,-0.2905964471057884,0.1309174629354211,0.4621046839774463,0.6138423552894212,2.911630019521941,1.3123673104767928,0.084594366713727
