rms,media,desvio_padrao,minimo,skewness,kurtosis,pico_a_pico,crest_factor,shape_factor,mean_abs
0.1149966894865528,0.0125114992964889,0.1143140454109669,-0.3097637924151696,-0.0653038630021238,-0.2713002025062487,0.5756700998003992,2.693675737955848,1.2390855079336087,0.0928077108078924
