rms,media,desvio_padrao,minimo,skewness,kurtosis,pico_a_pico,crest_factor,shape_factor,mean_abs
0.1479297839268076,0.0123424069893,0.1474139951373087,-0.3932554491017964,0.1282169795659671,0.953586002347464,0.8628554091816367,3.1744787805016186,1.3247661035561145,0.111664831648179
