rms,media,desvio_padrao,minimo,skewness,kurtosis,pico_a_pico,crest_factor,shape_factor,mean_abs
0.1528103013965223,0.015551512909141,0.1520169025442,-0.3560578043912176,-0.2739070135419053,-0.3675317622895435,0.7208871057884232,2.3874653610591494,1.1976963096535258,0.1275868516625286
