rms,media,desvio_padrao,minimo,skewness,kurtosis,pico_a_pico,crest_factor,shape_factor,mean_abs
0.1527184403053647,0.0106261866431072,0.1523483054278225,-0.3547583233532934,-0.0469807451424012,-0.1860996138576522,0.728683992015968,2.448464428493376,1.2670204598736428,0.1205335234449134
