rms,media,desvio_padrao,minimo,skewness,kurtosis,pico_a_pico,crest_factor,shape_factor,mean_abs
0.1461559823438174,0.0134147646171072,0.1455390506536094,-0.3377026347305389,0.0843468117501283,-0.2653680658532922,0.715526746506986,2.5850745601890823,1.2583056678649265,0.1161530032617691
