rms,media,desvio_padrao,minimo,skewness,kurtosis,pico_a_pico,crest_factor,shape_factor,mean_abs
0.0981583433757714,0.0099613673466075,0.097651582346943,-0.2350436327345309,-0.0988625808400515,-0.5403783443496724,0.4549807984031936,2.394535448043708,1.2265546815098671,0.0800276945296399
