rms,media,desvio_padrao,minimo,skewness,kurtosis,pico_a_pico,crest_factor,shape_factor,mean_abs
0.1582004413436564,0.0128137351526455,0.1576806514216805,-0.4679756087824351,-0.130380112204038,0.2829159110962242,0.8540839121756487,2.9581182252574054,1.2873180560316886,0.1228914956971303
