rms,media,desvio_padrao,minimo,skewness,kurtosis,pico_a_pico,crest_factor,shape_factor,mean_abs
0.1541829829141819,0.0130119783197831,0.1536329412610472,-0.385620998003992,-0.25003964021357,-0.406453986995432,0.7041562874251497,2.501060692402276,1.2215669906152136,0.1262173782516268
