rms,media,desvio_padrao,minimo,skewness,kurtosis,pico_a_pico,crest_factor,shape_factor,mean_abs
0.1851869339351714,0.0110284208818136,0.1848582549770583,-0.5579646706586827,-0.0196080315295201,-0.0975191246723992,1.070122634730539,3.012980769226462,1.2182425324155337,0.1520115486100968
