rms,media,desvio_padrao,minimo,skewness,kurtosis,pico_a_pico,crest_factor,shape_factor,mean_abs
0.16467051881517,0.0172379329146584,0.1637657883554652,-0.3251951297405189,-0.1041747913087377,-0.5525633454599226,0.706105508982036,2.313166813235461,1.2194765166343058,0.1350337760251853
