rms,media,desvio_padrao,minimo,skewness,kurtosis,pico_a_pico,crest_factor,shape_factor,mean_abs
0.1316085998080695,0.0132311997143923,0.1309418149315125,-0.2847487824351297,-0.0739091409587945,-0.6789138539521842,0.5626752894211577,2.1636031600548216,1.211212699441882,0.10865853690992
