rms,media,desvio_padrao,minimo,skewness,kurtosis,pico_a_pico,crest_factor,shape_factor,mean_abs
0.128274832928162,0.011543459098064,0.1277543788478469,-0.32552,0.0145995824486156,0.27039035449436,0.6690702994011977,2.678236186778717,1.2964024940041423,0.0989467650065722
