rms,media,desvio_padrao,minimo,skewness,kurtosis,pico_a_pico,crest_factor,shape_factor,mean_abs
0.1158625698249931,0.0135811615792804,0.1150638393962625,-0.2595713373253493,0.0116316856425823,-0.2988564843501922,0.5387973253493015,2.4099757880885457,1.264653565248596,0.0916160543952745
