rms,media,desvio_padrao,minimo,skewness,kurtosis,pico_a_pico,crest_factor,shape_factor,mean_abs
0.1606682046597474,0.0121667874008081,0.1602068702426023,-0.3664536526946108,-0.0418963437925864,-0.7488151581586595,0.7377803592814371,2.3111399506404995,1.1891161388602411,0.1351156538954611
