rms,media,desvio_padrao,minimo,skewness,kurtosis,pico_a_pico,crest_factor,shape_factor,mean_abs
0.1378948543515942,0.0057211782991394,0.1377761190319891,-0.4078746107784431,0.2731205563969635,1.0258098534482647,0.8354038722554891,3.100400399183592,1.3375939048999557,0.1030917185301528
