rms,media,desvio_padrao,minimo,skewness,kurtosis,pico_a_pico,crest_factor,shape_factor,mean_abs
0.1262372936746311,0.0155607571848173,0.1252745670522561,-0.312687624750499,0.1455522205514921,-0.4755646889199183,0.5984110179640718,2.47698295526227,1.2233338085130825,0.1031912081528
