rms,media,desvio_padrao,minimo,skewness,kurtosis,pico_a_pico,crest_factor,shape_factor,mean_abs
0.1682890366034564,0.0164600931470392,0.1674821338964557,-0.3721388822355289,0.0078244338513051,-0.5737563182797589,0.7860235928143713,2.4593682329651028,1.1918288728822053,0.1412023491228924
