rms,media,desvio_padrao,minimo,skewness,kurtosis,pico_a_pico,crest_factor,shape_factor,mean_abs
0.1199631186276051,0.011655386276627,0.1193955686011984,-0.218475249500998,-0.0525989499079073,-0.9702125776435544,0.4772344111776447,2.156989286681504,1.1718724682096264,0.1023687490592585
