rms,media,desvio_padrao,minimo,skewness,kurtosis,pico_a_pico,crest_factor,shape_factor,mean_abs
0.2070975566821364,0.0089232806518111,0.2069052272083034,-0.5711219161676647,0.0158016706166624,-0.1987239532292664,1.0459198003992016,2.757743381030086,1.2242590983529678,0.169161541834364
