rms,media,desvio_padrao,minimo,skewness,kurtosis,pico_a_pico,crest_factor,shape_factor,mean_abs
0.1218341457028341,0.0078761228761988,0.1215792981867325,-0.3716515768463073,0.0381884525276369,0.908264517619252,0.7057806387225549,3.050471398657019,1.320015812624583,0.0922974895736981
