rms,media,desvio_padrao,minimo,skewness,kurtosis,pico_a_pico,crest_factor,shape_factor,mean_abs
0.1415357071096077,0.0159146808821381,0.1406381147464526,-0.3050531736526946,0.1200567407817695,-0.4133072980806558,0.6711819560878243,2.586829782477387,1.2285150806672671,0.1152087665319767
