rms,media,desvio_padrao,minimo,skewness,kurtosis,pico_a_pico,crest_factor,shape_factor,mean_abs
0.1542992790148071,0.0079380183894506,0.1540949556881667,-0.37246375249501,-0.0745211106069049,-0.4825320578790535,0.739892015968064,2.413904684929,1.225953816284953,0.1258605968391086
