rms,media,desvio_padrao,minimo,skewness,kurtosis,pico_a_pico,crest_factor,shape_factor,mean_abs
0.1788685104462919,0.0137337570760119,0.1783404831939521,-0.4315901397205589,0.0358866431568721,-0.4845707484751638,0.8552209580838324,2.412890556552997,1.213496922313388,0.1473992287556035
