rms,media,desvio_padrao,minimo,skewness,kurtosis,pico_a_pico,crest_factor,shape_factor,mean_abs
0.1085028915915008,0.0115804362007691,0.1078831357586388,-0.2595713373253493,0.1379045488283742,0.1031285553114003,0.5750203592814371,2.907286776685288,1.2548475206924647,0.0864669928435811
