rms,media,desvio_padrao,minimo,skewness,kurtosis,pico_a_pico,crest_factor,shape_factor,mean_abs
0.1405252806135468,0.0100907872060756,0.1401625146216983,-0.3747378443113772,0.0073937525320642,0.301745743547821,0.7827748902195608,2.903655798633916,1.2897003472744806,0.1089596361748048
