rms,media,desvio_padrao,minimo,skewness,kurtosis,pico_a_pico,crest_factor,shape_factor,mean_abs
0.180511784235178,0.017764856628207,0.1796355034973507,-0.3576821556886227,0.0879006851559661,-0.5779738486037762,0.7639324151696607,2.250547027731767,1.2428224732451667,0.1452434182042419
