rms,media,desvio_padrao,minimo,skewness,kurtosis,pico_a_pico,crest_factor,shape_factor,mean_abs
0.1112211134820154,0.0127821920386868,0.1104841692319107,-0.2972562874251497,0.0013188547614673,0.0202128905530325,0.6278117764471058,2.9720570013481056,1.214989800102877,0.0915407795790532
