rms,media,desvio_padrao,minimo,skewness,kurtosis,pico_a_pico,crest_factor,shape_factor,mean_abs
0.1605758781661757,0.0101655099636792,0.1602537832814466,-0.3539461477045908,-0.1348189513496488,-0.446196557613665,0.6958720958083833,2.2042298740431066,1.2216607780523203,0.1314406429763424
