rms,media,desvio_padrao,minimo,skewness,kurtosis,pico_a_pico,crest_factor,shape_factor,mean_abs
0.1200620279232745,0.0178097573957775,0.1187337487429446,-0.3542710179640719,-0.0721289690389802,0.4748003759788806,0.7043187225548903,2.9507332509031774,1.2696423849442486,0.0945636577251999
