rms,media,desvio_padrao,minimo,skewness,kurtosis,pico_a_pico,crest_factor,shape_factor,mean_abs
0.1521632519115568,0.0183974292066274,0.1510469788869907,-0.3419259481037924,0.0476932522336356,-0.5389293349826647,0.7411914970059881,2.6239288651261488,1.1990662544351824,0.1269014546516722
