rms,media,desvio_padrao,minimo,skewness,kurtosis,pico_a_pico,crest_factor,shape_factor,mean_abs
0.1616748683223084,0.0202581698391834,0.1604006533708718,-0.3755500199600798,0.0155050886434096,-0.1727287934617702,0.7978813572854291,2.612226264402496,1.25162874465304,0.1291715846356068
