rms,media,desvio_padrao,minimo,skewness,kurtosis,pico_a_pico,crest_factor,shape_factor,mean_abs
0.152550664907958,0.0056892238473871,0.1524445410497681,-0.4124227944111777,0.052078231198397,-0.1052387965294134,0.7727039121756487,2.7035135812748785,1.2362413472242593,0.123398772618697
