rms,media,desvio_padrao,minimo,skewness,kurtosis,pico_a_pico,crest_factor,shape_factor,mean_abs
0.164954343920275,0.0134160852279181,0.1644078594086231,-0.3412762075848303,-0.1222119122619977,-0.6638032990952043,0.6721565668662675,2.0689131275607653,1.2114367877105643,0.1361642188793145
