rms,media,desvio_padrao,minimo,skewness,kurtosis,pico_a_pico,crest_factor,shape_factor,mean_abs
0.171228357183575,0.0157799785794265,0.1704996849845148,-0.3826971656686627,-0.0683454444870927,-0.638989731520196,0.7281966866267465,2.2350104384776093,1.2181022222042417,0.140569776544472
