rms,media,desvio_padrao,minimo,skewness,kurtosis,pico_a_pico,crest_factor,shape_factor,mean_abs
0.1508725232475252,0.0084852383757076,0.1506337246461843,-0.2821498203592814,-0.0505858340058547,-1.0783249225036111,0.5878527345309381,2.026233190718981,1.1600110971465762,0.1300612758090376
