rms,media,desvio_padrao,minimo,skewness,kurtosis,pico_a_pico,crest_factor,shape_factor,mean_abs
0.0947343476890587,0.0156664060496892,0.0934299756692558,-0.2384547704590818,0.1730428206977347,0.3176417255133619,0.4980261077844311,2.73999181561186,1.3187839097298932,0.0718346250588254
