rms,media,desvio_padrao,minimo,skewness,kurtosis,pico_a_pico,crest_factor,shape_factor,mean_abs
0.146270119941316,0.0138677341252454,0.1456112424844952,-0.5126452694610778,-0.0400584329302542,1.3557546734772423,1.0384477844311375,3.594736335630361,1.2689401912703462,0.115269514629278
