rms,media,desvio_padrao,minimo,skewness,kurtosis,pico_a_pico,crest_factor,shape_factor,mean_abs
0.1230462035642423,0.0191620628661376,0.121544985738973,-0.2894594011976048,-0.21135154971389,-0.171473842999922,0.607507385229541,2.584785022366687,1.22182205273944,0.1007071392174999
