rms,media,desvio_padrao,minimo,skewness,kurtosis,pico_a_pico,crest_factor,shape_factor,mean_abs
0.1670196816918574,0.0118630902130165,0.1665978426122235,-0.3952046706586826,0.1014089590781003,0.2738484971902526,0.9112610778443117,3.0897939809137336,1.2861496003324144,0.1298602290500965
