rms,media,desvio_padrao,minimo,skewness,kurtosis,pico_a_pico,crest_factor,shape_factor,mean_abs
0.1217877071484923,0.0123873294062281,0.1211560963495792,-0.2607083832335329,0.0386882077201409,-0.3838363676273606,0.568360518962076,2.526134557681026,1.215029521649365,0.1002343605471982
