rms,media,desvio_padrao,minimo,skewness,kurtosis,pico_a_pico,crest_factor,shape_factor,mean_abs
0.1586753224363978,0.0107247128693432,0.1583124710317066,-0.33802750499002,-0.032257795634161,-0.7362328606942183,0.7296586027944112,2.468128577216975,1.176200123042764,0.1349050381204803
