rms,media,desvio_padrao,minimo,skewness,kurtosis,pico_a_pico,crest_factor,shape_factor,mean_abs
0.10101053924317,0.0136762455576651,0.1000804143958369,-0.2004449500998004,-0.0021777341644057,-0.4061969202804789,0.4557929740518961,2.527934469663386,1.245688124074454,0.0810881450107914
