rms,media,desvio_padrao,minimo,skewness,kurtosis,pico_a_pico,crest_factor,shape_factor,mean_abs
0.1581097536588511,0.0127871064428519,0.157591827551056,-0.3901691816367265,-0.1657470463505921,-0.4606922644519486,0.7306332135728543,2.46771102103279,1.2250489380380782,0.12906403062727
