rms,media,desvio_padrao,minimo,skewness,kurtosis,pico_a_pico,crest_factor,shape_factor,mean_abs
0.1023943715908908,0.0207996202716518,0.1002595787446193,-0.2176630738522954,0.1987633362936242,-0.1154520422008977,0.531162874251497,3.0616897738458406,1.252392426838273,0.0817590153027278
