rms,media,desvio_padrao,minimo,skewness,kurtosis,pico_a_pico,crest_factor,shape_factor,mean_abs
0.1515378938323877,0.0174769634714311,0.1505267053215949,-0.3388396806387225,-0.0251511072210258,-0.595803066794196,0.6754052694610778,2.2360062692537124,1.212497480813741,0.1249799659218149
