rms,media,desvio_padrao,minimo,skewness,kurtosis,pico_a_pico,crest_factor,shape_factor,mean_abs
0.1567055764473023,0.0088846690226105,0.156453508576957,-0.3615805988023952,0.026749678890487,-0.537565241466921,0.7431407185628742,2.43488539725829,1.2198699232101151,0.1284608903504466
