rms,media,desvio_padrao,minimo,skewness,kurtosis,pico_a_pico,crest_factor,shape_factor,mean_abs
0.154654023435106,0.009968457511207,0.1543324230986917,-0.3373777644710579,-0.037423990492846,-0.9907392208355564,0.6627353293413174,2.1815000798386865,1.1645047150416814,0.1328066957887503
