rms,media,desvio_padrao,minimo,skewness,kurtosis,pico_a_pico,crest_factor,shape_factor,mean_abs
0.1274787743743744,0.0155184976388686,0.1265306846066403,-0.3068399600798402,0.1306307425917134,-0.1263795538749796,0.6351213572854291,2.5751847616726016,1.2567231403874417,0.1014374369959268
