rms,media,desvio_padrao,minimo,skewness,kurtosis,pico_a_pico,crest_factor,shape_factor,mean_abs
0.1229288739372224,0.01036788815811,0.1224908769770812,-0.3070023952095808,-0.1645218617435306,-0.556220978524526,0.5771320159680638,2.4973985799817977,1.2109393880202408,0.1015152989103759
