rms,media,desvio_padrao,minimo,skewness,kurtosis,pico_a_pico,crest_factor,shape_factor,mean_abs
0.1591325838911997,0.0138269575602892,0.1585307367689801,-0.3766870658682634,-0.0672206750310219,-0.6159709076340207,0.7135775249500997,2.3671271882684155,1.227213602874154,0.1296698337750728
