rms,media,desvio_padrao,minimo,skewness,kurtosis,pico_a_pico,crest_factor,shape_factor,mean_abs
0.1268387054282183,0.0107659873695232,0.1263809744805981,-0.3416010778443114,0.0125606948478078,-0.3554459047943594,0.6780042315369261,2.693192718193054,1.224669963199529,0.1035697038709466
