rms,media,desvio_padrao,minimo,skewness,kurtosis,pico_a_pico,crest_factor,shape_factor,mean_abs
0.1903852911931216,0.0095144380092274,0.1901474022227447,-0.4803206786427146,0.0758410867063609,0.0621708888689069,0.964702235528942,2.5442173281909906,1.280170651701441,0.1487186813258728
