rms,media,desvio_padrao,minimo,skewness,kurtosis,pico_a_pico,crest_factor,shape_factor,mean_abs
0.1233327725720473,0.0111134920323287,0.12283103469871,-0.2584342914171657,0.0027987840945883,-0.5947516456179378,0.5761574051896208,2.576145067904402,1.219910044474553,0.1010998910375969
