rms,media,desvio_padrao,minimo,skewness,kurtosis,pico_a_pico,crest_factor,shape_factor,mean_abs
0.1486741264184723,0.0069327845947449,0.1485123980146397,-0.3133373652694611,0.0602299608524578,-0.657741623139112,0.6762174451097804,2.440774925550413,1.187857413835823,0.1251615932070285
