rms,media,desvio_padrao,minimo,skewness,kurtosis,pico_a_pico,crest_factor,shape_factor,mean_abs
0.1167341657075826,0.0189851010174772,0.1151799955843094,-0.2837741716566866,-0.232461376442355,-0.3696518319689739,0.5456196007984033,2.430943588251076,1.210944037258216,0.0963993067523489
