rms,media,desvio_padrao,minimo,skewness,kurtosis,pico_a_pico,crest_factor,shape_factor,mean_abs
0.1479752581929538,0.0154960472550833,0.1471616443124347,-0.3204845109780439,0.2928265620164259,0.4191347404329533,0.7772520958083833,3.086783496162127,1.285898442995432,0.1150753848400759
