rms,media,desvio_padrao,minimo,skewness,kurtosis,pico_a_pico,crest_factor,shape_factor,mean_abs
0.1724004582771896,0.0121694286224299,0.171970413214566,-0.4333769261477046,-0.0316501727546645,-0.0177329093520852,0.8399520558882236,2.513780592455913,1.25112369314263,0.1377964938415851
