rms,media,desvio_padrao,minimo,skewness,kurtosis,pico_a_pico,crest_factor,shape_factor,mean_abs
0.1155458131445664,0.0115078026061697,0.1149713243135717,-0.3065150898203593,-0.0696761154207763,-0.3650302640236988,0.6005226746506986,2.6527580833834232,1.2182770370018192,0.0948436272171105
