rms,media,desvio_padrao,minimo,skewness,kurtosis,pico_a_pico,crest_factor,shape_factor,mean_abs
0.1282451219714241,0.0098808100871427,0.1278639155566857,-0.2751651097804391,-0.0334357004550524,-0.6218560558156381,0.5761574051896208,2.3470077518913315,1.2164047770783672,0.105429643477273
