rms,media,desvio_padrao,minimo,skewness,kurtosis,pico_a_pico,crest_factor,shape_factor,mean_abs
0.1619420808507783,0.0118656881359232,0.1615067893165517,-0.3416010778443114,0.0664358623760169,-0.3348727198470902,0.7551609181636727,2.553751552077661,1.2384153634730457,0.1307655618843613
