rms,media,desvio_padrao,minimo,skewness,kurtosis,pico_a_pico,crest_factor,shape_factor,mean_abs
0.1118205889804776,0.0111129399737111,0.1112670062735652,-0.2470638323353293,-0.033625600093052,-0.2633882253471933,0.5321374850299401,2.5493842886517144,1.2239752818826837,0.0913585352871493
