rms,media,desvio_padrao,minimo,skewness,kurtosis,pico_a_pico,crest_factor,shape_factor,mean_abs
0.1717289678619143,0.0090084925231504,0.1714925230596913,-0.4198948103792415,0.0984517428193405,-0.5303790704576081,0.8048660678642715,2.445101811343064,1.2374586419446278,0.1387755210889695
