rms,media,desvio_padrao,minimo,skewness,kurtosis,pico_a_pico,crest_factor,shape_factor,mean_abs
0.166039569325967,0.0199795209580838,0.1648331196217498,-0.3446873453093813,-0.0387367541068192,-0.5907941885869228,0.7397295808383234,2.3792053733492864,1.202495988520034,0.1380791045551174
