rms,media,desvio_padrao,minimo,skewness,kurtosis,pico_a_pico,crest_factor,shape_factor,mean_abs
0.1343510486773567,0.0183300780552715,0.1330947501563947,-0.2611956886227545,0.1210357408401038,0.1487276699571134,0.6734560479041916,3.06853101140638,1.293634718554384,0.103855475390682
