rms,media,desvio_padrao,minimo,skewness,kurtosis,pico_a_pico,crest_factor,shape_factor,mean_abs
0.118495386447321,0.0176367573795498,0.1171755153538265,-0.2616829940119761,-0.0897395615967112,-0.4180045459614105,0.581517764471058,2.6991326839654586,1.2174227908875652,0.0973329785956542
