rms,media,desvio_padrao,minimo,skewness,kurtosis,pico_a_pico,crest_factor,shape_factor,mean_abs
0.130712153596786,0.0137977417522678,0.1299818811236685,-0.3437127345309381,-0.3100752089956204,-0.2956663665786347,0.6143296606786427,2.6295392208991157,1.2251337775724769,0.1066921474124921
