rms,media,desvio_padrao,minimo,skewness,kurtosis,pico_a_pico,crest_factor,shape_factor,mean_abs
0.1378634592228486,0.0119779400548496,0.1373421360724102,-0.3003425548902195,0.1256192793934067,-0.4659753075685722,0.6451923353293414,2.501386388990076,1.235399255462616,0.1115942547425474
