rms,media,desvio_padrao,minimo,skewness,kurtosis,pico_a_pico,crest_factor,shape_factor,mean_abs
0.132011145580857,0.0161101312821511,0.1310244489690457,-0.3849712574850299,-0.0087389746925201,1.0665978970326546,0.8009676247504991,3.15122155356701,1.3025916728489235,0.1013449942391639
