rms,media,desvio_padrao,minimo,skewness,kurtosis,pico_a_pico,crest_factor,shape_factor,mean_abs
0.1321009277187186,0.0113044285412914,0.131616355364753,-0.3190225948103792,0.0688933284494064,0.261695555625181,0.6546135728542914,2.540413484139061,1.2911117362536422,0.1023156431851743
