rms,media,desvio_padrao,minimo,skewness,kurtosis,pico_a_pico,crest_factor,shape_factor,mean_abs
0.1412016191797559,0.0152372075361472,0.1403770806274485,-0.2585967265469062,0.2733041262935176,-0.5787690078029115,0.6497405189620759,2.7701084073067626,1.220090915267406,0.1157304078022816
