rms,media,desvio_padrao,minimo,skewness,kurtosis,pico_a_pico,crest_factor,shape_factor,mean_abs
0.1575976568463515,0.0146838716063807,0.1569120943653092,-0.3372153293413173,0.0437245732238747,-0.3590467186094108,0.7472015968063872,2.601474385274537,1.2482290971617074,0.1262569965759538
