rms,media,desvio_padrao,minimo,skewness,kurtosis,pico_a_pico,crest_factor,shape_factor,mean_abs
0.1422658369458373,0.0173594291092611,0.1412027569946851,-0.3071648303393213,0.1331457419000157,-0.6348859450408706,0.6599739321357285,2.4799284871934977,1.2126673040157654,0.1173164613861707
