rms,media,desvio_padrao,minimo,skewness,kurtosis,pico_a_pico,crest_factor,shape_factor,mean_abs
0.1529613601788979,0.0142388257631079,0.1522971882493777,-0.4150217564870259,0.0158510142761365,0.2042257682685719,0.8607437524950099,2.913951572388505,1.274636529211942,0.1200039043863492
