rms,media,desvio_padrao,minimo,skewness,kurtosis,pico_a_pico,crest_factor,shape_factor,mean_abs
0.1007375147723335,0.0152094747091183,0.0995827232082895,-0.2878350499001996,-0.392834967477406,-0.2151040879313286,0.4905540918163672,2.8572776542155705,1.21841010015685,0.0826794810379241
