rms,media,desvio_padrao,minimo,skewness,kurtosis,pico_a_pico,crest_factor,shape_factor,mean_abs
0.1329080454064654,0.015798467130779,0.1319657416532213,-0.3573572854291417,-0.135893380623943,-0.3392329768076245,0.711465868263473,2.6887558562482465,1.186206792094444,0.1120445830290638
