rms,media,desvio_padrao,minimo,skewness,kurtosis,pico_a_pico,crest_factor,shape_factor,mean_abs
0.1398338619945418,0.0072110546120873,0.1396478057532236,-0.3318549700598802,0.1130325440472524,-0.533654037506246,0.6861259880239521,2.5335137920877857,1.214104401042389,0.1151744955989659
