rms,media,desvio_padrao,minimo,skewness,kurtosis,pico_a_pico,crest_factor,shape_factor,mean_abs
0.2101855057043307,0.0093520028794869,0.2099773484219842,-0.517680758483034,-0.125034261708809,-0.6233893987055987,0.9560931736526947,2.4629707778768464,1.192523152861261,0.1762527672523804
