rms,media,desvio_padrao,minimo,skewness,kurtosis,pico_a_pico,crest_factor,shape_factor,mean_abs
0.1099826307392152,0.0110469094331661,0.1094264358201161,-0.2602210778443113,-0.2941826741025421,-0.7506712959732176,0.5033864670658682,2.366019762350777,1.1763773914805855,0.0934926423575613
