rms,media,desvio_padrao,minimo,skewness,kurtosis,pico_a_pico,crest_factor,shape_factor,mean_abs
0.1485632067117055,0.0131031004657351,0.1479842395211388,-0.4070624351297405,0.0745907943100348,-0.0542850850893619,0.8176984431137724,2.764049168519175,1.214359421144425,0.1223387443000178
