rms,media,desvio_padrao,minimo,skewness,kurtosis,pico_a_pico,crest_factor,shape_factor,mean_abs
0.1551139886326276,0.0123212988656832,0.1546238502424042,-0.4294784830339321,0.0624419970092122,0.2961316041682025,0.8399520558882236,2.768792723466805,1.2971997246779077,0.1195760264836181
