rms,media,desvio_padrao,minimo,skewness,kurtosis,pico_a_pico,crest_factor,shape_factor,mean_abs
0.1338313333743186,0.0184621391363614,0.1325517831311885,-0.2631449101796407,-0.0205936377670847,-0.6125059809907794,0.5701473053892215,2.29395005989302,1.2144147244729129,0.1102023309478603
