rms,media,desvio_padrao,minimo,skewness,kurtosis,pico_a_pico,crest_factor,shape_factor,mean_abs
0.1588423866180375,0.0125352378170488,0.1583469974435389,-0.3279565269461078,-0.0691674878337422,-0.7323204234855312,0.6978213173652694,2.328501845723093,1.203709657206684,0.1319607146682245
