rms,media,desvio_padrao,minimo,skewness,kurtosis,pico_a_pico,crest_factor,shape_factor,mean_abs
0.1235401728051192,0.008586427472923,0.123241419822927,-0.2941700199600798,-0.0541904777916392,-0.4404865325856453,0.608157125748503,2.5415789751543243,1.2231212520916064,0.1010040276823402
