rms,media,desvio_padrao,minimo,skewness,kurtosis,pico_a_pico,crest_factor,shape_factor,mean_abs
0.1515597360301257,0.0142124135468899,0.1508918847608895,-0.3104135329341317,-0.0502265084086198,-0.6102395838694341,0.6953847904191617,2.540062866093332,1.2035412145575597,0.12592816448404
