rms,media,desvio_padrao,minimo,skewness,kurtosis,pico_a_pico,crest_factor,shape_factor,mean_abs
0.09345888589097,0.0080858077288046,0.0931084478731879,-0.2022317365269461,-0.0214107439997368,-0.5298082831960227,0.4302906586826347,2.440205872149431,1.208721393017753,0.0773204531919766
