rms,media,desvio_padrao,minimo,skewness,kurtosis,pico_a_pico,crest_factor,shape_factor,mean_abs
0.124678049654829,0.0139218791684922,0.1238983347190345,-0.3000176846307385,-0.1993892803484072,-0.457913431043933,0.5870405588822355,2.40633925106574,1.2066021847718411,0.1033298722879444
