rms,media,desvio_padrao,minimo,skewness,kurtosis,pico_a_pico,crest_factor,shape_factor,mean_abs
0.094569094774388,0.0162976580172987,0.0931541734416573,-0.214414371257485,0.0796176244893816,-0.5503867258213608,0.4702497005988024,2.70527416966039,1.223539854623376,0.0772913889294581
