rms,media,desvio_padrao,minimo,skewness,kurtosis,pico_a_pico,crest_factor,shape_factor,mean_abs
0.1395881408467736,0.0186245742661019,0.1383400675815405,-0.3887072654690619,-0.1826987449721206,-0.2872859049860636,0.7238109381237525,2.7846725596535244,1.2362969525593932,0.1129082624993914
