rms,media,desvio_padrao,minimo,skewness,kurtosis,pico_a_pico,crest_factor,shape_factor,mean_abs
0.2108735755930367,0.0110653979845187,0.2105830521453148,-0.3789611576846307,0.1006873004742335,-0.8785591107371222,0.8946926946107785,2.4456906726021184,1.185766095508496,0.1778374136280285
