rms,media,desvio_padrao,minimo,skewness,kurtosis,pico_a_pico,crest_factor,shape_factor,mean_abs
0.1066592194252955,0.0121535812926991,0.105964520242273,-0.2301705788423153,0.0002991552222571,-0.6849497151363169,0.4965641916167664,2.4976144979294,1.1921922812452397,0.0894647793843208
