rms,media,desvio_padrao,minimo,skewness,kurtosis,pico_a_pico,crest_factor,shape_factor,mean_abs
0.1598993340973751,0.0139601011092568,0.1592887711729967,-0.3729510578842315,-0.0466605777277103,-0.0726336025510256,0.7436280239520958,2.3324115762553,1.2466956883366218,0.1282585121560158
