rms,media,desvio_padrao,minimo,skewness,kurtosis,pico_a_pico,crest_factor,shape_factor,mean_abs
0.1067079960905854,0.0145174746442075,0.1057158425195731,-0.2503125349301397,0.0692829909217989,-0.0100472083569895,0.5374978443113773,2.691319487786494,1.240302715720054,0.0860338324976063
