rms,media,desvio_padrao,minimo,skewness,kurtosis,pico_a_pico,crest_factor,shape_factor,mean_abs
0.1000976847968934,0.014568567128039,0.0990318300019446,-0.223510738522954,-0.2055646781583306,-0.6631005667474632,0.4213567265469061,2.232926155849418,1.2093860417948448,0.0827673557802427
