rms,media,desvio_padrao,minimo,skewness,kurtosis,pico_a_pico,crest_factor,shape_factor,mean_abs
0.1099131793003262,0.0139337646657903,0.1090264059122561,-0.2644443912175648,0.1192709543952908,0.166319518690126,0.5409089820359281,2.515299735466233,1.3117058366121792,0.0837940765623225
