rms,media,desvio_padrao,minimo,skewness,kurtosis,pico_a_pico,crest_factor,shape_factor,mean_abs
0.1216190304587261,0.0144289937198773,0.1207600625618929,-0.3019669061876248,-0.1678006129677605,-0.1471860735408867,0.621639241516966,2.628472979299309,1.2427536222826543,0.0978625435308245
