rms,media,desvio_padrao,minimo,skewness,kurtosis,pico_a_pico,crest_factor,shape_factor,mean_abs
0.1046532717802803,0.011556860050391,0.1040132024316764,-0.2082418363273453,-0.0343699127363699,-0.7898313600807776,0.4385748502994012,2.2009155571900347,1.1948472931068448,0.0875871522528713
