rms,media,desvio_padrao,minimo,skewness,kurtosis,pico_a_pico,crest_factor,shape_factor,mean_abs
0.0975104781789849,0.0137079402171267,0.096542144836843,-0.2129524550898203,0.2058846023879676,-0.3689148961017641,0.4799958083832335,2.738611873108065,1.2668555210062915,0.0769704805024098
