rms,media,desvio_padrao,minimo,skewness,kurtosis,pico_a_pico,crest_factor,shape_factor,mean_abs
0.1305393788881988,0.0150558725172605,0.1296682310485522,-0.2899467065868263,-0.0687807891458412,-0.2419992137346414,0.6205021956087825,2.5322281432414515,1.2675055387015817,0.1029891979974477
