rms,media,desvio_padrao,minimo,skewness,kurtosis,pico_a_pico,crest_factor,shape_factor,mean_abs
0.1361170495450188,0.0112766957142625,0.1356491330993643,-0.2457643512974052,0.0660182455388423,-0.7809080977094212,0.5691726946107785,2.3759576364194577,1.1865139714252406,0.1147201405319442
