rms,media,desvio_padrao,minimo,skewness,kurtosis,pico_a_pico,crest_factor,shape_factor,mean_abs
0.156106722057712,0.0122790393197345,0.1556230505580332,-0.3542710179640719,-0.112129689488145,-0.3866372069449078,0.7355062674650699,2.4421449920654714,1.233852127242685,0.1265197981273225
