rms,media,desvio_padrao,minimo,skewness,kurtosis,pico_a_pico,crest_factor,shape_factor,mean_abs
0.1616327923646792,0.0079579899217957,0.1614367676956154,-0.3539461477045908,0.0652510352299939,-0.1767080502561135,0.8146121756487026,2.8500777670458577,1.232898890187769,0.1310997954909852
