rms,media,desvio_padrao,minimo,skewness,kurtosis,pico_a_pico,crest_factor,shape_factor,mean_abs
0.1946613024766389,0.0193865667039903,0.1936935303858475,-0.4946149700598802,-0.1636344626361161,-0.4790561453696034,0.8969667864271458,2.5409003421172445,1.2080189750204644,0.1611409311458384
