rms,media,desvio_padrao,minimo,skewness,kurtosis,pico_a_pico,crest_factor,shape_factor,mean_abs
0.1530329508633354,0.0119422835629553,0.1525662672848818,-0.3828596007984032,0.010492477156624,0.1286839335055334,0.7502878642714571,2.5018115290759315,1.303829243690311,0.1173719270402284
