rms,media,desvio_padrao,minimo,skewness,kurtosis,pico_a_pico,crest_factor,shape_factor,mean_abs
0.0834895714357438,0.0089392578776872,0.0830096271954065,-0.2176630738522954,-0.1990982705839199,-0.0280577849609136,0.4010523353293413,2.607069004058977,1.2817110995131658,0.0651391498969274
