rms,media,desvio_padrao,minimo,skewness,kurtosis,pico_a_pico,crest_factor,shape_factor,mean_abs
0.1155170190449783,0.0119869137135564,0.1148934096833305,-0.3040785628742515,-0.2204547201511801,-0.0764600835431794,0.5444825548902196,2.6323269539690406,1.2788158119565447,0.0903312407970943
