rms,media,desvio_padrao,minimo,skewness,kurtosis,pico_a_pico,crest_factor,shape_factor,mean_abs
0.1229559822178191,0.0148978105577462,0.1220501077579784,-0.2834493013972056,0.0586651990669924,-0.5409108720786779,0.603446506986028,2.6025346617291105,1.2083605430955329,0.1017543835905425
