rms,media,desvio_padrao,minimo,skewness,kurtosis,pico_a_pico,crest_factor,shape_factor,mean_abs
0.1346417292178944,0.0156896358103465,0.1337244576542507,-0.3529715369261477,-0.0642876606786925,0.4202778357065813,0.7191003193612775,2.719281641448717,1.3181766102296495,0.1021424050260135
