rms,media,desvio_padrao,minimo,skewness,kurtosis,pico_a_pico,crest_factor,shape_factor,mean_abs
0.1444641134473116,0.0131598867306038,0.1438634681055458,-0.3282813972055888,0.0712340556350119,-0.2559556162139418,0.7142272654690619,2.6715691465080265,1.2718656265383612,0.1135844152345715
