rms,media,desvio_padrao,minimo,skewness,kurtosis,pico_a_pico,crest_factor,shape_factor,mean_abs
0.106922521209156,0.0097659169465946,0.1064755953630438,-0.2639570858283433,0.0727542943297729,-0.4364420991248949,0.5657615568862275,2.822646413916024,1.1982483813833067,0.0892323518816026
