rms,media,desvio_padrao,minimo,skewness,kurtosis,pico_a_pico,crest_factor,shape_factor,mean_abs
0.1493253590356771,0.0100709780439121,0.1489853625440194,-0.321134251497006,0.0139015276907276,-0.7131704181005625,0.6589993213572853,2.262610128930317,1.214062759038122,0.1229964084838453
