rms,media,desvio_padrao,minimo,skewness,kurtosis,pico_a_pico,crest_factor,shape_factor,mean_abs
0.1513789819236415,0.0110988462419423,0.1509715595081931,-0.3817225548902195,0.0012196418906133,-0.5351463280834183,0.7304707784431137,2.521635104421351,1.2229328758300857,0.1237835574752135
