rms,media,desvio_padrao,minimo,skewness,kurtosis,pico_a_pico,crest_factor,shape_factor,mean_abs
0.109783944363862,0.0125341336998134,0.109066080577248,-0.2751651097804391,-0.0180874562961307,0.4700793550376763,0.6302483033932136,3.234381818491651,1.2780996955355126,0.0858962291809823
