rms,media,desvio_padrao,minimo,skewness,kurtosis,pico_a_pico,crest_factor,shape_factor,mean_abs
0.16692987644086,0.0111467779195706,0.1665572964194981,-0.3437127345309381,0.0689998808077062,-0.5013550945476863,0.7523995209580838,2.4482542918069883,1.2365947170620335,0.1349915814273093
