rms,media,desvio_padrao,minimo,skewness,kurtosis,pico_a_pico,crest_factor,shape_factor,mean_abs
0.1324762356620674,0.0136313447900946,0.1317730604274075,-0.321134251497006,-0.1745337984740016,-0.0252956719336214,0.633821876247505,2.424089497199972,1.263691587153731,0.1048327273907469
