rms,media,desvio_padrao,minimo,skewness,kurtosis,pico_a_pico,crest_factor,shape_factor,mean_abs
0.150525773543806,0.0165815893416419,0.14960969018037,-0.3227586027944112,0.2646074476136932,-0.144772694077591,0.7882976846307386,3.0927532931816897,1.2204417139948929,0.1233371260730571
