rms,media,desvio_padrao,minimo,skewness,kurtosis,pico_a_pico,crest_factor,shape_factor,mean_abs
0.1402934770385773,0.0088058328870713,0.1400168454391784,-0.3125251896207585,0.0454365461750378,-0.2157965892306608,0.6521770459081837,2.4210096111170523,1.2590520883484777,0.1114278577803742
