rms,media,desvio_padrao,minimo,skewness,kurtosis,pico_a_pico,crest_factor,shape_factor,mean_abs
0.1148534194203422,0.0091123444913451,0.1144913670562811,-0.2735407584830339,0.0479474873811267,-0.2018530762315378,0.6266747305389222,3.074649181871401,1.2426582387383425,0.0924255888223552
