rms,media,desvio_padrao,minimo,skewness,kurtosis,pico_a_pico,crest_factor,shape_factor,mean_abs
0.0981717148423484,0.0071231798697686,0.0979129506430599,-0.2556728942115768,-0.0708100405429258,-0.1802636715013696,0.5256400798403194,2.7499487613339166,1.2216876671176593,0.0803574575439285
