rms,media,desvio_padrao,minimo,skewness,kurtosis,pico_a_pico,crest_factor,shape_factor,mean_abs
0.1202015659895364,0.0112453041458067,0.1196743899128179,-0.2823122554890219,-0.1346954831580211,-0.0611131328342717,0.585903512974052,2.525684711224625,1.2738412493855025,0.0943614960243447
