rms,media,desvio_padrao,minimo,skewness,kurtosis,pico_a_pico,crest_factor,shape_factor,mean_abs
0.1378623669164718,0.0125431614819142,0.1372905725527086,-0.3336417564870259,-0.0284243190253169,-0.4264179072064382,0.6564003592814371,2.4201075605293583,1.2242627039170857,0.1126084838453174
