rms,media,desvio_padrao,minimo,skewness,kurtosis,pico_a_pico,crest_factor,shape_factor,mean_abs
0.1509504690675227,0.0148614829357678,0.1502171109982316,-0.351834491017964,-0.0527990549761488,-0.3699114509226628,0.6909990419161677,2.3307942876320733,1.2365489466049486,0.122073994306469
