rms,media,desvio_padrao,minimo,skewness,kurtosis,pico_a_pico,crest_factor,shape_factor,mean_abs
0.1276877558377463,0.0123833675737954,0.1270858575861696,-0.317398243512974,0.0403298780663717,0.0937171725043226,0.711465868263473,3.0861817733819623,1.2248806922058944,0.1042450555798971
