rms,media,desvio_padrao,minimo,skewness,kurtosis,pico_a_pico,crest_factor,shape_factor,mean_abs
0.1602080165185801,0.0155475510767083,0.1594518178395429,-0.3671033932135728,-0.0832471790409151,-0.77007654378491,0.6929482634730538,2.2914171287489724,1.2071843151582269,0.1327121422196257
