rms,media,desvio_padrao,minimo,skewness,kurtosis,pico_a_pico,crest_factor,shape_factor,mean_abs
0.1773864551595746,0.0119909080200255,0.1769807125054452,-0.4124227944111777,0.0528973382413522,-0.1147702378264585,0.8977789620758483,2.7361512310962546,1.2439727162405003,0.1425967409443408
