rms,media,desvio_padrao,minimo,skewness,kurtosis,pico_a_pico,crest_factor,shape_factor,mean_abs
0.170868616915758,0.0099045486077026,0.1705813124688098,-0.4557929740518961,-0.0203491980805742,-0.3807371371391399,0.8846217165668663,2.667505492109251,1.2166794459046406,0.1404384840155754
