rms,media,desvio_padrao,minimo,skewness,kurtosis,pico_a_pico,crest_factor,shape_factor,mean_abs
0.1247225211271281,0.011439130844003,0.124196833944512,-0.2650941317365269,0.1909843841880736,-0.5666701352762828,0.5815177644710579,2.537020819295372,1.2214254193117138,0.102112269120296
