rms,media,desvio_padrao,minimo,skewness,kurtosis,pico_a_pico,crest_factor,shape_factor,mean_abs
0.1399556904239261,0.0150734517955958,0.1391416053271044,-0.3784738522954091,0.0788623587195614,0.4274880220228176,0.7511000399201596,2.704240543196285,1.3057910105318546,0.1071807734125245
