rms,media,desvio_padrao,minimo,skewness,kurtosis,pico_a_pico,crest_factor,shape_factor,mean_abs
0.1315953365312663,0.0153660969863551,0.1306951248523951,-0.2935202794411177,0.1817264759027379,0.0864032287770824,0.6900244311377245,3.01305625372522,1.2861888937821502,0.1023141602041818
