rms,media,desvio_padrao,minimo,skewness,kurtosis,pico_a_pico,crest_factor,shape_factor,mean_abs
0.1249113482555068,0.0095956555740977,0.1245422350735356,-0.3360782834331337,-0.0416310926439375,-0.3367912916577915,0.6919736526946108,2.849183634888729,1.1967834159508994,0.1043725594712215
