rms,media,desvio_padrao,minimo,skewness,kurtosis,pico_a_pico,crest_factor,shape_factor,mean_abs
0.1569068128642824,0.011490634665628,0.1564855048821072,-0.3807479441117764,0.0594257560938175,-0.0070233022065142,0.8113634730538922,2.744403006353711,1.256265458297407,0.1248994086623501
