rms,media,desvio_padrao,minimo,skewness,kurtosis,pico_a_pico,crest_factor,shape_factor,mean_abs
0.1267060786827131,0.0119562906972939,0.1261407051189729,-0.3872453493013972,0.1440840052092255,0.7240450980526054,0.736480878243513,3.0562491817863373,1.319976354478127,0.0959911730637086
