rms,media,desvio_padrao,minimo,skewness,kurtosis,pico_a_pico,crest_factor,shape_factor,mean_abs
0.142736252326512,0.0085225185694185,0.1424815932162875,-0.3102510978043912,0.0218775204624477,-0.5644359559081953,0.6479537325349302,2.365920564861387,1.2251275090850855,0.116507262524132
