rms,media,desvio_padrao,minimo,skewness,kurtosis,pico_a_pico,crest_factor,shape_factor,mean_abs
0.1336058990132006,0.0129135928143712,0.1329803570898732,-0.2862106986027944,0.0633212840317905,-0.4159906763945042,0.6156291417165669,2.4655980428021738,1.2243890920058973,0.1091204584274074
