rms,media,desvio_padrao,minimo,skewness,kurtosis,pico_a_pico,crest_factor,shape_factor,mean_abs
0.1178239020673905,0.0174624367525112,0.1165226810584556,-0.2358558083832335,0.1408995806686833,-0.2500449173441392,0.5605636327345309,2.75587396660465,1.235911938851935,0.0953335738279538
