rms,media,desvio_padrao,minimo,skewness,kurtosis,pico_a_pico,crest_factor,shape_factor,mean_abs
0.1018293135844005,0.0134345737792707,0.1009391962145504,-0.2842614770459082,-0.2169938398629248,-0.1215043347439919,0.518655369261477,2.791548592835205,1.242090544173731,0.0819821985297697
