rms,media,desvio_padrao,minimo,skewness,kurtosis,pico_a_pico,crest_factor,shape_factor,mean_abs
0.1636802791982669,0.015486802979407,0.1629459810240793,-0.3939051896207585,-0.1084635010991614,-0.6184382427062687,0.7626329341317366,2.4065525275871438,1.2103203823007276,0.1352371500900638
