rms,media,desvio_padrao,minimo,skewness,kurtosis,pico_a_pico,crest_factor,shape_factor,mean_abs
0.1474228502135446,0.0138941463414634,0.1467666496944289,-0.4026766866267465,-0.1587832253843483,0.0781195222199797,0.7608461477045908,2.731440112868949,1.2495362741163618,0.1179820492348636
