rms,media,desvio_padrao,minimo,skewness,kurtosis,pico_a_pico,crest_factor,shape_factor,mean_abs
0.1075928725674003,0.0145504899144799,0.1066044533335895,-0.3014796007984032,-0.0088604796683612,0.2875116415641616,0.5907765668662674,2.8020406334029664,1.267495129467867,0.0848862217029355
