rms,media,desvio_padrao,minimo,skewness,kurtosis,pico_a_pico,crest_factor,shape_factor,mean_abs
0.1442175275110506,0.0127729477630105,0.14365078157408,-0.2967689820359281,-0.1931783210199846,-0.6970302986096035,0.5766447105788424,2.0577871993623544,1.2129056105109737,0.1189025149700598
