rms,media,desvio_padrao,minimo,skewness,kurtosis,pico_a_pico,crest_factor,shape_factor,mean_abs
0.1066979630066106,0.0130613821537253,0.1058954937945633,-0.2150641117764471,-0.1669713549515084,-0.5426730700152511,0.5074473453093813,2.740288804902668,1.2046410114320838,0.0885724145152318
