rms,skewness,kurtosis,crest_factor
0.1069628122111111,0.1174941761506032,-0.4905677864883921,2.54367697231418
