rms,skewness,kurtosis,crest_factor
0.1179383321903095,0.2079837574402551,-0.4984324497189809,2.750445491872654
