rms,skewness,kurtosis,crest_factor
0.1091398992848315,0.2567503356043856,-0.6844373544835793,2.367917627839367
