rms,skewness,kurtosis,crest_factor
0.1582898098306543,0.0959119959022552,0.2214960347647596,3.0570145482813973
