rms,skewness,kurtosis,crest_factor
0.1203464293587043,-0.0960285055939464,-0.1887075298138558,2.690010956685184
