rms,skewness,kurtosis,crest_factor
0.1454182669889539,-0.0129699968724515,0.197946820202433,2.820475797761815
