rms,skewness,kurtosis,crest_factor
0.1110606350207535,0.0439483594308978,-0.2981926290124277,2.7598895843075435
