rms,skewness,kurtosis,crest_factor
0.1324762356620674,-0.1745337984740016,-0.0252956719336214,2.424089497199972
