rms,skewness,kurtosis,crest_factor
0.1307747290779305,0.0772859663610202,1.5070244358955036,3.4356451894810176
