rms,skewness,kurtosis,crest_factor
0.1707043667638906,-0.2747774304112979,1.088126663140541,3.555972769460068
