rms,skewness,kurtosis,crest_factor
0.1625278293170906,0.0514991088260365,-0.0671854449474946,2.6644794168963024
