rms,skewness,kurtosis,crest_factor
0.1903852911931216,0.0758410867063609,0.0621708888689069,2.5442173281909906
