rms,skewness,kurtosis,crest_factor
0.1046532717802803,-0.0343699127363699,-0.7898313600807776,2.2009155571900347
