rms,skewness,kurtosis,crest_factor
0.1530329508633354,0.010492477156624,0.1286839335055334,2.5018115290759315
