rms,skewness,kurtosis,crest_factor
0.140344203531322,-0.0196667807044687,-0.3768692731131553,2.436338227730805
