rms,skewness,kurtosis,crest_factor
0.1222722934021058,0.164869371304494,-0.4854470668031569,2.7353206751086283
