rms,skewness,kurtosis,crest_factor
0.1782238735070922,0.0711604179188991,-0.9830341209077398,2.382427341446037
