rms,skewness,kurtosis,crest_factor
0.1312159394744695,-0.0227596487296053,0.4879372211679418,2.98710636553522
