rms,skewness,kurtosis,crest_factor
0.1219233084643351,-0.059871141218233,0.5280036015934817,3.2027842486773914
