rms,skewness,kurtosis,crest_factor
0.1380025160092283,0.0186437783774752,-0.7922386189881281,2.5176986084205586
