rms,skewness,kurtosis,crest_factor
0.1255923447784255,0.1031447094679081,0.2228370124357641,2.612571352614902
