rms,skewness,kurtosis,crest_factor
0.094569094774388,0.0796176244893816,-0.5503867258213608,2.70527416966039
