rms,skewness,kurtosis,crest_factor
0.1446529529099114,-0.0018266467022347,-0.5476601138625461,2.314358577966305
