rms,skewness,kurtosis,crest_factor
0.1588423866180375,-0.0691674878337422,-0.7323204234855312,2.328501845723093
