rms,skewness,kurtosis,crest_factor
0.1388449968384196,0.1275894964107984,-0.2954664178416855,2.688436289700169
