rms,skewness,kurtosis,crest_factor
0.0988383985692765,-0.1349729296762044,0.6641457930632209,3.0551578188104083
