rms,skewness,kurtosis,crest_factor
0.1505282888161831,-0.1931568669431404,-0.7468345056350523,2.297404653552307
