rms,skewness,kurtosis,crest_factor
0.1299124192902462,0.2380423263781836,-0.5195062376702464,2.6394748150762863
