rms,skewness,kurtosis,crest_factor
0.164397509248182,0.0814045010045331,-0.9014987256088344,2.3091037080769565
