rms,skewness,kurtosis,crest_factor
0.1437475546801762,-0.0784393481265729,-0.7939676141893721,2.3165056039314016
