rms,skewness,kurtosis,crest_factor
0.1273314655290669,-0.199855351520783,0.2199916922976936,2.769517064783687
