rms,skewness,kurtosis,crest_factor
0.13154197724258,-0.0098341444873946,0.0267950792421052,2.979702573126568
