rms,skewness,kurtosis,crest_factor
0.124511775035901,-0.1567309496167079,0.32774007944665,2.8204942897789658
