rms,skewness,kurtosis,crest_factor
0.1315362975386614,0.1717836051074693,-0.4857676346009212,2.4105389857145574
