rms,skewness,kurtosis,crest_factor
0.1269805951315077,-0.2834236327322015,-0.7210203417259868,2.161868661720908
