rms,skewness,kurtosis,crest_factor
0.118495386447321,-0.0897395615967112,-0.4180045459614105,2.6991326839654586
