rms,skewness,kurtosis,crest_factor
0.1104212537228715,0.0898729228989682,0.1418246001693739,2.9877015282852253
