rms,skewness,kurtosis,crest_factor
0.1542992790148071,-0.0745211106069049,-0.4825320578790535,2.413904684929
