rms,skewness,kurtosis,crest_factor
0.1178933804452413,-0.2455612850314115,-0.5982620290461207,2.273392815267896
