rms,skewness,kurtosis,crest_factor
0.1525616218843334,-0.0317229904479042,-0.705121994670046,2.142212943211279
