rms,skewness,kurtosis,crest_factor
0.1984963463193036,-0.0481216412710095,0.1714643646067073,2.468895753067507
