rms,skewness,kurtosis,crest_factor
0.138993637015463,-0.2549348928583247,1.0938931893966588,3.209117164247183
