rms,skewness,kurtosis,crest_factor
0.1267636529389878,-0.1680251112214877,-0.2220049694370764,2.4641350043877344
