rms,skewness,kurtosis,crest_factor
0.1174796321036337,0.3869812961069629,1.6374472912953957,3.940598991254075
