rms,skewness,kurtosis,crest_factor
0.1414784321776609,0.1766101786938719,-0.4369315809544964,2.3708811141825388
