rms,skewness,kurtosis,crest_factor
0.1505844028977718,-0.0719511130714277,0.0839688826199953,2.781962750054489
