rms,skewness,kurtosis,crest_factor
0.1319808800748526,0.0659927282447318,-0.6101118926118918,2.347035360269517
