rms,skewness,kurtosis,crest_factor
0.1141145024753948,0.1650833604915356,-0.7566813156740215,2.498136928354726
