rms,skewness,kurtosis,crest_factor
0.1417058250868549,0.0723162219862136,0.4107653325653446,3.209595392389015
