rms,skewness,kurtosis,crest_factor
0.1298166191640533,-0.0046296729713414,-0.0788650953159662,2.9842695559769457
