rms,skewness,kurtosis,crest_factor
0.1192615632800675,0.0231414345601371,-0.2874878547384787,2.3875989430596403
