rms,skewness,kurtosis,crest_factor
0.1756605097019975,-0.0993293023627877,-0.2519062077076324,2.833313181029045
