rms,skewness,kurtosis,crest_factor
0.1350279578879621,-0.0750387525792624,-0.7258465857695491,2.374670780208625
