rms,skewness,kurtosis,crest_factor
0.1281277821839131,-0.0173482002903007,-0.5491860626035581,2.2819659292412533
