rms,skewness,kurtosis,crest_factor
0.1202515547749838,-0.1033301076401531,0.0363786874390048,2.530037957291209
