rms,skewness,kurtosis,crest_factor
0.1178290614522679,-0.143748156385666,-0.8386480750916787,2.34080494998369
