rms,skewness,kurtosis,crest_factor
0.1177942052795997,-0.2096677395170646,0.14273967762613,2.4628473109348232
