rms,skewness,kurtosis,crest_factor
0.1342555501489752,-0.0539845296966909,1.3836614196444637,3.332051053449904
