rms,skewness,kurtosis,crest_factor
0.1268100208010552,-0.0101508950454727,-0.592819548824973,2.180147823270941
