rms,skewness,kurtosis,crest_factor
0.1247225211271281,0.1909843841880736,-0.5666701352762828,2.537020819295372
