rms,skewness,kurtosis,crest_factor
0.1567847544094878,0.1323741156516679,-0.5987170361958327,2.2388804108623166
