rms,skewness,kurtosis,crest_factor
0.142736252326512,0.0218775204624477,-0.5644359559081953,2.365920564861387
