rms,skewness,kurtosis,crest_factor
0.1385082294026766,-0.0113480106500947,-0.5417530331448406,2.449868773078017
