rms,skewness,kurtosis,crest_factor
0.110013529035787,0.1119362660133958,0.0722811089437889,2.80092315752845
