rms,skewness,kurtosis,crest_factor
0.1566891451179734,-0.0074032000366442,0.1323949121628111,2.85810259770982
