rms,skewness,kurtosis,crest_factor
0.1180963427708608,0.0210340860122741,-0.6437666452899697,2.407030314202473
