rms,skewness,kurtosis,crest_factor
0.1012628604469802,0.0111100133754557,-0.2748167706924862,2.574570598566452
