rms,skewness,kurtosis,crest_factor
0.1706902325243143,0.0429899392676111,-0.3960386580595654,2.365769420798041
