rms,skewness,kurtosis,crest_factor
0.1146634637415081,-0.1450093350279662,1.5552619050478942,3.3191523835352617
