rms,skewness,kurtosis,crest_factor
0.1305393788881988,-0.0687807891458412,-0.2419992137346414,2.5322281432414515
