rms,skewness,kurtosis,crest_factor
0.1179635434745427,0.1459429977050037,-0.6613482167112834,2.2445007472515
