rms,skewness,kurtosis,crest_factor
0.1092063760931445,0.0824678264866151,-0.7976638120812454,2.3292908552948584
