rms,skewness,kurtosis,crest_factor
0.1417407773149219,-0.2287945914707025,-0.3954923887795187,2.3848289207486504
