rms,skewness,kurtosis,crest_factor
0.1232735845059175,0.1477653229899324,-0.7528760010007933,2.3191166987570635
