rms,skewness,kurtosis,crest_factor
0.1405252806135468,0.0073937525320642,0.301745743547821,2.903655798633916
