rms,skewness,kurtosis,crest_factor
0.1225488416794783,0.001660250510853,0.016152400628707,2.9690585862117733
