rms,skewness,kurtosis,crest_factor
0.1165147805430096,-0.0082585891117471,-0.3203641859779211,2.721314598678322
