rms,skewness,kurtosis,crest_factor
0.1723052798027964,0.0615854032315624,-0.7028863895688557,2.237067623902234
