rms,skewness,kurtosis,crest_factor
0.1250610137638264,0.0320345705474816,-0.3163817696761564,2.5431425386696374
