rms,skewness,kurtosis,crest_factor
0.1631766137521656,0.0118472650350273,-1.1598778885408978,2.070548359175001
