rms,skewness,kurtosis,crest_factor
0.1334448317752342,-0.0601616054695559,-0.0061283212094065,2.64264012307829
