rms,skewness,kurtosis,crest_factor
0.0834895714357438,-0.1990982705839199,-0.0280577849609136,2.607069004058977
