rms,skewness,kurtosis,crest_factor
0.1109444339745599,0.1192025834527892,-0.5603759353345925,2.6105125417446087
