rms,skewness,kurtosis,crest_factor
0.1126231901554422,-0.0913453367348726,-0.5190081966592857,2.640830206855209
