rms,skewness,kurtosis,crest_factor
0.1517030378037393,-0.3258684625657116,-0.4462876594545628,2.612615556714295
