rms,skewness,kurtosis,crest_factor
0.1067079960905854,0.0692829909217989,-0.0100472083569895,2.691319487786494
