rms,skewness,kurtosis,crest_factor
0.1284429246784334,-0.0359177796072125,-0.2708950856290717,2.7253171435265053
