rms,skewness,kurtosis,crest_factor
0.1075928725674003,-0.0088604796683612,0.2875116415641616,2.8020406334029664
