rms,skewness,kurtosis,crest_factor
0.1485632067117055,0.0745907943100348,-0.0542850850893619,2.764049168519175
