rms,skewness,kurtosis,crest_factor
0.1230109841418153,-0.0434880365313734,-0.6999093763627737,2.1312755216960944
