rms,skewness,kurtosis,crest_factor
0.1239559770679288,0.1668611759814446,0.1695369151420402,2.8724536953639204
