rms,skewness,kurtosis,crest_factor
0.1386768900669246,-0.1370236025116417,-0.5316940947341169,2.523025064177782
