rms,skewness,kurtosis,crest_factor
0.122349097691826,0.0317723518195125,-0.1361666517072097,2.709706128241829
