rms,skewness,kurtosis,crest_factor
0.1319471511062337,-0.0582344175678336,-0.5797968348046694,2.471972587391108
