rms,skewness,kurtosis,crest_factor
0.1107576687511077,0.0655347290071201,0.1321961877804436,2.9082307880575304
