rms,skewness,kurtosis,crest_factor
0.1243304909807613,0.0900671231728995,-0.3511778783965682,2.808929058248115
