rms,skewness,kurtosis,crest_factor
0.1278758923803522,-0.0596982379979574,-0.1524705430384818,2.741212619947265
