rms,skewness,kurtosis,crest_factor
0.0966121654958516,0.1420089341077158,-0.3539145956239653,2.5539119303401066
