rms,skewness,kurtosis,crest_factor
0.1136376265077545,-0.0632110049334748,-0.2117298962867466,2.53149087684288
