rms,skewness,kurtosis,crest_factor
0.1158625698249931,0.0116316856425823,-0.2988564843501922,2.4099757880885457
