rms,skewness,kurtosis,crest_factor
0.1278821983434147,0.0220124717212715,-0.8760077136371232,2.15805865870426
