rms,skewness,kurtosis,crest_factor
0.1464158678388698,-0.0236452790793691,-0.8301494890343846,2.2143810213171657
