rms,skewness,kurtosis,crest_factor
0.133109321829753,0.1701622875849481,-0.0879242866724201,2.8811606583637634
