rms,skewness,kurtosis,crest_factor
0.1134599407340859,0.0578398463838099,1.3865227494322427,3.728021318428542
