rms,skewness,kurtosis,crest_factor
0.1661763137132861,0.003143020680315,0.185642967148643,2.6558312532221278
