rms,skewness,kurtosis,crest_factor
0.1236825413466748,-0.1159542973086779,0.5653842898665413,2.922143737810344
