rms,skewness,kurtosis,crest_factor
0.1103732842029737,-0.009785004637948,0.2393993754716321,2.7697183822987155
