rms,skewness,kurtosis,crest_factor
0.1449145467415279,-0.0214225223761634,0.1150710230416001,2.655418872762588
