rms,skewness,kurtosis,crest_factor
0.1489805214738011,0.0487847694355861,-0.6435784214032281,2.404136175216906
