rms,skewness,kurtosis,crest_factor
0.1625762944288498,-0.0786111123238159,-0.3452013909567095,2.601738951735215
