rms,skewness,kurtosis,crest_factor
0.1416518525346549,-0.168108126597042,-0.0335112665649486,2.8920299302500525
