rms,skewness,kurtosis,crest_factor
0.1781294823973722,0.0157381811010084,-0.3644837114895005,2.354509199405876
