rms,skewness,kurtosis,crest_factor
0.1012158248962051,0.1503524979971528,-0.3729161876133475,2.790815476813381
