rms,skewness,kurtosis,crest_factor
0.151183617963649,0.0260242889935693,-0.5885520891891809,2.2767019638524597
