rms,skewness,kurtosis,crest_factor
0.1682890366034564,0.0078244338513051,-0.5737563182797589,2.4593682329651028
