rms,skewness,kurtosis,crest_factor
0.1133372812167582,-0.0179319089358796,-0.6827601879115126,2.248692714583929
