rms,skewness,kurtosis,crest_factor
0.1279742600283505,-0.1417090852660431,0.429456088216813,2.735297742790396
