rms,skewness,kurtosis,crest_factor
0.1650143048646623,0.2178983902321594,-0.5160763024178099,2.623346025143217
