rms,skewness,kurtosis,crest_factor
0.1281641540170939,-0.0145240888406363,-0.4333412549071482,2.465091193151958
