rms,skewness,kurtosis,crest_factor
0.1742495954447999,-0.0542107549018487,-0.7034093227030467,2.401342127328675
