rms,skewness,kurtosis,crest_factor
0.1416783848746579,-0.1901622874453591,-0.6658181087097814,2.437471927237603
