rms,skewness,kurtosis,crest_factor
0.1435964019397989,-0.2006899590575628,0.3957392716403638,2.961461178107803
