rms,skewness,kurtosis,crest_factor
0.1035610086001039,-0.0423561271872165,-0.6439583050259059,2.277457622047502
