rms,skewness,kurtosis,crest_factor
0.126807159542593,-0.0279584194049476,-0.6350047833949763,2.696424628839221
