rms,skewness,kurtosis,crest_factor
0.1334195811397614,-0.1073684908781185,-0.4856688424909006,2.4873033420203234
