rms,skewness,kurtosis,crest_factor
0.1088242279868588,0.003383227291899,-0.0635077266142101,2.6524169377407194
