rms,skewness,kurtosis,crest_factor
0.1557703002140776,0.1162992327331336,-0.6613354975513608,2.448462152968683
