rms,skewness,kurtosis,crest_factor
0.16467051881517,-0.1041747913087377,-0.5525633454599226,2.313166813235461
