rms,skewness,kurtosis,crest_factor
0.1129638063898481,0.0811906954972357,0.2659641245452904,2.814047782748613
