rms,skewness,kurtosis,crest_factor
0.1239343682298507,0.0258783353598138,-0.528552896032572,2.241219088970879
