rms,skewness,kurtosis,crest_factor
0.1484347400091872,-0.0782268525602982,-0.3620532964879475,2.516936388207168
