rms,skewness,kurtosis,crest_factor
0.1217877071484923,0.0386882077201409,-0.3838363676273606,2.526134557681026
