rms,skewness,kurtosis,crest_factor
0.1599313572536257,-0.0234134038347268,0.018224963605804,2.8468817902960217
