rms,skewness,kurtosis,crest_factor
0.150525773543806,0.2646074476136932,-0.144772694077591,3.0927532931816897
