rms,skewness,kurtosis,crest_factor
0.1776340384537149,-0.0891684041692729,-0.9079995506826606,2.035536668252972
