rms,skewness,kurtosis,crest_factor
0.1399556904239261,0.0788623587195614,0.4274880220228176,2.704240543196285
