rms,skewness,kurtosis,crest_factor
0.1292463496131969,-0.0152152274910125,-0.3923487916200949,2.830284284781825
