rms,skewness,kurtosis,crest_factor
0.1709265017955623,-0.0037080079476028,0.1411365129007862,2.754031709787472
