rms,skewness,kurtosis,crest_factor
0.1122545642961706,-0.2791120092013137,-0.1519582682368754,2.6234558217389754
