rms,skewness,kurtosis,crest_factor
0.1097968479429336,-0.0652281688066816,-0.7022401939693603,2.353749640895752
