rms,skewness,kurtosis,crest_factor
0.1357289525052278,-0.0866444126138883,0.6344696403376404,3.048150507410469
