rms,skewness,kurtosis,crest_factor
0.143817889017443,0.2498303085560008,0.2062159424797558,2.6982562989993126
