rms,skewness,kurtosis,crest_factor
0.1717289678619143,0.0984517428193405,-0.5303790704576081,2.445101811343064
