rms,skewness,kurtosis,crest_factor
0.148882027334735,0.176918506774315,-0.5456024854488244,2.220251127281874
