rms,skewness,kurtosis,crest_factor
0.1248051611846306,-0.0345166184973414,0.0861361452895801,2.884145528024185
