rms,skewness,kurtosis,crest_factor
0.1498583102835635,-0.0189393153283137,-0.0324289188730615,2.915757545745667
