rms,skewness,kurtosis,crest_factor
0.1191821511260955,0.1983080790030736,2.5900000832442127,3.77800010644488
