rms,skewness,kurtosis,crest_factor
0.12172289167097,-0.0179521193234147,-0.7536429486780447,2.36467476206734
