rms,skewness,kurtosis,crest_factor
0.1547838769150782,0.0358060503862905,0.058729182589166,2.701237572576694
