rms,skewness,kurtosis,crest_factor
0.1051090658619573,-0.1198486802271138,-0.0880601199310247,2.529813248787233
