rms,skewness,kurtosis,crest_factor
0.1714717520978349,-0.0576238392105805,-0.3515520754957899,2.577602331676022
