rms,skewness,kurtosis,crest_factor
0.1629878060751101,0.0397602577630303,-0.5335615744516211,2.347014416297116
