rms,skewness,kurtosis,crest_factor
0.1184482419822993,0.1685321541529711,-0.1363273960704929,2.8716269315966407
