rms,skewness,kurtosis,crest_factor
0.1404101114840984,-0.0381464977109152,0.2595499886128785,2.823900269757361
