rms,skewness,kurtosis,crest_factor
0.1946613024766389,-0.1636344626361161,-0.4790561453696034,2.5409003421172445
