rms,skewness,kurtosis,crest_factor
0.1274787743743744,0.1306307425917134,-0.1263795538749796,2.5751847616726016
