rms,skewness,kurtosis,crest_factor
0.1005676655149986,0.1836229545582657,-0.350969747342015,2.45023179721336
