rms,skewness,kurtosis,crest_factor
0.1636802791982669,-0.1084635010991614,-0.6184382427062687,2.4065525275871438
