rms,skewness,kurtosis,crest_factor
0.1331073322852735,0.0512759179704531,0.2842273136323587,2.843373432533905
