rms,skewness,kurtosis,crest_factor
0.1118666097125374,-0.0914900490505801,-0.7564973262989358,2.1708043140495694
