rms,skewness,kurtosis,crest_factor
0.1567055764473023,0.026749678890487,-0.537565241466921,2.43488539725829
