rms,skewness,kurtosis,crest_factor
0.1649910714714313,-0.0525331478047613,-0.8068136354457507,2.4612715144504813
