rms,skewness,kurtosis,crest_factor
0.1290921776336908,0.0479521125539829,0.3288447469609252,3.155786143334068
