rms,skewness,kurtosis,crest_factor
0.1639656024769622,0.021867922602543,-0.4952760692383422,2.7590045076125445
