rms,skewness,kurtosis,crest_factor
0.1312544181596313,-0.1421336629605703,0.2966048561250183,2.725105643709536
