rms,skewness,kurtosis,crest_factor
0.0978260200824636,0.3222388254492743,-0.2370025165401355,2.802838128044705
