rms,skewness,kurtosis,crest_factor
0.111611013693789,-0.1466015099593117,0.1145604029714699,2.845244999870351
