rms,skewness,kurtosis,crest_factor
0.1120976214306472,0.0950414762072957,-0.5679378063507676,2.2518246899015306
