rms,skewness,kurtosis,crest_factor
0.1768191137531512,0.0089101925284891,-0.5390738926706273,2.285604730259026
