rms,skewness,kurtosis,crest_factor
0.1349617112778235,-0.1723270398545212,-0.5599320750371848,2.239833606027916
