rms,skewness,kurtosis,crest_factor
0.1388757385569788,-0.1047147436563999,-0.2807358039996765,2.684332242823974
