rms,skewness,kurtosis,crest_factor
0.1522665740544566,0.0405589834471765,-0.4248966571950854,2.527204836287092
