rms,skewness,kurtosis,crest_factor
0.1336461378226377,0.0229435382349392,-0.549487293645968,2.6593216209803154
