rms,skewness,kurtosis,crest_factor
0.1552900623223854,-0.1121701425469719,-0.8747156369480691,2.268798087515466
