rms,skewness,kurtosis,crest_factor
0.1512873773440792,-0.3196770848234946,1.1874314991794988,3.4315002597341
