rms,skewness,kurtosis,crest_factor
0.0947343476890587,0.1730428206977347,0.3176417255133619,2.73999181561186
