rms,skewness,kurtosis,crest_factor
0.1200620279232745,-0.0721289690389802,0.4748003759788806,2.9507332509031774
