rms,skewness,kurtosis,crest_factor
0.1480574760581907,-0.1664286622455918,-0.8001443966110231,2.1470415230991624
