rms,skewness,kurtosis,crest_factor
0.170868616915758,-0.0203491980805742,-0.3807371371391399,2.667505492109251
