rms,skewness,kurtosis,crest_factor
0.1440344574287206,-0.0826946365609327,-0.3065692496096055,2.817124189138
