rms,skewness,kurtosis,crest_factor
0.1864885189056849,-0.0527703526265983,-0.803848297758119,2.165354386985913
