rms,skewness,kurtosis,crest_factor
0.1062825988755386,0.2913266035996871,-0.074882455893861,3.013871313246809
