rms,skewness,kurtosis,crest_factor
0.1321064779601532,-0.1585715521870419,-0.8905225367047529,2.4443997214243587
