rms,skewness,kurtosis,crest_factor
0.11280293502128,0.1561749163078938,-0.2062011275264379,2.600622441747956
