rms,skewness,kurtosis,crest_factor
0.1107095906997194,0.1504097544226305,-0.6063726241265508,2.528017010757709
