rms,skewness,kurtosis,crest_factor
0.1217404570760734,0.0039697112452431,-0.5146906454443569,2.801975453746931
