rms,skewness,kurtosis,crest_factor
0.1303157576160926,-0.1398927929121871,0.1402047975039146,2.8357270595651003
