rms,skewness,kurtosis,crest_factor
0.1467707027742329,-0.1730168761820767,0.0466031661668648,2.545472572805469
