rms,skewness,kurtosis,crest_factor
0.1392375588588999,-0.028660685026465,0.7019306517838833,2.813849482460161
