rms,skewness,kurtosis,crest_factor
0.1869365923773979,0.02062561393665,-0.9306132039619182,2.105421492688257
