rms,skewness,kurtosis,crest_factor
0.1542763305396292,0.347970352969537,1.180050542451808,3.675619169451856
