rms,skewness,kurtosis,crest_factor
0.1408723110061328,0.1406683089464046,-0.3791698115271011,2.521756235879807
