rms,skewness,kurtosis,crest_factor
0.1541829829141819,-0.25003964021357,-0.406453986995432,2.501060692402276
