rms,skewness,kurtosis,crest_factor
0.1564838813143741,-0.0358169215525919,-0.751802957044359,2.385395383910539
