rms,skewness,kurtosis,crest_factor
0.1160986860836787,0.08646449711717,1.1643044151655224,2.973114187096108
