rms,skewness,kurtosis,crest_factor
0.1589343432712622,0.0402537838768543,-0.2332040306205787,2.388476212190901
