rms,skewness,kurtosis,crest_factor
0.1164759428306378,-0.128032461822712,-0.1131583041442891,2.72640573602795
