rms,skewness,kurtosis,crest_factor
0.1857677042151357,-0.1381088127988789,-0.9844958592507136,2.013741330189383
