rms,skewness,kurtosis,crest_factor
0.1191776401132213,-0.1440518273190276,-0.4762701380063401,2.5364806364677297
