rms,skewness,kurtosis,crest_factor
0.1346417292178944,-0.0642876606786925,0.4202778357065813,2.719281641448717
