rms,skewness,kurtosis,crest_factor
0.1456863870684795,-0.0078646026634252,-0.7602776559851989,2.194249866180566
