rms,skewness,kurtosis,crest_factor
0.141344497594402,0.0103422718345835,-0.1781493960971492,2.9523317526010318
