rms,skewness,kurtosis,crest_factor
0.180101186921276,0.1309388517615369,-0.3364119277535886,2.629970664937345
