rms,skewness,kurtosis,crest_factor
0.1402556280934579,0.0629607461834731,-0.6568733240687781,2.355649169900416
