rms,skewness,kurtosis,crest_factor
0.1027376620853047,-0.2074607122072921,0.8639414267290411,2.9929598781748474
