rms,skewness,kurtosis,crest_factor
0.0795155992783598,0.1704825462484709,-0.35327015668565,2.77617654046207
