rms,skewness,kurtosis,crest_factor
0.1286416018156622,-0.0708782601033662,-0.5328828695997871,2.342299547081488
