rms,skewness,kurtosis,crest_factor
0.1606866851897862,0.0537957349032647,1.250655040432823,3.0831872916130934
