rms,skewness,kurtosis,crest_factor
0.1557597401397167,-0.0985256849786024,-0.3655106737937563,2.470528148096006
