rms,skewness,kurtosis,crest_factor
0.148606006317494,-0.0231952217401443,-0.7637593998513692,2.180652665814807
