rms,skewness,kurtosis,crest_factor
0.094781525128513,-0.1878849928010069,-0.0436156308420341,2.9391407990879235
