rms,skewness,kurtosis,crest_factor
0.1264678066654404,-0.1598388909892109,-0.3013198827239645,2.913017027535511
