rms,skewness,kurtosis,crest_factor
0.1023943715908908,0.1987633362936242,-0.1154520422008977,3.0616897738458406
