rms,skewness,kurtosis,crest_factor
0.1369210928611672,-0.1869013711287878,-0.2157814949652561,2.645540812974997
