rms,skewness,kurtosis,crest_factor
0.1364144742428419,0.0075994376050134,-0.4280994289357083,2.508903987373117
