rms,skewness,kurtosis,crest_factor
0.1233327725720473,0.0027987840945883,-0.5947516456179378,2.576145067904402
