rms,skewness,kurtosis,crest_factor
0.1537751042469656,0.0153037035965828,-1.024038946181372,1.8295396129840715
