rms,skewness,kurtosis,crest_factor
0.1163859183868104,-0.0527350649652578,-1.029896426287109,2.2009552628991247
