rms,skewness,kurtosis,crest_factor
0.1007375147723335,-0.392834967477406,-0.2151040879313286,2.8572776542155705
