rms,skewness,kurtosis,crest_factor
0.1571481005035434,0.0572930113881511,-0.5653124131430012,2.354640141135901
