rms,skewness,kurtosis,crest_factor
0.1187846398358698,-0.0416155977708879,-0.25253225826334,2.312401710951453
