rms,skewness,kurtosis,crest_factor
0.1200282520570331,-0.0874732190364935,-0.5683249020776899,2.387234371505502
