rms,skewness,kurtosis,crest_factor
0.1111039113559725,0.0435869998736268,0.8171069623181011,3.4298775778497608
