rms,skewness,kurtosis,crest_factor
0.1187625190561362,-0.009961335210562,0.2137116565697989,3.30990801724448
