rms,skewness,kurtosis,crest_factor
0.1156023761114863,0.0072420221006969,-0.0803738628834791,2.388702809123703
