rms,skewness,kurtosis,crest_factor
0.1395881408467736,-0.1826987449721206,-0.2872859049860636,2.7846725596535244
