rms,skewness,kurtosis,crest_factor
0.1025315158370649,-0.0018145250112656,-0.6623907104370064,2.52687215068432
