rms,skewness,kurtosis,crest_factor
0.1642596312330789,-0.0906328699751861,-0.5707504804825199,2.145896888303388
