rms,skewness,kurtosis,crest_factor
0.1305167746376708,0.0062290360159132,-0.0834188921784218,2.799001184335017
