rms,skewness,kurtosis,crest_factor
0.1442175275110506,-0.1931783210199846,-0.6970302986096035,2.0577871993623544
