rms,skewness,kurtosis,crest_factor
0.1183548129174729,-0.2231273715828405,-0.3676413222450776,2.584308502220966
