rms,skewness,kurtosis,crest_factor
0.1104518602871373,-0.1032993264363993,0.8621695998973338,3.3721817950981605
