rms,skewness,kurtosis,crest_factor
0.1687017951270564,-0.0148150020542379,-0.1981600520120818,2.725838524415664
