rms,skewness,kurtosis,crest_factor
0.1394912667104463,0.1339456199054196,-0.7291980469880843,2.733040271921538
