rms,skewness,kurtosis,crest_factor
0.1118205889804776,-0.033625600093052,-0.2633882253471933,2.5493842886517144
