rms,skewness,kurtosis,crest_factor
0.1297349792301237,0.2126071246962458,-0.8428464827550277,2.4465124625331254
