rms,skewness,kurtosis,crest_factor
0.1759797536801779,-0.0725797431362135,-0.3987605303658457,2.377733150894326
