rms,skewness,kurtosis,crest_factor
0.1014568322566471,0.2034705884061549,0.2649268304987897,2.872242472713303
