rms,skewness,kurtosis,crest_factor
0.1412016191797559,0.2733041262935176,-0.5787690078029115,2.7701084073067626
