rms,skewness,kurtosis,crest_factor
0.1188402739157207,0.0344653096979415,0.0176956483042705,2.6817316558603053
