rms,skewness,kurtosis,crest_factor
0.1529613601788979,0.0158510142761365,0.2042257682685719,2.913951572388505
