rms,skewness,kurtosis,crest_factor
0.1397081027125177,-0.0378461815794825,-0.5079191586215281,2.3462783149441275
