rms,skewness,kurtosis,crest_factor
0.1395469484068889,0.0108148035020219,-0.8156676918435353,2.2849669112857347
