rms,skewness,kurtosis,crest_factor
0.1609842344990265,0.0535545679785861,-0.8094921474669863,2.426675433415254
