rms,skewness,kurtosis,crest_factor
0.1330296436833696,0.3364805733171036,-0.2882969524082512,2.793750073712093
