rms,skewness,kurtosis,crest_factor
0.1063281337957971,-0.0148179955930359,0.134149647569675,2.8720342679826696
