rms,skewness,kurtosis,crest_factor
0.1713843508631879,0.0584028611506724,-0.4754133736398382,2.708763072358892
