rms,skewness,kurtosis,crest_factor
0.1439717639632521,-0.0148229533613128,-0.3667600858761033,2.655883937816999
