rms,skewness,kurtosis,crest_factor
0.111364330422707,0.080396275917689,0.6071703555129306,3.100966750462584
