rms,skewness,kurtosis,crest_factor
0.166039569325967,-0.0387367541068192,-0.5907941885869228,2.3792053733492864
