rms,skewness,kurtosis,crest_factor
0.1481283788789866,0.0742693665331421,-0.5663465352404851,2.351074931078427
