rms,skewness,kurtosis,crest_factor
0.0963154771393506,-0.1133168258586809,-0.4828467206590501,2.7641578025878792
