rms,skewness,kurtosis,crest_factor
0.1396279879781806,-0.0362875923734533,-0.7794856253345319,2.27084396076123
