rms,skewness,kurtosis,crest_factor
0.1493058040973856,-0.0156367168036472,-0.6854074654287561,2.283577248631016
