rms,skewness,kurtosis,crest_factor
0.1027700841073533,0.0682341651346209,-0.1840668069698319,2.671160305509909
