rms,skewness,kurtosis,crest_factor
0.2172735467121911,0.0674337657736863,0.0171259575881963,2.7796012055496258
