rms,skewness,kurtosis,crest_factor
0.140413178437903,0.1267927824271494,-0.5602169207541814,2.252361217965414
