rms,skewness,kurtosis,crest_factor
0.1381163729028026,-0.2087859653842137,-0.5307013686860031,2.333331600243972
