rms,skewness,kurtosis,crest_factor
0.1447483746984635,-0.0830742677427128,-0.7801494305026639,2.4340293778160498
