rms,skewness,kurtosis,crest_factor
0.1202704141198418,-0.2107817036589374,0.233994542857185,2.969931158160635
