rms,skewness,kurtosis,crest_factor
0.1515597360301257,-0.0502265084086198,-0.6102395838694341,2.540062866093332
