rms,skewness,kurtosis,crest_factor
0.1328613704903534,0.0191670745711465,0.9916853293333424,3.150617277214598
