rms,skewness,kurtosis,crest_factor
0.1527432128766264,-0.1873712159383725,0.0808812904378739,2.7830548181168187
