rms,skewness,kurtosis,crest_factor
0.123817547462245,0.1240113230495745,-0.4681086717775695,2.812694366037786
