rms,skewness,kurtosis,crest_factor
0.1244044166330186,-0.0046522322252946,-0.4683557895777293,2.949581437822049
