rms,skewness,kurtosis,crest_factor
0.1196907828463837,0.1612604076288484,0.0568264057380325,2.906957742525149
