rms,skewness,kurtosis,crest_factor
0.1014529439226643,-0.0913993244422428,0.4661247765519229,2.9748222120389527
