rms,skewness,kurtosis,crest_factor
0.1741167846279097,0.1369367444466442,-0.6544627913057166,2.4507521589044066
