rms,skewness,kurtosis,crest_factor
0.1735538984200884,-0.0858839441739741,-0.5643776383313726,2.686132818675591
