rms,skewness,kurtosis,crest_factor
0.1408232216360055,-0.0195636756744889,-0.4662135375183842,2.6783535192256203
