rms,skewness,kurtosis,crest_factor
0.1694359910236871,0.0321242676684436,-0.7167005172896324,2.3353478423163736
