rms,skewness,kurtosis,crest_factor
0.1406236345005455,0.2411813342262172,0.3969480340050748,2.87621262592472
