rms,skewness,kurtosis,crest_factor
0.2101855057043307,-0.125034261708809,-0.6233893987055987,2.4629707778768464
