rms,skewness,kurtosis,crest_factor
0.1282118655339826,0.0155924942501477,-0.7969673774211516,2.321011058104889
