rms,skewness,kurtosis,crest_factor
0.1083229843742223,-0.0786939317053204,0.1544434766861377,2.7711581387330475
