rms,skewness,kurtosis,crest_factor
0.1302148830406353,0.1063548114558079,-0.4447061926541558,2.4724241932102395
