rms,skewness,kurtosis,crest_factor
0.1018293135844005,-0.2169938398629248,-0.1215043347439919,2.791548592835205
