rms,skewness,kurtosis,crest_factor
0.1248218580700888,0.2135140513742944,-0.0374988798790769,2.6729433582031947
