rms,skewness,kurtosis,crest_factor
0.1504392505955132,0.0367611963803869,-0.1107474051768169,2.5147121889275854
