rms,skewness,kurtosis,crest_factor
0.1614543197651546,0.0203007209721914,-0.4977745066796335,2.351196912883846
