rms,skewness,kurtosis,crest_factor
0.1401702538304281,-0.1609619123669829,-0.1697875741889616,2.610870261732702
