rms,media,desvio_padrao,minimo,skewness,kurtosis,pico_a_pico,crest_factor,shape_factor,mean_abs
0.003084652116484,-0.0012684202702702,0.0028117945689003,-0.006031,-0.0571941051192326,-1.4893685074126843,0.009047,1.955163750158704,1.170286458079815,0.0026358094594594
