rms,media,desvio_padrao,minimo,skewness,kurtosis,pico_a_pico,crest_factor,shape_factor,mean_abs
0.0033364925526747,-0.0018348648648648,0.002786656326449,-0.006031,0.0375474237984308,-1.4551928909744842,0.008293,1.80758683101665,1.1964874453751957,0.0027885729729729
