rms,media,desvio_padrao,minimo,skewness,kurtosis,pico_a_pico,crest_factor,shape_factor,mean_abs
0.0029060884765925,-0.0007774175675675,0.0028001735945153,-0.005277,-0.019356551488009,-1.4815571286149098,0.009047,1.8158428563012865,1.136767187542299,0.00255645
