rms,media,desvio_padrao,minimo,skewness,kurtosis,pico_a_pico,crest_factor,shape_factor,mean_abs
0.0044432764701895,-0.0033213175675675,0.0029515344155045,-0.009047,-0.0743028275338607,-1.2779345534327449,0.011309,2.036110077933988,1.2546652125456057,0.003541404054054
