rms,media,desvio_padrao,minimo,skewness,kurtosis,pico_a_pico,crest_factor,shape_factor,mean_abs
0.0034175410134156,-0.0020335297297297,0.0027466968192146,-0.006031,-0.0874758385256702,-1.4795387313641302,0.008293,1.7647191288488029,1.2396038873219322,0.0027569621621621
