rms,media,desvio_padrao,minimo,skewness,kurtosis,pico_a_pico,crest_factor,shape_factor,mean_abs
0.0031423899198075,-0.0013193675675675,0.0028519964287773,-0.006785,0.0030471636336187,-1.3959511589811469,0.010555,2.1591846248079656,1.172252192725822,0.0026806432432432
