rms,media,desvio_padrao,minimo,skewness,kurtosis,pico_a_pico,crest_factor,shape_factor,mean_abs
0.0040714288156051,-0.0028233643724696,0.0029334529518655,-0.008293,0.0075570239284724,-1.2889067308425115,0.011309,2.03687707082444,1.2516813262590036,0.0032527678812415
