rms,media,desvio_padrao,minimo,skewness,kurtosis,pico_a_pico,crest_factor,shape_factor,mean_abs
0.0028722670441672,-0.0003551147098515,0.0028502300812138,-0.005277,-0.0136099036841455,-1.4211965680195,0.009801,1.8372247144345493,1.12774837103602,0.0025469041835357
