rms,media,desvio_padrao,minimo,skewness,kurtosis,pico_a_pico,crest_factor,shape_factor,mean_abs
0.0038086650085426,-0.0024960581081081,0.0028767382689853,-0.007539,0.0084706315552168,-1.3982895759379543,0.009801,1.979433734153663,1.235394129238736,0.0030829554054054
