rms,media,desvio_padrao,minimo,skewness,kurtosis,pico_a_pico,crest_factor,shape_factor,mean_abs
0.0030544228372834,-0.0011706364864864,0.0028211893033657,-0.006031,-0.0302870625220073,-1.4621948488545358,0.009047,1.974513785839746,1.1623982315113732,0.0026276905405405
