rms,media,desvio_padrao,minimo,skewness,kurtosis,pico_a_pico,crest_factor,shape_factor,mean_abs
0.0032188756533332,-0.0016270283783783,0.0027773979058775,-0.006031,0.04190997743373,-1.4930643984726892,0.008293,1.8736355950111605,1.1801730168127926,0.0027274608108108
