rms,media,desvio_padrao,minimo,skewness,kurtosis,pico_a_pico,crest_factor,shape_factor,mean_abs
0.0036139489842568,-0.0021741229729729,0.0028868350419104,-0.006785,0.0007134088287927,-1.3321751864650817,0.009801,1.8774476423317044,1.2273867240433882,0.0029444256756756
