rms,media,desvio_padrao,minimo,skewness,kurtosis,pico_a_pico,crest_factor,shape_factor,mean_abs
0.0028141205068417,-0.0005135351351351,0.0027668675233933,-0.004524,-0.0837939040926765,-1.4802995578179377,0.008294,1.6076070619581582,1.1319134969033262,0.0024861621621621
