rms,media,desvio_padrao,minimo,skewness,kurtosis,pico_a_pico,crest_factor,shape_factor,mean_abs
0.0034481958286867,-0.0020987378378378,0.0027359374921589,-0.006031,-0.0556056366239812,-1.4842327712330854,0.008293,1.749030594441861,1.230710902785295,0.0028017918918918
