rms,media,desvio_padrao,minimo,skewness,kurtosis,pico_a_pico,crest_factor,shape_factor,mean_abs
0.0032382478409982,-0.0016361905405405,0.0027944819904188,-0.006031,-0.0510268533100396,-1.469884592603023,0.008293,1.8624269346045053,1.199376864636573,0.0026999418918918
