rms,media,desvio_padrao,minimo,skewness,kurtosis,pico_a_pico,crest_factor,shape_factor,mean_abs
0.002802493838265,-0.0002435216216216,0.0027918934315829,-0.004524,0.0191616167663994,-1.4712573626828294,0.008294,1.61427651980163,1.1185271019338523,0.0025055216216216
