rms,media,desvio_padrao,minimo,skewness,kurtosis,pico_a_pico,crest_factor,shape_factor,mean_abs
0.0029251871926702,-0.0001385824324324,0.0029219026372525,-0.005277,0.0467849529991942,-1.3409480510606744,0.010554,1.8039871134478989,1.1302739597137546,0.0025880337837837
