rms,media,desvio_padrao,minimo,skewness,kurtosis,pico_a_pico,crest_factor,shape_factor,mean_abs
0.0035110982021491,-0.0021374418918918,0.002785525577682,-0.006785,0.0180675296824405,-1.4630563860635597,0.009047,1.9324438136896451,1.216879932440303,0.0028853283783783
