rms,media,desvio_padrao,minimo,skewness,kurtosis,pico_a_pico,crest_factor,shape_factor,mean_abs
0.0028639769686439,-0.0001373616734143,0.0028606810111579,-0.005277,-0.0176809461509361,-1.403929020338187,0.009801,1.8425427500901137,1.125392050461211,0.0025448704453441
