rms,media,desvio_padrao,minimo,skewness,kurtosis,pico_a_pico,crest_factor,shape_factor,mean_abs
0.0045222567907828,0.0034287462887989,0.0029486446664237,-0.001508,0.0594210269052214,-1.3375058482524207,0.010555,2.0005498180553163,1.2548704634306365,0.0036037638326585
