rms,media,desvio_padrao,minimo,skewness,kurtosis,pico_a_pico,crest_factor,shape_factor,mean_abs
0.0036422864663702,-0.0021864547908232,0.0029130166753367,-0.007539,-0.0538611497544166,-1.3268675311458158,0.010555,2.0698536673621506,1.2331339002112045,0.0029536828609986
