rms,media,desvio_padrao,minimo,skewness,kurtosis,pico_a_pico,crest_factor,shape_factor,mean_abs
0.0039288195882168,-0.0024716216216216,0.0030539662598478,-0.008293,0.0480246670911085,-1.1094143200825788,0.012063,2.1108121189560154,1.2187738404631496,0.0032235837837837
