rms,media,desvio_padrao,minimo,skewness,kurtosis,pico_a_pico,crest_factor,shape_factor,mean_abs
0.0029240024272103,0.0004192091767881,0.00289379575306,-0.004524,0.039441982355412,-1.4232828772585564,0.009801,1.8047180641483056,1.1295635084851356,0.00258861268556
