rms,media,desvio_padrao,minimo,skewness,kurtosis,pico_a_pico,crest_factor,shape_factor,mean_abs
0.0028460176510819,-0.0004289648648648,0.002813504152295,-0.004524,0.03025391105362,-1.4717102625154916,0.008294,1.5895895790667616,1.1213062312391855,0.002538127027027
