rms,media,desvio_padrao,minimo,skewness,kurtosis,pico_a_pico,crest_factor,shape_factor,mean_abs
0.002775221661466,7.845675675675674e-05,0.0027741124360035,-0.004524,-0.0635339193772218,-1.491349526852095,0.008294,1.6301400579333063,1.1148965807600897,0.0024892189189189
