rms,media,desvio_padrao,minimo,skewness,kurtosis,pico_a_pico,crest_factor,shape_factor,mean_abs
0.002777158796032,6.011621621621625e-05,0.0027765080621035,-0.004524,-0.0644736554571925,-1.4862347249521737,0.009048,1.6290029963226251,1.115674790563708,0.0024892189189189
