rms,media,desvio_padrao,minimo,skewness,kurtosis,pico_a_pico,crest_factor,shape_factor,mean_abs
0.0032037513644796,-0.0011716216216216,0.0029818325877141,-0.006785,-0.0527353739061238,-1.252660966599453,0.010555,2.117829765201505,1.1750452565096832,0.0027264918918918
