rms,media,desvio_padrao,minimo,skewness,kurtosis,pico_a_pico,crest_factor,shape_factor,mean_abs
0.0027908187329169,-0.0001080054054054,0.0027887280312721,-0.004524,-0.0501484117360216,-1.482129155005739,0.008294,1.6210296808748976,1.11613684492731,0.002500427027027
