rms,media,desvio_padrao,minimo,skewness,kurtosis,pico_a_pico,crest_factor,shape_factor,mean_abs
0.0030524927584747,-0.0012327648648648,0.0027924904348081,-0.005277,-0.0606168884140244,-1.4778760044774717,0.008293,1.728751029908044,1.1693836687477597,0.0026103432432432
