rms,media,desvio_padrao,minimo,skewness,kurtosis,pico_a_pico,crest_factor,shape_factor,mean_abs
0.0028698082429582,-0.0001365351351351,0.0028665584780752,-0.004524,-0.0590237871783434,-1.4376977339055688,0.009048,1.5764119470702045,1.1230154221552755,0.0025554486486486
