rms,media,desvio_padrao,minimo,skewness,kurtosis,pico_a_pico,crest_factor,shape_factor,mean_abs
0.0027674595639029,0.0001049486486486,0.0027654688967668,-0.004524,-0.0696473897646477,-1.4805635647303566,0.009048,1.6347122317551843,1.1172662990790778,0.0024769918918918
