rms,media,desvio_padrao,minimo,skewness,kurtosis,pico_a_pico,crest_factor,shape_factor,mean_abs
0.0043130042522271,-0.0032082202702702,0.0028825905670345,-0.008293,0.01193001114033,-1.3751903227659854,0.010555,1.9227896647024176,1.2469386996504142,0.0034588743243243
