rms,media,desvio_padrao,minimo,skewness,kurtosis,pico_a_pico,crest_factor,shape_factor,mean_abs
0.0027702342383154,-0.0001823864864864,0.0027642237436,-0.004524,0.0402010563670197,-1.483844469392568,0.008294,1.6330748993814366,1.1156329619697145,0.0024831054054054
