rms,media,desvio_padrao,minimo,skewness,kurtosis,pico_a_pico,crest_factor,shape_factor,mean_abs
0.0029346390749119,0.000332154054054,0.002915781230541,-0.004524,-0.0509974680109604,-1.35723346824559,0.009801,1.7981768337758364,1.1294763666710883,0.0025982297297297
