rms,media,desvio_padrao,minimo,skewness,kurtosis,pico_a_pico,crest_factor,shape_factor,mean_abs
0.0028213458251098,-0.0004554567567567,0.0027843403900366,-0.004524,0.0439552492832901,-1.4659783788297267,0.008294,1.6034900648252977,1.1214905198903002,0.0025157108108108
