rms,media,desvio_padrao,minimo,skewness,kurtosis,pico_a_pico,crest_factor,shape_factor,mean_abs
0.0034117774960323,-0.0016117554054054,0.0030070700350305,-0.007539,-0.0039549878713365,-1.106802394509503,0.012063,2.209698612751688,1.2123954627113478,0.0028140797297297
