rms,media,desvio_padrao,minimo,skewness,kurtosis,pico_a_pico,crest_factor,shape_factor,mean_abs
0.0030297262094212,-0.001160477027027,0.002798666463478,-0.005277,0.0430790247110427,-1.4772801846281205,0.008293,1.7417415420544002,1.149421005396812,0.0026358716216216
