rms,media,desvio_padrao,minimo,skewness,kurtosis,pico_a_pico,crest_factor,shape_factor,mean_abs
0.0028369601203267,0.0003688486486486,0.00281287991189,-0.00377,0.0198475264373199,-1.465092995058563,0.008294,1.5946646438861312,1.1217906801874236,0.0025289567567567
