rms,media,desvio_padrao,minimo,skewness,kurtosis,pico_a_pico,crest_factor,shape_factor,mean_abs
0.0029511145471279,-0.001025981081081,0.0027670272661348,-0.005277,-0.074145555257049,-1.4693586157598613,0.008293,1.7881379782887796,1.1590233091044186,0.0025462081081081
