rms,media,desvio_padrao,minimo,skewness,kurtosis,pico_a_pico,crest_factor,shape_factor,mean_abs
0.0031340394498112,-0.0013784486486486,0.002814619440708,-0.006031,-0.0436389094433163,-1.4397180354368466,0.009047,1.9243535687986608,1.1808138207897407,0.0026541351351351
