rms,media,desvio_padrao,minimo,skewness,kurtosis,pico_a_pico,crest_factor,shape_factor,mean_abs
0.0030307168108943,-0.0011135932432432,0.00281871503995,-0.005277,-0.0130478931583295,-1.4673723994266548,0.008293,1.7411722471169186,1.1569584688457275,0.0026195554054054
