rms,media,desvio_padrao,minimo,skewness,kurtosis,pico_a_pico,crest_factor,shape_factor,mean_abs
0.0036708025413112,-0.0022281378378378,0.0029172235212428,-0.007539,-0.0168646666314936,-1.3171550180672789,0.010555,2.0537743218699367,1.2284115724238716,0.0029882513513513
