rms,media,desvio_padrao,minimo,skewness,kurtosis,pico_a_pico,crest_factor,shape_factor,mean_abs
0.0027811671397921,9.577837837837836e-05,0.0027795174332417,-0.004524,-0.0534041247470927,-1.4900358809005954,0.009048,1.626655203591308,1.1177426009935358,0.0024882
