rms,media,desvio_padrao,minimo,skewness,kurtosis,pico_a_pico,crest_factor,shape_factor,mean_abs
0.0028807484251821,-0.0008416189189189,0.0027550660762506,-0.005277,0.0068370214668689,-1.5008609326302116,0.008293,1.8318156330039173,1.1372762580756255,0.0025330243243243
