rms,media,desvio_padrao,minimo,skewness,kurtosis,pico_a_pico,crest_factor,shape_factor,mean_abs
0.0030637883125836,-0.0012531378378378,0.0027957904756443,-0.005277,-0.0608742448013871,-1.4929274908455077,0.008293,1.72237748225821,1.168241195338955,0.0026225648648648
