rms,media,desvio_padrao,minimo,skewness,kurtosis,pico_a_pico,crest_factor,shape_factor,mean_abs
0.0028239264810313,-0.0006622945945945,0.0027451642282823,-0.005277,-0.0674550989488979,-1.4933735144322249,0.008293,1.8686747107073007,1.1358589531684171,0.0024861594594594
