rms,media,desvio_padrao,minimo,skewness,kurtosis,pico_a_pico,crest_factor,shape_factor,mean_abs
0.0033265738287069,-0.0018226351351351,0.0027828213384996,-0.006031,0.0327151733845376,-1.465239991528374,0.008293,1.8129764468039236,1.1973065362986626,0.002778381081081
