rms,media,desvio_padrao,minimo,skewness,kurtosis,pico_a_pico,crest_factor,shape_factor,mean_abs
0.002811389145908,-0.0004422108108108,0.0027763930788942,-0.004524,-0.0919772039895601,-1.4774915274317582,0.008294,1.6091689073298872,1.1289641106526105,0.0024902378378378
