rms,media,desvio_padrao,minimo,skewness,kurtosis,pico_a_pico,crest_factor,shape_factor,mean_abs
0.003180151158442,-0.0014018851351351,0.00285448409672,-0.006031,-0.0364316213703741,-1.4228038881743237,0.009801,1.896450734421853,1.1787287230831132,0.00269795
