rms,media,desvio_padrao,minimo,skewness,kurtosis,pico_a_pico,crest_factor,shape_factor,mean_abs
0.0039786914659321,-0.0028506135135135,0.0027756059478346,-0.006785,-0.0054164954263454,-1.4693275769988354,0.008293,1.7053345448113113,1.250868479995653,0.0031807432432432
