rms,media,desvio_padrao,minimo,skewness,kurtosis,pico_a_pico,crest_factor,shape_factor,mean_abs
0.0030071986564674,-0.0010432999999999,0.0028204199810417,-0.005277,-0.0095763891297338,-1.465064665934262,0.008293,1.7547892915724206,1.1511094059420026,0.0026124351351351
