rms,media,desvio_padrao,minimo,skewness,kurtosis,pico_a_pico,crest_factor,shape_factor,mean_abs
0.0030630964866432,-0.0011981513513513,0.0028190412245551,-0.005277,0.0220599647495997,-1.4388319819048734,0.009047,1.7227664956068105,1.1616433316161887,0.0026368648648648
