rms,media,desvio_padrao,minimo,skewness,kurtosis,pico_a_pico,crest_factor,shape_factor,mean_abs
0.0034785714307239,-0.002074277027027,0.0027924602080954,-0.006785,-0.0737574181617038,-1.4618341428233783,0.009047,1.950513345815638,1.234372961700453,0.0028180878378378
