rms,media,desvio_padrao,minimo,skewness,kurtosis,pico_a_pico,crest_factor,shape_factor,mean_abs
0.0034398397894418,-0.0020080581081081,0.0027928838879352,-0.006031,-0.0218364246766526,-1.4591361265497869,0.008293,1.753279329610486,1.21754281002938,0.002825231081081
