rms,media,desvio_padrao,minimo,skewness,kurtosis,pico_a_pico,crest_factor,shape_factor,mean_abs
0.0035375860757362,-0.0021649594594594,0.0027977608514918,-0.006785,-0.0439499302356786,-1.3941735041700836,0.009047,1.9179745325596995,1.2308384571977438,0.002874127027027
