rms,media,desvio_padrao,minimo,skewness,kurtosis,pico_a_pico,crest_factor,shape_factor,mean_abs
0.0032639940971478,-0.0017686418918918,0.0027432760204655,-0.006031,0.0089635469911603,-1.469420298551012,0.008293,1.8477361847161315,1.1989619619622316,0.00272235
