rms,media,desvio_padrao,minimo,skewness,kurtosis,pico_a_pico,crest_factor,shape_factor,mean_abs
0.0028537006793929,0.0002873351351351,0.0028391981416738,-0.004524,-0.0779228745345827,-1.403236494973157,0.009048,1.5853099214884805,1.125688984979762,0.0025350702702702
