rms,media,desvio_padrao,minimo,skewness,kurtosis,pico_a_pico,crest_factor,shape_factor,mean_abs
0.004315244910528,-0.0031338486486486,0.0029665352324219,-0.008293,0.0343076885494129,-1.1519663340722013,0.011309,1.9217912707034024,1.2269807611109105,0.0035169621621621
