rms,media,desvio_padrao,minimo,skewness,kurtosis,pico_a_pico,crest_factor,shape_factor,mean_abs
0.0035685910682175,-0.0022433986486486,0.0027752485862357,-0.006031,0.0226600188211302,-1.4966016164026463,0.008293,1.6900227245741444,1.2204331528385166,0.0029240364864864
