rms,media,desvio_padrao,minimo,skewness,kurtosis,pico_a_pico,crest_factor,shape_factor,mean_abs
0.0029190865233975,-0.0009699608108108,0.0027532239568499,-0.005277,-0.0408076758639944,-1.4570316944879524,0.008293,1.8077573095908404,1.1542879212917945,0.0025289067567567
