rms,media,desvio_padrao,minimo,skewness,kurtosis,pico_a_pico,crest_factor,shape_factor,mean_abs
0.0030929830707062,-0.0013529891891891,0.0027813601941519,-0.005277,-0.0150753984478246,-1.4839967517944703,0.008293,1.7061199105739024,1.172088465721671,0.0026388648648648
