rms,media,desvio_padrao,minimo,skewness,kurtosis,pico_a_pico,crest_factor,shape_factor,mean_abs
0.0027817195615156,-0.0004177567567567,0.0027501714512195,-0.004524,-0.0807135638102036,-1.4813229975158952,0.008294,1.6263321661134744,1.123485430527772,0.0024759729729729
