rms,media,desvio_padrao,minimo,skewness,kurtosis,pico_a_pico,crest_factor,shape_factor,mean_abs
0.0028565085830669,-0.0006510797297297,0.0027813191961136,-0.005277,-0.0666129261939501,-1.4800796962080234,0.009047,1.8473601064185303,1.1363925870389135,0.0025136635135135
