rms,media,desvio_padrao,minimo,skewness,kurtosis,pico_a_pico,crest_factor,shape_factor,mean_abs
0.0031906228390944,-0.0014884797297297,0.0028221449635933,-0.006031,-0.0182685831017447,-1.4535974488153227,0.009047,1.890226549532137,1.1830627963806122,0.0026969175675675
