rms,media,desvio_padrao,minimo,skewness,kurtosis,pico_a_pico,crest_factor,shape_factor,mean_abs
0.0034909703057567,-0.0019479675675675,0.002896945983511,-0.008293,-0.0295052365578249,-1.250251828338053,0.012063,2.3755573017405536,1.2219677484976927,0.0028568432432432
