rms,media,desvio_padrao,minimo,skewness,kurtosis,pico_a_pico,crest_factor,shape_factor,mean_abs
0.0031532380999323,-0.0014385716216216,0.0028059619035777,-0.006031,0.0332919686269626,-1.4665308008077729,0.009047,1.9126370444811716,1.169634464297582,0.0026959175675675
