rms,media,desvio_padrao,minimo,skewness,kurtosis,pico_a_pico,crest_factor,shape_factor,mean_abs
0.0031236113117715,-0.0013611297297297,0.0028114539807496,-0.006031,-0.0224287629361826,-1.4620339416440782,0.009047,1.93077799957754,1.1773355839791453,0.0026531189189189
