rms,media,desvio_padrao,minimo,skewness,kurtosis,pico_a_pico,crest_factor,shape_factor,mean_abs
0.0030318408479052,-0.0012918945945945,0.0027428210447428,-0.005277,0.0240169981184755,-1.4638355349176506,0.008293,1.7405267178341204,1.1614576691611695,0.0026103756756756
