rms,media,desvio_padrao,minimo,skewness,kurtosis,pico_a_pico,crest_factor,shape_factor,mean_abs
0.0032690937646222,-0.0014456797297297,0.0029320614183438,-0.006785,-0.0665659635251611,-1.2522268374983367,0.010555,2.075498743237816,1.2030711165585972,0.0027172905405405
