rms,media,desvio_padrao,minimo,skewness,kurtosis,pico_a_pico,crest_factor,shape_factor,mean_abs
0.002989150089592,-0.0011380689189189,0.0027640219597352,-0.005277,0.0218141535777985,-1.460109825028026,0.008293,1.7653847554775022,1.155463038175238,0.0025869716216216
