rms,media,desvio_padrao,minimo,skewness,kurtosis,pico_a_pico,crest_factor,shape_factor,mean_abs
0.0030272317965428,0.0009913608108108,0.002860303496622,-0.00377,-0.0623626882616124,-1.4511993615752024,0.009047,1.743176722055588,1.1422823038488246,0.0026501608108108
