rms,media,desvio_padrao,minimo,skewness,kurtosis,pico_a_pico,crest_factor,shape_factor,mean_abs
0.0027999172168213,-0.0001668771929824,0.002794939788889,-0.004524,-0.0546828929222509,-1.4652130328932338,0.008294,1.6157620563996309,1.1185539764425088,0.0025031578947368
