rms,media,desvio_padrao,minimo,skewness,kurtosis,pico_a_pico,crest_factor,shape_factor,mean_abs
0.0034896210124898,-0.0019785135135135,0.0028745328468562,-0.007539,-0.0263378628184575,-1.35127423646906,0.010555,2.1604065235212677,1.2145736204125188,0.0028731243243243
