rms,media,desvio_padrao,minimo,skewness,kurtosis,pico_a_pico,crest_factor,shape_factor,mean_abs
0.0034169938750152,-0.0019734175675675,0.0027895286780937,-0.006031,0.0250536259948989,-1.4582228561333546,0.008293,1.7650017004999878,1.2068437800890808,0.0028313472972972
