rms,media,desvio_padrao,minimo,skewness,kurtosis,pico_a_pico,crest_factor,shape_factor,mean_abs
0.0028545082162706,0.0004992702702702,0.0028105064230456,-0.00377,0.0060924514614624,-1.458806911773537,0.008294,1.5848614392536144,1.1260075311310176,0.0025350702702702
