rms,media,desvio_padrao,minimo,skewness,kurtosis,pico_a_pico,crest_factor,shape_factor,mean_abs
0.0032131578859433,-0.0015047702702702,0.0028390227251134,-0.006031,-0.0125881953807172,-1.4669467256584197,0.009047,1.87696970210642,1.1807179219835902,0.0027213594594594
