rms,media,desvio_padrao,minimo,skewness,kurtosis,pico_a_pico,crest_factor,shape_factor,mean_abs
0.0030346089350464,-0.001198576248313,0.0027878784703863,-0.005277,0.0302756769640724,-1.4479664414345157,0.008293,1.7389390570416825,1.1559654301365665,0.0026251727395411
