rms,media,desvio_padrao,minimo,skewness,kurtosis,pico_a_pico,crest_factor,shape_factor,mean_abs
0.0036899695001669,-0.0023137013513513,0.0028744844701123,-0.007539,-0.037463408670391,-1.3760871775284684,0.010555,2.043106318266032,1.2390612126181118,0.0029780364864864
