rms,media,desvio_padrao,minimo,skewness,kurtosis,pico_a_pico,crest_factor,shape_factor,mean_abs
0.0031246158410361,-0.001363181081081,0.0028115763361923,-0.006031,-0.0057386840706296,-1.4282700791864924,0.009047,1.9301572759101373,1.1777082074155851,0.0026531324324324
