rms,media,desvio_padrao,minimo,skewness,kurtosis,pico_a_pico,crest_factor,shape_factor,mean_abs
0.0029142820229791,0.000373931081081,0.0028901929444348,-0.004524,0.0083308184639953,-1.395365541861638,0.009801,1.810737587642783,1.129168639487847,0.0025809094594594
