rms,media,desvio_padrao,minimo,skewness,kurtosis,pico_a_pico,crest_factor,shape_factor,mean_abs
0.002967622144393,0.000656127027027,0.0028941801112398,-0.004524,0.0400605986888737,-1.335805422504147,0.010555,2.03226681381754,1.1494019068681485,0.0025818837837837
