rms,media,desvio_padrao,minimo,skewness,kurtosis,pico_a_pico,crest_factor,shape_factor,mean_abs
0.0034033568994648,-0.0019234905405405,0.0028076720473705,-0.006785,-0.076598089497276,-1.4462950105981591,0.009047,1.9936198877839837,1.2245011192958983,0.0027793824324324
