rms,media,desvio_padrao,minimo,skewness,kurtosis,pico_a_pico,crest_factor,shape_factor,mean_abs
0.0028559706275933,-0.0005328851351351,0.0028058156850419,-0.005277,0.0103571870878862,-1.447333823771592,0.009047,1.8477080783029187,1.1270415997191985,0.0025340418918918
