rms,media,desvio_padrao,minimo,skewness,kurtosis,pico_a_pico,crest_factor,shape_factor,mean_abs
0.0034322579046925,-0.0019122945945945,0.0028501795922026,-0.006785,-0.058046184523716,-1.3913886765716963,0.009801,1.9768327988184289,1.21748728977981,0.0028191324324324
