rms,media,desvio_padrao,minimo,skewness,kurtosis,pico_a_pico,crest_factor,shape_factor,mean_abs
0.0029112292093649,-0.0003321445945945,0.0028922198183646,-0.005277,-0.0665182249771129,-1.3943042698258783,0.009801,1.8126363884454089,1.1293280703217787,0.0025778418918918
