rms,media,desvio_padrao,minimo,skewness,kurtosis,pico_a_pico,crest_factor,shape_factor,mean_abs
0.0034342540440668,-0.0019815635135135,0.0028049076421695,-0.006031,0.0322461349270577,-1.4638136025557194,0.008293,1.7561310033017132,1.2051357038880264,0.0028496824324324
