rms,media,desvio_padrao,minimo,skewness,kurtosis,pico_a_pico,crest_factor,shape_factor,mean_abs
0.003038915321177,-0.0005372064777327,0.002991055922173,-0.006031,0.0344456600469479,-1.2156562379399851,0.0113079999999999,1.9845896850011584,1.1504679623445762,0.0026414601889338
