rms,media,desvio_padrao,minimo,skewness,kurtosis,pico_a_pico,crest_factor,shape_factor,mean_abs
0.0028641808998432,-0.0005991243243243,0.0028008181431556,-0.004524,0.0382947654849148,-1.47860104589648,0.008294,1.5795091714519671,1.1217078300587993,0.0025534108108108
