rms,media,desvio_padrao,minimo,skewness,kurtosis,pico_a_pico,crest_factor,shape_factor,mean_abs
0.0053778721728916,-0.0011924439946018,0.0052440048081309,-0.013571,0.0257767213720121,-0.6424083895210262,0.024126,2.5234887635313554,1.193682647257244,0.004505278002699
