rms,media,desvio_padrao,minimo,skewness,kurtosis,pico_a_pico,crest_factor,shape_factor,mean_abs
0.0029689104401027,-0.0009393824324324,0.002816378853597,-0.005277,-0.0533487719129918,-1.4717405604627554,0.008293,1.7774197324110912,1.1508110049044833,0.0025798418918918
