rms,media,desvio_padrao,minimo,skewness,kurtosis,pico_a_pico,crest_factor,shape_factor,mean_abs
0.0048673749232253,-0.0039927216216216,0.0027837946575633,-0.008293,-0.0125437080303693,-1.4338188512104,0.008293,1.70379313917832,1.2190619293033806,0.0039927216216216
