rms,media,desvio_padrao,minimo,skewness,kurtosis,pico_a_pico,crest_factor,shape_factor,mean_abs
0.0028602888920432,-0.0004799108108108,0.0028197407965295,-0.004524,0.0181546517584431,-1.468186226776027,0.008294,1.581658416597315,1.1233213604338277,0.0025462783783783
