rms,media,desvio_padrao,minimo,skewness,kurtosis,pico_a_pico,crest_factor,shape_factor,mean_abs
0.0028345218215347,0.0003810756756756,0.002808788935852,-0.00377,-0.014394396261434,-1.4556825585560529,0.008294,1.5960363986721615,1.1226357719473676,0.002524881081081
