rms,media,desvio_padrao,minimo,skewness,kurtosis,pico_a_pico,crest_factor,shape_factor,mean_abs
0.0032269971293716,-0.0015373783783783,0.0028372483491347,-0.006031,-0.0171383419661811,-1.4459460022318786,0.009047,1.8689201626821117,1.1858021597565571,0.0027213621621621
