rms,media,desvio_padrao,minimo,skewness,kurtosis,pico_a_pico,crest_factor,shape_factor,mean_abs
0.0035465757745076,-0.0021537405405405,0.0028177298323928,-0.006785,0.0219582250778499,-1.443645315711296,0.009047,1.9131129380541652,1.2154424893693785,0.0029179297297297
