rms,media,desvio_padrao,minimo,skewness,kurtosis,pico_a_pico,crest_factor,shape_factor,mean_abs
0.0031234234090004,-0.0012103702702702,0.0028793710425608,-0.006785,-0.0562030411807499,-1.3264562709432943,0.010555,2.1722959431143383,1.1808747955916556,0.0026450081081081
