rms,media,desvio_padrao,minimo,skewness,kurtosis,pico_a_pico,crest_factor,shape_factor,mean_abs
0.002821736560146,-0.0005848499999999,0.0027604614998881,-0.005277,-0.0528349395117831,-1.4481190969701054,0.009047,1.870124970038616,1.1359122720355976,0.0024841148648648
