rms,media,desvio_padrao,minimo,skewness,kurtosis,pico_a_pico,crest_factor,shape_factor,mean_abs
0.0031213802939067,-0.0013631581081081,0.0028079912591545,-0.006031,-0.0575730033096392,-1.475672540120587,0.009047,1.9321580301423649,1.1774032313760785,0.0026510716216216
