rms,media,desvio_padrao,minimo,skewness,kurtosis,pico_a_pico,crest_factor,shape_factor,mean_abs
0.0028736823946646,-0.0007020324324324,0.0027866110186422,-0.005277,0.033186219665786,-1.4683313519929042,0.009047,1.8363198416768176,1.13311687514484,0.0025360864864864
