rms,media,desvio_padrao,minimo,skewness,kurtosis,pico_a_pico,crest_factor,shape_factor,mean_abs
0.0029992976801785,-0.0008456472972972,0.0028776148496451,-0.006031,-0.002003733405526,-1.3974468897294752,0.009801,2.0108040758531867,1.1471824562648576,0.0026144905405405
