rms,media,desvio_padrao,minimo,skewness,kurtosis,pico_a_pico,crest_factor,shape_factor,mean_abs
0.0044823320256132,-0.0035148932432432,0.002781515032575,-0.008293,-0.0189213067387366,-1.4387041143582224,0.009047,1.8501529901425509,1.249877326504051,0.0035862175675675
