rms,media,desvio_padrao,minimo,skewness,kurtosis,pico_a_pico,crest_factor,shape_factor,mean_abs
0.0042778737623996,-0.0031379216216216,0.002907516435652,-0.008293,0.0229386117025867,-1.2403428480043108,0.011309,1.938579878838724,1.2422688813692289,0.0034435972972972
