rms,media,desvio_padrao,minimo,skewness,kurtosis,pico_a_pico,crest_factor,shape_factor,mean_abs
0.0036870425084123,-0.0024224885290148,0.0027795380525603,-0.006785,0.0389817385298623,-1.4787426880815084,0.008293,1.840228308873416,1.2255035950697812,0.0030085937921727
