rms,media,desvio_padrao,minimo,skewness,kurtosis,pico_a_pico,crest_factor,shape_factor,mean_abs
0.0030743674258009,-0.0013766153846153,0.0027489389137749,-0.005277,0.0256529948332712,-1.459645860400729,0.008293,1.7164506609437622,1.1688590366949707,0.0026302294197031
