rms,media,desvio_padrao,minimo,skewness,kurtosis,pico_a_pico,crest_factor,shape_factor,mean_abs
0.0027786798829465,-0.0002160108108108,0.0027702709653578,-0.004524,0.0346401283783875,-1.486472503443676,0.008294,1.6281112580707489,1.1176583431428295,0.0024861621621621
