rms,media,desvio_padrao,minimo,skewness,kurtosis,pico_a_pico,crest_factor,shape_factor,mean_abs
0.0029919831008339,-0.0007896027027027,0.0028859124116231,-0.005277,-0.0078000521269677,-1.393251943540953,0.009047,1.7637131702145072,1.1475169995351453,0.002607354054054
