rms,media,desvio_padrao,minimo,skewness,kurtosis,pico_a_pico,crest_factor,shape_factor,mean_abs
0.0028987330570496,-0.0001668744939271,0.0028939257487553,-0.005277,-0.0044497151914903,-1.4004248616642505,0.009801,1.8204504851409025,1.125101850414162,0.0025764183535762
