rms,media,desvio_padrao,minimo,skewness,kurtosis,pico_a_pico,crest_factor,shape_factor,mean_abs
0.0028035901684148,-0.0004452675675675,0.0027680055320943,-0.004524,-0.051025519258128,-1.4672861637178196,0.008294,1.6136452649061268,1.1272159432783408,0.002487181081081
