rms,media,desvio_padrao,minimo,skewness,kurtosis,pico_a_pico,crest_factor,shape_factor,mean_abs
0.0033930724052541,-0.0019245094594594,0.0027944952474012,-0.006031,-0.066144651885379,-1.4658744592731938,0.008293,1.7774451233816897,1.2230426702582466,0.0027742878378378
