rms,media,desvio_padrao,minimo,skewness,kurtosis,pico_a_pico,crest_factor,shape_factor,mean_abs
0.0033854953364275,-0.0018929324324324,0.0028068461801848,-0.006785,-0.0497195066110333,-1.454574723727692,0.009047,2.004138043551287,1.2162869709260262,0.0027834675675675
