rms,media,desvio_padrao,minimo,skewness,kurtosis,pico_a_pico,crest_factor,shape_factor,mean_abs
0.0030196886350587,0.0011655689189189,0.0027856720101176,-0.003016,-0.022675122767746,-1.463410457800078,0.008293,1.747531165542639,1.1558909756116624,0.0026124337837837
