rms,media,desvio_padrao,minimo,skewness,kurtosis,pico_a_pico,crest_factor,shape_factor,mean_abs
0.0027843420679491,-9.068378378378376e-05,0.0027828649271407,-0.004524,0.0314409105292242,-1.4964413716315843,0.008294,1.6248003620231264,1.1158200934514335,0.0024953324324324
