rms,media,desvio_padrao,minimo,skewness,kurtosis,pico_a_pico,crest_factor,shape_factor,mean_abs
0.0033679919546751,-0.0017217608108108,0.0028946346085668,-0.006031,-0.0222795759193536,-1.4530423750695305,0.009047,1.790681237117636,1.196852102443602,0.0028140418918918
