rms,media,desvio_padrao,minimo,skewness,kurtosis,pico_a_pico,crest_factor,shape_factor,mean_abs
0.0033702517030471,-0.0018419824324324,0.0028223566855559,-0.006785,-0.0638746961805628,-1.4483211632911452,0.009047,2.013202750959392,1.215260846533177,0.0027732743243243
