rms,media,desvio_padrao,minimo,skewness,kurtosis,pico_a_pico,crest_factor,shape_factor,mean_abs
0.0028700734515979,-0.0006459932432432,0.002796428856104,-0.005277,0.0459138490669715,-1.4802005202804882,0.009047,1.838628902358544,1.1240161427950377,0.0025534094594594
