rms,media,desvio_padrao,minimo,skewness,kurtosis,pico_a_pico,crest_factor,shape_factor,mean_abs
0.0048319673590272,0.0038550553306342,0.0029131524087236,-0.001508,-0.0247403152379614,-1.4251547783004352,0.010555,1.8723222505007493,1.232588721573136,0.0039201781376518
