rms,media,desvio_padrao,minimo,skewness,kurtosis,pico_a_pico,crest_factor,shape_factor,mean_abs
0.0035723739695583,-0.0021262351351351,0.0028707107009406,-0.006785,0.0342127974336972,-1.410855200740859,0.009047,1.8992972342251015,1.2111706330175436,0.0029495216216216
