rms,media,desvio_padrao,minimo,skewness,kurtosis,pico_a_pico,crest_factor,shape_factor,mean_abs
0.0028111158638519,-0.0006765621621621,0.0027284860345492,-0.004524,-0.05179166468176,-1.4846434975803524,0.008294,1.6093253423574605,1.1381683492497825,0.0024698594594594
