rms,media,desvio_padrao,minimo,skewness,kurtosis,pico_a_pico,crest_factor,shape_factor,mean_abs
0.0038711310583232,-0.0026972064777327,0.0027768206436843,-0.006785,-0.0312243172447435,-1.4531049509672918,0.008293,1.7527177193889134,1.2528019771450274,0.0030899784075573
