rms,media,desvio_padrao,minimo,skewness,kurtosis,pico_a_pico,crest_factor,shape_factor,mean_abs
0.0037881581946141,0.002252580296896,0.0030456566637521,-0.00377,-0.0656565206933113,-1.2407088658716454,0.011309,1.9901491998720189,1.2111765618985018,0.0031276680161943
