rms,media,desvio_padrao,minimo,skewness,kurtosis,pico_a_pico,crest_factor,shape_factor,mean_abs
0.0048724955302074,-0.0039937351351351,0.0027912886562086,-0.008293,0.0016064948870374,-1.4617304763307262,0.008293,1.702002587500961,1.220034720715802,0.0039937351351351
