rms,media,desvio_padrao,minimo,skewness,kurtosis,pico_a_pico,crest_factor,shape_factor,mean_abs
0.0031500626776261,-0.0013570567567567,0.0028427613040693,-0.006031,-0.03900854966027,-1.4391439042845895,0.009047,1.914565079239937,1.1755660514996216,0.0026796135135135
