rms,media,desvio_padrao,minimo,skewness,kurtosis,pico_a_pico,crest_factor,shape_factor,mean_abs
0.0028729792014374,-0.0007295243243243,0.0027788133712271,-0.005277,-0.0760822127465325,-1.4761232794398274,0.008293,1.8367693011351505,1.1415623417676015,0.0025167081081081
