rms,media,desvio_padrao,minimo,skewness,kurtosis,pico_a_pico,crest_factor,shape_factor,mean_abs
0.0040554729540759,-0.0028956099865047,0.00283941960395,-0.007539,-0.0642070595082543,-1.4431113708655936,0.009047,1.858969369385862,1.263775599586978,0.0032090134952766
