rms,media,desvio_padrao,minimo,skewness,kurtosis,pico_a_pico,crest_factor,shape_factor,mean_abs
0.0028640368203129,-0.000685727027027,0.0027807346785539,-0.005277,-0.0514265026528832,-1.4951180648088185,0.009047,1.8425042452573823,1.1347858045609929,0.0025238567567567
