rms,media,desvio_padrao,minimo,skewness,kurtosis,pico_a_pico,crest_factor,shape_factor,mean_abs
0.0028566555388369,-0.0005583648648648,0.0028015548442341,-0.005277,-0.011318820304876,-1.4668939792554132,0.009047,1.8472650721299584,1.1295798491307214,0.002528954054054
