rms,media,desvio_padrao,minimo,skewness,kurtosis,pico_a_pico,crest_factor,shape_factor,mean_abs
0.0032512671126559,-0.0017115891891891,0.0027642721076783,-0.006031,-0.0291005861523672,-1.4616477624398694,0.008293,1.8549690908272949,1.2005748853612732,0.0027080918918918
