rms,media,desvio_padrao,minimo,skewness,kurtosis,pico_a_pico,crest_factor,shape_factor,mean_abs
0.0031670969188269,-0.0010819959459459,0.002976539545546,-0.008293,0.0411184033656389,-1.0334277231441071,0.014324,2.6184863338730984,1.1909773715898264,0.0026592418918918
