rms,media,desvio_padrao,minimo,skewness,kurtosis,pico_a_pico,crest_factor,shape_factor,mean_abs
0.0033790298305794,-0.0018633851351351,0.0028188008858561,-0.006031,0.0213305784254655,-1.4492222054724142,0.008293,1.784831831143005,1.1986068520388498,0.002819131081081
