rms,media,desvio_padrao,minimo,skewness,kurtosis,pico_a_pico,crest_factor,shape_factor,mean_abs
0.0046668492544235,-0.003759404054054,0.0027652058009984,-0.008293,0.0141595037506706,-1.4772103059222692,0.009047,1.7770019016876044,1.2380246231575691,0.0037695932432432
