rms,media,desvio_padrao,minimo,skewness,kurtosis,pico_a_pico,crest_factor,shape_factor,mean_abs
0.0039718370955407,-0.0028068081081081,0.0028102167456927,-0.007539,-0.0652104354617532,-1.4598738082711078,0.009047,1.898114101523494,1.264508120851055,0.0031410135135135
