rms,media,desvio_padrao,minimo,skewness,kurtosis,pico_a_pico,crest_factor,shape_factor,mean_abs
0.0040529251283419,-0.0028384013513513,0.0028930399002766,-0.008293,-0.0908237637530484,-1.302953630690681,0.010555,2.0461764620341207,1.2612719075503835,0.0032133635135135
