rms,media,desvio_padrao,minimo,skewness,kurtosis,pico_a_pico,crest_factor,shape_factor,mean_abs
0.0033794736716384,-0.0019000621621621,0.0027947461561324,-0.006031,-0.0362798502566479,-1.458571824433086,0.008293,1.7845974213718525,1.2136805002491773,0.0027844837837837
