rms,media,desvio_padrao,minimo,skewness,kurtosis,pico_a_pico,crest_factor,shape_factor,mean_abs
0.0031253158906286,-0.0014630108108108,0.002761738362638,-0.006031,-0.0066046058663572,-1.4804099533938764,0.009047,1.9297249337527915,1.182524317434262,0.0026429189189189
