rms,media,desvio_padrao,minimo,skewness,kurtosis,pico_a_pico,crest_factor,shape_factor,mean_abs
0.0030436991740581,-0.0011899864864864,0.0028014347795623,-0.005277,-0.0427912784206527,-1.4728920444016902,0.009047,1.7337455833272213,1.166007678761762,0.0026103594594594
