rms,media,desvio_padrao,minimo,skewness,kurtosis,pico_a_pico,crest_factor,shape_factor,mean_abs
0.0031464190572432,-0.0013754081081081,0.002829877280013,-0.006031,-0.018706890902676,-1.4052627817068697,0.009047,1.916782186440227,1.1795839564025048,0.0026673972972972
