rms,media,desvio_padrao,minimo,skewness,kurtosis,pico_a_pico,crest_factor,shape_factor,mean_abs
0.00304043481821,-0.0013346837837837,0.0027318241307024,-0.005277,0.0228275868338415,-1.4765186022285417,0.008293,1.7356070152843155,1.1647523161130775,0.0026103702702702
