rms,media,desvio_padrao,minimo,skewness,kurtosis,pico_a_pico,crest_factor,shape_factor,mean_abs
0.0042986977538805,-0.0031489541160593,0.0029262416773345,-0.009047,-0.0638806742077643,-1.2721463764222467,0.011309,2.1045908593673817,1.253339113022556,0.0034297962213225
