rms,media,desvio_padrao,minimo,skewness,kurtosis,pico_a_pico,crest_factor,shape_factor,mean_abs
0.0032611758638357,-0.0017482662162162,0.0027529680804727,-0.006031,0.0412212939310795,-1.4791367444309145,0.008293,1.84933295590702,1.1925693108820303,0.0027345797297297
