rms,media,desvio_padrao,minimo,skewness,kurtosis,pico_a_pico,crest_factor,shape_factor,mean_abs
0.0033017619196914,-0.0018470878378378,0.0027367678552693,-0.006031,-0.0640706531855577,-1.4619884274682513,0.008293,1.826600508059547,1.2196876034005462,0.0027070554054054
