rms,media,desvio_padrao,minimo,skewness,kurtosis,pico_a_pico,crest_factor,shape_factor,mean_abs
0.003732378811776,-0.002456327027027,0.0028101795549201,-0.006785,0.0447544451778829,-1.461229449988221,0.009047,1.817875500362572,1.2223627082468875,0.0030534135135135
