rms,media,desvio_padrao,minimo,skewness,kurtosis,pico_a_pico,crest_factor,shape_factor,mean_abs
0.0029646328497444,-0.0010219121621621,0.0027829379200062,-0.005277,-0.023626118465196,-1.449236765705091,0.009047,1.779984324350622,1.156921961147203,0.0025625175675675
