rms,media,desvio_padrao,minimo,skewness,kurtosis,pico_a_pico,crest_factor,shape_factor,mean_abs
0.0041590183887745,-0.0030695856950067,0.0028062568697777,-0.007539,0.0266384635903078,-1.4431427009766298,0.009047,1.81268734477065,1.2443628657763144,0.0033422874493927
