rms,media,desvio_padrao,minimo,skewness,kurtosis,pico_a_pico,crest_factor,shape_factor,mean_abs
0.0030771652719363,-0.0013988378378378,0.002740839071205,-0.005277,-0.0302227076176869,-1.4959378159386332,0.008293,1.7148900152117783,1.1765441131172123,0.002615427027027
