rms,media,desvio_padrao,minimo,skewness,kurtosis,pico_a_pico,crest_factor,shape_factor,mean_abs
0.0031789311653532,-0.0014996891891891,0.0028029512464335,-0.006031,0.033836451877249,-1.4879987592785762,0.009047,1.8971785440751612,1.17208465362321,0.0027122027027027
