rms,media,desvio_padrao,minimo,skewness,kurtosis,pico_a_pico,crest_factor,shape_factor,mean_abs
0.0041417620887733,-0.0029993621621621,0.0028562247495934,-0.007539,-0.0010719524460715,-1.3801471497518163,0.009801,1.820239752649056,1.2485472995060494,0.0033172648648648
