rms,media,desvio_padrao,minimo,skewness,kurtosis,pico_a_pico,crest_factor,shape_factor,mean_abs
0.0031270465821645,-0.0013652027027027,0.0028132973372113,-0.006031,-0.04506639222582,-1.4575416106366157,0.009047,1.9286569104529665,1.179537582769363,0.0026510783783783
