rms,media,desvio_padrao,minimo,skewness,kurtosis,pico_a_pico,crest_factor,shape_factor,mean_abs
0.0034983900345742,-0.0018934466936572,0.0029416989057832,-0.007539,-0.0086453759848086,-1.2576840500112834,0.011309,2.1549912746986166,1.212809255754306,0.0028845344129554
