rms,media,desvio_padrao,minimo,skewness,kurtosis,pico_a_pico,crest_factor,shape_factor,mean_abs
0.0027862728616306,-3.973783783783785e-05,0.0027859894765959,-0.004524,-0.071872152198143,-1.4757951700272478,0.008294,1.623674429844733,1.116593855558801,0.0024953324324324
