rms,media,desvio_padrao,minimo,skewness,kurtosis,pico_a_pico,crest_factor,shape_factor,mean_abs
0.0032860178107599,0.0002482726045883,0.0032766253625403,-0.006785,-0.1681219386655686,-0.9421124177221012,0.012816,2.0648092587273164,1.1760832300220825,0.0027940350877192
