rms,media,desvio_padrao,minimo,skewness,kurtosis,pico_a_pico,crest_factor,shape_factor,mean_abs
0.0031693880260169,-0.0013845648648648,0.0028509648532455,-0.006031,-0.0211057771804392,-1.4450181737403558,0.009047,1.9028910157079624,1.177852587453294,0.0026908189189189
