rms,media,desvio_padrao,minimo,skewness,kurtosis,pico_a_pico,crest_factor,shape_factor,mean_abs
0.002894197221702,0.0007081472972972,0.0028062261069697,-0.00377,-0.0691572461269914,-1.4639888992215873,0.009047,1.8233035262526336,1.1303065303741913,0.0025605418918918
