rms,media,desvio_padrao,minimo,skewness,kurtosis,pico_a_pico,crest_factor,shape_factor,mean_abs
0.0039822086636382,-0.002683983805668,0.0029418050193151,-0.008293,0.0250171879956104,-1.1658232138001532,0.011309,2.082512670851167,1.229242637731205,0.0032395627530364
