rms,media,desvio_padrao,minimo,skewness,kurtosis,pico_a_pico,crest_factor,shape_factor,mean_abs
0.0038742392212205,-0.0026305432432432,0.0028442875713736,-0.007539,0.001887946567028,-1.3952915087931317,0.009801,1.94593043163323,1.2435174854037123,0.0031155486486486
