rms,media,desvio_padrao,minimo,skewness,kurtosis,pico_a_pico,crest_factor,shape_factor,mean_abs
0.0032786941375031,-0.0016963121621621,0.0028057726735781,-0.006031,0.0394431046084469,-1.4820252937442404,0.008293,1.839451850971649,1.1835361208399395,0.0027702527027027
