rms,media,desvio_padrao,minimo,skewness,kurtosis,pico_a_pico,crest_factor,shape_factor,mean_abs
0.0032467753062368,-0.001678981081081,0.0027789516761831,-0.006031,0.0108243883751933,-1.481595100488046,0.008293,1.8575353793084752,1.1917431247316517,0.0027243918918918
