rms,media,desvio_padrao,minimo,skewness,kurtosis,pico_a_pico,crest_factor,shape_factor,mean_abs
0.0031442314411323,-0.0012225797297297,0.0028968068903293,-0.006031,-0.0718600302775143,-1.358325989232339,0.009801,1.918115798062233,1.1769613016955165,0.0026714824324324
