rms,media,desvio_padrao,minimo,skewness,kurtosis,pico_a_pico,crest_factor,shape_factor,mean_abs
0.0029317019992083,-0.0008925283783783,0.0027925382192463,-0.005277,-0.0426467183301951,-1.4734562056348135,0.008293,1.7999783066031183,1.1463415878589456,0.0025574418918918
