rms,media,desvio_padrao,minimo,skewness,kurtosis,pico_a_pico,crest_factor,shape_factor,mean_abs
0.0034204043752954,-0.0018022689189189,0.0029070591384489,-0.006785,0.0149997809970652,-1.3153135800163842,0.010555,1.9836835811010909,1.2028412923448706,0.002843604054054
