rms,media,desvio_padrao,minimo,skewness,kurtosis,pico_a_pico,crest_factor,shape_factor,mean_abs
0.0027703728990877,-0.0003301297297297,0.0027506327202206,-0.004524,-0.0469748912088602,-1.4567967467964047,0.008294,1.632993161855452,1.1244555891188286,0.0024637459459459
