rms,media,desvio_padrao,minimo,skewness,kurtosis,pico_a_pico,crest_factor,shape_factor,mean_abs
0.0036729514490797,-0.0024003013513513,0.0027801305311078,-0.006785,-0.068069463491337,-1.439729842708993,0.009047,1.8472882351058304,1.249163690725407,0.0029403283783783
