rms,media,desvio_padrao,minimo,skewness,kurtosis,pico_a_pico,crest_factor,shape_factor,mean_abs
0.0036128602498761,-0.0023249067567567,0.0027654236126716,-0.006785,-0.0750821862221309,-1.449048229884308,0.008293,1.8780134106301507,1.249508254792641,0.0028914256756756
