rms,media,desvio_padrao,minimo,skewness,kurtosis,pico_a_pico,crest_factor,shape_factor,mean_abs
0.0030586422216754,0.0010550931174089,0.0028709006868598,-0.004524,-0.0416288448956143,-1.3592597088117495,0.009801,1.7252753403467154,1.1583894794023435,0.0026404264507422
