rms,media,desvio_padrao,minimo,skewness,kurtosis,pico_a_pico,crest_factor,shape_factor,mean_abs
0.0041020196876927,0.0028640607287449,0.0029366173840457,-0.002262,0.0418042159459102,-1.3218005799037729,0.010555,2.0216870301430983,1.2524683240369034,0.0032751484480431
