rms,media,desvio_padrao,minimo,skewness,kurtosis,pico_a_pico,crest_factor,shape_factor,mean_abs
0.0030931072630189,-0.0013071378378378,0.0028033378700101,-0.005277,-0.0213953822831766,-1.473641834766039,0.008293,1.7060514076222262,1.170779343983862,0.0026419216216216
