rms,media,desvio_padrao,minimo,skewness,kurtosis,pico_a_pico,crest_factor,shape_factor,mean_abs
0.0028573327980686,0.0005247432432432,0.0028087355246782,-0.00377,-0.04965625989789,-1.4608563574358029,0.008294,1.5832947436356972,1.1248611606241845,0.0025401648648648
