rms,media,desvio_padrao,minimo,skewness,kurtosis,pico_a_pico,crest_factor,shape_factor,mean_abs
0.0029586906538425,-0.0009118824324324,0.0028146617584633,-0.005277,-0.0265810344487705,-1.4634567482361054,0.008293,1.7835592217613627,1.1482052579667457,0.0025767959459459
