rms,media,desvio_padrao,minimo,skewness,kurtosis,pico_a_pico,crest_factor,shape_factor,mean_abs
0.0034087789592819,-0.0019662878378378,0.0027845082388124,-0.006031,-0.0101496224368147,-1.4551774516133946,0.008293,1.769255229523723,1.212229881337608,0.0028119905405405
