rms,media,desvio_padrao,minimo,skewness,kurtosis,pico_a_pico,crest_factor,shape_factor,mean_abs
0.0039967932451234,-0.0028467732793522,0.0028053944714122,-0.007539,-0.0740210786161476,-1.4664179784225244,0.009047,1.8862621951231615,1.2655522216153534,0.0031581417004048
