rms,media,desvio_padrao,minimo,skewness,kurtosis,pico_a_pico,crest_factor,shape_factor,mean_abs
0.0039378517857439,-0.0027864297297297,0.0027825323084853,-0.006785,0.0210919750478052,-1.45002156950636,0.008293,1.7230206643539865,1.2432028621084252,0.0031675054054054
