rms,media,desvio_padrao,minimo,skewness,kurtosis,pico_a_pico,crest_factor,shape_factor,mean_abs
0.0030592780262493,-0.0013305797297297,0.0027547667096732,-0.006031,-0.0461751351099866,-1.4937207227675209,0.009047,1.971380158407515,1.1747349240369958,0.0026042283783783
