rms,media,desvio_padrao,minimo,skewness,kurtosis,pico_a_pico,crest_factor,shape_factor,mean_abs
0.0038322783409392,-0.0025969202702702,0.0028182197203716,-0.006785,0.0279622436572402,-1.4619338959051302,0.008293,1.770487265373577,1.2361126670007316,0.0031002662162162
