rms,media,desvio_padrao,minimo,skewness,kurtosis,pico_a_pico,crest_factor,shape_factor,mean_abs
0.003393749500423,-0.0020141743243243,0.0027314167501233,-0.006031,-0.0947591413625128,-1.4789630378051248,0.008293,1.777090501007285,1.236915270552977,0.0027437202702702
