rms,media,desvio_padrao,minimo,skewness,kurtosis,pico_a_pico,crest_factor,shape_factor,mean_abs
0.0029358870143128,-0.0010942716216216,0.0027243351810899,-0.005277,-0.0054438396287445,-1.4740307394851857,0.008293,1.797412493830283,1.1562713468716064,0.0025390986486486
