rms,media,desvio_padrao,minimo,skewness,kurtosis,pico_a_pico,crest_factor,shape_factor,mean_abs
0.0043571898875994,-0.0031509851551956,0.0030093846992924,-0.009047,0.0099794268738022,-1.204009763817738,0.011309,2.076338244001637,1.2345022599921758,0.0035295114709851
