rms,media,desvio_padrao,minimo,skewness,kurtosis,pico_a_pico,crest_factor,shape_factor,mean_abs
0.0028123454239804,-0.0004839864864864,0.002770386952157,-0.004524,0.0223960881014405,-1.4592641089595262,0.008294,1.608621743767506,1.125204569376714,0.0024994081081081
