rms,media,desvio_padrao,minimo,skewness,kurtosis,pico_a_pico,crest_factor,shape_factor,mean_abs
0.0031379581952497,-0.0013743729729729,0.0028209715642481,-0.006031,-0.0635702711454012,-1.4533635587891336,0.009047,1.921950397277352,1.182290288730906,0.0026541351351351
