rms,media,desvio_padrao,minimo,skewness,kurtosis,pico_a_pico,crest_factor,shape_factor,mean_abs
0.0029259384389711,0.0006663324324324,0.0028490554291093,-0.004524,-0.0690675810496759,-1.3509902577959374,0.009801,1.8035239326004555,1.1341452585664096,0.0025798621621621
