rms,media,desvio_padrao,minimo,skewness,kurtosis,pico_a_pico,crest_factor,shape_factor,mean_abs
0.0036989948863061,-0.0024043716216216,0.0028109714111067,-0.006785,-0.0669747928204424,-1.451149332769049,0.008293,1.8342820708183232,1.249364406382225,0.0029607013513513
