rms,media,desvio_padrao,minimo,skewness,kurtosis,pico_a_pico,crest_factor,shape_factor,mean_abs
0.0031098472770169,-0.0012748609986504,0.0028365259597771,-0.006031,0.006363050560926,-1.4398348270198722,0.009801,1.9393235303133889,1.1661077493692582,0.0026668609986504
