rms,media,desvio_padrao,minimo,skewness,kurtosis,pico_a_pico,crest_factor,shape_factor,mean_abs
0.0028701923805472,-0.0008548635135135,0.0027399293192735,-0.005277,0.0034785794067619,-1.4879356305479072,0.008293,1.838552717150582,1.1418363536396197,0.0025136635135135
