rms,media,desvio_padrao,minimo,skewness,kurtosis,pico_a_pico,crest_factor,shape_factor,mean_abs
0.0029689320593393,0.0010005297297297,0.0027952634639511,-0.003016,-0.0230406283036528,-1.4545202265367547,0.008293,1.7774067895559218,1.1471892806476849,0.0025880054054054
