rms,media,desvio_padrao,minimo,skewness,kurtosis,pico_a_pico,crest_factor,shape_factor,mean_abs
0.0027952197902268,-0.0004177567567567,0.0027638257846434,-0.004524,-0.0804884477107184,-1.469242601465638,0.008294,1.6184773790661002,1.1270826448303368,0.0024800486486486
