rms,media,desvio_padrao,minimo,skewness,kurtosis,pico_a_pico,crest_factor,shape_factor,mean_abs
0.0034005355102919,-0.0019367324324324,0.0027951224019568,-0.006031,0.0084550673298761,-1.451485349376525,0.008293,1.773544190833095,1.207988112895531,0.0028150405405405
