rms,media,desvio_padrao,minimo,skewness,kurtosis,pico_a_pico,crest_factor,shape_factor,mean_abs
0.0029993207789656,0.0001161378378378,0.0029970714268694,-0.005277,-0.011041129357048,-1.3102475871020458,0.010554,1.7593983401201343,1.1313137917149625,0.0026511837837837
