rms,media,desvio_padrao,minimo,skewness,kurtosis,pico_a_pico,crest_factor,shape_factor,mean_abs
0.0032876795427285,-0.0016952837837837,0.0028168865202764,-0.006031,-0.0573833651597175,-1.456051858089558,0.008293,1.8344245300120456,1.2049545986209027,0.0027284675675675
