rms,media,desvio_padrao,minimo,skewness,kurtosis,pico_a_pico,crest_factor,shape_factor,mean_abs
0.0027992022714974,-0.000225181081081,0.0027901302545723,-0.004524,0.0462669129442555,-1.472019561659206,0.008294,1.6161747388050598,1.1163054423048089,0.0025075594594594
