rms,media,desvio_padrao,minimo,skewness,kurtosis,pico_a_pico,crest_factor,shape_factor,mean_abs
0.0030306135943251,0.0009699391891891,0.0028712082347651,-0.00377,0.0087715256242892,-1.4533600217857363,0.009047,1.7412315479219498,1.149313385493753,0.0026368905405405
