rms,media,desvio_padrao,minimo,skewness,kurtosis,pico_a_pico,crest_factor,shape_factor,mean_abs
0.0030683271172164,-0.0007366315789473,0.002978591146019,-0.006785,0.0129132766932854,-1.1572897593161604,0.011309,2.211302687359926,1.157139189655797,0.002651649122807
