rms,media,desvio_padrao,minimo,skewness,kurtosis,pico_a_pico,crest_factor,shape_factor,mean_abs
0.0037579187873292,-0.0024919986486486,0.0028128093336192,-0.006785,-0.0796418169778751,-1.4462672510798913,0.008293,1.8055206575717644,1.2571523195758316,0.002989231081081
