rms,media,desvio_padrao,minimo,skewness,kurtosis,pico_a_pico,crest_factor,shape_factor,mean_abs
0.0036096900183226,-0.0022291391891891,0.0028391548924987,-0.006785,-0.0102601804345911,-1.4152752702077636,0.009047,1.8796627869871216,1.2259425241598891,0.0029444202702702
