rms,media,desvio_padrao,minimo,skewness,kurtosis,pico_a_pico,crest_factor,shape_factor,mean_abs
0.0033655926420813,-0.0018898783783783,0.0027848830401599,-0.006031,0.0264352350983185,-1.4572468288810432,0.008293,1.7919578039813595,1.199911425764782,0.0028048675675675
