rms,media,desvio_padrao,minimo,skewness,kurtosis,pico_a_pico,crest_factor,shape_factor,mean_abs
0.0031035613956367,-0.0009444337837837,0.0029563724671519,-0.006785,-0.0584061269972957,-1.1528392701810868,0.011309,2.1861980915019164,1.1783581909259535,0.0026338013513513
