rms,media,desvio_padrao,minimo,skewness,kurtosis,pico_a_pico,crest_factor,shape_factor,mean_abs
0.0028281452416925,0.0003311486486486,0.0028086911686061,-0.004524,-0.0768835513571662,-1.4565596174950584,0.009048,1.5996349597988,1.1178547165032424,0.0025299756756756
