rms,media,desvio_padrao,minimo,skewness,kurtosis,pico_a_pico,crest_factor,shape_factor,mean_abs
0.0028275918012673,-0.0006510837837837,0.0027516114008137,-0.005277,-0.0646887138225615,-1.4872335710372548,0.009047,1.86625240518618,1.1368685489010506,0.0024871756756756
