rms,media,desvio_padrao,minimo,skewness,kurtosis,pico_a_pico,crest_factor,shape_factor,mean_abs
0.0037067725391176,-0.0024563351351351,0.0027760728305751,-0.006785,-0.0722165791310945,-1.440620358802257,0.008293,1.8304333293715056,1.2532858882104203,0.0029576432432432
