rms,media,desvio_padrao,minimo,skewness,kurtosis,pico_a_pico,crest_factor,shape_factor,mean_abs
0.0030617652983029,-0.0012877716216216,0.0027777780675276,-0.005277,-0.0809327274402347,-1.4859424362801732,0.008293,1.7235155166612428,1.1784626095169035,0.0025981013513513
