rms,media,desvio_padrao,minimo,skewness,kurtosis,pico_a_pico,crest_factor,shape_factor,mean_abs
0.0029904515965571,0.0008262891891891,0.0028740297366555,-0.00377,0.0114973227893858,-1.445345203086306,0.009047,1.7646164231767762,1.141573913281294,0.0026195864864864
