rms,media,desvio_padrao,minimo,skewness,kurtosis,pico_a_pico,crest_factor,shape_factor,mean_abs
0.0032245810693752,-0.0016005297297297,0.0027993262863096,-0.006031,-0.0488261539754889,-1.4742846276334085,0.008293,1.8703204758218583,1.1965722345825245,0.0026948486486486
