rms,media,desvio_padrao,minimo,skewness,kurtosis,pico_a_pico,crest_factor,shape_factor,mean_abs
0.0029952382641635,0.0007447935222672,0.0029011609518084,-0.004524,-0.0782507148081903,-1.3725233799642136,0.009801,1.7617964030229505,1.1330447739625429,0.0026435303643724
