rms,media,desvio_padrao,minimo,skewness,kurtosis,pico_a_pico,crest_factor,shape_factor,mean_abs
0.0028732863132374,0.0005441027027027,0.0028212987234161,-0.00377,-0.0518883891094477,-1.4596577817104233,0.008294,1.5745037238918853,1.1234805456136918,0.0025574864864864
