rms,media,desvio_padrao,minimo,skewness,kurtosis,pico_a_pico,crest_factor,shape_factor,mean_abs
0.0033890181161941,-0.0019000648648648,0.0028062781938357,-0.006031,0.0476407695567893,-1.447250754867288,0.008293,1.7795714844902777,1.1960981794274286,0.0028333945945945
