rms,media,desvio_padrao,minimo,skewness,kurtosis,pico_a_pico,crest_factor,shape_factor,mean_abs
0.0029263322680863,-0.000822227027027,0.0028084449895395,-0.005277,-0.0669567320494715,-1.4747185804685476,0.008293,1.8032812123043356,1.1446961861803948,0.002556427027027
