rms,media,desvio_padrao,minimo,skewness,kurtosis,pico_a_pico,crest_factor,shape_factor,mean_abs
0.0028322170563101,-0.0004860243243243,0.0027902031843969,-0.004524,0.0483453269067229,-1.4533719735359811,0.008294,1.597335200676303,1.1258118556946997,0.0025157108108108
