rms,media,desvio_padrao,minimo,skewness,kurtosis,pico_a_pico,crest_factor,shape_factor,mean_abs
0.0033754896849958,-0.0018827378378378,0.0028016475237772,-0.006031,-0.0335825712479408,-1.4535443945666415,0.008293,1.786703726812716,1.2126946544780142,0.0027834621621621
