rms,media,desvio_padrao,minimo,skewness,kurtosis,pico_a_pico,crest_factor,shape_factor,mean_abs
0.0030148342480546,-0.0008965648648648,0.0028784365524244,-0.005277,-0.0364286449346877,-1.373240414627272,0.009801,1.750344982781403,1.158555661380726,0.0026022351351351
