rms,media,desvio_padrao,minimo,skewness,kurtosis,pico_a_pico,crest_factor,shape_factor,mean_abs
0.0028632419340623,0.000149781081081,0.0028593215979884,-0.004524,-0.085433179739147,-1.4403525886367552,0.009048,1.5800271525017144,1.119999318742248,0.0025564675675675
