rms,media,desvio_padrao,minimo,skewness,kurtosis,pico_a_pico,crest_factor,shape_factor,mean_abs
0.0036029752675224,-0.0022749864864864,0.0027938982201723,-0.006785,0.0040229213729332,-1.4608134899875578,0.009047,1.883165854942341,1.2300486067577447,0.0029291324324324
