rms,media,desvio_padrao,minimo,skewness,kurtosis,pico_a_pico,crest_factor,shape_factor,mean_abs
0.0031899943031381,-0.0016036,0.0027576313557207,-0.006031,-0.0037577255569758,-1.4666507656208871,0.008293,1.890598987611657,1.1913897305525716,0.0026775405405405
