rms,media,desvio_padrao,minimo,skewness,kurtosis,pico_a_pico,crest_factor,shape_factor,mean_abs
0.003007352661119,-0.0007722523616734,0.002906509301246,-0.006031,-0.0090022605310572,-1.3717874200416973,0.009801,2.005418279662537,1.1451271343559193,0.0026262172739541
