rms,media,desvio_padrao,minimo,skewness,kurtosis,pico_a_pico,crest_factor,shape_factor,mean_abs
0.0028565260596972,-0.0004901,0.0028141682820559,-0.004524,0.0276462281454207,-1.4603226004803391,0.008294,1.5837418967847308,1.1245435677062858,0.0025401648648648
