rms,media,desvio_padrao,minimo,skewness,kurtosis,pico_a_pico,crest_factor,shape_factor,mean_abs
0.0034689814172135,-0.0019734216216216,0.00285297023754,-0.006785,-0.0020691144885291,-1.3763089121092664,0.009801,1.9559055480470176,1.215579522536368,0.0028537675675675
