rms,media,desvio_padrao,minimo,skewness,kurtosis,pico_a_pico,crest_factor,shape_factor,mean_abs
0.0028412897071576,-0.0005583675675675,0.0027858845739708,-0.004524,0.0438592450442023,-1.477808738700872,0.008294,1.592234677302826,1.1225980937398077,0.0025309945945945
