rms,media,desvio_padrao,minimo,skewness,kurtosis,pico_a_pico,crest_factor,shape_factor,mean_abs
0.0030730453354585,-0.0013713283783783,0.0027501029276079,-0.005277,-0.0381655338648297,-1.4938560486133283,0.008293,1.7171891150159415,1.1772614500679237,0.0026103337837837
