rms,media,desvio_padrao,minimo,skewness,kurtosis,pico_a_pico,crest_factor,shape_factor,mean_abs
0.0031284021109134,-0.0013030513513513,0.0028441091651532,-0.006031,-0.0585941199031054,-1.4560671335434945,0.009047,1.9278212282752492,1.1768814261945555,0.0026582135135135
