rms,media,desvio_padrao,minimo,skewness,kurtosis,pico_a_pico,crest_factor,shape_factor,mean_abs
0.0028133013770013,-7.743783783783784e-05,0.0028122354131738,-0.004524,-0.0610558321537311,-1.46763656176269,0.008294,1.6080751379797118,1.1187459529623844,0.0025146918918918
