rms,media,desvio_padrao,minimo,skewness,kurtosis,pico_a_pico,crest_factor,shape_factor,mean_abs
0.0040084982513506,-0.0028689472972972,0.002799499890411,-0.006785,0.0116219500711592,-1.470498768652486,0.008293,1.692653850532141,1.2466640298461944,0.0032153797297297
