rms,media,desvio_padrao,minimo,skewness,kurtosis,pico_a_pico,crest_factor,shape_factor,mean_abs
0.003242394807104,-0.0016453608108108,0.0027939062059029,-0.006031,-0.0580654626478107,-1.4505862975988248,0.008293,1.86004492321114,1.2022739733561376,0.0026968851351351
