rms,media,desvio_padrao,minimo,skewness,kurtosis,pico_a_pico,crest_factor,shape_factor,mean_abs
0.0029028947223278,-0.0009954554054054,0.0027268784910164,-0.005277,-0.0067360265753028,-1.4842095241155056,0.008293,1.817840640038206,1.152052934361789,0.0025197581081081
