rms,media,desvio_padrao,minimo,skewness,kurtosis,pico_a_pico,crest_factor,shape_factor,mean_abs
0.0031507884390796,-0.001444677027027,0.0028000671555193,-0.006031,0.0281711087797429,-1.4896400487636168,0.009047,1.9141240729452809,1.1678465484614802,0.0026979472972972
