rms,media,desvio_padrao,minimo,skewness,kurtosis,pico_a_pico,crest_factor,shape_factor,mean_abs
0.002794532581909,-1.935945945945944e-05,0.0027944655236164,-0.004524,0.0257467722081631,-1.48561133093529,0.009048,1.6188753816244503,1.11625751283493,0.0025034837837837
