rms,media,desvio_padrao,minimo,skewness,kurtosis,pico_a_pico,crest_factor,shape_factor,mean_abs
0.0030699565632106,-0.001258254054054,0.0028002553518307,-0.006031,-0.0410030025941088,-1.4063095282037266,0.009047,1.96452290963122,1.171949502373989,0.0026195297297297
