rms,media,desvio_padrao,minimo,skewness,kurtosis,pico_a_pico,crest_factor,shape_factor,mean_abs
0.0031351426916963,-0.0014426378378378,0.0027835078167908,-0.005277,0.0102260597979665,-1.4941369927908417,0.008293,1.683176977550796,1.1753648140472626,0.0026673783783783
