rms,media,desvio_padrao,minimo,skewness,kurtosis,pico_a_pico,crest_factor,shape_factor,mean_abs
0.0028537006793929,-0.0003016,0.0028377182748764,-0.004524,-0.006419420382853,-1.4713998953242846,0.008294,1.5853099214884805,1.12118262395102,0.0025452594594594
