rms,media,desvio_padrao,minimo,skewness,kurtosis,pico_a_pico,crest_factor,shape_factor,mean_abs
0.0028082397174762,-0.0006082918918918,0.0027415673044937,-0.005277,-0.0772907287499416,-1.4762020900013175,0.009047,1.8791130853823637,1.136536226861463,0.0024708756756756
