rms,media,desvio_padrao,minimo,skewness,kurtosis,pico_a_pico,crest_factor,shape_factor,mean_abs
0.0036026440954357,-0.0023106405405405,0.002764052237348,-0.006785,-0.0007102150013508,-1.49173988746804,0.008293,1.8833389644555647,1.2303669426603157,0.0029281054054054
