rms,media,desvio_padrao,minimo,skewness,kurtosis,pico_a_pico,crest_factor,shape_factor,mean_abs
0.0037010775912545,-0.0024043716216216,0.0028137115064674,-0.006785,0.0201073286141254,-1.413282338757587,0.009047,1.833249866480135,1.226431723149103,0.0030177608108108
