rms,media,desvio_padrao,minimo,skewness,kurtosis,pico_a_pico,crest_factor,shape_factor,mean_abs
0.0045693167670416,-0.003554631081081,0.0028711066847088,-0.008293,-0.059882908036306,-1.414043036598606,0.009047,1.8149321710014168,1.2524263537086298,0.0036483716216216
