rms,media,desvio_padrao,minimo,skewness,kurtosis,pico_a_pico,crest_factor,shape_factor,mean_abs
0.0035203761011067,-0.0021730986486486,0.002769601082554,-0.006785,0.0026732751970922,-1.4759963493612387,0.009047,1.92735088670412,1.2222558903779503,0.0028802283783783
