rms,media,desvio_padrao,minimo,skewness,kurtosis,pico_a_pico,crest_factor,shape_factor,mean_abs
0.0030346853835327,-0.0012561932432432,0.0027624796673744,-0.005277,-0.0983669291627381,-1.4874919130822943,0.008293,1.738895250438449,1.1796013154105762,0.0025726364864864
