rms,media,desvio_padrao,minimo,skewness,kurtosis,pico_a_pico,crest_factor,shape_factor,mean_abs
0.0037353649953717,-0.0024288216216216,0.0028379177540922,-0.006785,-0.0079133706340569,-1.4303357266535854,0.009047,1.8164222260493537,1.238631681466792,0.0030157189189189
