rms,media,desvio_padrao,minimo,skewness,kurtosis,pico_a_pico,crest_factor,shape_factor,mean_abs
0.0030211206621724,-0.0009505959459459,0.0028676710764933,-0.005277,0.0377282101444238,-1.463619691583255,0.009047,1.7467028265615003,1.1382293576479068,0.0026542283783783
