rms,media,desvio_padrao,minimo,skewness,kurtosis,pico_a_pico,crest_factor,shape_factor,mean_abs
0.0033067438689509,-0.0018140728744939,0.0027647232448963,-0.006031,-0.0111816306750609,-1.4623398782147143,0.008293,1.8238485467921288,1.2050341730301142,0.0027441079622132
