rms,media,desvio_padrao,minimo,skewness,kurtosis,pico_a_pico,crest_factor,shape_factor,mean_abs
0.0028609578128236,-0.0005420635135135,0.0028091363003731,-0.005277,-0.029948200290521,-1.486346239223958,0.009047,1.8444871771079316,1.1249351250726018,0.0025432202702702
