rms,media,desvio_padrao,minimo,skewness,kurtosis,pico_a_pico,crest_factor,shape_factor,mean_abs
0.003627641708447,-0.0021201297297297,0.0029436090592979,-0.007539,-0.0851596274812358,-1.313436054922708,0.010555,2.0782096485563035,1.2367408574316456,0.002933227027027
