rms,media,desvio_padrao,minimo,skewness,kurtosis,pico_a_pico,crest_factor,shape_factor,mean_abs
0.0028225690922813,-0.0002055438596491,0.0028150751326496,-0.004524,-0.0090903652874781,-1.4636566262276864,0.008294,1.6027951317016382,1.1203166833326474,0.0025194385964912
