rms,media,desvio_padrao,minimo,skewness,kurtosis,pico_a_pico,crest_factor,shape_factor,mean_abs
0.0028709768254781,0.0003515081081081,0.0028493771218227,-0.004524,0.0441378374885756,-1.391231327958957,0.010555,2.1006787468566976,1.1284303226887265,0.0025442216216216
