rms,media,desvio_padrao,minimo,skewness,kurtosis,pico_a_pico,crest_factor,shape_factor,mean_abs
0.0028064659974057,-0.0002669567567567,0.0027937404111005,-0.004524,-0.0668797319495301,-1.452227906196523,0.008294,1.6119917377163755,1.1242271629298153,0.0024963513513513
