rms,media,desvio_padrao,minimo,skewness,kurtosis,pico_a_pico,crest_factor,shape_factor,mean_abs
0.0144357576293966,-0.0001800863697705,0.0144346342951287,-0.036188,-0.0689843905929424,0.2014648328860961,0.072376,2.506830672074158,1.3025156077368616,0.0110829824561403
