rms,media,desvio_padrao,minimo,skewness,kurtosis,pico_a_pico,crest_factor,shape_factor,mean_abs
0.0040525285047796,-0.0030044723346828,0.0027195832901708,-0.007539,0.0045220488018198,-1.4167824338048771,0.009047,1.8603200424397737,1.2497861292442791,0.0032425775978407
