rms,media,desvio_padrao,minimo,skewness,kurtosis,pico_a_pico,crest_factor,shape_factor,mean_abs
0.0030051965493125,-0.0012460162162162,0.0027347120303472,-0.005277,-0.1028549682115538,-1.4812504213220163,0.008293,1.75595835859959,1.1812327352172471,0.0025441189189189
