rms,media,desvio_padrao,minimo,skewness,kurtosis,pico_a_pico,crest_factor,shape_factor,mean_abs
0.0033058393827172,-0.0017930891891891,0.0027773017812144,-0.006031,-0.039017740230422,-1.461383761988413,0.008293,1.8243475564873948,1.2080061346462427,0.0027366081081081
