rms,media,desvio_padrao,minimo,skewness,kurtosis,pico_a_pico,crest_factor,shape_factor,mean_abs
0.0041122527496528,-0.0030064878378378,0.0028056467272199,-0.007539,0.0224013325659081,-1.4691023285228395,0.009047,1.8333017105129348,1.2484741236536832,0.0032938229729729
