rms,media,desvio_padrao,minimo,skewness,kurtosis,pico_a_pico,crest_factor,shape_factor,mean_abs
0.003314329744927,-0.0017513229729729,0.0028138318184364,-0.006031,0.0260946736125451,-1.4609459915798422,0.009047,1.819674101296391,1.192894401462835,0.0027783932432432
