rms,media,desvio_padrao,minimo,skewness,kurtosis,pico_a_pico,crest_factor,shape_factor,mean_abs
0.0034705099099606,-0.002128281081081,0.0027413242557288,-0.006031,-0.0011484928006544,-1.480802270585072,0.008293,1.7377849815932,1.2204797053994354,0.0028435621621621
