rms,media,desvio_padrao,minimo,skewness,kurtosis,pico_a_pico,crest_factor,shape_factor,mean_abs
0.0034368215546706,-0.001958131081081,0.0028244406646189,-0.006785,-0.0560118593491546,-1.429234762323888,0.009047,1.9742078231496207,1.222204737759209,0.0028119851351351
