rms,media,desvio_padrao,minimo,skewness,kurtosis,pico_a_pico,crest_factor,shape_factor,mean_abs
0.0037028333351783,-0.002448181081081,0.0027780180169222,-0.006785,-0.0224415874896084,-1.4586741379011807,0.009047,1.8323806085301904,1.244239541278682,0.002975981081081
