rms,media,desvio_padrao,minimo,skewness,kurtosis,pico_a_pico,crest_factor,shape_factor,mean_abs
0.0046006947500932,0.0036027287449392,0.0028612475904619,-0.000754,-0.0143299885673278,-1.452537419110172,0.009047,1.8025538425108247,1.244661283837879,0.0036963427800269
