rms,media,desvio_padrao,minimo,skewness,kurtosis,pico_a_pico,crest_factor,shape_factor,mean_abs
0.0045901899346853,-0.0036493797297297,0.0027842182430126,-0.008293,-0.0453093957975977,-1.4633607048934076,0.009047,1.8066790520659608,1.2515103651421813,0.0036677202702702
