rms,media,desvio_padrao,minimo,skewness,kurtosis,pico_a_pico,crest_factor,shape_factor,mean_abs
0.0043920651757582,-0.0032876891891891,0.002912273390909,-0.008293,0.0148520646065675,-1.349554559901378,0.009801,1.8881778088751475,1.242708734353417,0.0035342675675675
