rms,media,desvio_padrao,minimo,skewness,kurtosis,pico_a_pico,crest_factor,shape_factor,mean_abs
0.004231518419386,-0.0031194453441295,0.0028591622686709,-0.008293,-0.0550709893178337,-1.3596376412664966,0.009801,1.9598165901882736,1.2542175443228591,0.0033738313090418
