rms,media,desvio_padrao,minimo,skewness,kurtosis,pico_a_pico,crest_factor,shape_factor,mean_abs
0.0035650313766103,-0.0022505297297297,0.0027648805854537,-0.006785,-0.02669588653784,-1.4806954151552296,0.008293,1.9032090557506487,1.234269746313576,0.0028883729729729
