rms,media,desvio_padrao,minimo,skewness,kurtosis,pico_a_pico,crest_factor,shape_factor,mean_abs
0.0029189891324575,-0.001003604054054,0.0027410356542904,-0.005277,0.0052252754935995,-1.4837001464657007,0.008293,1.8078176247121407,1.147306925380954,0.0025442094594594
