rms,media,desvio_padrao,minimo,skewness,kurtosis,pico_a_pico,crest_factor,shape_factor,mean_abs
0.0028945337733156,-0.0009557108108108,0.0027322047161521,-0.005277,-0.0268628800949986,-1.4730195707496492,0.008293,1.8230915281238156,1.151065156522126,0.0025146567567567
