rms,media,desvio_padrao,minimo,skewness,kurtosis,pico_a_pico,crest_factor,shape_factor,mean_abs
0.0033486635113373,-0.00178595,0.0028326542163953,-0.006031,0.035802997294347,-1.4631019186373693,0.008293,1.801017026518564,1.1895539568765257,0.0028150581081081
