rms,media,desvio_padrao,minimo,skewness,kurtosis,pico_a_pico,crest_factor,shape_factor,mean_abs
0.0029062476489964,-0.0007560351351351,0.0028061871412538,-0.005277,0.037438251414342,-1.4909440758109969,0.009047,1.8157434043248923,1.1318605132301731,0.0025676729729729
