rms,media,desvio_padrao,minimo,skewness,kurtosis,pico_a_pico,crest_factor,shape_factor,mean_abs
0.0032238630351018,-0.0015719379217273,0.00281465877849,-0.006785,-0.0967249898348894,-1.3590401205568383,0.009801,2.1046179462725663,1.2088813421370457,0.0026668151147098
