rms,media,desvio_padrao,minimo,skewness,kurtosis,pico_a_pico,crest_factor,shape_factor,mean_abs
0.0028684644281698,-0.0007254675675675,0.0027752089982708,-0.005277,-0.0275321135899427,-1.500184627566996,0.009047,1.839660254517044,1.1351640429396772,0.0025269162162162
