rms,media,desvio_padrao,minimo,skewness,kurtosis,pico_a_pico,crest_factor,shape_factor,mean_abs
0.002985914142246,-0.0009984648648648,0.0028140275724475,-0.005277,-0.0593150454883991,-1.465213910624115,0.008293,1.7672979692679942,1.1555830407711696,0.0025839027027027
