rms,media,desvio_padrao,minimo,skewness,kurtosis,pico_a_pico,crest_factor,shape_factor,mean_abs
0.0036355389447671,-0.0023697324324324,0.0027570838974533,-0.006785,0.032988856658682,-1.4812807250687392,0.008293,1.8662982581347365,1.2253996769347637,0.0029668189189189
