rms,media,desvio_padrao,minimo,skewness,kurtosis,pico_a_pico,crest_factor,shape_factor,mean_abs
0.0036344872330629,-0.0023228662162162,0.002795315722572,-0.006785,0.0254365557357865,-1.4889125617776142,0.009047,1.8668383089303195,1.221686924605097,0.0029749743243243
