rms,media,desvio_padrao,minimo,skewness,kurtosis,pico_a_pico,crest_factor,shape_factor,mean_abs
0.0029534952266855,-0.0009607918918918,0.0027928503351466,-0.005277,-0.0142577142405535,-1.4705246599151172,0.008293,1.7866966407533351,1.147095592108459,0.0025747594594594
