rms,media,desvio_padrao,minimo,skewness,kurtosis,pico_a_pico,crest_factor,shape_factor,mean_abs
0.0028434445039946,-0.0005196445945945,0.0027955582881789,-0.005277,0.0294615121513417,-1.4457025085545498,0.009047,1.85584772011079,1.1270811537173262,0.0025228391891891
