rms,media,desvio_padrao,minimo,skewness,kurtosis,pico_a_pico,crest_factor,shape_factor,mean_abs
0.0030470673765601,-0.0012398918918918,0.0027833949941964,-0.005277,-0.0757388055852162,-1.4810633287446038,0.008293,1.7318291156256582,1.1714229465845527,0.0026011675675675
