rms,media,desvio_padrao,minimo,skewness,kurtosis,pico_a_pico,crest_factor,shape_factor,mean_abs
0.002794532581909,-2.75108108108108e-05,0.0027943971633681,-0.004524,-0.043264471884616,-1.492340225086151,0.008294,1.6188753816244503,1.1135382497098754,0.0025095972972972
