rms,media,desvio_padrao,minimo,skewness,kurtosis,pico_a_pico,crest_factor,shape_factor,mean_abs
0.0033792535672277,-0.0018796878378378,0.0028082251163156,-0.006031,-0.0201019409446065,-1.4556642665954076,0.008293,1.7847136593977568,1.2100573465807802,0.0027926391891891
