rms,media,desvio_padrao,minimo,skewness,kurtosis,pico_a_pico,crest_factor,shape_factor,mean_abs
0.0027997511346932,1.0189189189189343e-06,0.0027997509492846,-0.004524,0.0140082451112689,-1.4911820745808635,0.009048,1.6158579039188936,1.1138088227053418,0.0025136729729729
