rms,media,desvio_padrao,minimo,skewness,kurtosis,pico_a_pico,crest_factor,shape_factor,mean_abs
0.00329201773336,-0.001622954054054,0.0028641579731548,-0.006785,-0.0638423358550561,-1.393874176208184,0.009801,2.0610460056893047,1.1998177305627624,0.0027437648648648
