rms,media,desvio_padrao,minimo,skewness,kurtosis,pico_a_pico,crest_factor,shape_factor,mean_abs
0.002842498688345,-8.45743243243243e-05,0.0028412402180928,-0.004524,0.0132939006052081,-1.3906868392457323,0.009801,1.856465236602232,1.1262513844234217,0.0025238581081081
