rms,media,desvio_padrao,minimo,skewness,kurtosis,pico_a_pico,crest_factor,shape_factor,mean_abs
0.0028723379094765,-0.0007611256756756,0.0027696593241847,-0.005277,0.0278885908133777,-1.485029098006555,0.009047,1.837179387073452,1.1316791970503068,0.0025381202702702
