rms,media,desvio_padrao,minimo,skewness,kurtosis,pico_a_pico,crest_factor,shape_factor,mean_abs
0.0030506232438102,-0.0012378702702702,0.002788185677041,-0.005277,-0.0407610906911875,-1.478896854933153,0.008293,1.7298104610941412,1.167295716077582,0.0026134108108108
