rms,media,desvio_padrao,minimo,skewness,kurtosis,pico_a_pico,crest_factor,shape_factor,mean_abs
0.0030321177569302,-0.0012144702702702,0.0027782728545845,-0.005277,0.0406125999909568,-1.46406673395691,0.008293,1.740367763731725,1.155244727299147,0.002624654054054
