rms,media,desvio_padrao,minimo,skewness,kurtosis,pico_a_pico,crest_factor,shape_factor,mean_abs
0.0030481248744104,-0.0013744175675675,0.0027206693294043,-0.005277,0.0250677612049504,-1.4841617755105898,0.008293,1.7312282853964658,1.1645182227636175,0.0026174986486486
