rms,media,desvio_padrao,minimo,skewness,kurtosis,pico_a_pico,crest_factor,shape_factor,mean_abs
0.003094735136464,-0.0013285432432432,0.00279505964439,-0.005277,0.0073534394855871,-1.4733669521227266,0.008293,1.7051540010074726,1.1682380204842313,0.0026490621621621
