rms,media,desvio_padrao,minimo,skewness,kurtosis,pico_a_pico,crest_factor,shape_factor,mean_abs
0.003322999261291,-0.0017380716216216,0.0028322131149781,-0.006785,-0.0207483788523093,-1.4333993212024148,0.009801,2.0418301258857325,1.201746380912636,0.0027651418918918
