rms,media,desvio_padrao,minimo,skewness,kurtosis,pico_a_pico,crest_factor,shape_factor,mean_abs
0.0029124945254559,-0.0009842229729729,0.0027411547749594,-0.005277,-0.0695081267605344,-1.4690849254295864,0.008293,1.8118488992434785,1.156341500216699,0.0025187148648648
