rms,media,desvio_padrao,minimo,skewness,kurtosis,pico_a_pico,crest_factor,shape_factor,mean_abs
0.0029957855126922,-0.001142600539811,0.0027693311186061,-0.006031,-0.0774692248430839,-1.4526454396954198,0.009047,2.013161481170291,1.1725410873781354,0.002554951417004
