rms,media,desvio_padrao,minimo,skewness,kurtosis,pico_a_pico,crest_factor,shape_factor,mean_abs
0.0045075544965991,0.0034663900134952,0.0028813517338484,-0.001508,0.00452101451891,-1.4196276764037028,0.009801,1.8398002744629969,1.2497340209836756,0.0036068110661268
