rms,media,desvio_padrao,minimo,skewness,kurtosis,pico_a_pico,crest_factor,shape_factor,mean_abs
0.0046370527892477,-0.0036177837837837,0.0029006721745246,-0.008293,0.0367565195820577,-1.3350900460361863,0.009801,1.7884204422320913,1.2264704639514368,0.0037808108108108
