rms,media,desvio_padrao,minimo,skewness,kurtosis,pico_a_pico,crest_factor,shape_factor,mean_abs
0.0033135251064509,-0.0016504554054054,0.0028732291217111,-0.006031,0.0056213216960779,-1.4525448405034538,0.009047,1.8201159810916905,1.1860779407077922,0.0027936824324324
