rms,media,desvio_padrao,minimo,skewness,kurtosis,pico_a_pico,crest_factor,shape_factor,mean_abs
0.0030495786275164,0.0009944,0.0028828975780289,-0.00377,-0.0871222141219534,-1.3998567656736505,0.009047,1.730402998101236,1.143249782849901,0.0026674648648648
