rms,media,desvio_padrao,minimo,skewness,kurtosis,pico_a_pico,crest_factor,shape_factor,mean_abs
0.0032790462207122,-0.0016952932432432,0.0028067997678818,-0.006031,0.059107717489915,-1.4594057688919324,0.009047,1.8392543422855177,1.181490411634432,0.0027753472972972
