rms,media,desvio_padrao,minimo,skewness,kurtosis,pico_a_pico,crest_factor,shape_factor,mean_abs
0.0029178607287587,0.0006459945945945,0.0028454529017692,-0.00377,-0.0619030250982748,-1.4629297586216414,0.008294,1.5504509709497092,1.1283226727124165,0.0025860162162162
