rms,media,desvio_padrao,minimo,skewness,kurtosis,pico_a_pico,crest_factor,shape_factor,mean_abs
0.0030131513737864,-0.00116045,0.0027807259841364,-0.005277,-0.0451383692496684,-1.4649433410917885,0.008293,1.7513225674316697,1.1665945610288584,0.0025828608108108
