rms,media,desvio_padrao,minimo,skewness,kurtosis,pico_a_pico,crest_factor,shape_factor,mean_abs
0.0028545082162706,-0.0006480324324324,0.0027799768206358,-0.004524,0.0387613795353113,-1.4667972815947876,0.008294,1.5848614392536144,1.1287295477252106,0.0025289567567567
