rms,media,desvio_padrao,minimo,skewness,kurtosis,pico_a_pico,crest_factor,shape_factor,mean_abs
0.0036589181343005,-0.0023004486486486,0.0028452799385023,-0.006785,-0.0043154318038101,-1.424185926042026,0.009047,1.8543732739997525,1.2324322468826945,0.0029688594594594
