rms,media,desvio_padrao,minimo,skewness,kurtosis,pico_a_pico,crest_factor,shape_factor,mean_abs
0.002977862940641,0.0007468283783783,0.0028826923294885,-0.004524,-0.084820475866281,-1.3599601085130553,0.009801,1.7720761852337117,1.134115124413667,0.0026257148648648
