rms,media,desvio_padrao,minimo,skewness,kurtosis,pico_a_pico,crest_factor,shape_factor,mean_abs
0.0037753459773441,-0.0025684081081081,0.0027670412065694,-0.006785,-0.0534803092200965,-1.4436783555946262,0.008293,1.797186281924037,1.254859309288598,0.003008581081081
