rms,media,desvio_padrao,minimo,skewness,kurtosis,pico_a_pico,crest_factor,shape_factor,mean_abs
0.0031736012168802,-0.001534327027027,0.0027780542215583,-0.006031,0.0295778699554741,-1.4972276648614289,0.009047,1.9003647868299816,1.172765320829334,0.0027060837837837
