rms,media,desvio_padrao,minimo,skewness,kurtosis,pico_a_pico,crest_factor,shape_factor,mean_abs
0.0028217542521381,-0.0002119351351351,0.0028137840283068,-0.004524,0.0633790488564188,-1.4891347738567282,0.008294,1.6032579720831717,1.1139826778405733,0.0025330324324324
