rms,media,desvio_padrao,minimo,skewness,kurtosis,pico_a_pico,crest_factor,shape_factor,mean_abs
0.0032889611244857,-0.0017452054054054,0.00278774521277,-0.006031,-0.0021030270971721,-1.470124013579852,0.008293,1.833709725268656,1.1969339998659547,0.0027478216216216
