rms,media,desvio_padrao,minimo,skewness,kurtosis,pico_a_pico,crest_factor,shape_factor,mean_abs
0.0027688472486734,-0.0003291108108108,0.0027492182817473,-0.004524,0.0309237196958726,-1.4657155902591568,0.008294,1.6338929502764934,1.1205922852789774,0.0024708783783783
