rms,media,desvio_padrao,minimo,skewness,kurtosis,pico_a_pico,crest_factor,shape_factor,mean_abs
0.0028034531505925,-3.464324324324328e-05,0.0028032390931322,-0.004524,0.0157030621392057,-1.4903787756451434,0.009048,1.6137241312713606,1.1157338377200607,0.002512654054054
