rms,media,desvio_padrao,minimo,skewness,kurtosis,pico_a_pico,crest_factor,shape_factor,mean_abs
0.0028728628703127,-0.0007162878378378,0.0027821345770805,-0.005277,-0.0701230013060283,-1.484644221629255,0.009047,1.836843677618878,1.139205732059601,0.0025218121621621
