rms,media,desvio_padrao,minimo,skewness,kurtosis,pico_a_pico,crest_factor,shape_factor,mean_abs
0.004306798380015,-0.0031601349527665,0.0029260996849736,-0.008293,0.006623203360278,-1.3439686530558792,0.010555,1.9255603044902947,1.2406147758620478,0.0034715033738191
