rms,media,desvio_padrao,minimo,skewness,kurtosis,pico_a_pico,crest_factor,shape_factor,mean_abs
0.0030314513155217,-0.0011421081081081,0.0028080751677567,-0.005277,-0.0302570086466438,-1.460540454279642,0.008293,1.7407503702865217,1.1599525390116705,0.002613427027027
