rms,media,desvio_padrao,minimo,skewness,kurtosis,pico_a_pico,crest_factor,shape_factor,mean_abs
0.0031203071238737,-0.00138865,0.0027942740962184,-0.005277,0.016494197348962,-1.4924709553184548,0.008293,1.6911796789569822,1.1675664449040943,0.0026724878378378
