rms,media,desvio_padrao,minimo,skewness,kurtosis,pico_a_pico,crest_factor,shape_factor,mean_abs
0.0028288242844744,-0.0003342054054054,0.0028090129190571,-0.004524,-0.0815080399979591,-1.4547946210038758,0.008294,1.5992509767500362,1.1276603150438922,0.0025085783783783
