rms,media,desvio_padrao,minimo,skewness,kurtosis,pico_a_pico,crest_factor,shape_factor,mean_abs
0.0029004578585929,9.666666666666664e-05,0.00289884655424,-0.004524,-0.0067862048740951,-1.444716652901714,0.009048,1.559753742533129,1.1200196324083664,0.002589649122807
