rms,media,desvio_padrao,minimo,skewness,kurtosis,pico_a_pico,crest_factor,shape_factor,mean_abs
0.0144449807569558,-0.014099608636977,0.0031398256882998,-0.020356,-0.0579986287563864,-1.1450795245392922,0.0120629999999999,1.4092092154707576,1.0244951564877531,0.014099608636977
