rms,media,desvio_padrao,minimo,skewness,kurtosis,pico_a_pico,crest_factor,shape_factor,mean_abs
0.0030690855337565,-0.0012225918918918,0.0028150586280562,-0.006031,-0.014964646879455,-1.445503250277129,0.009047,1.9650804559422448,1.1657223826974417,0.0026327756756756
