rms,media,desvio_padrao,minimo,skewness,kurtosis,pico_a_pico,crest_factor,shape_factor,mean_abs
0.0038687844752862,-0.0026499027027027,0.0028187779235734,-0.006785,0.0210600412198817,-1.45606725100119,0.008293,1.753780817551981,1.2365095752754514,0.0031287945945945
