rms,media,desvio_padrao,minimo,skewness,kurtosis,pico_a_pico,crest_factor,shape_factor,mean_abs
0.0028470897068144,-0.000777431081081,0.002738890416358,-0.005277,-0.0156020223824442,-1.492257524005926,0.009047,1.853471630124494,1.1391074213056591,0.002499404054054
