rms,media,desvio_padrao,minimo,skewness,kurtosis,pico_a_pico,crest_factor,shape_factor,mean_abs
0.0035556539315688,-0.0022535891891891,0.0027502746494578,-0.006031,0.0219508648508404,-1.488706563580346,0.008293,1.6961718198876985,1.2228259336982603,0.0029077351351351
