rms,media,desvio_padrao,minimo,skewness,kurtosis,pico_a_pico,crest_factor,shape_factor,mean_abs
0.0029250924429836,-0.0005227054054054,0.0028780105731494,-0.004524,0.0183561887179435,-1.460069570931277,0.008294,1.5466177866794013,1.1253549124688678,0.0025992621621621
