rms,media,desvio_padrao,minimo,skewness,kurtosis,pico_a_pico,crest_factor,shape_factor,mean_abs
0.0027721748579848,-0.0001192135135135,0.0027696103663582,-0.004524,0.0346389290090116,-1.488491376110681,0.008294,1.6319316896512837,1.1136725809511387,0.0024892189189189
