rms,media,desvio_padrao,minimo,skewness,kurtosis,pico_a_pico,crest_factor,shape_factor,mean_abs
0.0028018033232477,-0.0006093108108108,0.0027347471908736,-0.005277,-0.0426008866153307,-1.476989481005924,0.009047,1.8834298454193712,1.132530252854542,0.0024739324324324
