rms,media,desvio_padrao,minimo,skewness,kurtosis,pico_a_pico,crest_factor,shape_factor,mean_abs
0.0028742145538131,-0.0005838364864864,0.0028142928522807,-0.005277,0.0058099371190883,-1.4632004043377769,0.009047,1.835979848128987,1.1278895091779002,0.0025483121621621
