rms,media,desvio_padrao,minimo,skewness,kurtosis,pico_a_pico,crest_factor,shape_factor,mean_abs
0.0040517652410917,-0.002981031081081,0.00274413105783,-0.007539,-0.0762667869167674,-1.4604799979571237,0.009047,1.860670485925956,1.2689658977642415,0.0031929662162162
