rms,media,desvio_padrao,minimo,skewness,kurtosis,pico_a_pico,crest_factor,shape_factor,mean_abs
0.0027916444596669,9.985405405405404e-05,0.0027898580532131,-0.004524,0.0269785173159459,-1.470544884154917,0.009048,1.6205502044983624,1.11828988261438,0.0024963513513513
