rms,media,desvio_padrao,minimo,skewness,kurtosis,pico_a_pico,crest_factor,shape_factor,mean_abs
0.0047432612121858,-0.0038592621621621,0.0027576479997872,-0.008293,-0.043518296848411,-1.4479993583925683,0.008293,1.7483751429700978,1.2290590825082617,0.0038592621621621
