rms,media,desvio_padrao,minimo,skewness,kurtosis,pico_a_pico,crest_factor,shape_factor,mean_abs
0.0029406901692666,-0.0010545148648648,0.0027451151289883,-0.005277,-0.0487417712811706,-1.4636091029724374,0.008293,1.7944767031733737,1.157707072058456,0.0025400986486486
