rms,media,desvio_padrao,minimo,skewness,kurtosis,pico_a_pico,crest_factor,shape_factor,mean_abs
0.0029141428678179,-0.0007499081081081,0.002816001861407,-0.005277,-0.0032837095402761,-1.4835211343286994,0.009047,1.8108240533695457,1.13314268954248,0.0025717351351351
