rms,media,desvio_padrao,minimo,skewness,kurtosis,pico_a_pico,crest_factor,shape_factor,mean_abs
0.0028194390500162,-0.0003922837837837,0.0027920153992657,-0.004524,0.0461987201841659,-1.465754865370725,0.008294,1.6045744985953363,1.1216411523419776,0.0025136729729729
