rms,media,desvio_padrao,minimo,skewness,kurtosis,pico_a_pico,crest_factor,shape_factor,mean_abs
0.0036608243572075,-0.00221895,0.0029116826530074,-0.006785,-0.0385072253854211,-1.375865221746347,0.009047,1.853407685796618,1.2313777080702957,0.0029729499999999
