rms,media,desvio_padrao,minimo,skewness,kurtosis,pico_a_pico,crest_factor,shape_factor,mean_abs
0.0028908722575477,0.0007641851351351,0.0027880393628315,-0.00377,0.0088800690974074,-1.4988713745686817,0.009047,1.8254006161020289,1.1339728601754913,0.002549331081081
