rms,media,desvio_padrao,minimo,skewness,kurtosis,pico_a_pico,crest_factor,shape_factor,mean_abs
0.0037673006930907,-0.0025449743243243,0.0027777077241301,-0.006785,-0.0732343777223493,-1.4497212157208423,0.008293,1.8010242751378194,1.2585782894705633,0.0029932986486486
