rms,media,desvio_padrao,minimo,skewness,kurtosis,pico_a_pico,crest_factor,shape_factor,mean_abs
0.0030499601658896,-0.0009077945945945,0.0029117290374515,-0.006031,0.0291279196894243,-1.4069617871463242,0.009801,1.977402874781756,1.1473359917231756,0.0026582972972972
