rms,media,desvio_padrao,minimo,skewness,kurtosis,pico_a_pico,crest_factor,shape_factor,mean_abs
0.0031111563419062,-0.0013499162162162,0.0028030376367398,-0.006031,-0.0598525841650391,-1.4792906979016327,0.009047,1.938507531352354,1.1758044545938926,0.002645981081081
