rms,media,desvio_padrao,minimo,skewness,kurtosis,pico_a_pico,crest_factor,shape_factor,mean_abs
0.002806055345142,-0.0005288189189189,0.0027557752359351,-0.004524,-0.0874531212933168,-1.4911246102633162,0.008294,1.6122276447013777,1.131916778363092,0.0024790297297297
