rms,media,desvio_padrao,minimo,skewness,kurtosis,pico_a_pico,crest_factor,shape_factor,mean_abs
0.0037652573261906,-0.0025816459459459,0.0027408514994821,-0.006785,0.0450148721400518,-1.453425171176033,0.008293,1.8020016727155372,1.232722413911361,0.0030544243243243
