rms,media,desvio_padrao,minimo,skewness,kurtosis,pico_a_pico,crest_factor,shape_factor,mean_abs
0.0035366020411261,-0.0021496675675675,0.002808288330326,-0.006785,0.0205796401620217,-1.4503908478347016,0.009047,1.918508195465376,1.2171233995528434,0.0029057054054054
