rms,media,desvio_padrao,minimo,skewness,kurtosis,pico_a_pico,crest_factor,shape_factor,mean_abs
0.0029806683972885,-0.0010300702702702,0.0027970232985979,-0.005277,0.0006556549501207,-1.470303802196632,0.008293,1.77040827647933,1.1512745183360449,0.0025890162162162
