rms,media,desvio_padrao,minimo,skewness,kurtosis,pico_a_pico,crest_factor,shape_factor,mean_abs
0.0029790377126252,-0.0011624824324324,0.0027428635196686,-0.005277,-0.1008922953597774,-1.471510736061209,0.008293,1.7713773738533047,1.174706299083439,0.0025359851351351
