rms,media,desvio_padrao,minimo,skewness,kurtosis,pico_a_pico,crest_factor,shape_factor,mean_abs
0.0028265148734315,-4.992702702702704e-05,0.002826073888224,-0.004524,-0.0175819845105613,-1.4774347865891189,0.009048,1.6005576487583164,1.118110908869927,0.0025279378378378
