rms,media,desvio_padrao,minimo,skewness,kurtosis,pico_a_pico,crest_factor,shape_factor,mean_abs
0.0031278887685863,-0.0014090054054054,0.0027925601007296,-0.006031,-0.0654790101221026,-1.4743953836428365,0.009047,1.9281376181179573,1.1894604445084576,0.0026296702702702
