rms,media,desvio_padrao,minimo,skewness,kurtosis,pico_a_pico,crest_factor,shape_factor,mean_abs
0.0029563841163223,-0.0009424675675675,0.0028021352442961,-0.005277,0.040995606325853,-1.4612397958195051,0.009047,1.7849507345359354,1.1418840570588913,0.0025890405405405
