rms,media,desvio_padrao,minimo,skewness,kurtosis,pico_a_pico,crest_factor,shape_factor,mean_abs
0.0032971191842068,-0.0017411256756756,0.0027999064799324,-0.006031,-0.0016234899718178,-1.4607085792088392,0.008293,1.8291725785614277,1.1963557214209115,0.0027559689189189
