rms,media,desvio_padrao,minimo,skewness,kurtosis,pico_a_pico,crest_factor,shape_factor,mean_abs
0.0027657934231354,-0.000276127027027,0.0027519751315018,-0.004524,-0.072534692031968,-1.460730759418818,0.008294,1.6356969982491714,1.1230613026870089,0.002462727027027
