rms,media,desvio_padrao,minimo,skewness,kurtosis,pico_a_pico,crest_factor,shape_factor,mean_abs
0.0027937077087916,1.5283783783783775e-05,0.0027936659013052,-0.004524,-0.0077407370576628,-1.4933537799775634,0.009048,1.619353372496032,1.1168371290690555,0.0025014459459459
