rms,media,desvio_padrao,minimo,skewness,kurtosis,pico_a_pico,crest_factor,shape_factor,mean_abs
0.0028341127180563,-0.0004860229729729,0.0027921276060365,-0.005277,-0.0684669741651494,-1.473666691027525,0.009047,1.8619584063752512,1.1311473914959054,0.0025055202702702
