rms,media,desvio_padrao,minimo,skewness,kurtosis,pico_a_pico,crest_factor,shape_factor,mean_abs
0.0031766517516642,-0.0014192081081081,0.0028420001226656,-0.006031,0.0026096953787826,-1.4223564962902466,0.009801,1.898539868854184,1.1778759131904226,0.0026969324324324
