rms,media,desvio_padrao,minimo,skewness,kurtosis,pico_a_pico,crest_factor,shape_factor,mean_abs
0.0029482526097236,-0.0010317422402159,0.0027618293575991,-0.006031,0.0138032240397235,-1.4582970578483203,0.009047,2.045618472484056,1.1507045603036523,0.0025621282051282
