rms,media,desvio_padrao,minimo,skewness,kurtosis,pico_a_pico,crest_factor,shape_factor,mean_abs
0.0031254058620765,-0.001218527027027,0.0028780815984101,-0.006031,0.0357975103571875,-1.3730586999608625,0.009801,1.9296693825207296,1.1619274578854988,0.0026898459459459
