rms,media,desvio_padrao,minimo,skewness,kurtosis,pico_a_pico,crest_factor,shape_factor,mean_abs
0.0027987905534645,0.000187481081081,0.0027925041461739,-0.004524,-0.0783907300444665,-1.4719122291054256,0.009048,1.616412487315254,1.1165949675248192,0.0025065405405405
