rms,media,desvio_padrao,minimo,skewness,kurtosis,pico_a_pico,crest_factor,shape_factor,mean_abs
0.0035864535765511,-0.0019581324324324,0.0030047240528562,-0.008293,-0.0135612030496791,-1.1479892113647252,0.012063,2.312312099680026,1.215516455719288,0.0029505594594594
