rms,media,desvio_padrao,minimo,skewness,kurtosis,pico_a_pico,crest_factor,shape_factor,mean_abs
0.0030182414136515,-0.0011237662162162,0.0028012373555934,-0.006031,-0.0549298952413309,-1.4655227116811271,0.009047,1.998183436461303,1.162148055775918,0.0025971229729729
