rms,media,desvio_padrao,minimo,skewness,kurtosis,pico_a_pico,crest_factor,shape_factor,mean_abs
0.0031838496265675,-0.0015129202702702,0.0028014229777739,-0.006031,-0.0697276981078289,-1.4592305677344208,0.009047,1.894247752681031,1.193179531651278,0.0026683743243243
