rms,media,desvio_padrao,minimo,skewness,kurtosis,pico_a_pico,crest_factor,shape_factor,mean_abs
0.0029801935364779,0.0008650283783783,0.0028518904992066,-0.00377,-0.0524421869518152,-1.44949275958984,0.009047,1.7706903714167788,1.1367648927786058,0.0026216445945945
