rms,media,desvio_padrao,minimo,skewness,kurtosis,pico_a_pico,crest_factor,shape_factor,mean_abs
0.0030067049437746,-0.0009312297297297,0.0028588609286543,-0.006031,0.053812255974189,-1.3536322350346697,0.010555,2.005850295516067,1.1464442398007164,0.0026226351351351
