rms,media,desvio_padrao,minimo,skewness,kurtosis,pico_a_pico,crest_factor,shape_factor,mean_abs
0.0028171219451869,8.151351351351378e-06,0.0028171101521817,-0.004524,-0.0165909213558959,-1.4968645645904188,0.009048,1.605894273667921,1.1121539184090656,0.0025330324324324
