rms,media,desvio_padrao,minimo,skewness,kurtosis,pico_a_pico,crest_factor,shape_factor,mean_abs
0.0029719492543228,0.0006368,0.0029029240655363,-0.004524,-0.0654398132247221,-1.3865707738700424,0.010555,2.029307866285928,1.13273561713066,0.0026236918918918
