rms,media,desvio_padrao,minimo,skewness,kurtosis,pico_a_pico,crest_factor,shape_factor,mean_abs
0.0033930500405384,-0.001960580296896,0.002769280317523,-0.006785,-0.0157669713779225,-1.457521547822239,0.009047,1.99967578401034,1.214870624817704,0.002792931174089
