rms,media,desvio_padrao,minimo,skewness,kurtosis,pico_a_pico,crest_factor,shape_factor,mean_abs
0.0030446852293703,-0.0012449945945945,0.0027785061823534,-0.005277,-0.0617423066105074,-1.486183342087942,0.008293,1.733184090458937,1.172800515191325,0.002596081081081
