rms,media,desvio_padrao,minimo,skewness,kurtosis,pico_a_pico,crest_factor,shape_factor,mean_abs
0.003242974545491,-0.0017360378378378,0.002739170773847,-0.006031,-0.0759701961213416,-1.4424141737163314,0.008293,1.8597124076676463,1.215813144263803,0.0026673297297297
