rms,media,desvio_padrao,minimo,skewness,kurtosis,pico_a_pico,crest_factor,shape_factor,mean_abs
0.0039935354087338,-0.0027629878378378,0.0028834394858867,-0.007539,0.0664989979337944,-1.3340993186633008,0.009801,1.8878009654083157,1.2334086133882982,0.003237804054054
