rms,media,desvio_padrao,minimo,skewness,kurtosis,pico_a_pico,crest_factor,shape_factor,mean_abs
0.0030223470511007,-0.0011319378378378,0.0028023737132238,-0.005277,0.0098143339851505,-1.4470864622148074,0.009047,1.7459940605027893,1.1573629727642756,0.0026114081081081
