rms,media,desvio_padrao,minimo,skewness,kurtosis,pico_a_pico,crest_factor,shape_factor,mean_abs
0.0038794950982785,-0.0027110445945945,0.0027750170132247,-0.006785,-0.0623739216046801,-1.4578495987043243,0.008293,1.748938928421549,1.2612890761744966,0.0030758175675675
