rms,media,desvio_padrao,minimo,skewness,kurtosis,pico_a_pico,crest_factor,shape_factor,mean_abs
0.0036668849988231,-0.0023085945945945,0.0028489360456849,-0.006785,0.0535946506072353,-1.400833285636476,0.009801,1.850344366452041,1.2208717491182195,0.0030034972972972
