rms,media,desvio_padrao,minimo,skewness,kurtosis,pico_a_pico,crest_factor,shape_factor,mean_abs
0.0028649854827234,-0.0007601135135135,0.0027623123036308,-0.004524,0.0177236803832238,-1.5012803076937111,0.008294,1.5790655929256112,1.1319603324488212,0.0025309945945945
