rms,media,desvio_padrao,minimo,skewness,kurtosis,pico_a_pico,crest_factor,shape_factor,mean_abs
0.0030791798225712,-0.0012521256756756,0.0028130996555478,-0.006031,-0.0618191576746568,-1.435809399744525,0.009047,1.9586384516393427,1.1782269190987529,0.0026134013513513
