rms,media,desvio_padrao,minimo,skewness,kurtosis,pico_a_pico,crest_factor,shape_factor,mean_abs
0.0033183168847125,-0.001824245614035,0.0027718865213139,-0.006031,-0.0348813156202334,-1.4535562583370707,0.008293,1.8174876630332528,1.2110490480888674,0.0027400350877192
