rms,media,desvio_padrao,minimo,skewness,kurtosis,pico_a_pico,crest_factor,shape_factor,mean_abs
0.002940300688797,-0.0010494216216216,0.0027466493042639,-0.005277,-0.041022947847398,-1.457085960655852,0.008293,1.7947144045865968,1.1580176429596971,0.002539081081081
