rms,media,desvio_padrao,minimo,skewness,kurtosis,pico_a_pico,crest_factor,shape_factor,mean_abs
0.003769438104947,-0.0024970783783783,0.0028236967257944,-0.007539,0.0038029080055882,-1.4119406628806148,0.009801,2.000032840466509,1.2353263521221916,0.0030513702702702
