rms,media,desvio_padrao,minimo,skewness,kurtosis,pico_a_pico,crest_factor,shape_factor,mean_abs
0.0028841935211714,-0.0006113324324324,0.0028186601293209,-0.005277,-0.0458049795923555,-1.456607112739278,0.009047,1.8296275757032483,1.1340792922665606,0.0025432027027027
