rms,media,desvio_padrao,minimo,skewness,kurtosis,pico_a_pico,crest_factor,shape_factor,mean_abs
0.0027757752664309,-2.751081081081082e-05,0.0027756389327537,-0.00377,0.018965487961766,-1.4996407053480318,0.00754,1.35817911687333,1.1160326393381916,0.002487181081081
