rms,media,desvio_padrao,minimo,skewness,kurtosis,pico_a_pico,crest_factor,shape_factor,mean_abs
0.0030947443543722,0.0013040945945945,0.0028065601556474,-0.003016,-0.0219076595596289,-1.458127226913524,0.008293,1.7051489220893676,1.163762899730907,0.0026592567567567
