rms,media,desvio_padrao,minimo,skewness,kurtosis,pico_a_pico,crest_factor,shape_factor,mean_abs
0.0037347465600181,-0.002457354054054,0.0028124265182563,-0.006785,-0.0743047175359243,-1.432271003832747,0.008293,1.816723006759256,1.2528172982992036,0.0029810783783783
