rms,media,desvio_padrao,minimo,skewness,kurtosis,pico_a_pico,crest_factor,shape_factor,mean_abs
0.0033704926482477,-0.0018786702702702,0.0027983600031973,-0.006031,-0.0146927821185692,-1.4500499068483912,0.008293,1.7893526642567987,1.209125414829332,0.0027875459459459
