rms,media,desvio_padrao,minimo,skewness,kurtosis,pico_a_pico,crest_factor,shape_factor,mean_abs
0.0029804629501634,-0.0011410891891891,0.0027533751759636,-0.005277,-0.0945877921586278,-1.4754360421425283,0.008293,1.7705303129872905,1.1700950504799592,0.0025471972972972
