rms,media,desvio_padrao,minimo,skewness,kurtosis,pico_a_pico,crest_factor,shape_factor,mean_abs
0.0027858592327798,2.4454054054054056e-05,0.0027857519028271,-0.004524,-0.0453984462551985,-1.4766916707237323,0.009048,1.6239155039738749,1.1159724096016383,0.0024963513513513
