rms,media,desvio_padrao,minimo,skewness,kurtosis,pico_a_pico,crest_factor,shape_factor,mean_abs
0.0030627086009485,-0.0012399202702702,0.0028004966876783,-0.005277,0.0129699887117149,-1.4614070373403003,0.008293,1.7229846804118532,1.1619481998409344,0.0026358391891891
