rms,media,desvio_padrao,minimo,skewness,kurtosis,pico_a_pico,crest_factor,shape_factor,mean_abs
0.0045827385387849,-0.0036504013513513,0.0027705707875665,-0.008293,-0.0725900362920439,-1.4649573948121786,0.009047,1.809616658208645,1.251912358957319,0.0036605905405405
