rms,media,desvio_padrao,minimo,skewness,kurtosis,pico_a_pico,crest_factor,shape_factor,mean_abs
0.0032364805906282,-0.0016412918918918,0.002789438570595,-0.006031,-0.0100230814084272,-1.4655127590462471,0.008293,1.8634438956512496,1.1910779086050782,0.0027172702702702
