rms,media,desvio_padrao,minimo,skewness,kurtosis,pico_a_pico,crest_factor,shape_factor,mean_abs
0.0030130593902525,-0.0010738621621621,0.0028151992728518,-0.005277,-0.0088076134213708,-1.4660595872462054,0.008293,1.7513760323050434,1.1515586339045691,0.0026165054054054
