rms,media,desvio_padrao,minimo,skewness,kurtosis,pico_a_pico,crest_factor,shape_factor,mean_abs
0.0030741794143513,-0.0012786121621621,0.0027956627139897,-0.005277,-0.0447653565494848,-1.483665444585745,0.008293,1.7165556360715664,1.1717475347690622,0.0026235851351351
