rms,media,desvio_padrao,minimo,skewness,kurtosis,pico_a_pico,crest_factor,shape_factor,mean_abs
0.0293607795597905,0.0292327139283783,0.0027393088070181,0.024879338,0.033016759519006,-1.4773242040998005,0.0082931119999999,1.1298218404742058,1.0043809011960347,0.0292327139283783
