rms,media,desvio_padrao,minimo,skewness,kurtosis,pico_a_pico,crest_factor,shape_factor,mean_abs
0.0255309032136748,0.0253785557418918,0.00278494656353,0.021109741,-0.058549860027785,-1.448282617637101,0.008293115,1.1516574934274662,1.0060030000655815,0.0253785557418918
