rms,media,desvio_padrao,minimo,skewness,kurtosis,pico_a_pico,crest_factor,shape_factor,mean_abs
0.0243066759433679,0.0241549651256756,0.0027114857907233,0.020355823,-0.0261494376183333,-1.4691787703587516,0.007539194,1.147627798428403,1.0062807301481478,0.0241549651256756
