rms,media,desvio_padrao,minimo,skewness,kurtosis,pico_a_pico,crest_factor,shape_factor,mean_abs
0.0293029596504037,0.0291715853256756,0.0027716518287863,0.024879338,0.0133623530341326,-1.4580790808388768,0.0090470319999999,1.157779637441248,1.004503503092527,0.0291715853256756
