rms,media,desvio_padrao,minimo,skewness,kurtosis,pico_a_pico,crest_factor,shape_factor,mean_abs
0.0257706095640293,0.0256291831608108,0.0026961616812155,0.021863662,-0.0017919565639191,-1.4671088700086927,0.007539194,1.1409453054242262,1.0055181783333165,0.0256291831608108
