rms,media,desvio_padrao,minimo,skewness,kurtosis,pico_a_pico,crest_factor,shape_factor,mean_abs
0.0212918871562033,0.0211168737175675,0.0027243536974482,0.016586225,-0.0278134622046225,-1.483023905010576,0.008293113,1.1684890971607227,1.0082878479540347,0.0211168737175675
