rms,media,desvio_padrao,minimo,skewness,kurtosis,pico_a_pico,crest_factor,shape_factor,mean_abs
0.0274442824238803,0.0273061441702702,0.002750114236559,0.0233715,0.0314536413428035,-1.46849274593197,0.008293114,1.1537781717494402,1.0050588707343202,0.0273061441702702
