rms,media,desvio_padrao,minimo,skewness,kurtosis,pico_a_pico,crest_factor,shape_factor,mean_abs
0.0366668978427622,0.0365574581511471,0.0028308392640159,0.031664614,-0.0436717366519257,-1.323386815039657,0.009800952,1.1308719428028986,1.0029936351472442,0.0365574581511471
