rms,media,desvio_padrao,minimo,skewness,kurtosis,pico_a_pico,crest_factor,shape_factor,mean_abs
0.0244164762653676,0.0242660153554054,0.0027064389866555,0.020355823,-0.0198438650202443,-1.4619681479714493,0.008293112,1.173344371588775,1.0062004786430123,0.0242660153554054
