rms,media,desvio_padrao,minimo,skewness,kurtosis,pico_a_pico,crest_factor,shape_factor,mean_abs
0.0220469986955678,0.0218809811594594,0.0027005212426031,0.017340146,-0.0079952312816724,-1.447270026496616,0.009047031,1.1968602785514135,1.007587298526448,0.0218809811594594
