rms,media,desvio_padrao,minimo,skewness,kurtosis,pico_a_pico,crest_factor,shape_factor,mean_abs
0.0387846918930064,0.0386828799433198,0.0028084024864932,0.03392637,-0.0797864879942757,-1.3939306567987348,0.009800953,1.127437678778746,1.0026319640584092,0.0386828799433198
