rms,media,desvio_padrao,minimo,skewness,kurtosis,pico_a_pico,crest_factor,shape_factor,mean_abs
0.0220386879921548,0.0218758871256756,0.0026738232701968,0.018094065,0.0077462174190224,-1.46274292157,0.0075391939999999,1.1631027676931025,1.0074420235185826,0.0218758871256756
