rms,media,desvio_padrao,minimo,skewness,kurtosis,pico_a_pico,crest_factor,shape_factor,mean_abs
0.0251236110277974,0.0249730692391891,0.0027462053547993,0.020355823,-0.0242486177230766,-1.4809207492971812,0.009047033,1.1703276239815952,1.0060281652674086,0.0249730692391891
