rms,media,desvio_padrao,minimo,skewness,kurtosis,pico_a_pico,crest_factor,shape_factor,mean_abs
0.0218333570923206,0.0216721250797297,0.0026484856898499,0.017340146,0.0145671844278224,-1.4643981262072827,0.0082931129999999,1.174041119357491,1.0074396032690751,0.0216721250797297
