rms,media,desvio_padrao,minimo,skewness,kurtosis,pico_a_pico,crest_factor,shape_factor,mean_abs
0.0286597520411953,0.0285297351378378,0.0027268296660447,0.02412542,-0.0257104330069088,-1.4363845777779896,0.0090470299999999,1.157457676267336,1.0045572418646491,0.0285297351378378
