rms,media,desvio_padrao,minimo,skewness,kurtosis,pico_a_pico,crest_factor,shape_factor,mean_abs
0.0250866365644577,0.0249414861716216,0.0026947359180443,0.021109741,-0.0057931956674248,-1.4569267347053725,0.008293115,1.1720525357973788,1.005819636882798,0.0249414861716216
