rms,media,desvio_padrao,minimo,skewness,kurtosis,pico_a_pico,crest_factor,shape_factor,mean_abs
0.0228447550608222,0.022678709231081,0.0027493601803042,0.018094065,0.020600403519126,-1.4883001627770498,0.009047033,1.1880669294872743,1.0073216613895128,0.022678709231081
