rms,media,desvio_padrao,minimo,skewness,kurtosis,pico_a_pico,crest_factor,shape_factor,mean_abs
0.0305470174916714,0.0304162203346828,0.0028237949976063,0.025633259,-0.0383240425741752,-1.3812365422186048,0.009800951,1.1599891874766832,1.0043002436052006,0.0304162203346828
