rms,media,desvio_padrao,minimo,skewness,kurtosis,pico_a_pico,crest_factor,shape_factor,mean_abs
0.0231630123205513,0.0230077849716216,0.002677119807113,0.018847983,-0.0311956472118887,-1.46185778678344,0.008293115,1.171743019620944,1.0067467315572192,0.0230077849716216
