rms,media,desvio_padrao,minimo,skewness,kurtosis,pico_a_pico,crest_factor,shape_factor,mean_abs
0.0234247463661784,0.0232736944986486,0.0026559154172077,0.019601904,0.0211780741775017,-1.4699759783844468,0.0075391939999999,1.1586506669368837,1.006490240195366,0.0232736944986486
