rms,media,desvio_padrao,minimo,skewness,kurtosis,pico_a_pico,crest_factor,shape_factor,mean_abs
0.0220126901966877,0.0218483792418918,0.0026845584735338,0.018094065,0.0247608546579576,-1.4732121442260164,0.0075391939999999,1.1644764347729284,1.007520510010228,0.0218483792418918
