rms,media,desvio_padrao,minimo,skewness,kurtosis,pico_a_pico,crest_factor,shape_factor,mean_abs
0.0295055885449009,0.0293794225405405,0.0027256717640557,0.024879338,-0.0573422442671918,-1.439745122477302,0.0090470319999999,1.149828614615552,1.0042943663779078,0.0293794225405405
