rms,media,desvio_padrao,minimo,skewness,kurtosis,pico_a_pico,crest_factor,shape_factor,mean_abs
0.0219198871403165,0.0217546487391891,0.0026863935822418,0.017340146,0.003917026356196,-1.4679191389049435,0.0082931129999999,1.1694065227577537,1.00759554443321,0.0217546487391891
