rms,media,desvio_padrao,minimo,skewness,kurtosis,pico_a_pico,crest_factor,shape_factor,mean_abs
0.0263152535296214,0.0261742463486486,0.0027205507546278,0.021863662,-0.0042015938003591,-1.466982193176595,0.008293112,1.145980750900021,1.0053872489428932,0.0261742463486486
