rms,media,desvio_padrao,minimo,skewness,kurtosis,pico_a_pico,crest_factor,shape_factor,mean_abs
0.0333343841318043,0.0332172193522267,0.0027924011088563,0.028648935,-0.0607584041576027,-1.4575952191139538,0.0090470319999999,1.1308433613457491,1.0035272302095857,0.0332172193522267
