rms,media,desvio_padrao,minimo,skewness,kurtosis,pico_a_pico,crest_factor,shape_factor,mean_abs
0.0283205657068683,0.0281792645391891,0.0028255073858407,0.02261758,0.0090317426201924,-1.3745638219103398,0.0105548699999999,1.1713201757108611,1.0050143667689633,0.0281792645391891
