rms,media,desvio_padrao,minimo,skewness,kurtosis,pico_a_pico,crest_factor,shape_factor,mean_abs
0.0282185808751196,0.0280784022824324,0.0028092048468495,0.0233715,0.0371662308028478,-1.3601237166266948,0.00980095,1.175553446390642,1.0049923991855816,0.0280784022824324
