rms,media,desvio_padrao,minimo,skewness,kurtosis,pico_a_pico,crest_factor,shape_factor,mean_abs
0.0360090523854794,0.035900195394062,0.0027978249352609,0.030910693,-0.0708957683023065,-1.4170794514612897,0.0098009519999999,1.1305947339068785,1.0030322116696724,0.035900195394062
