rms,media,desvio_padrao,minimo,skewness,kurtosis,pico_a_pico,crest_factor,shape_factor,mean_abs
0.0222877816964948,0.0221173450594594,0.0027510471590678,0.018094065,0.0177359193100048,-1.4724292470410254,0.008293112,1.1839301622444482,1.0077060170005578,0.0221173450594594
