rms,media,desvio_padrao,minimo,skewness,kurtosis,pico_a_pico,crest_factor,shape_factor,mean_abs
0.0252732020221849,0.0251248719743243,0.0027341449720131,0.021109741,-0.0740826994179847,-1.4669467528040576,0.008293115,1.1634005051750085,1.0059037135796034,0.0251248719743243
