rms,media,desvio_padrao,minimo,skewness,kurtosis,pico_a_pico,crest_factor,shape_factor,mean_abs
0.0219048492569094,0.0217363101459459,0.0027120549786411,0.017340146,-0.0875225908595847,-1.4446831608545774,0.0082931129999999,1.17020933124726,1.007753805030929,0.0217363101459459
