rms,media,desvio_padrao,minimo,skewness,kurtosis,pico_a_pico,crest_factor,shape_factor,mean_abs
0.029026438046177,0.0288893750256756,0.0028174662862974,0.02412542,-0.0203363721270729,-1.4353246042874457,0.0090470299999999,1.1428357122988078,1.004744409333175,0.0288893750256756
