rms,media,desvio_padrao,minimo,skewness,kurtosis,pico_a_pico,crest_factor,shape_factor,mean_abs
0.0248725766933816,0.0247204044243243,0.002747121487302,0.020355823,-0.0106177917707254,-1.4660821629247751,0.008293112,1.1518281902664005,1.0061557354178057,0.0247204044243243
