rms,media,desvio_padrao,minimo,skewness,kurtosis,pico_a_pico,crest_factor,shape_factor,mean_abs
0.0282931546770561,0.0281514101497975,0.0028285523077536,0.02261758,-0.0810327489636682,-1.3632902784356231,0.0098009539999999,1.1458083896982068,1.005035077337311,0.0281514101497975
