rms,media,desvio_padrao,minimo,skewness,kurtosis,pico_a_pico,crest_factor,shape_factor,mean_abs
0.0303645958639388,0.0302392979324324,0.002755638316964,0.025633259,-0.0255777555603447,-1.4164486821050937,0.009047033,1.1421292137527337,1.0041435463146795,0.0302392979324324
