rms,media,desvio_padrao,minimo,skewness,kurtosis,pico_a_pico,crest_factor,shape_factor,mean_abs
0.037172134091285,0.0370651582132253,0.0028180843722378,0.032418534,-0.0440707822663002,-1.3689794128089658,0.009047032,1.1155013564239105,1.0028861573298655,0.0370651582132253
