rms,media,desvio_padrao,minimo,skewness,kurtosis,pico_a_pico,crest_factor,shape_factor,mean_abs
0.0249586486832419,0.0248120973081081,0.0027007353195879,0.020355823,0.0002760002132614,-1.467047483941607,0.008293112,1.1478560143056071,1.0059064485083231,0.0248120973081081
