rms,media,desvio_padrao,minimo,skewness,kurtosis,pico_a_pico,crest_factor,shape_factor,mean_abs
0.0303180157242334,0.0301740941743243,0.0029506131928593,0.02412542,-0.0529063896528334,-1.2696795047807414,0.0113087899999999,1.168750960560954,1.0047697057309388,0.0301740941743243
