rms,media,desvio_padrao,minimo,skewness,kurtosis,pico_a_pico,crest_factor,shape_factor,mean_abs
0.034184102117796,0.034062891804054,0.0028761501256394,0.028648935,-0.0824580753777592,-1.3709576280663265,0.010554873,1.1468432859493105,1.0035584269955486,0.034062891804054
