rms,media,desvio_padrao,minimo,skewness,kurtosis,pico_a_pico,crest_factor,shape_factor,mean_abs
0.0253225407748969,0.0251758125527027,0.0027220458496312,0.021109741,0.0174822134048555,-1.436081824582332,0.008293115,1.1611337211923072,1.0058281424636073,0.0251758125527027
