rms,media,desvio_padrao,minimo,skewness,kurtosis,pico_a_pico,crest_factor,shape_factor,mean_abs
0.0268706277967215,0.0267345917513513,0.0027004151678068,0.02261758,-0.0687178718281375,-1.4468395359254551,0.0082931129999999,1.150352467900708,1.0050883906002912,0.0267345917513513
