rms,media,desvio_padrao,minimo,skewness,kurtosis,pico_a_pico,crest_factor,shape_factor,mean_abs
0.0234794420073674,0.0233307478364864,0.0026382574490769,0.019601904,-0.0513290156746126,-1.467114145167118,0.0075391939999999,1.1559515763400017,1.0063733135312696,0.0233307478364864
