rms,media,desvio_padrao,minimo,skewness,kurtosis,pico_a_pico,crest_factor,shape_factor,mean_abs
0.0223425276350757,0.0221835677094594,0.0026604256809671,0.018094065,-0.0429162059288166,-1.4692661950974353,0.008293112,1.1810291758831513,1.0071656609837591,0.0221835677094594
