rms,media,desvio_padrao,minimo,skewness,kurtosis,pico_a_pico,crest_factor,shape_factor,mean_abs
0.0291549972776461,0.029017745054054,0.0028256571337439,0.02412542,-0.0328150890686183,-1.3688784979801818,0.0098009499999999,1.1636553993442538,1.004729941052844,0.029017745054054
