rms,media,desvio_padrao,minimo,skewness,kurtosis,pico_a_pico,crest_factor,shape_factor,mean_abs
0.0217452289305559,0.021570244131081,0.0027530981398873,0.017340146,0.0341219701588462,-1.4581001086864658,0.0082931129999999,1.178799224503938,1.008112323551441,0.021570244131081
