rms,media,desvio_padrao,minimo,skewness,kurtosis,pico_a_pico,crest_factor,shape_factor,mean_abs
0.0220389319212996,0.0218758870905405,0.002675833371793,0.018094065,0.006617832876452,-1.4761014510778745,0.0075391939999999,1.1630898943531205,1.0074531757310812,0.0218758870905405
