rms,media,desvio_padrao,minimo,skewness,kurtosis,pico_a_pico,crest_factor,shape_factor,mean_abs
0.0337142626533956,0.0335865480121457,0.0029317740175489,0.027895017,-0.0524262530840054,-1.246730917734423,0.0113087909999999,1.162825608943029,1.003802553367607,0.0335865480121457
