rms,media,desvio_padrao,minimo,skewness,kurtosis,pico_a_pico,crest_factor,shape_factor,mean_abs
0.0347573467833978,0.0346354631121621,0.0029082383718385,0.029402856,0.0195410937381055,-1.2615659169621567,0.0105548689999999,1.1496195394029936,1.0035190426309886,0.0346354631121621
