rms,media,desvio_padrao,minimo,skewness,kurtosis,pico_a_pico,crest_factor,shape_factor,mean_abs
0.0251554172668503,0.0250056711837837,0.0027406981807262,0.020355823,-0.0325139666944285,-1.464778528209738,0.009047033,1.1688478743203727,1.0059884848507346,0.0250056711837837
