rms,media,desvio_padrao,minimo,skewness,kurtosis,pico_a_pico,crest_factor,shape_factor,mean_abs
0.0286232127781107,0.0284798134054054,0.0028615621842434,0.02261758,-0.1066136321655064,-1.298431475341312,0.0105548699999999,1.1589352410281577,1.005035123322757,0.0284798134054054
