rms,media,desvio_padrao,minimo,skewness,kurtosis,pico_a_pico,crest_factor,shape_factor,mean_abs
0.0224353113719971,0.0222722041608108,0.0027003922266266,0.018094065,-0.0475733206954378,-1.471190762697956,0.008293112,1.1761448977675175,1.007323352911488,0.0222722041608108
