rms,media,desvio_padrao,minimo,skewness,kurtosis,pico_a_pico,crest_factor,shape_factor,mean_abs
0.0272791202475657,0.027123777227027,0.0029070793624809,0.021863662,-0.0520720266629551,-1.2543898285740842,0.010554872,1.188401008016116,1.0057271898098303,0.027123777227027
