rms,media,desvio_padrao,minimo,skewness,kurtosis,pico_a_pico,crest_factor,shape_factor,mean_abs
0.0217145294111197,0.0215447738283783,0.0027098908152186,0.017340146,-0.0515923942012434,-1.4608539027997056,0.0082931129999999,1.180465784668284,1.0078792000367982,0.0215447738283783
