rms,media,desvio_padrao,minimo,skewness,kurtosis,pico_a_pico,crest_factor,shape_factor,mean_abs
0.0214718790982122,0.0212992406472973,0.0027173405853451,0.017340146,-0.0593620770159677,-1.488150620213785,0.0082931129999999,1.193806041974882,1.0081053805520004,0.0212992406472973
