rms,media,desvio_padrao,minimo,skewness,kurtosis,pico_a_pico,crest_factor,shape_factor,mean_abs
0.0222783885932143,0.0221183638689189,0.002665441440431,0.018094065,-0.0484469833615384,-1.4838973489898957,0.008293112,1.1844293356134872,1.0072349259304996,0.0221183638689189
