rms,media,desvio_padrao,minimo,skewness,kurtosis,pico_a_pico,crest_factor,shape_factor,mean_abs
0.0226286490024762,0.0224667967513513,0.0027016290290743,0.018094065,0.0124581584222107,-1.4874011051974705,0.008293112,1.166095996146852,1.0072040644207614,0.0224667967513513
