rms,media,desvio_padrao,minimo,skewness,kurtosis,pico_a_pico,crest_factor,shape_factor,mean_abs
0.0298943844882322,0.02975536325,0.0028796843213817,0.024879338,-0.0138392831330261,-1.4179720447360784,0.009800954,1.160093863569985,1.0046721405167949,0.02975536325
