rms,media,desvio_padrao,minimo,skewness,kurtosis,pico_a_pico,crest_factor,shape_factor,mean_abs
0.0279326594790604,0.0277992483108108,0.0027267671200574,0.0233715,-0.0136690856193173,-1.4392497079958564,0.0090470339999999,1.160596040785246,1.0047990926502042,0.0277992483108108
