rms,media,desvio_padrao,minimo,skewness,kurtosis,pico_a_pico,crest_factor,shape_factor,mean_abs
0.0276214700275028,0.0274799028933873,0.002792945300259,0.02261758,-0.0066588520342255,-1.4076957479775098,0.0098009539999999,1.1736715666371391,1.0051516606395852,0.0274799028933873
