rms,media,desvio_padrao,minimo,skewness,kurtosis,pico_a_pico,crest_factor,shape_factor,mean_abs
0.0298812778389005,0.0297390623405405,0.0029118613275722,0.02412542,-0.0070932264579497,-1.2512481670330822,0.0113087899999999,1.185833155832127,1.0047821110407409,0.0297390623405405
