rms,media,desvio_padrao,minimo,skewness,kurtosis,pico_a_pico,crest_factor,shape_factor,mean_abs
0.0320141012767354,0.0318907890945945,0.0028071785623931,0.027141098,0.0117663344487944,-1.4041943579248928,0.0098009519999999,1.1539305658049408,1.0038667021306709,0.0318907890945945
