rms,media,desvio_padrao,minimo,skewness,kurtosis,pico_a_pico,crest_factor,shape_factor,mean_abs
0.0262586401246137,0.0261182118486486,0.0027120455422217,0.021863662,-0.0475229623546038,-1.4515337433878064,0.008293112,1.1484514756623785,1.0053766420449786,0.0261182118486486
