rms,media,desvio_padrao,minimo,skewness,kurtosis,pico_a_pico,crest_factor,shape_factor,mean_abs
0.025381938321281,0.0252359223324324,0.002718642487852,0.021109741,0.0073989004419619,-1.448308339220196,0.008293115,1.1584164939581332,1.0057860373369822,0.0252359223324324
