rms,media,desvio_padrao,minimo,skewness,kurtosis,pico_a_pico,crest_factor,shape_factor,mean_abs
0.0278982198149432,0.0277617324628879,0.0027562437305007,0.0233715,0.0176493481143524,-1.4306774363810026,0.0090470339999999,1.1620287679658858,1.004916384531756,0.0277617324628879
