rms,media,desvio_padrao,minimo,skewness,kurtosis,pico_a_pico,crest_factor,shape_factor,mean_abs
0.0285973859856736,0.0284573996081081,0.0028261091199827,0.0233715,-0.028913619446806,-1.3485384104317637,0.00980095,1.159981895429825,1.004919155632394,0.0284573996081081
