rms,media,desvio_padrao,minimo,skewness,kurtosis,pico_a_pico,crest_factor,shape_factor,mean_abs
0.0375473328974107,0.0374416091889338,0.0028156898004086,0.032418534,0.0200305379911564,-1.3698273156899885,0.009800948,1.124433581350633,1.0028236956361407,0.0374416091889338
