rms,media,desvio_padrao,minimo,skewness,kurtosis,pico_a_pico,crest_factor,shape_factor,mean_abs
0.0226017666481991,0.0224494770418918,0.0026193197905595,0.018094065,-0.0574063791225376,-1.485000484731975,0.008293112,1.167482941078079,1.0067836594154551,0.0224494770418918
