rms,media,desvio_padrao,minimo,skewness,kurtosis,pico_a_pico,crest_factor,shape_factor,mean_abs
0.0328654074835564,0.032743094491228,0.0028328028873751,0.028648935,0.0298923449522235,-1.4486347461883171,0.0090470319999999,1.1469800585573258,1.0037355355145554,0.032743094491228
