rms,media,desvio_padrao,minimo,skewness,kurtosis,pico_a_pico,crest_factor,shape_factor,mean_abs
0.0342616215505207,0.034140032662618,0.0028839003218695,0.028648935,-0.0778718412361408,-1.2498973305646215,0.010554873,1.1442484688645482,1.0035614754415807,0.034140032662618
