rms,media,desvio_padrao,minimo,skewness,kurtosis,pico_a_pico,crest_factor,shape_factor,mean_abs
0.0242796900056031,0.0241274572378378,0.0027146185744025,0.019601904,-0.0133367941139894,-1.4567912144709112,0.009047031,1.1799547273210058,1.00630952388661,0.0241274572378378
