rms,media,desvio_padrao,minimo,skewness,kurtosis,pico_a_pico,crest_factor,shape_factor,mean_abs
0.035130232950814,0.0350185356067567,0.0027991840126669,0.030156774,-0.0533595300986138,-1.423247372371134,0.0090470339999999,1.1159563916040458,1.0031896634774111,0.0350185356067567
