rms,media,desvio_padrao,minimo,skewness,kurtosis,pico_a_pico,crest_factor,shape_factor,mean_abs
0.03729468208084,0.0371882678326585,0.0028153236256928,0.032418534,0.014915999188377,-1.38085297826683,0.009800948,1.1320509961308944,1.0028615005318433,0.0371882678326585
