rms,media,desvio_padrao,minimo,skewness,kurtosis,pico_a_pico,crest_factor,shape_factor,mean_abs
0.0228198102878339,0.0226512013743243,0.0027689019254097,0.018094065,-0.0234643956389808,-1.4687225610735146,0.009047033,1.1893656282703602,1.0074437073214446,0.0226512013743243
