rms,media,desvio_padrao,minimo,skewness,kurtosis,pico_a_pico,crest_factor,shape_factor,mean_abs
0.0309952885842009,0.0308740168797297,0.0027391597485472,0.026387177,-0.0058237951280901,-1.4663117404608503,0.009047033,1.143212779056417,1.0039279535586068,0.0308740168797297
