rms,media,desvio_padrao,minimo,skewness,kurtosis,pico_a_pico,crest_factor,shape_factor,mean_abs
0.0303898685482293,0.0302647681027027,0.0027546183162625,0.025633259,-0.0428469923607402,-1.4563329001995202,0.009047033,1.1411794014495864,1.0041335339197754,0.0302647681027027
