rms,media,desvio_padrao,minimo,skewness,kurtosis,pico_a_pico,crest_factor,shape_factor,mean_abs
0.0257448896585675,0.0256016752864864,0.0027117459425847,0.021109741,0.0030332710214245,-1.478370829054629,0.008293115,1.1420851434962411,1.0055939453367195,0.0256016752864864
