rms,media,desvio_padrao,minimo,skewness,kurtosis,pico_a_pico,crest_factor,shape_factor,mean_abs
0.0310553989139788,0.0309229196135135,0.0028654570809105,0.025633259,-0.0845945342015785,-1.3829339906813702,0.009800951,1.1409999948205505,1.0042841782768617,0.0309229196135135
