rms,media,desvio_padrao,minimo,skewness,kurtosis,pico_a_pico,crest_factor,shape_factor,mean_abs
0.0253418249842405,0.0251982263445945,0.0026939715325995,0.021109741,-0.0515378004584138,-1.4489947230638671,0.008293115,1.160250140559527,1.005698759812781,0.0251982263445945
