rms,media,desvio_padrao,minimo,skewness,kurtosis,pico_a_pico,crest_factor,shape_factor,mean_abs
0.0290097887250102,0.0288832622716216,0.0027064741673345,0.02412542,0.0080089074610691,-1.457621813811656,0.0090470299999999,1.1434916094856291,1.0043806150496,0.0288832622716216
