rms,media,desvio_padrao,minimo,skewness,kurtosis,pico_a_pico,crest_factor,shape_factor,mean_abs
0.0249721398600265,0.0248273794729729,0.0026849576707511,0.020355823,-0.026988365504214,-1.4564795472798726,0.008293112,1.1472358860947678,1.0058306752515356,0.0248273794729729
