rms,media,desvio_padrao,minimo,skewness,kurtosis,pico_a_pico,crest_factor,shape_factor,mean_abs
0.0278943555425988,0.0277625711135135,0.0027082681373937,0.0233715,-0.0564746756855788,-1.451645828192754,0.008293114,1.1351620564111389,1.004746838055688,0.0277625711135135
