rms,media,desvio_padrao,minimo,skewness,kurtosis,pico_a_pico,crest_factor,shape_factor,mean_abs
0.025442495395622,0.0252797311527027,0.0028732846714729,0.020355823,-0.0061761769034986,-1.3284013859791388,0.01055487,1.2149237926291965,1.006438527448578,0.0252797311527027
