rms,media,desvio_padrao,minimo,skewness,kurtosis,pico_a_pico,crest_factor,shape_factor,mean_abs
0.0251023539566593,0.0249588059581081,0.0026807050025915,0.021109741,-0.0211851874919596,-1.4645994942995877,0.0075391939999999,1.1412847994042314,1.0057513968734,0.0249588059581081
