rms,media,desvio_padrao,minimo,skewness,kurtosis,pico_a_pico,crest_factor,shape_factor,mean_abs
0.0270120806244884,0.0268762063391891,0.0027059254382171,0.02261758,-0.0220235005310995,-1.4460814081432265,0.0082931129999999,1.1443284739783124,1.0050555604308309,0.0268762063391891
