rms,media,desvio_padrao,minimo,skewness,kurtosis,pico_a_pico,crest_factor,shape_factor,mean_abs
0.0411247385632654,0.0410270503495276,0.0028328892520272,0.03618813,-0.0698666968947404,-1.4508674211065606,0.00904703,1.099950092823355,1.0023810684147532,0.0410270503495276
