rms,media,desvio_padrao,minimo,skewness,kurtosis,pico_a_pico,crest_factor,shape_factor,mean_abs
0.0220578658779491,0.0218891316621621,0.0027231162601188,0.017340146,-0.0379167005740799,-1.477741767392654,0.009047031,1.196270625000888,1.007708584259588,0.0218891316621621
