rms,media,desvio_padrao,minimo,skewness,kurtosis,pico_a_pico,crest_factor,shape_factor,mean_abs
0.0315924259362685,0.0314537196243243,0.0029571774267045,0.025633259,-0.0494665069315819,-1.24153064562313,0.0113087909999999,1.1693324873032294,1.0044098540204764,0.0314537196243243
