rms,media,desvio_padrao,minimo,skewness,kurtosis,pico_a_pico,crest_factor,shape_factor,mean_abs
0.0238671700171477,0.023711782827027,0.0027190365557198,0.019601904,-0.0205851449486779,-1.462427032470372,0.008293113,1.168760979201071,1.00655316351597,0.023711782827027
