rms,media,desvio_padrao,minimo,skewness,kurtosis,pico_a_pico,crest_factor,shape_factor,mean_abs
0.0256618140910767,0.0255140575905405,0.0027498304877876,0.021109741,-0.0026395779796652,-1.4521990572202967,0.009047033,1.1751614244016462,1.005791180019559,0.0255140575905405
