rms,media,desvio_padrao,minimo,skewness,kurtosis,pico_a_pico,crest_factor,shape_factor,mean_abs
0.0225858735027601,0.022432157281081,0.0026305895916172,0.018094065,-0.0815912317868296,-1.4668497270848144,0.008293112,1.1683044712339896,1.0068524939332844,0.022432157281081
