rms,media,desvio_padrao,minimo,skewness,kurtosis,pico_a_pico,crest_factor,shape_factor,mean_abs
0.0373731372565024,0.0372605058502024,0.0028993261597144,0.032418534,-0.0560148140251049,-1.2996893831992988,0.009800948,1.1296745496701464,1.0030228093722842,0.0372605058502024
