rms,media,desvio_padrao,minimo,skewness,kurtosis,pico_a_pico,crest_factor,shape_factor,mean_abs
0.0217838023832666,0.0216232221878378,0.0026401341800394,0.017340146,0.0266228233393685,-1.4752699652067869,0.0082931129999999,1.176711877431017,1.00742628429907,0.0216232221878378
