rms,media,desvio_padrao,minimo,skewness,kurtosis,pico_a_pico,crest_factor,shape_factor,mean_abs
0.0360872309225756,0.0359775204075573,0.0028118074228323,0.031664614,-0.0406856635084819,-1.439462685496774,0.0090470309999999,1.1281454397913189,1.0030494184639602,0.0359775204075573
