rms,media,desvio_padrao,minimo,skewness,kurtosis,pico_a_pico,crest_factor,shape_factor,mean_abs
0.0229631529890216,0.0228121734283783,0.002628904462091,0.018847983,0.017729628339202,-1.4842836385395315,0.008293115,1.1819412609834432,1.0066183768555552,0.0228121734283783
