rms,media,desvio_padrao,minimo,skewness,kurtosis,pico_a_pico,crest_factor,shape_factor,mean_abs
0.0298271452362743,0.0297003474905405,0.0027473536151991,0.025633259,4.881424100568846e-05,-1.447780937374766,0.0082931109999999,1.1374326886215156,1.0042692344180222,0.0297003474905405
