rms,media,desvio_padrao,minimo,skewness,kurtosis,pico_a_pico,crest_factor,shape_factor,mean_abs
0.0370235051586671,0.0369175971364864,0.0027983845164553,0.032418534,0.035958140714383,-1.30797910256527,0.009800948,1.1403426504072236,1.002868768023799,0.0369175971364864
