rms,media,desvio_padrao,minimo,skewness,kurtosis,pico_a_pico,crest_factor,shape_factor,mean_abs
0.0370183603984604,0.0369115254709851,0.0028103903634759,0.032418534,-0.0124612857273639,-1.3930193335094323,0.009047032,1.1201351316933128,1.002894351455598,0.0369115254709851
