rms,media,desvio_padrao,minimo,skewness,kurtosis,pico_a_pico,crest_factor,shape_factor,mean_abs
0.0308612590518947,0.0307306078218623,0.0028367328332164,0.026387177,-0.0331850695288488,-1.3775853492324577,0.0098009529999999,1.1726070520696468,1.0042515016556053,0.0307306078218623
