rms,media,desvio_padrao,minimo,skewness,kurtosis,pico_a_pico,crest_factor,shape_factor,mean_abs
0.0262752934716813,0.0261294187486486,0.0027648730315786,0.021109741,-0.0839912798015631,-1.4071168267407124,0.0098009519999999,1.1764166605147337,1.0055827771920982,0.0261294187486486
