rms,media,desvio_padrao,minimo,skewness,kurtosis,pico_a_pico,crest_factor,shape_factor,mean_abs
0.0309995134522222,0.0308791108891891,0.0027295320052461,0.026387177,-0.0133515172527575,-1.4675604622277745,0.008293115,1.1187366554462468,1.0038991589966786,0.0308791108891891
