rms,media,desvio_padrao,minimo,skewness,kurtosis,pico_a_pico,crest_factor,shape_factor,mean_abs
0.0209613658885912,0.0207888170108108,0.0026840169907097,0.016586225,-0.0467797359253307,-1.4843444043766565,0.008293113,1.186913969835393,1.0083000816107373,0.0207888170108108
