rms,media,desvio_padrao,minimo,skewness,kurtosis,pico_a_pico,crest_factor,shape_factor,mean_abs
0.0276751470428379,0.027535376477027,0.0027779139855458,0.02261758,0.0335879792964378,-1.4080927957295677,0.0098009539999999,1.1713951853560085,1.0050760361285629,0.027535376477027
