rms,media,desvio_padrao,minimo,skewness,kurtosis,pico_a_pico,crest_factor,shape_factor,mean_abs
0.0300692718313261,0.0299295798689189,0.0028950573977364,0.02412542,-0.024485470879518,-1.3082830640803895,0.010554872,1.153346585661914,1.004667354604343,0.0299295798689189
