rms,media,desvio_padrao,minimo,skewness,kurtosis,pico_a_pico,crest_factor,shape_factor,mean_abs
0.0232512009767423,0.0231045719121621,0.0026071255467642,0.018847983,-0.0745864514332319,-1.476818329242084,0.008293115,1.167298757046943,1.0063463225000495,0.0231045719121621
