rms,media,desvio_padrao,minimo,skewness,kurtosis,pico_a_pico,crest_factor,shape_factor,mean_abs
0.0283748180371292,0.0282378921268556,0.0027841959112568,0.0233715,0.0008944381070981,-1.423188520191308,0.00980095,1.1690806248199712,1.004849013150786,0.0282378921268556
