rms,media,desvio_padrao,minimo,skewness,kurtosis,pico_a_pico,crest_factor,shape_factor,mean_abs
0.0242503303621651,0.0240938365608108,0.0027505567536566,0.019601904,-0.0242336217530263,-1.4817410512645408,0.009047031,1.1813832872436834,1.0064951798340371,0.0240938365608108
