rms,media,desvio_padrao,minimo,skewness,kurtosis,pico_a_pico,crest_factor,shape_factor,mean_abs
0.0245107321303085,0.0243577082648648,0.0027346000891309,0.019601904,-0.0630682541724898,-1.458001638511438,0.009047031,1.1688322832500937,1.0062823589058434,0.0243577082648648
