rms,media,desvio_padrao,minimo,skewness,kurtosis,pico_a_pico,crest_factor,shape_factor,mean_abs
0.0374718117314199,0.0373683538839406,0.0027825891611166,0.032418534,-0.0036075683253926,-1.3649488111759474,0.009800948,1.1266997790928568,1.0027685952611312,0.0373683538839406
