rms,media,desvio_padrao,minimo,skewness,kurtosis,pico_a_pico,crest_factor,shape_factor,mean_abs
0.022206144772371,0.0220490847918918,0.0026364228590011,0.018094065,-0.0160185417140225,-1.477048812624195,0.0075391939999999,1.15433179702102,1.0071231972647186,0.0220490847918918
