rms,media,desvio_padrao,minimo,skewness,kurtosis,pico_a_pico,crest_factor,shape_factor,mean_abs
0.0280748350588974,0.0279388252608108,0.0027601461247875,0.0233715,-0.0851075334939159,-1.3616198412753109,0.0090470339999999,1.1547185916494245,1.0048681287354435,0.0279388252608108
