rms,media,desvio_padrao,minimo,skewness,kurtosis,pico_a_pico,crest_factor,shape_factor,mean_abs
0.0218381059153841,0.02166601225,0.0027361986686617,0.017340146,-0.0819936768338813,-1.4423854449919349,0.0082931129999999,1.1737858172920703,1.0079430244660812,0.02166601225
