rms,media,desvio_padrao,minimo,skewness,kurtosis,pico_a_pico,crest_factor,shape_factor,mean_abs
0.0279511322072898,0.0278155492513513,0.0027497293530531,0.0233715,-0.0465636633849408,-1.4565050121092509,0.008293114,1.1328562208203383,1.0048743583926136,0.0278155492513513
