rms,media,desvio_padrao,minimo,skewness,kurtosis,pico_a_pico,crest_factor,shape_factor,mean_abs
0.0313836917920201,0.0312642210864864,0.002735797936947,0.027141098,-0.0694606146822372,-1.4577426794111734,0.008293112,1.1290644273090211,1.0038213235891316,0.0312642210864864
