rms,media,desvio_padrao,minimo,skewness,kurtosis,pico_a_pico,crest_factor,shape_factor,mean_abs
0.0307293188444295,0.0306044459203778,0.0027674765670697,0.026387177,0.0116546311361929,-1.4357679417688811,0.009047033,1.153107564127583,1.0040802216899,0.0306044459203778
