rms,media,desvio_padrao,minimo,skewness,kurtosis,pico_a_pico,crest_factor,shape_factor,mean_abs
0.0245469313078347,0.0243943853972973,0.002732361198613,0.020355823,-0.0490518841245154,-1.4461272965770189,0.008293112,1.1671086149516374,1.0062533205101512,0.0243943853972973
