rms,media,desvio_padrao,minimo,skewness,kurtosis,pico_a_pico,crest_factor,shape_factor,mean_abs
0.0266727331227764,0.026531848581081,0.0027378281738339,0.021863662,-0.0711719502200588,-1.4579047137366647,0.009047031,1.1588873497783667,1.0053100160459902,0.026531848581081
