rms,media,desvio_padrao,minimo,skewness,kurtosis,pico_a_pico,crest_factor,shape_factor,mean_abs
0.0212549867395866,0.0210740836959459,0.0027672111730533,0.016586225,-0.011839538562859,-1.4616916197447918,0.0090470339999999,1.2059880024417484,1.008584147536414,0.0210740836959459
