rms,media,desvio_padrao,minimo,skewness,kurtosis,pico_a_pico,crest_factor,shape_factor,mean_abs
0.0311796697274325,0.0310400827175675,0.0029470441459771,0.025633259,0.0624710210662742,-1.1653992344999016,0.0113087909999999,1.184812101056271,1.004496992199895,0.0310400827175675
