rms,media,desvio_padrao,minimo,skewness,kurtosis,pico_a_pico,crest_factor,shape_factor,mean_abs
0.0258234299337399,0.0256740107054054,0.0027739336404293,0.021109741,0.0332578068793683,-1.3976151129338088,0.009047033,1.167806680885495,1.0058198631312052,0.0256740107054054
