rms,media,desvio_padrao,minimo,skewness,kurtosis,pico_a_pico,crest_factor,shape_factor,mean_abs
0.0242355658424202,0.0240877236729729,0.0026728673661037,0.020355823,-0.0243623976394934,-1.4614345017994623,0.007539194,1.1509950781167468,1.006137656320473,0.0240877236729729
