rms,media,desvio_padrao,minimo,skewness,kurtosis,pico_a_pico,crest_factor,shape_factor,mean_abs
0.0250773116990405,0.0249262040432432,0.0027488022928973,0.020355823,-0.0062211525873572,-1.4489617993401571,0.009047033,1.1724883573196168,1.0060622008684157,0.0249262040432432
