rms,media,desvio_padrao,minimo,skewness,kurtosis,pico_a_pico,crest_factor,shape_factor,mean_abs
0.0237740620090613,0.0236149958959459,0.0027455406107271,0.019601904,-0.0308050863067537,-1.4610685972407256,0.008293113,1.1733382788926825,1.0067358094753152,0.0236149958959459
