rms,media,desvio_padrao,minimo,skewness,kurtosis,pico_a_pico,crest_factor,shape_factor,mean_abs
0.0244476472043436,0.0242812974648648,0.0028471120896091,0.018847983,-0.0792867691634426,-1.2323443873536977,0.010554873,1.202686530701243,1.0068509411294635,0.0242812974648648
