rms,media,desvio_padrao,minimo,skewness,kurtosis,pico_a_pico,crest_factor,shape_factor,mean_abs
0.0238962772716888,0.023746422381081,0.0026719826991816,0.019601904,-0.041980032214181,-1.4659785005965422,0.008293113,1.167337350619405,1.0063106302163307,0.023746422381081
