rms,media,desvio_padrao,minimo,skewness,kurtosis,pico_a_pico,crest_factor,shape_factor,mean_abs
0.022824572748644,0.0226461074824324,0.0028486728580627,0.017340146,-0.0333169774652329,-1.3090548471387082,0.010554871,1.2221484847578206,1.0078806155252102,0.0226461074824324
