rms,media,desvio_padrao,minimo,skewness,kurtosis,pico_a_pico,crest_factor,shape_factor,mean_abs
0.0221623111637844,0.0219981443324324,0.002692523361064,0.018094065,-0.0796390346260984,-1.4691624566695094,0.0075391939999999,1.1566148859911072,1.0074627581704694,0.0219981443324324
