rms,media,desvio_padrao,minimo,skewness,kurtosis,pico_a_pico,crest_factor,shape_factor,mean_abs
0.022839021714086,0.0226838033135135,0.0026581911312633,0.018847983,-0.008577300320708,-1.4781963257535755,0.007539194,1.1553549591717238,1.006842697339033,0.0226838033135135
