rms,media,desvio_padrao,minimo,skewness,kurtosis,pico_a_pico,crest_factor,shape_factor,mean_abs
0.0295054713270992,0.0293763660445945,0.0027571645305031,0.024879338,0.0346396698155658,-1.4267902291379642,0.0090470319999999,1.1498331825948631,1.004394869069532,0.0293763660445945
