rms,media,desvio_padrao,minimo,skewness,kurtosis,pico_a_pico,crest_factor,shape_factor,mean_abs
0.0278966272750478,0.0277534019121621,0.0028232066210136,0.0233715,0.0128785428604269,-1.4544680301325834,0.0090470339999999,1.1620951049160273,1.0051606416877814,0.0277534019121621
