rms,media,desvio_padrao,minimo,skewness,kurtosis,pico_a_pico,crest_factor,shape_factor,mean_abs
0.0312602934590702,0.0311358510445945,0.0027865259510738,0.026387177,0.0120732385169162,-1.461381656468544,0.009047033,1.133521348620567,1.0039967564816978,0.0311358510445945
