rms,media,desvio_padrao,minimo,skewness,kurtosis,pico_a_pico,crest_factor,shape_factor,mean_abs
0.0331264811877576,0.0330012920256756,0.002877234873787,0.027141098,-0.0153655658288755,-1.3670624839330314,0.0105548689999999,1.137940573474827,1.003793462449427,0.0330012920256756
