rms,media,desvio_padrao,minimo,skewness,kurtosis,pico_a_pico,crest_factor,shape_factor,mean_abs
0.026558436862994,0.0264187606864864,0.0027202302100735,0.021863662,-0.0641062418677942,-1.4570985501865572,0.009047031,1.163874709925805,1.0052870071448508,0.0264187606864864
