rms,media,desvio_padrao,minimo,skewness,kurtosis,pico_a_pico,crest_factor,shape_factor,mean_abs
0.0240558173375351,0.0239033190878378,0.0027043824363178,0.019601904,-0.0340864237561421,-1.4662192598012531,0.008293113,1.1595954778254154,1.0063797939163568,0.0239033190878378
