rms,media,desvio_padrao,minimo,skewness,kurtosis,pico_a_pico,crest_factor,shape_factor,mean_abs
0.0349578465857551,0.034847375431081,0.0027769521923281,0.029402856,-0.0948682354757979,-1.316611207858431,0.0105548689999999,1.1430259270112562,1.003170142752716,0.034847375431081
