rms,media,desvio_padrao,minimo,skewness,kurtosis,pico_a_pico,crest_factor,shape_factor,mean_abs
0.0381014732375148,0.037995094,0.0028451880078874,0.03317245,0.0401101822784549,-1.3597164321267683,0.010554873,1.1476543893044504,1.0027998150896766,0.037995094
