rms,media,desvio_padrao,minimo,skewness,kurtosis,pico_a_pico,crest_factor,shape_factor,mean_abs
0.0224993102884272,0.0223414832054054,0.0026602803682163,0.018094065,-0.0382785421168371,-1.4887175322606796,0.008293112,1.172799373035559,1.007064306410224,0.0223414832054054
