rms,media,desvio_padrao,minimo,skewness,kurtosis,pico_a_pico,crest_factor,shape_factor,mean_abs
0.0251927329138505,0.0250484612094594,0.0026922820630118,0.021109741,-0.0275059219274036,-1.4680564656982424,0.008293115,1.1671165689147902,1.005759703288146,0.0250484612094594
