rms,media,desvio_padrao,minimo,skewness,kurtosis,pico_a_pico,crest_factor,shape_factor,mean_abs
0.028244950348211,0.0281137650040485,0.0027190876172056,0.02412542,0.0504150710614776,-1.3979383090468671,0.0090470299999999,1.1744559502155765,1.0046662317958333,0.0281137650040485
