rms,media,desvio_padrao,minimo,skewness,kurtosis,pico_a_pico,crest_factor,shape_factor,mean_abs
0.0280816824280946,0.0279418184480431,0.0027992266447987,0.0233715,-0.021626633191122,-1.3933321105411804,0.00980095,1.181284279705844,1.005005543225882,0.0279418184480431
