rms,media,desvio_padrao,minimo,skewness,kurtosis,pico_a_pico,crest_factor,shape_factor,mean_abs
0.0253474013502983,0.0252063768432432,0.0026700789594166,0.021109741,-0.0540832491870194,-1.4618046976833998,0.008293115,1.1599948883775364,1.0055947948383128,0.0252063768432432
