rms,media,desvio_padrao,minimo,skewness,kurtosis,pico_a_pico,crest_factor,shape_factor,mean_abs
0.0255426036701146,0.0253887438621621,0.0027993369482928,0.020355823,-0.0483101522302542,-1.4234211155862613,0.009800951,1.1806460449168703,1.0060601583437057,0.0253887438621621
