rms,media,desvio_padrao,minimo,skewness,kurtosis,pico_a_pico,crest_factor,shape_factor,mean_abs
0.0282512935858612,0.0281059101635135,0.0028624121218004,0.02261758,-0.0504953081755307,-1.3666110859550424,0.0105548699999999,1.174192250672785,1.0051726993184669,0.0281059101635135
