rms,media,desvio_padrao,minimo,skewness,kurtosis,pico_a_pico,crest_factor,shape_factor,mean_abs
0.0215768115096923,0.0213960276594594,0.0027872558763839,0.017340146,0.037258969010216,-1.4542254719092402,0.0082931129999999,1.1880003210152486,1.0084494118773,0.0213960276594594
