rms,media,desvio_padrao,minimo,skewness,kurtosis,pico_a_pico,crest_factor,shape_factor,mean_abs
0.0245965869333263,0.0244341189297297,0.0028223963039418,0.019601904,-0.0181496852565307,-1.3930463047549169,0.009800952,1.1954039021634149,1.0066492270117813,0.0244341189297297
