rms,media,desvio_padrao,minimo,skewness,kurtosis,pico_a_pico,crest_factor,shape_factor,mean_abs
0.029048128980847,0.028919939427027,0.0027259678694024,0.024879338,-0.0330291933927762,-1.4618627986383843,0.0082931119999999,1.1419823294599218,1.0044325664700475,0.028919939427027
