rms,media,desvio_padrao,minimo,skewness,kurtosis,pico_a_pico,crest_factor,shape_factor,mean_abs
0.0344220687251649,0.0343043497716216,0.0028443632092649,0.028648935,-0.0910903410494806,-1.314050498809496,0.010554873,1.1389149302156645,1.003431604281294,0.0343043497716216
