rms,media,desvio_padrao,minimo,skewness,kurtosis,pico_a_pico,crest_factor,shape_factor,mean_abs
0.0258913361230293,0.0257432897229729,0.0027648364282101,0.021109741,0.0297123100413759,-1.391904498374375,0.009047033,1.16474383000948,1.0057508733984477,0.0257432897229729
