rms,media,desvio_padrao,minimo,skewness,kurtosis,pico_a_pico,crest_factor,shape_factor,mean_abs
0.0302198108640298,0.0300966644554054,0.0027253912226458,0.025633259,-0.046309834669487,-1.4487639319739667,0.009047033,1.1476012260976576,1.0040916962345428,0.0300966644554054
