rms,media,desvio_padrao,minimo,skewness,kurtosis,pico_a_pico,crest_factor,shape_factor,mean_abs
0.0215665032499359,0.021395008804054,0.0027143435125179,0.017340146,-0.018580435418487,-1.4673224385850363,0.0082931129999999,1.1885681560396724,1.008015628666132,0.021395008804054
