rms,media,desvio_padrao,minimo,skewness,kurtosis,pico_a_pico,crest_factor,shape_factor,mean_abs
0.0259393215020377,0.0257921926851351,0.0027588396979419,0.021109741,0.0030458953542281,-1.4255312909610662,0.009047033,1.1625891601532798,1.0057043935232162,0.0257921926851351
