rms,media,desvio_padrao,minimo,skewness,kurtosis,pico_a_pico,crest_factor,shape_factor,mean_abs
0.0252126191309289,0.0250617057432432,0.0027544634106067,0.020355823,-0.0883928035521009,-1.4436642178197825,0.009047033,1.166196016657818,1.006021672636004,0.0250617057432432
