rms,media,desvio_padrao,minimo,skewness,kurtosis,pico_a_pico,crest_factor,shape_factor,mean_abs
0.0255886316054037,0.0254457973324324,0.0026999010266749,0.021109741,0.0083318048856211,-1.476935570492975,0.008293115,1.1490593343721751,1.0056132755875264,0.0254457973324324
