rms,media,desvio_padrao,minimo,skewness,kurtosis,pico_a_pico,crest_factor,shape_factor,mean_abs
0.0277127283409564,0.0275822416702702,0.0026861229574345,0.0233715,-0.0660737221046604,-1.45030528698227,0.008293114,1.142601825790032,1.0047308218181128,0.0275822416702702
