rms,media,desvio_padrao,minimo,skewness,kurtosis,pico_a_pico,crest_factor,shape_factor,mean_abs
0.022303112419801,0.0221377212837837,0.0027111104683858,0.018094065,-0.0325601774177209,-1.4688503966972375,0.008293112,1.1831163518044698,1.0074710099516175,0.0221377212837837
