rms,media,desvio_padrao,minimo,skewness,kurtosis,pico_a_pico,crest_factor,shape_factor,mean_abs
0.0345728391279354,0.0344520772743243,0.0028871399082986,0.028648935,-0.1208583842814806,-1.223513022583122,0.010554873,1.1339481798103943,1.003505212549292,0.0344520772743243
