rms,media,desvio_padrao,minimo,skewness,kurtosis,pico_a_pico,crest_factor,shape_factor,mean_abs
0.0240980395168512,0.0239450902635135,0.0027107491267014,0.019601904,-0.0044902443988757,-1.4325821108521872,0.009047031,1.18884919995116,1.0063874995522886,0.0239450902635135
