rms,media,desvio_padrao,minimo,skewness,kurtosis,pico_a_pico,crest_factor,shape_factor,mean_abs
0.030153857834901,0.0300253478702702,0.0027809400562897,0.025633259,-0.0690033191340154,-1.4088933035047868,0.009047033,1.1501112789574794,1.004280049150004,0.0300253478702702
