rms,media,desvio_padrao,minimo,skewness,kurtosis,pico_a_pico,crest_factor,shape_factor,mean_abs
0.0362633097126772,0.0361545540634278,0.0028063948033426,0.031664614,-0.0853944608732807,-1.3721517646269463,0.0090470309999999,1.1226676583733797,1.0030080760796731,0.0361545540634278
