rms,media,desvio_padrao,minimo,skewness,kurtosis,pico_a_pico,crest_factor,shape_factor,mean_abs
0.023500140737258,0.0233429735986486,0.0027133371046977,0.018847983,-0.0197504780872296,-1.479199690650557,0.008293115,1.1549334237377304,1.006732952763933,0.0233429735986486
