rms,media,desvio_padrao,minimo,skewness,kurtosis,pico_a_pico,crest_factor,shape_factor,mean_abs
0.0219937173866964,0.0218290218608108,0.0026865236060974,0.017340146,-0.0207909487626563,-1.47244083686535,0.0082931129999999,1.1654809666466384,1.0075447964153332,0.0218290218608108
