rms,media,desvio_padrao,minimo,skewness,kurtosis,pico_a_pico,crest_factor,shape_factor,mean_abs
0.0226137768460299,0.0224484582554054,0.0027294001533967,0.018094065,-0.0819223031180671,-1.4544186755941149,0.008293112,1.166862889806595,1.0073643627880218,0.0224484582554054
