rms,media,desvio_padrao,minimo,skewness,kurtosis,pico_a_pico,crest_factor,shape_factor,mean_abs
0.029836568897664,0.0297044227513513,0.0028050156138694,0.024879338,-0.0702432588228443,-1.4388330490151335,0.0090470319999999,1.1370734388516166,1.0044487027207638,0.0297044227513513
