rms,media,desvio_padrao,minimo,skewness,kurtosis,pico_a_pico,crest_factor,shape_factor,mean_abs
0.0319478492540821,0.0318245664891891,0.0028039329051768,0.026387177,-0.0317165447969994,-1.2850351721789823,0.0105548729999999,1.156323535465528,1.0038738238566371,0.0318245664891891
