rms,media,desvio_padrao,minimo,skewness,kurtosis,pico_a_pico,crest_factor,shape_factor,mean_abs
0.0255443327509817,0.0254040260635135,0.0026736483420979,0.021109741,-0.0067728861089255,-1.4647263368316152,0.008293115,1.1510520273374532,1.00552300990077,0.0254040260635135
