rms,media,desvio_padrao,minimo,skewness,kurtosis,pico_a_pico,crest_factor,shape_factor,mean_abs
0.0270930855021885,0.0269556735297297,0.0027252424823361,0.02261758,-0.0227822277937748,-1.4349282935348828,0.0090470339999999,1.1687341405777545,1.0050977013172129,0.0269556735297297
