rms,media,desvio_padrao,minimo,skewness,kurtosis,pico_a_pico,crest_factor,shape_factor,mean_abs
0.0288370528750658,0.0287049704662162,0.0027568621751908,0.02412542,-0.0715492259305522,-1.4287214532115893,0.0090470299999999,1.1503411996959918,1.0046013776257003,0.0287049704662162
