rms,media,desvio_padrao,minimo,skewness,kurtosis,pico_a_pico,crest_factor,shape_factor,mean_abs
0.022960092224989,0.0227887408202702,0.0027998440682559,0.018094065,-0.0136332421539497,-1.419204367069809,0.009047033,1.1820988232120655,1.0075191256098854,0.0227887408202702
