rms,media,desvio_padrao,minimo,skewness,kurtosis,pico_a_pico,crest_factor,shape_factor,mean_abs
0.0225475650415423,0.02239446135,0.0026231260255538,0.018094065,-0.0763345599615924,-1.49029916934348,0.008293112,1.1702894282102505,1.0068366766741783,0.02239446135
