rms,media,desvio_padrao,minimo,skewness,kurtosis,pico_a_pico,crest_factor,shape_factor,mean_abs
0.0230550549263612,0.0229079415864864,0.0026003403484266,0.018847983,0.0087592829844624,-1.4929504461701122,0.008293115,1.1772298130145324,1.006421936223267,0.0229079415864864
