rms,media,desvio_padrao,minimo,skewness,kurtosis,pico_a_pico,crest_factor,shape_factor,mean_abs
0.027602627570849,0.027456928131081,0.0028323393899113,0.02261758,0.0137869676356313,-1.271002794480527,0.0105548699999999,1.201785950082275,1.0053064727078125,0.027456928131081
