rms,media,desvio_padrao,minimo,skewness,kurtosis,pico_a_pico,crest_factor,shape_factor,mean_abs
0.0222924164837175,0.0221367024581081,0.0026302541635198,0.018094065,-0.0423179379968131,-1.4715515928568397,0.008293112,1.1836840128692752,1.0070342014988072,0.0221367024581081
