rms,media,desvio_padrao,minimo,skewness,kurtosis,pico_a_pico,crest_factor,shape_factor,mean_abs
0.0244217135182774,0.0242731470337837,0.0026896885033643,0.020355823,-0.045183364006772,-1.4615640966129213,0.008293112,1.1730927470981438,1.0061206107426828,0.0242731470337837
