rms,media,desvio_padrao,minimo,skewness,kurtosis,pico_a_pico,crest_factor,shape_factor,mean_abs
0.0216787205453098,0.0215009650878378,0.0027704556977542,0.017340146,0.0319363423447418,-1.4480744452041605,0.0082931129999999,1.1824156756126305,1.0082673245943083,0.0215009650878378
