rms,media,desvio_padrao,minimo,skewness,kurtosis,pico_a_pico,crest_factor,shape_factor,mean_abs
0.0225057274964961,0.0223475960878378,0.0026632159584604,0.018094065,-0.0995474799605226,-1.4562144040166445,0.008293112,1.172464964934287,1.0070759918890957,0.0223475960878378
