rms,media,desvio_padrao,minimo,skewness,kurtosis,pico_a_pico,crest_factor,shape_factor,mean_abs
0.0354332251247388,0.0353172050755735,0.0028650424761781,0.030156774,-0.0228146541292309,-1.3609335635748103,0.0105548709999999,1.1489680901661945,1.0032850858078102,0.0353172050755735
