rms,media,desvio_padrao,minimo,skewness,kurtosis,pico_a_pico,crest_factor,shape_factor,mean_abs
0.0225018193279856,0.022338426754054,0.00270676249846,0.018094065,-0.0174657268006675,-1.4702212163457933,0.008293112,1.1726686013864724,1.007314417247487,0.022338426754054
