rms,media,desvio_padrao,minimo,skewness,kurtosis,pico_a_pico,crest_factor,shape_factor,mean_abs
0.0327448007167901,0.0326230371187584,0.0028212449610783,0.027141098,0.0224044637374472,-1.3383599439060103,0.0105548689999999,1.1512046546269283,1.0037324421263554,0.0326230371187584
