rms,media,desvio_padrao,minimo,skewness,kurtosis,pico_a_pico,crest_factor,shape_factor,mean_abs
0.0221075880051588,0.0219410909864864,0.0027081310397694,0.018094065,-0.0471152858711161,-1.4704386717424245,0.008293112,1.1935800953881788,1.0075883655363749,0.0219410909864864
