rms,media,desvio_padrao,minimo,skewness,kurtosis,pico_a_pico,crest_factor,shape_factor,mean_abs
0.0240619470583965,0.0238951685675675,0.0028281116259101,0.018847983,-0.0252519554280559,-1.3645659620483583,0.010554873,1.2219649527380925,1.006979590470658,0.0238951685675675
