rms,media,desvio_padrao,minimo,skewness,kurtosis,pico_a_pico,crest_factor,shape_factor,mean_abs
0.0230424746928978,0.0228845089054054,0.0026934906963381,0.018847983,-0.0420244156712885,-1.4746538391731274,0.008293115,1.1778725315630003,1.006902738797911,0.0228845089054054
