rms,media,desvio_padrao,minimo,skewness,kurtosis,pico_a_pico,crest_factor,shape_factor,mean_abs
0.0252610575445447,0.0251177403148648,0.0026870336328026,0.021109741,-0.0552934350163635,-1.4644858354659287,0.008293115,1.1639598202946064,1.005705816999591,0.0251177403148648
