rms,media,desvio_padrao,minimo,skewness,kurtosis,pico_a_pico,crest_factor,shape_factor,mean_abs
0.0227056720180507,0.0225483015729729,0.002668639721948,0.018847983,-0.0130503701075568,-1.4795951270457837,0.007539194,1.1621403224279137,1.006979259372087,0.0225483015729729
