rms,media,desvio_padrao,minimo,skewness,kurtosis,pico_a_pico,crest_factor,shape_factor,mean_abs
0.021894870891641,0.0217312160824324,0.0026720065382146,0.017340146,-0.003746783802011,-1.4692107396907566,0.0082931129999999,1.1707426422772895,1.0075308629111164,0.0217312160824324
