rms,media,desvio_padrao,minimo,skewness,kurtosis,pico_a_pico,crest_factor,shape_factor,mean_abs
0.0214482384273642,0.0212696951743243,0.0027617021614195,0.017340146,-0.0805560227474454,-1.4937588580147827,0.007539192,1.1599711596015383,1.008394255374918,0.0212696951743243
