rms,media,desvio_padrao,minimo,skewness,kurtosis,pico_a_pico,crest_factor,shape_factor,mean_abs
0.0325457409849924,0.03242566435,0.002793125081939,0.027895017,0.0449167787581946,-1.4314543083217297,0.0090470329999999,1.135080931696555,1.0037031356920358,0.03242566435
