rms,media,desvio_padrao,minimo,skewness,kurtosis,pico_a_pico,crest_factor,shape_factor,mean_abs
0.0314000120335769,0.0312805220283783,0.0027367311415105,0.027141098,0.0229864057566785,-1.4348995600036032,0.009047032,1.1524877748869315,1.0038199492032196,0.0312805220283783
