rms,media,desvio_padrao,minimo,skewness,kurtosis,pico_a_pico,crest_factor,shape_factor,mean_abs
0.0221977206400359,0.0220358402932432,0.0026759193156292,0.018094065,-0.0597467331177681,-1.4650274048507967,0.0075391939999999,1.1547698710005223,1.0073462298073736,0.0220358402932432
