rms,media,desvio_padrao,minimo,skewness,kurtosis,pico_a_pico,crest_factor,shape_factor,mean_abs
0.0278931852744713,0.02774321375,0.0028885767391222,0.02261758,-0.0339732666632743,-1.348045846483741,0.0105548699999999,1.189267187435934,1.005405701222029,0.02774321375
