rms,media,desvio_padrao,minimo,skewness,kurtosis,pico_a_pico,crest_factor,shape_factor,mean_abs
0.0223049204191188,0.0221387401121621,0.0027176572906398,0.018094065,-0.1020216017925714,-1.4717919014866816,0.008293112,1.1830204503837631,1.0075063127402366,0.0221387401121621
