rms,media,desvio_padrao,minimo,skewness,kurtosis,pico_a_pico,crest_factor,shape_factor,mean_abs
0.0226587879679288,0.0224983799,0.0026913888702368,0.018094065,-0.0338408366206142,-1.482641905854948,0.008293112,1.1645449455349626,1.0071297608379737,0.0224983799
