rms,media,desvio_padrao,minimo,skewness,kurtosis,pico_a_pico,crest_factor,shape_factor,mean_abs
0.0264545513606359,0.0263148420702702,0.0027152116877431,0.021863662,-0.0172659740672018,-1.46345789365211,0.008293112,1.139946529007215,1.0053091441701438,0.0263148420702702
