rms,media,desvio_padrao,minimo,skewness,kurtosis,pico_a_pico,crest_factor,shape_factor,mean_abs
0.0223751117805709,0.022213113181081,0.0026876067416064,0.018094065,-0.027001334833015,-1.4817113138356215,0.008293112,1.1793092816149784,1.0072929263975423,0.022213113181081
