rms,media,desvio_padrao,minimo,skewness,kurtosis,pico_a_pico,crest_factor,shape_factor,mean_abs
0.0263245921734488,0.026184434454054,0.0027128482117051,0.021863662,-0.0147260715054329,-1.4641363253006634,0.008293112,1.1455742144570165,1.005352711346153,0.026184434454054
