rms,media,desvio_padrao,minimo,skewness,kurtosis,pico_a_pico,crest_factor,shape_factor,mean_abs
0.0387543512064463,0.0386554091700404,0.0027675041697061,0.03317245,-0.0729614512793167,-1.3805819076632255,0.009800953,1.108866531427105,1.002559590973947,0.0386554091700404
