rms,media,desvio_padrao,minimo,skewness,kurtosis,pico_a_pico,crest_factor,shape_factor,mean_abs
0.0296411270877828,0.0295047360729729,0.0028402401832061,0.024879338,0.0455455518900562,-1.3794585908862038,0.009800954,1.1700058468523686,1.0046226820830562,0.0295047360729729
