rms,media,desvio_padrao,minimo,skewness,kurtosis,pico_a_pico,crest_factor,shape_factor,mean_abs
0.0377904913174679,0.0376857936585695,0.0028110834813894,0.03317245,-0.0778142187345471,-1.3947117065455923,0.009047032,1.1171985472569097,1.0027781731186816,0.0376857936585695
