rms,media,desvio_padrao,minimo,skewness,kurtosis,pico_a_pico,crest_factor,shape_factor,mean_abs
0.0243991523515135,0.0242486956081081,0.0027054383707059,0.019601904,-0.0239902571638344,-1.4526969984629083,0.009047031,1.1741774708916402,1.0062047355386463,0.0242486956081081
