rms,media,desvio_padrao,minimo,skewness,kurtosis,pico_a_pico,crest_factor,shape_factor,mean_abs
0.0218679118439536,0.0217026893959459,0.0026830656715826,0.017340146,0.0036808446736897,-1.4798377262735245,0.0082931129999999,1.1721859491164637,1.0076129941775145,0.0217026893959459
