rms,media,desvio_padrao,minimo,skewness,kurtosis,pico_a_pico,crest_factor,shape_factor,mean_abs
0.0221000646987601,0.0219359969283783,0.0026879171206641,0.018094065,-0.0309286853495743,-1.4658687934505357,0.0075391939999999,1.1598725772706922,1.0074793851821495,0.0219359969283783
