rms,media,desvio_padrao,minimo,skewness,kurtosis,pico_a_pico,crest_factor,shape_factor,mean_abs
0.0220093924847039,0.0218473604108108,0.0026657457916833,0.018094065,-0.0280547956628594,-1.464645016882537,0.0075391939999999,1.164650910642563,1.007416551512233,0.0218473604108108
