rms,media,desvio_padrao,minimo,skewness,kurtosis,pico_a_pico,crest_factor,shape_factor,mean_abs
0.0285323532480909,0.0283728383729729,0.0030128432642605,0.02261758,0.0155079759478871,-1.1272485328270787,0.012062712,1.2154725443938057,1.0056220979029702,0.0283728383729729
