rms,media,desvio_padrao,minimo,skewness,kurtosis,pico_a_pico,crest_factor,shape_factor,mean_abs
0.0314939514672399,0.031357951481081,0.0029236719944324,0.026387177,-0.0160983184146704,-1.2760426904517548,0.0105548729999999,1.1729887257376133,1.0043370175580792,0.031357951481081
