rms,media,desvio_padrao,minimo,skewness,kurtosis,pico_a_pico,crest_factor,shape_factor,mean_abs
0.0338778752923509,0.0337643805554054,0.0027707471977513,0.029402856,-0.0135045204439777,-1.4467251376291888,0.009047031,1.1349556803133192,1.0033613747706505,0.0337643805554054
