rms,media,desvio_padrao,minimo,skewness,kurtosis,pico_a_pico,crest_factor,shape_factor,mean_abs
0.0243059332939593,0.0241559839067567,0.0026957067323635,0.020355823,-0.0239542743748682,-1.4714355783005175,0.007539194,1.147662863327804,1.0062075462453284,0.0241559839067567
