rms,media,desvio_padrao,minimo,skewness,kurtosis,pico_a_pico,crest_factor,shape_factor,mean_abs
0.0285768851671563,0.0284370234364864,0.0028238385098228,0.02412542,0.0283101802955421,-1.416011684006239,0.0090470299999999,1.160814056744203,1.0049182971270618,0.0284370234364864
