rms,media,desvio_padrao,minimo,skewness,kurtosis,pico_a_pico,crest_factor,shape_factor,mean_abs
0.0223086736447378,0.0221448529459459,0.002698593668904,0.018094065,-0.0518168761429865,-1.4751789056452542,0.008293112,1.182821418261422,1.007397687362917,0.0221448529459459
