rms,media,desvio_padrao,minimo,skewness,kurtosis,pico_a_pico,crest_factor,shape_factor,mean_abs
0.0383927488982212,0.0382911675708502,0.0027909951671298,0.03317245,-0.0805827976296308,-1.3774563185434852,0.009800953,1.1193103967085547,1.0026528657603122,0.0382911675708502
