rms,media,desvio_padrao,minimo,skewness,kurtosis,pico_a_pico,crest_factor,shape_factor,mean_abs
0.0284685345586626,0.0283361612324324,0.0027421572761905,0.02412542,-0.0534697199660971,-1.447581279352836,0.0082931139999999,1.1387496582656156,1.0046715334919376,0.0283361612324324
