rms,media,desvio_padrao,minimo,skewness,kurtosis,pico_a_pico,crest_factor,shape_factor,mean_abs
0.0210667627327217,0.0208856038743243,0.0027568175205485,0.016586225,-0.0474593524252754,-1.454386679761417,0.008293113,1.180975848812138,1.00867386260352,0.0208856038743243
