rms,media,desvio_padrao,minimo,skewness,kurtosis,pico_a_pico,crest_factor,shape_factor,mean_abs
0.0325499413538439,0.0324307418690958,0.0027831032964584,0.027141098,-0.0701218004570039,-1.4115486933597858,0.0098009519999999,1.1349344565143842,1.0036755090348937,0.0324307418690958
