rms,media,desvio_padrao,minimo,skewness,kurtosis,pico_a_pico,crest_factor,shape_factor,mean_abs
0.0306288635066742,0.0305052074472973,0.0027494723689895,0.025633259,-0.0081174886188141,-1.435292108306643,0.009047033,1.132274855462494,1.0040536049325528,0.0305052074472973
