rms,media,desvio_padrao,minimo,skewness,kurtosis,pico_a_pico,crest_factor,shape_factor,mean_abs
0.0285925240354739,0.0284512867121621,0.0028384353333302,0.0233715,-0.0123596629812571,-1.3338089581073949,0.00980095,1.1601791418919127,1.004964180521627,0.0284512867121621
