rms,media,desvio_padrao,minimo,skewness,kurtosis,pico_a_pico,crest_factor,shape_factor,mean_abs
0.0219714073312353,0.0218055892324324,0.0026942565470809,0.017340146,-0.0043554408577443,-1.471173592169894,0.0082931129999999,1.166664411321474,1.0076043851434329,0.0218055892324324
