rms,media,desvio_padrao,minimo,skewness,kurtosis,pico_a_pico,crest_factor,shape_factor,mean_abs
0.0292865329628749,0.0291461150459459,0.0028644354965764,0.02412542,-0.0431477738896866,-1.4054638131666963,0.0098009499999999,1.1584290309476606,1.0048177232783064,0.0291461150459459
