rms,media,desvio_padrao,minimo,skewness,kurtosis,pico_a_pico,crest_factor,shape_factor,mean_abs
0.0209471799427494,0.0207704783743243,0.0027150645766999,0.016586225,-0.0189440340850161,-1.4591611193079137,0.008293113,1.187717777189936,1.0085073422595587,0.0207704783743243
