rms,media,desvio_padrao,minimo,skewness,kurtosis,pico_a_pico,crest_factor,shape_factor,mean_abs
0.0242430125753083,0.0240938365283783,0.0026852746731644,0.019601904,-0.02850362171052,-1.4632547197267722,0.008293113,1.1506415266397725,1.0061914609055418,0.0240938365283783
