rms,media,desvio_padrao,minimo,skewness,kurtosis,pico_a_pico,crest_factor,shape_factor,mean_abs
0.0217977433579269,0.0216344291364864,0.0026632858345273,0.017340146,0.0222770051544186,-1.47672871144596,0.0082931129999999,1.1759592990472658,1.0075488112216957,0.0216344291364864
