rms,media,desvio_padrao,minimo,skewness,kurtosis,pico_a_pico,crest_factor,shape_factor,mean_abs
0.0251533255960299,0.0250087276297297,0.0026932008617789,0.021109741,-0.0254482735429945,-1.4644921252316712,0.008293115,1.1689450720043475,1.005781900160658,0.0250087276297297
