rms,media,desvio_padrao,minimo,skewness,kurtosis,pico_a_pico,crest_factor,shape_factor,mean_abs
0.0296749117943562,0.029540394431081,0.0028223194112251,0.024879338,-0.0285258492201807,-1.3460373987001593,0.009800954,1.168673802312555,1.004553675259449,0.029540394431081
