rms,media,desvio_padrao,minimo,skewness,kurtosis,pico_a_pico,crest_factor,shape_factor,mean_abs
0.0303028743586369,0.0301771505621621,0.0027574949399653,0.024879338,-0.0437445868897562,-1.387204544653827,0.009800954,1.1444555255569464,1.0041661917753248,0.0301771505621621
