rms,media,desvio_padrao,minimo,skewness,kurtosis,pico_a_pico,crest_factor,shape_factor,mean_abs
0.0271785548142138,0.0270422723905405,0.0027183351053604,0.02261758,-0.0005843739342241,-1.450083895591887,0.0090470339999999,1.165058783163851,1.0050396069422396,0.0270422723905405
