rms,media,desvio_padrao,minimo,skewness,kurtosis,pico_a_pico,crest_factor,shape_factor,mean_abs
0.0223716958546415,0.0222141319972972,0.0026504933539322,0.018094065,-0.0757088692608523,-1.4793083983493718,0.008293112,1.1794893499110986,1.0070929558428592,0.0222141319972972
