rms,media,desvio_padrao,minimo,skewness,kurtosis,pico_a_pico,crest_factor,shape_factor,mean_abs
0.024770318895295,0.0246256551567567,0.0026731640943107,0.020355823,-0.0217984520254901,-1.459845966874944,0.008293112,1.1565832123962527,1.005874513291828,0.0246256551567567
