rms,media,desvio_padrao,minimo,skewness,kurtosis,pico_a_pico,crest_factor,shape_factor,mean_abs
0.0251682841533681,0.0250209533486486,0.0027192684217326,0.020355823,-0.0569311902223101,-1.4535938833035944,0.009047033,1.1682503193633529,1.005888297007176,0.0250209533486486
