rms,media,desvio_padrao,minimo,skewness,kurtosis,pico_a_pico,crest_factor,shape_factor,mean_abs
0.02260920792878,0.0224413265635135,0.0027501173132344,0.018094065,-0.0839070432579557,-1.448200075191234,0.008293112,1.1670986919630602,1.0074809020220514,0.0224413265635135
