rms,media,desvio_padrao,minimo,skewness,kurtosis,pico_a_pico,crest_factor,shape_factor,mean_abs
0.0234445432269249,0.0232899954486486,0.002687511696919,0.018847983,-0.0218615795441437,-1.4820434083016203,0.008293115,1.1576722880584749,1.0066358011368888,0.0232899954486486
