rms,media,desvio_padrao,minimo,skewness,kurtosis,pico_a_pico,crest_factor,shape_factor,mean_abs
0.0265979715951711,0.0264534002608108,0.0027694236979675,0.021863662,-0.0114400920555372,-1.3671665820390388,0.009047031,1.162144748121013,1.0054651323812798,0.0264534002608108
