rms,media,desvio_padrao,minimo,skewness,kurtosis,pico_a_pico,crest_factor,shape_factor,mean_abs
0.02668538652896,0.0265430555297297,0.0027524638681891,0.021863662,-0.000208729185306,-1.3869113449783963,0.009047031,1.158337840317751,1.0053622688266204,0.0265430555297297
