rms,media,desvio_padrao,minimo,skewness,kurtosis,pico_a_pico,crest_factor,shape_factor,mean_abs
0.0306081297842003,0.030483812427027,0.0027558644379369,0.026387177,0.0259259221695694,-1.4500841676526617,0.008293115,1.13304185013949,1.0040781433579191,0.030483812427027
