rms,media,desvio_padrao,minimo,skewness,kurtosis,pico_a_pico,crest_factor,shape_factor,mean_abs
0.023570064187776,0.0234153091081081,0.0026965209414413,0.018847983,-0.0283924419983527,-1.4645140026922685,0.009047034,1.1834934677211013,1.006609141009133,0.0234153091081081
