rms,media,desvio_padrao,minimo,skewness,kurtosis,pico_a_pico,crest_factor,shape_factor,mean_abs
0.0222021839582285,0.0220378779297297,0.0026960914059716,0.018094065,-0.0345423007909242,-1.4701905022757893,0.008293112,1.1884946566358114,1.0074556193215505,0.0220378779297297
