rms,media,desvio_padrao,minimo,skewness,kurtosis,pico_a_pico,crest_factor,shape_factor,mean_abs
0.0264824536031176,0.0263403123932432,0.0027401262503096,0.021863662,-0.0700279714313798,-1.4300144657674545,0.009047031,1.167214090629466,1.0053963372853116,0.0263403123932432
