rms,media,desvio_padrao,minimo,skewness,kurtosis,pico_a_pico,crest_factor,shape_factor,mean_abs
0.0306025627411963,0.0304650573603238,0.0028977795570113,0.024879338,-0.0254504108056081,-1.3287522187726977,0.010554872,1.1578837465236025,1.0045135441317603,0.0304650573603238
