rms,media,desvio_padrao,minimo,skewness,kurtosis,pico_a_pico,crest_factor,shape_factor,mean_abs
0.0256566951778398,0.0255140575013513,0.0027016434380445,0.021109741,-0.0651154835647267,-1.4303474890798158,0.008293115,1.1460110429731314,1.0055905524427458,0.0255140575013513
