rms,media,desvio_padrao,minimo,skewness,kurtosis,pico_a_pico,crest_factor,shape_factor,mean_abs
0.0246776304426024,0.024528868254054,0.0027055621295615,0.020355823,-0.0342521099182665,-1.4467997296732036,0.008293112,1.1609273048575066,1.0060647799567266,0.024528868254054
