rms,media,desvio_padrao,minimo,skewness,kurtosis,pico_a_pico,crest_factor,shape_factor,mean_abs
0.0241357806807226,0.0239817674675675,0.0027222671065604,0.019601904,0.0013003155625288,-1.4708349652304946,0.008293113,1.1557536658542766,1.006422096009535,0.0239817674675675
