rms,media,desvio_padrao,minimo,skewness,kurtosis,pico_a_pico,crest_factor,shape_factor,mean_abs
0.0237810880277745,0.0236282404175675,0.0026919142917985,0.019601904,-0.0601891808625703,-1.4543471752021118,0.008293113,1.1729916212168536,1.0064688528432852,0.0236282404175675
