rms,media,desvio_padrao,minimo,skewness,kurtosis,pico_a_pico,crest_factor,shape_factor,mean_abs
0.0314570540126206,0.0313396129743243,0.0027156777740544,0.027141098,0.0186394627511988,-1.4517602566380394,0.008293112,1.1264312921923252,1.0037473672183668,0.0313396129743243
