rms,media,desvio_padrao,minimo,skewness,kurtosis,pico_a_pico,crest_factor,shape_factor,mean_abs
0.0284656744314771,0.028336161204054,0.0027123032752101,0.02412542,-0.0870071021557432,-1.4532193448364208,0.0082931139999999,1.1388640756795758,1.0045705989068343,0.028336161204054
