rms,media,desvio_padrao,minimo,skewness,kurtosis,pico_a_pico,crest_factor,shape_factor,mean_abs
0.0306309700666317,0.0304909441972973,0.0029255169082049,0.024879338,-0.0473486868586144,-1.2295583103953245,0.0113087919999999,1.1814229167825805,1.00459237563876,0.0304909441972973
