rms,media,desvio_padrao,minimo,skewness,kurtosis,pico_a_pico,crest_factor,shape_factor,mean_abs
0.0319729875488758,0.0318530930797297,0.0027662960894751,0.027141098,0.0081515729957336,-1.4323663254991477,0.009047032,1.1318344882435711,1.0037639820047004,0.0318530930797297
