rms,media,desvio_padrao,minimo,skewness,kurtosis,pico_a_pico,crest_factor,shape_factor,mean_abs
0.0405557643785111,0.0404583042631579,0.0028099182328053,0.03618813,-0.062899470350136,-1.4459410336987732,0.008293114,1.096792149812588,1.0024089026252634,0.0404583042631579
