rms,media,desvio_padrao,minimo,skewness,kurtosis,pico_a_pico,crest_factor,shape_factor,mean_abs
0.0411837955129015,0.04108351095,0.0028723058454342,0.03618813,0.041443328213508,-1.305300969441061,0.00980095,1.1166790099662662,1.0024409930062588,0.04108351095
