rms,media,desvio_padrao,minimo,skewness,kurtosis,pico_a_pico,crest_factor,shape_factor,mean_abs
0.0272464242714802,0.0271105326243243,0.0027178403939439,0.02261758,-0.0577596220486941,-1.44697476901139,0.0090470339999999,1.1621566809830692,1.0050125037762625,0.0271105326243243
