rms,media,desvio_padrao,minimo,skewness,kurtosis,pico_a_pico,crest_factor,shape_factor,mean_abs
0.0247674194136366,0.0246185235121621,0.0027117087771554,0.020355823,-0.0345037636928259,-1.449245008442729,0.008293112,1.156718611718841,1.0060481247545523,0.0246185235121621
