rms,media,desvio_padrao,minimo,skewness,kurtosis,pico_a_pico,crest_factor,shape_factor,mean_abs
0.028979429839652,0.0288486227108108,0.0027503311656248,0.02412542,0.0361754229949191,-1.451500104866736,0.0090470299999999,1.1446895326632924,1.0045342590581363,0.0288486227108108
