rms,media,desvio_padrao,minimo,skewness,kurtosis,pico_a_pico,crest_factor,shape_factor,mean_abs
0.0307308414381463,0.0306044458758434,0.0027843326182515,0.025633259,-0.0341753206146158,-1.4593982790289783,0.009047033,1.1285174885237998,1.0041299738873113,0.0306044458758434
