rms,media,desvio_padrao,minimo,skewness,kurtosis,pico_a_pico,crest_factor,shape_factor,mean_abs
0.0294024241279733,0.0292755039391891,0.0027289949995832,0.024879338,-0.0038253391976468,-1.4521316242966715,0.0090470319999999,1.1538630234138598,1.004335371614707,0.0292755039391891
