rms,media,desvio_padrao,minimo,skewness,kurtosis,pico_a_pico,crest_factor,shape_factor,mean_abs
0.0223234222260615,0.0221682855202702,0.0026272222926117,0.018094065,-0.0180002722093449,-1.49350435165746,0.008293112,1.182039954841429,1.006998137300671,0.0221682855202702
