rms,media,desvio_padrao,minimo,skewness,kurtosis,pico_a_pico,crest_factor,shape_factor,mean_abs
0.0352593780806018,0.0351479245513513,0.0028012751316748,0.030156774,-0.0196971701562347,-1.4366392976258977,0.0098009509999999,1.1332509866923308,1.0031709846505352,0.0351479245513513
