rms,media,desvio_padrao,minimo,skewness,kurtosis,pico_a_pico,crest_factor,shape_factor,mean_abs
0.0311788568927613,0.0310523085621621,0.0028062876010058,0.026387177,-0.0539701454213509,-1.4304841412574891,0.009047033,1.1364820115719718,1.0040753276152017,0.0310523085621621
