rms,media,desvio_padrao,minimo,skewness,kurtosis,pico_a_pico,crest_factor,shape_factor,mean_abs
0.0243547557965465,0.0241997927716216,0.0027430201822055,0.019601904,-0.0428678042585381,-1.4448903095809558,0.009047031,1.176317892050569,1.0064034856160684,0.0241997927716216
