rms,media,desvio_padrao,minimo,skewness,kurtosis,pico_a_pico,crest_factor,shape_factor,mean_abs
0.0214232451055163,0.0212462625297297,0.0027480464640964,0.016586225,-0.0556260103639138,-1.485297343171626,0.0090470339999999,1.1965161614754427,1.0083300569000773,0.0212462625297297
