rms,media,desvio_padrao,minimo,skewness,kurtosis,pico_a_pico,crest_factor,shape_factor,mean_abs
0.0359611997132295,0.0358498845918918,0.0028273060610437,0.030910693,-0.093298069703658,-1.3790977968086444,0.0098009519999999,1.1320991881431255,1.0031050343008037,0.0358498845918918
