rms,media,desvio_padrao,minimo,skewness,kurtosis,pico_a_pico,crest_factor,shape_factor,mean_abs
0.0268105461616289,0.0266683691337837,0.0027574396147663,0.021109741,-0.0186717072733514,-1.4094231162907591,0.0098009519999999,1.1529303735050052,1.005331298180698,0.0266683691337837
