rms,media,desvio_padrao,minimo,skewness,kurtosis,pico_a_pico,crest_factor,shape_factor,mean_abs
0.0283104339163653,0.028174170454054,0.0027743085190366,0.0233715,-0.0480577568715673,-1.4566832417661366,0.0090470339999999,1.1451090469249163,1.004836467591248,0.028174170454054
