rms,media,desvio_padrao,minimo,skewness,kurtosis,pico_a_pico,crest_factor,shape_factor,mean_abs
0.0219813334864754,0.0218117021067567,0.0027255592178027,0.017340146,-0.0143038042101756,-1.4783727422743314,0.0082931129999999,1.166137578312594,1.0077770812607116,0.0218117021067567
