rms,media,desvio_padrao,minimo,skewness,kurtosis,pico_a_pico,crest_factor,shape_factor,mean_abs
0.0286585594139617,0.0285307539702702,0.0027035357536903,0.02412542,-0.0014136513553084,-1.4593505316230198,0.0090470299999999,1.1575058439203754,1.0044795676912237,0.0285307539702702
