rms,media,desvio_padrao,minimo,skewness,kurtosis,pico_a_pico,crest_factor,shape_factor,mean_abs
0.0302722356551397,0.0301425302658569,0.0027993071878967,0.024879338,0.0044653004298113,-1.3730331598616854,0.009800954,1.1456138355645982,1.00430306905687,0.0301425302658569
