rms,media,desvio_padrao,minimo,skewness,kurtosis,pico_a_pico,crest_factor,shape_factor,mean_abs
0.0292831232406582,0.0291481526689189,0.0028082917791733,0.024879338,0.0236535976532172,-1.4560044557047147,0.0090470319999999,1.1585639182399383,1.0046305017430224,0.0291481526689189
