rms,media,desvio_padrao,minimo,skewness,kurtosis,pico_a_pico,crest_factor,shape_factor,mean_abs
0.0246408906998409,0.0244891346581081,0.0027305270880462,0.020355823,-0.0139854988497136,-1.4474302356624598,0.008293112,1.162658255701161,1.0061968723620276,0.0244891346581081
