rms,media,desvio_padrao,minimo,skewness,kurtosis,pico_a_pico,crest_factor,shape_factor,mean_abs
0.0233364235155147,0.023185057977027,0.0026536294197508,0.018847983,-0.014729262273366,-1.4872608717662488,0.008293115,1.1630358860240833,1.006528581409533,0.023185057977027
