rms,media,desvio_padrao,minimo,skewness,kurtosis,pico_a_pico,crest_factor,shape_factor,mean_abs
0.035706335593864,0.0355888601578947,0.0028940342436556,0.030156774,-0.0617679679103749,-1.2968169132032532,0.0105548709999999,1.1401798678830584,1.0033009047058004,0.0355888601578947
