rms,media,desvio_padrao,minimo,skewness,kurtosis,pico_a_pico,crest_factor,shape_factor,mean_abs
0.0306783666504485,0.03054238234278,0.0028853182089313,0.025633259,-0.0643966537673848,-1.364953940767667,0.009800951,1.1550227039053251,1.0044523150205615,0.03054238234278
