rms,media,desvio_padrao,minimo,skewness,kurtosis,pico_a_pico,crest_factor,shape_factor,mean_abs
0.0244172469981316,0.0242670341824324,0.0027042564516749,0.020355823,-0.0327171355291465,-1.4746826215705762,0.008293112,1.1733073348601557,1.006189994812303,0.0242670341824324
