rms,media,desvio_padrao,minimo,skewness,kurtosis,pico_a_pico,crest_factor,shape_factor,mean_abs
0.0326399912065071,0.0325131541538461,0.0028746883186006,0.027141098,-0.0645148110504824,-1.387605599610398,0.0098009519999999,1.1318033073683922,1.0039010995998974,0.0325131541538461
