rms,media,desvio_padrao,minimo,skewness,kurtosis,pico_a_pico,crest_factor,shape_factor,mean_abs
0.0290279597111789,0.0288985444243243,0.0027379874267753,0.024879338,-0.0728184660865648,-1.4710351155449155,0.0082931119999999,1.1427758040888076,1.0044782631593605,0.0288985444243243
