rms,media,desvio_padrao,minimo,skewness,kurtosis,pico_a_pico,crest_factor,shape_factor,mean_abs
0.0306748784631276,0.0305433997705803,0.002837058191537,0.025633259,-0.0491595571159567,-1.338690567810604,0.009800951,1.15515404706797,1.0043046515297875,0.0305433997705803
