rms,media,desvio_padrao,minimo,skewness,kurtosis,pico_a_pico,crest_factor,shape_factor,mean_abs
0.0277451931631625,0.0276107684121621,0.0027278583817985,0.0233715,-0.0227445642921738,-1.4378639974528549,0.008293114,1.1412648603233126,1.004868562475108,0.0276107684121621
