rms,media,desvio_padrao,minimo,skewness,kurtosis,pico_a_pico,crest_factor,shape_factor,mean_abs
0.0227817266031921,0.0226277687648648,0.00264407786315,0.018847983,-0.0314221391499632,-1.4652036895504872,0.007539194,1.158260629653181,1.0068039336943542,0.0226277687648648
