rms,media,desvio_padrao,minimo,skewness,kurtosis,pico_a_pico,crest_factor,shape_factor,mean_abs
0.0254894875878916,0.0253367845959459,0.0027859152592857,0.020355823,-0.0918158465477055,-1.379677892866335,0.009047033,1.1535287203642053,1.0060269286091723,0.0253367845959459
