rms,media,desvio_padrao,minimo,skewness,kurtosis,pico_a_pico,crest_factor,shape_factor,mean_abs
0.0272090457391765,0.0270677426175675,0.0027693825350999,0.02261758,-0.0532949326420364,-1.4138049130376555,0.0090470339999999,1.1637531982390763,1.005220351161358,0.0270677426175675
