rms,media,desvio_padrao,minimo,skewness,kurtosis,pico_a_pico,crest_factor,shape_factor,mean_abs
0.0257000830952924,0.025559904031081,0.0026805926633601,0.021109741,-0.015504562459451,-1.4659619354990936,0.008293115,1.1440763008811377,1.005484334528051,0.025559904031081
