rms,media,desvio_padrao,minimo,skewness,kurtosis,pico_a_pico,crest_factor,shape_factor,mean_abs
0.0293857132801708,0.0292439208297297,0.0028832688894563,0.02412542,-0.0460492269839697,-1.36463413026078,0.010554872,1.1801752664415304,1.0048486128541605,0.0292439208297297
