rms,media,desvio_padrao,minimo,skewness,kurtosis,pico_a_pico,crest_factor,shape_factor,mean_abs
0.0298362472060962,0.0296932159337837,0.0029179744435093,0.02412542,-0.0650489046751905,-1.1861442650668974,0.010554872,1.16235435912711,1.004816968045206,0.0296932159337837
