rms,media,desvio_padrao,minimo,skewness,kurtosis,pico_a_pico,crest_factor,shape_factor,mean_abs
0.0227877945658403,0.0226196182391891,0.0027634130867974,0.018094065,0.0237406421992407,-1.476327699902692,0.009047033,1.1910366280326825,1.0074349763498578,0.0226196182391891
