rms,media,desvio_padrao,minimo,skewness,kurtosis,pico_a_pico,crest_factor,shape_factor,mean_abs
0.0295994031450659,0.0294680589067567,0.0027853493159844,0.024879338,-0.0277426734660505,-1.4488247264792715,0.0090470319999999,1.1461842603287529,1.0044571730606624,0.0294680589067567
