rms,media,desvio_padrao,minimo,skewness,kurtosis,pico_a_pico,crest_factor,shape_factor,mean_abs
0.0225439026101799,0.0223893672405405,0.002635105209567,0.018094065,0.0052007811730831,-1.4807070799582864,0.008293112,1.1704795507803785,1.0069021767332291,0.0223893672405405
