rms,media,desvio_padrao,minimo,skewness,kurtosis,pico_a_pico,crest_factor,shape_factor,mean_abs
0.0220641329492169,0.0218972821297297,0.0027083201678793,0.017340146,-0.0381076992739794,-1.4624739312675656,0.009047031,1.1959308376509954,1.0076197045139557,0.0218972821297297
