rms,media,desvio_padrao,minimo,skewness,kurtosis,pico_a_pico,crest_factor,shape_factor,mean_abs
0.0315045466411265,0.0313813841297297,0.0027830179958576,0.026387177,-0.0487337229593454,-1.40107957250648,0.0098009529999999,1.1486637281985002,1.0039246997802171,0.0313813841297297
