rms,media,desvio_padrao,minimo,skewness,kurtosis,pico_a_pico,crest_factor,shape_factor,mean_abs
0.0271922298125408,0.0270565357135135,0.0027131600323977,0.02261758,0.0196639567887843,-1.448426970482167,0.0090470339999999,1.1644728739897814,1.0050152059548227,0.0270565357135135
