rms,media,desvio_padrao,minimo,skewness,kurtosis,pico_a_pico,crest_factor,shape_factor,mean_abs
0.0303750160460004,0.0302494860716216,0.0027586576803865,0.025633259,-0.0012039621438986,-1.41910302344034,0.009047033,1.1417374050923803,1.0041498217219835,0.0302494860716216
