rms,media,desvio_padrao,minimo,skewness,kurtosis,pico_a_pico,crest_factor,shape_factor,mean_abs
0.0280957296540061,0.0279592015135135,0.0027664192592126,0.0233715,0.0372134745630938,-1.4223464059562756,0.0090470339999999,1.153859835613043,1.0048831201572983,0.0279592015135135
