rms,media,desvio_padrao,minimo,skewness,kurtosis,pico_a_pico,crest_factor,shape_factor,mean_abs
0.0236725099845166,0.0235141337,0.0027337237068812,0.019601904,-0.0287764630229411,-1.4781151311560234,0.008293113,1.1783717492671943,1.0067353654843192,0.0235141337
