rms,media,desvio_padrao,minimo,skewness,kurtosis,pico_a_pico,crest_factor,shape_factor,mean_abs
0.0333373904015536,0.0332233927054054,0.002754591789724,0.028648935,-0.0072359591394873,-1.4734033207367383,0.0090470319999999,1.1307413851518275,1.0034312478908778,0.0332233927054054
