rms,media,desvio_padrao,minimo,skewness,kurtosis,pico_a_pico,crest_factor,shape_factor,mean_abs
0.0219805647277213,0.0218137397337837,0.0027029584858616,0.017340146,0.005251365542375,-1.4753199865160425,0.009047031,1.2004776641030117,1.007647702593573,0.0218137397337837
