rms,media,desvio_padrao,minimo,skewness,kurtosis,pico_a_pico,crest_factor,shape_factor,mean_abs
0.026757937612548,0.0266102969851351,0.0028070125827861,0.021863662,-0.0130075036065515,-1.3368676627648644,0.009800952,1.1833727418943911,1.005548251772438,0.0266102969851351
