rms,media,desvio_padrao,minimo,skewness,kurtosis,pico_a_pico,crest_factor,shape_factor,mean_abs
0.0249288716010073,0.0247815330378378,0.0027063369328419,0.020355823,-0.0376244155648058,-1.4623488921436092,0.008293112,1.149227107369043,1.0059454983250866,0.0247815330378378
