rms,media,desvio_padrao,minimo,skewness,kurtosis,pico_a_pico,crest_factor,shape_factor,mean_abs
0.0242943328587459,0.0241376453635135,0.0027547568598328,0.019601904,-0.0561426197710426,-1.4379462962370837,0.009047031,1.1792435366129608,1.0064914159137184,0.0241376453635135
