rms,media,desvio_padrao,minimo,skewness,kurtosis,pico_a_pico,crest_factor,shape_factor,mean_abs
0.030321967479763,0.0301985454067567,0.0027330508886335,0.025633259,-0.0708759256896777,-1.468757020584761,0.0082931109999999,1.118870997491917,1.004087020462208,0.0301985454067567
