rms,media,desvio_padrao,minimo,skewness,kurtosis,pico_a_pico,crest_factor,shape_factor,mean_abs
0.0301738982012489,0.0300457240635135,0.0027782365195462,0.025633259,0.0369063779084747,-1.4110171562874327,0.009047033,1.1493474183777987,1.0042659693427427,0.0300457240635135
