rms,media,desvio_padrao,minimo,skewness,kurtosis,pico_a_pico,crest_factor,shape_factor,mean_abs
0.0279671348090224,0.027822680927027,0.0028388475582324,0.02261758,-0.0146673001107819,-1.3350189845600096,0.0105548699999999,1.1861225766072487,1.0051919469002395,0.027822680927027
