rms,media,desvio_padrao,minimo,skewness,kurtosis,pico_a_pico,crest_factor,shape_factor,mean_abs
0.0224194543631789,0.02226405365,0.0026351184057995,0.018094065,0.0179738285004158,-1.4802173572780988,0.008293112,1.1769767708235384,1.0069798930429237,0.02226405365
