rms,media,desvio_padrao,minimo,skewness,kurtosis,pico_a_pico,crest_factor,shape_factor,mean_abs
0.0239056933307894,0.0237545728459459,0.0026837366734456,0.019601904,-0.050210176541245,-1.4635477451040024,0.008293113,1.1668775556520892,1.0063617428872969,0.0237545728459459
