rms,media,desvio_padrao,minimo,skewness,kurtosis,pico_a_pico,crest_factor,shape_factor,mean_abs
0.036587546871652,0.0364780982091767,0.0028278856283427,0.031664614,-0.0455715938539437,-1.349102705390255,0.009800952,1.1333245747647391,1.0030003938760084,0.0364780982091767
