rms,media,desvio_padrao,minimo,skewness,kurtosis,pico_a_pico,crest_factor,shape_factor,mean_abs
0.0250304049718658,0.0248773011391891,0.0027642469292198,0.020355823,-0.0176192409861908,-1.4518278069733148,0.009047033,1.174685588708965,1.0061543586187267,0.0248773011391891
