rms,media,desvio_padrao,minimo,skewness,kurtosis,pico_a_pico,crest_factor,shape_factor,mean_abs
0.0247141290888011,0.0245645266121621,0.0027151811980612,0.020355823,-0.0510698614732209,-1.4425663817276553,0.008293112,1.159212808877891,1.0060901835806166,0.0245645266121621
