rms,media,desvio_padrao,minimo,skewness,kurtosis,pico_a_pico,crest_factor,shape_factor,mean_abs
0.0325328996901903,0.0324114010094594,0.0028090295220945,0.027895017,-0.0753295868764806,-1.383684730188628,0.0090470329999999,1.1355289676542148,1.003748640199029,0.0324114010094594
