rms,media,desvio_padrao,minimo,skewness,kurtosis,pico_a_pico,crest_factor,shape_factor,mean_abs
0.033949334988356,0.0338307324358974,0.0028352934596501,0.028648935,-0.0210032559717965,-1.3696270354548212,0.010554873,1.154773959885992,1.0035057636627691,0.0338307324358974
