rms,media,desvio_padrao,minimo,skewness,kurtosis,pico_a_pico,crest_factor,shape_factor,mean_abs
0.0333114715811296,0.0331938471932432,0.0027968996070697,0.028648935,0.0189346128995795,-1.4598598982214992,0.0090470319999999,1.1316211866591348,1.0035435599616296,0.0331938471932432
