rms,media,desvio_padrao,minimo,skewness,kurtosis,pico_a_pico,crest_factor,shape_factor,mean_abs
0.024791504377407,0.0246368620283783,0.0027647275977282,0.020355823,-0.0100929038454229,-1.4577403469805992,0.008293112,1.1555948587818778,1.0062768687363892,0.0246368620283783
