rms,media,desvio_padrao,minimo,skewness,kurtosis,pico_a_pico,crest_factor,shape_factor,mean_abs
0.0309930213565671,0.0308638919419703,0.0028262248677355,0.025633259,-0.0228593199991152,-1.4350119302281807,0.009800951,1.1432964083216697,1.0041838344574174,0.0308638919419703
