rms,media,desvio_padrao,minimo,skewness,kurtosis,pico_a_pico,crest_factor,shape_factor,mean_abs
0.0272466921230438,0.0271013633621621,0.0028103977583244,0.021863662,0.0102712919915104,-1.3395772058472877,0.009800952,1.1621452562757033,1.005362415127964,0.0271013633621621
