rms,media,desvio_padrao,minimo,skewness,kurtosis,pico_a_pico,crest_factor,shape_factor,mean_abs
0.0370508369718937,0.0369440834143049,0.0028105552822743,0.032418534,-0.0195077985105321,-1.3897261686757367,0.009047032,1.11915328745354,1.0028895982177048,0.0369440834143049
