rms,media,desvio_padrao,minimo,skewness,kurtosis,pico_a_pico,crest_factor,shape_factor,mean_abs
0.029661099502624,0.0295312251027027,0.0027726463240137,0.024879338,-0.0853760073748188,-1.45107808650624,0.0090470319999999,1.1438001479681694,1.0043978669855276,0.0295312251027027
