rms,media,desvio_padrao,minimo,skewness,kurtosis,pico_a_pico,crest_factor,shape_factor,mean_abs
0.0339735661057947,0.0338530171054054,0.0028594451919798,0.028648935,0.0099739102004606,-1.2172059652386298,0.0113087899999999,1.1761416177380486,1.0035609529281846,0.0338530171054054
