rms,media,desvio_padrao,minimo,skewness,kurtosis,pico_a_pico,crest_factor,shape_factor,mean_abs
0.0222867650594759,0.0221244767675675,0.0026846647048824,0.018094065,-0.0511939590957241,-1.4768832403089702,0.008293112,1.1839841686122412,1.0073352375115288,0.0221244767675675
