rms,media,desvio_padrao,minimo,skewness,kurtosis,pico_a_pico,crest_factor,shape_factor,mean_abs
0.0408545514711444,0.0407523428124156,0.0028880670365737,0.03543421,0.0241263849656651,-1.3233213021157004,0.01055487,1.1256782498880713,1.0025080437509877,0.0407523428124156
