rms,media,desvio_padrao,minimo,skewness,kurtosis,pico_a_pico,crest_factor,shape_factor,mean_abs
0.0227022043007726,0.0225432075,0.0026821401391354,0.018094065,-0.0099398863857872,-1.4846676039496216,0.008293112,1.1623178370878282,1.0070529804054102,0.0225432075
