rms,media,desvio_padrao,minimo,skewness,kurtosis,pico_a_pico,crest_factor,shape_factor,mean_abs
0.022074156597127,0.0219095078635135,0.0026910694255493,0.018094065,-0.0259393494991894,-1.4766297076513275,0.0075391939999999,1.1612339020615714,1.0075149444085738,0.0219095078635135
