rms,media,desvio_padrao,minimo,skewness,kurtosis,pico_a_pico,crest_factor,shape_factor,mean_abs
0.0236927643998541,0.0235436791581081,0.002653725043606,0.019601904,-0.0838775975893734,-1.455408955381614,0.0075391939999999,1.1455437424670916,1.006332283104304,0.0235436791581081
