rms,media,desvio_padrao,minimo,skewness,kurtosis,pico_a_pico,crest_factor,shape_factor,mean_abs
0.02646619176102,0.0263209549756756,0.0027688689928452,0.021863662,-0.0527098526358441,-1.42489903275318,0.009047031,1.1679312716809485,1.0055179147367033,0.0263209549756756
