rms,media,desvio_padrao,minimo,skewness,kurtosis,pico_a_pico,crest_factor,shape_factor,mean_abs
0.0367650372242716,0.0366561493360323,0.0028274861549749,0.031664614,-0.0539744618716025,-1.395786834511758,0.009800952,1.1278532304225468,1.0029705217326867,0.0366561493360323
