rms,media,desvio_padrao,minimo,skewness,kurtosis,pico_a_pico,crest_factor,shape_factor,mean_abs
0.0220258411642537,0.0218585673729729,0.0027093747238313,0.018094065,-0.0079728229315285,-1.477926401546948,0.0075391939999999,1.1637811609029856,1.0076525505275156,0.0218585673729729
