rms,media,desvio_padrao,minimo,skewness,kurtosis,pico_a_pico,crest_factor,shape_factor,mean_abs
0.0237574820269009,0.023594619681081,0.0027770261726643,0.018847983,0.0061171661910953,-1.4236562286382826,0.009800952,1.2058910522403168,1.0069025204907398,0.023594619681081
