rms,media,desvio_padrao,minimo,skewness,kurtosis,pico_a_pico,crest_factor,shape_factor,mean_abs
0.0223237835712406,0.0221509658324324,0.0027723682342005,0.017340146,-0.0905952451165602,-1.4665352306178447,0.009047031,1.1820208216851809,1.007801815059241,0.0221509658324324
