rms,media,desvio_padrao,minimo,skewness,kurtosis,pico_a_pico,crest_factor,shape_factor,mean_abs
0.0261663361820668,0.0260244813635135,0.0027209408213118,0.021863662,-0.0430510164566829,-1.4526002044796764,0.008293112,1.152502734435857,1.0054508221152203,0.0260244813635135
