rms,media,desvio_padrao,minimo,skewness,kurtosis,pico_a_pico,crest_factor,shape_factor,mean_abs
0.0269442053236119,0.0267947016175675,0.002834460397762,0.021863662,-0.0666244872461443,-1.2945968675395592,0.009800952,1.1751919798596326,1.0055795995857024,0.0267947016175675
