rms,media,desvio_padrao,minimo,skewness,kurtosis,pico_a_pico,crest_factor,shape_factor,mean_abs
0.0290697376147915,0.0289413344864864,0.0027292495551221,0.02412542,-0.0871569113676356,-1.4605450121557662,0.0090470299999999,1.1411334508613131,1.0044366692339295,0.0289413344864864
