rms,media,desvio_padrao,minimo,skewness,kurtosis,pico_a_pico,crest_factor,shape_factor,mean_abs
0.0260755465391344,0.0259338072567567,0.002715100087282,0.021863662,0.0325904609342683,-1.449629326893507,0.008293112,1.1565155098375546,1.0054654251485116,0.0259338072567567
