rms,media,desvio_padrao,minimo,skewness,kurtosis,pico_a_pico,crest_factor,shape_factor,mean_abs
0.0220709376742791,0.0219084890283783,0.0026729007305431,0.018094065,-0.0304869572493253,-1.469726078431231,0.0075391939999999,1.1614032615330292,1.007414872184491,0.0219084890283783
