rms,media,desvio_padrao,minimo,skewness,kurtosis,pico_a_pico,crest_factor,shape_factor,mean_abs
0.0298822416938068,0.0297502692,0.0028053255024365,0.024879338,-0.0236450036840456,-1.4100761167397915,0.009800954,1.1605652733605838,1.004436010071696,0.0297502692
