rms,media,desvio_padrao,minimo,skewness,kurtosis,pico_a_pico,crest_factor,shape_factor,mean_abs
0.027853834374657,0.0277187623175675,0.0027397636673671,0.0233715,-0.0018494865543398,-1.4676612752726808,0.008293114,1.136813466113311,1.0048729469065765,0.0277187623175675
