rms,media,desvio_padrao,minimo,skewness,kurtosis,pico_a_pico,crest_factor,shape_factor,mean_abs
0.0247459183688554,0.0245920344364864,0.0027554161559949,0.020355823,-0.0141077710377196,-1.4448457723510455,0.008293112,1.1577236525623085,1.0062574705954626,0.0245920344364864
