rms,media,desvio_padrao,minimo,skewness,kurtosis,pico_a_pico,crest_factor,shape_factor,mean_abs
0.0252227923788203,0.0250698562378378,0.0027733668345935,0.020355823,-0.0050717894817582,-1.4602371996203372,0.009047033,1.1657256483897322,1.0061003996006856,0.0250698562378378
