rms,media,desvio_padrao,minimo,skewness,kurtosis,pico_a_pico,crest_factor,shape_factor,mean_abs
0.0277464666537856,0.0276128060824324,0.0027201749987124,0.0233715,0.0547111719903418,-1.4656837921383494,0.008293114,1.1412124792357945,1.0048405283749209,0.0276128060824324
