rms,media,desvio_padrao,minimo,skewness,kurtosis,pico_a_pico,crest_factor,shape_factor,mean_abs
0.039547222763874,0.0394449387611336,0.0028424697827588,0.034680292,-0.001816506344045,-1.3715241951000068,0.009800952,1.124762774508483,1.0025930830659882,0.0394449387611336
