rms,media,desvio_padrao,minimo,skewness,kurtosis,pico_a_pico,crest_factor,shape_factor,mean_abs
0.0268510827382223,0.0267091214972972,0.0027574395836484,0.02261758,0.0356156795325522,-1.4519640024891405,0.0082931129999999,1.1511898161186207,1.0053150846215353,0.0267091214972972
