rms,media,desvio_padrao,minimo,skewness,kurtosis,pico_a_pico,crest_factor,shape_factor,mean_abs
0.0300241263496473,0.0298929024891891,0.0028040227943824,0.025633259,0.0264482261121247,-1.4419563549134768,0.009047033,1.1550808038884808,1.0043897999033595,0.0298929024891891
