rms,media,desvio_padrao,minimo,skewness,kurtosis,pico_a_pico,crest_factor,shape_factor,mean_abs
0.0237000737934041,0.0235345098513513,0.0027964877738776,0.018847983,-0.0447777498923447,-1.406943797053687,0.009047034,1.1770012719438598,1.0070349432853505,0.0235345098513513
