rms,media,desvio_padrao,minimo,skewness,kurtosis,pico_a_pico,crest_factor,shape_factor,mean_abs
0.0321563729779473,0.0320354600986486,0.0027859682993087,0.027141098,-0.0190445112227919,-1.4209602822018357,0.009047032,1.125379719435945,1.003774345020373,0.0320354600986486
