rms,media,desvio_padrao,minimo,skewness,kurtosis,pico_a_pico,crest_factor,shape_factor,mean_abs
0.307778852822095,0.0141828689727982,0.3074518961922097,-0.9123981237524952,-0.0038530706869061,1.4026270231707931,2.029302075848304,3.628917132722601,1.3550061357749688,0.2271420362580624
