rms,media,desvio_padrao,minimo,skewness,kurtosis,pico_a_pico,crest_factor,shape_factor,mean_abs
0.3235806154338351,0.0085540218736081,0.3234675306647104,-1.0600516566866267,0.528269941014648,4.481403686039001,2.5323636726546903,4.550062475139578,1.492300291600271,0.2168334464954388
