rms,media,desvio_padrao,minimo,skewness,kurtosis,pico_a_pico,crest_factor,shape_factor,mean_abs
0.3544638575428902,0.0127733079295953,0.3542336360493199,-1.040072135728543,-0.1129250526375498,0.7841862286628718,2.0041246307385228,2.9342120884713725,1.3472696821793817,0.263097924811534
