rms,media,desvio_padrao,minimo,skewness,kurtosis,pico_a_pico,crest_factor,shape_factor,mean_abs
0.3232985558137443,0.0143262458689179,0.3229809822118882,-0.911423512974052,0.5078069523701342,2.3240594471793825,2.0721849500998006,3.590370003986271,1.442726593264605,0.2240885815254736
