rms,media,desvio_padrao,minimo,skewness,kurtosis,pico_a_pico,crest_factor,shape_factor,mean_abs
0.2622026203312346,0.0133586113722967,0.2618621041899142,-0.7478513373253493,0.1907856621778373,1.4639718760279423,1.586341477045908,3.1978709391283484,1.3623642558820177,0.1924614648389172
