rms,media,desvio_padrao,minimo,skewness,kurtosis,pico_a_pico,crest_factor,shape_factor,mean_abs
0.3150844880831286,0.0057872549116642,0.315031335443309,-1.0546912974051896,-0.0679277177814144,1.7310561917750429,2.094600998003992,3.3473285334406264,1.3916107106468696,0.2264171191501295
