rms,media,desvio_padrao,minimo,skewness,kurtosis,pico_a_pico,crest_factor,shape_factor,mean_abs
0.3071063877168093,0.0149347118877,0.3067430321250975,-0.9322152095808384,0.1443311592315112,1.6814329907914043,2.0772204391217564,3.7283667007172654,1.3738562850570897,0.2235360357972579
