rms,media,desvio_padrao,minimo,skewness,kurtosis,pico_a_pico,crest_factor,shape_factor,mean_abs
0.2838470774045704,0.0130686445291235,0.2835460701213959,-1.00157500998004,0.6304272398239296,4.694830044850666,2.183290578842316,4.163212035394549,1.441307887618419,0.1969371567608584
