rms,media,desvio_padrao,minimo,skewness,kurtosis,pico_a_pico,crest_factor,shape_factor,mean_abs
0.3165336736940872,0.0068276011910605,0.3164600297735098,-0.955930738522954,0.2713722202647666,1.9814822531754777,2.039860359281437,3.42437380550558,1.3977391018761849,0.2264611995680769
