rms,media,desvio_padrao,minimo,skewness,kurtosis,pico_a_pico,crest_factor,shape_factor,mean_abs
0.2411610273437502,0.017291957902377,0.2405402862337106,-0.621314371257485,0.3113761276693767,1.0431638501053255,1.3444755688622754,2.998665271789536,1.3960841896503091,0.1727410346249649
