rms,media,desvio_padrao,minimo,skewness,kurtosis,pico_a_pico,crest_factor,shape_factor,mean_abs
0.2009445069070256,0.0137895343197901,0.2004708048553479,-0.4627776846307385,0.9875846487489404,2.893860300136433,1.327744750499002,4.304507145689096,1.3112418640941994,0.1532474766170139
