rms,media,desvio_padrao,minimo,skewness,kurtosis,pico_a_pico,crest_factor,shape_factor,mean_abs
0.2393357177725637,0.0133317625905214,0.2389641184528302,-0.788135249500998,0.2972535993742158,2.832810253703003,1.6548891017964071,3.6214981213922655,1.3916821788838634,0.1719758443443691
