rms,media,desvio_padrao,minimo,skewness,kurtosis,pico_a_pico,crest_factor,shape_factor,mean_abs
0.3219560009784334,0.0112186754360132,0.3217604821718889,-0.7728663473053892,-0.0637513029810898,0.255637489634624,1.554991497005988,2.4292920378054705,1.3231078496910331,0.2433331500932561
