rms,media,desvio_padrao,minimo,skewness,kurtosis,pico_a_pico,crest_factor,shape_factor,mean_abs
0.2416027592153948,0.005149596344501,0.2415478729320148,-0.6762174451097804,0.2033306298699551,0.796449603955653,1.435114371257485,3.1410937880520198,1.3204180262443188,0.1829744477986176
