rms,media,desvio_padrao,minimo,skewness,kurtosis,pico_a_pico,crest_factor,shape_factor,mean_abs
0.1539521573977471,0.0105755920944995,0.1535884879125759,-0.5511423952095809,-0.1037830699857054,1.9983065632289725,1.0592394810379242,3.57995889453931,1.3107898149617876,0.1174499188508229
