rms,media,desvio_padrao,minimo,skewness,kurtosis,pico_a_pico,crest_factor,shape_factor,mean_abs
0.3266639990144657,0.0157481529502977,0.3262841766478676,-1.0303260279441118,0.4234541019450046,2.41491754806425,2.2024579241516964,3.5881881680989256,1.466242743433958,0.2227898487322874
