rms,media,desvio_padrao,minimo,skewness,kurtosis,pico_a_pico,crest_factor,shape_factor,mean_abs
0.2563564019104189,0.0156716339222381,0.2558769327052823,-0.7983686626746508,0.1330505305138179,2.0093606148917376,1.7115789620758484,3.562268359969841,1.4367854458128977,0.1784235792877055
