rms,media,desvio_padrao,minimo,skewness,kurtosis,pico_a_pico,crest_factor,shape_factor,mean_abs
0.2677378224300271,0.0100656523019534,0.2675485455077431,-0.7697800798403194,0.7238187794675783,2.8318124761312315,1.767781516966068,3.72753250948164,1.396319762528354,0.1917453506102548
