rms,media,desvio_padrao,minimo,skewness,kurtosis,pico_a_pico,crest_factor,shape_factor,mean_abs
0.272604273748312,0.0152595051219874,0.2721768498040872,-0.9731488622754492,-0.1515595035141327,3.460191326823197,2.03466243512974,3.8939726008637607,1.424197839688215,0.1914089925933257
