rms,media,desvio_padrao,minimo,skewness,kurtosis,pico_a_pico,crest_factor,shape_factor,mean_abs
0.2476884486028884,0.0127880747595717,0.2473581062250625,-0.9047636726546906,0.1674110706374115,3.5536443405506226,1.832918003992016,3.74726531080748,1.391450110291634,0.1780074231701885
