rms,media,desvio_padrao,minimo,skewness,kurtosis,pico_a_pico,crest_factor,shape_factor,mean_abs
0.3026611093030663,0.0181685706273403,0.3021152927706938,-0.8500230339321357,-0.1916242677389823,1.210083493501803,1.7687561277445112,3.035517499846378,1.3614664473921,0.2223052282212434
