rms,media,desvio_padrao,minimo,skewness,kurtosis,pico_a_pico,crest_factor,shape_factor,mean_abs
0.2787559515784695,0.0200820414907889,0.278031638757139,-0.805353373253493,0.1417638578703921,0.8209390357528878,1.6428689021956089,3.004475865715664,1.30813044860836,0.2130949186872157
