rms,media,desvio_padrao,minimo,skewness,kurtosis,pico_a_pico,crest_factor,shape_factor,mean_abs
0.334344936878463,0.0152595051219874,0.3339965333947277,-1.0046612774451098,0.1859109658464458,2.0853751661100226,2.172407425149701,3.492638945297012,1.408753785741692,0.2373338338199633
