rms,media,desvio_padrao,minimo,skewness,kurtosis,pico_a_pico,crest_factor,shape_factor,mean_abs
0.3424303466642716,0.017584268512156,0.3419785604646958,-0.9284792015968064,0.4019550576142033,2.0478655837522317,2.080469141716567,3.3641584378886957,1.4202344601386463,0.2411083213900068
