rms,media,desvio_padrao,minimo,skewness,kurtosis,pico_a_pico,crest_factor,shape_factor,mean_abs
0.2911959971918283,0.0102844258590257,0.2910143284535892,-0.6247255089820359,0.0112989359054363,-0.3576447835058132,1.3545465469061877,2.506288015502406,1.2371071940181615,0.2353846122630771
