rms,media,desvio_padrao,minimo,skewness,kurtosis,pico_a_pico,crest_factor,shape_factor,mean_abs
0.3629405746543543,0.018040950885115,0.3624919100084769,-1.0888026746506985,0.3127519001855621,2.3901888687687918,2.5172572055888223,3.935780760523977,1.3860730160934562,0.2618480920126959
