rms,media,desvio_padrao,minimo,skewness,kurtosis,pico_a_pico,crest_factor,shape_factor,mean_abs
0.2763193022312993,0.0074438247471998,0.2762190186405076,-0.8298810778443113,-0.0604326849006474,0.6690680695689584,1.5765953692614771,3.003340957880824,1.3057784390219276,0.2116127008792332
