rms,media,desvio_padrao,minimo,skewness,kurtosis,pico_a_pico,crest_factor,shape_factor,mean_abs
0.3334904548386388,0.0180369565786459,0.3330023298204717,-0.7895971656686627,0.0359362871902472,0.1829429679326475,1.615417365269461,2.476293361980558,1.2934318026416625,0.2578338140113216
