rms,media,desvio_padrao,minimo,skewness,kurtosis,pico_a_pico,crest_factor,shape_factor,mean_abs
0.2784142458871848,0.0094494287458141,0.2782538420387175,-0.8909566866267465,0.0554364677761542,2.090572886125031,1.749101477045908,3.20011170329182,1.4432551578547526,0.192907154616387
