rms,media,desvio_padrao,minimo,skewness,kurtosis,pico_a_pico,crest_factor,shape_factor,mean_abs
0.2725374641601765,0.0194693941043532,0.2718411522637234,-0.7348565269461078,0.1254368022997806,1.407637452584317,1.6373461077844311,3.3114331037728792,1.3457554721485108,0.2025163336137642
