rms,media,desvio_padrao,minimo,skewness,kurtosis,pico_a_pico,crest_factor,shape_factor,mean_abs
0.2803144238564229,0.0235181903960673,0.2793261014342423,-0.9148346506986028,0.5738549252305242,4.735668453392953,2.143331536926148,4.382567508751462,1.4430631153952769,0.1942495937051517
