rms,media,desvio_padrao,minimo,skewness,kurtosis,pico_a_pico,crest_factor,shape_factor,mean_abs
0.2612917355040383,0.0063980646970521,0.2612133913313876,-0.7705922554890219,0.2859857162579834,2.272343258223618,1.811963872255489,3.985474759688189,1.3926898392002178,0.1876166021675657
