rms,media,desvio_padrao,minimo,skewness,kurtosis,pico_a_pico,crest_factor,shape_factor,mean_abs
0.2596611682645635,0.0191713396158502,0.2589524706231854,-0.7590593612774451,0.0835276419372363,1.2527345578480356,1.4843322155688623,2.923268682608925,1.3718107075508112,0.1892835263898432
