rms,media,desvio_padrao,minimo,skewness,kurtosis,pico_a_pico,crest_factor,shape_factor,mean_abs
0.3686527699448239,0.0192787677537486,0.3681483313854462,-1.0706099401197604,0.3207555908530432,2.0018547488545124,2.4706383233532936,3.7976884954453873,1.3903739563334343,0.2651464868609888
