rms,media,desvio_padrao,minimo,skewness,kurtosis,pico_a_pico,crest_factor,shape_factor,mean_abs
0.3237838412398122,0.0111321321291842,0.3235924156748212,-0.9136976047904192,0.444727807672133,2.19920399829744,2.0096474251497005,3.384819378764367,1.4597318339335998,0.2218104954026374
