rms,media,desvio_padrao,minimo,skewness,kurtosis,pico_a_pico,crest_factor,shape_factor,mean_abs
0.2650569944897419,0.0239692499298922,0.2639709934552155,-0.9232812774451098,0.4516795531193556,3.349984059732269,1.944348502994012,3.8522553517764986,1.4530252492268103,0.1824173355767803
