rms,media,desvio_padrao,minimo,skewness,kurtosis,pico_a_pico,crest_factor,shape_factor,mean_abs
0.3289396016112448,0.0114483205489846,0.3287403191955196,-1.0546912974051896,0.5291229106532607,3.075831840830092,2.314863033932136,3.831012533468902,1.450249794961795,0.2268158235594926
