rms,media,desvio_padrao,minimo,skewness,kurtosis,pico_a_pico,crest_factor,shape_factor,mean_abs
0.249206452520721,0.0078568008245803,0.2490825699617805,-1.120315089820359,-0.784218433509597,3.2056082417488447,1.722462115768463,4.4955300253600265,1.3864640162213988,0.1797424596708222
