rms,media,desvio_padrao,minimo,skewness,kurtosis,pico_a_pico,crest_factor,shape_factor,mean_abs
0.3446902183827614,0.0204466897609739,0.3440832450535397,-1.008559720558882,0.5707638998163028,4.494813704141854,2.623652215568862,4.685634836369217,1.4594925178568776,0.2361712815690932
