rms,media,desvio_padrao,minimo,skewness,kurtosis,pico_a_pico,crest_factor,shape_factor,mean_abs
0.2766536889876246,0.0202345843849491,0.2759127130547444,-0.9084996806387226,-0.099789083176849,1.0174608574072783,1.6823406387225548,3.283887823665933,1.3583014983965669,0.2036762009864568
