rms,media,desvio_padrao,minimo,skewness,kurtosis,pico_a_pico,crest_factor,shape_factor,mean_abs
0.2626281097392683,0.0116147829959914,0.262371150931609,-0.8128253892215569,-0.1064723909986781,0.7516947315512041,1.5470321756487024,3.094967214394959,1.3335539308270443,0.1969384991999472
