rms,media,desvio_padrao,minimo,skewness,kurtosis,pico_a_pico,crest_factor,shape_factor,mean_abs
0.295053424248983,0.0106804453902113,0.2948600536649837,-0.7364808782435129,0.1630066584342281,0.5463763750900865,1.528027265469062,2.682722253572616,1.315613718994176,0.2242705590471949
