rms,media,desvio_padrao,minimo,skewness,kurtosis,pico_a_pico,crest_factor,shape_factor,mean_abs
0.2793866768002901,0.0146298131605641,0.2790033758584235,-0.720562235528942,-0.0016802573326954,0.5129614713033539,1.4906671856287423,2.756412578149828,1.3265481235017056,0.2106117914989692
