rms,media,desvio_padrao,minimo,skewness,kurtosis,pico_a_pico,crest_factor,shape_factor,mean_abs
0.350184949713455,0.0119114620346084,0.349982308235735,-1.0046612774451098,0.3457500236608171,2.3842068671167214,2.343126746506986,3.822167315177592,1.4232018050314552,0.2460543181405783
