rms,media,desvio_padrao,minimo,skewness,kurtosis,pico_a_pico,crest_factor,shape_factor,mean_abs
0.2391182395771534,0.0118993800828095,0.23882197815972,-0.7350189620758483,0.1347912894490485,1.3026710708794296,1.3800488622754492,3.0738724213411097,1.3987924187889482,0.1709461935632866
