rms,media,desvio_padrao,minimo,skewness,kurtosis,pico_a_pico,crest_factor,shape_factor,mean_abs
0.2689715653285351,0.0124808762802264,0.2686818391379666,-0.9093118562874252,-0.3760973177560643,0.9497571571384472,1.5793567664670658,3.3806988302899104,1.317835142916644,0.2041010719544517
