rms,media,desvio_padrao,minimo,skewness,kurtosis,pico_a_pico,crest_factor,shape_factor,mean_abs
0.3090894616383955,0.0101985097573448,0.308921164206408,-1.1363961676646706,-0.1389900206167936,2.56458988346016,2.210254810379241,3.6765930538070015,1.3985669742469893,0.2210044047442305
