rms,media,desvio_padrao,minimo,skewness,kurtosis,pico_a_pico,crest_factor,shape_factor,mean_abs
0.2073412242887688,0.015113179261312,0.2067896880944042,-0.5857410778443114,0.3320033252285717,0.9917180242838262,1.2539992015968064,3.2229872570917046,1.3389548738225507,0.1548530337671764
