rms,media,desvio_padrao,minimo,skewness,kurtosis,pico_a_pico,crest_factor,shape_factor,mean_abs
0.3201892496326097,0.0125893937744345,0.3199416552196445,-0.8677284630738522,0.5597547946567883,3.3177185153703697,2.2131786427145705,4.202046699520705,1.4727209952068765,0.2174133801817852
