rms,media,desvio_padrao,minimo,skewness,kurtosis,pico_a_pico,crest_factor,shape_factor,mean_abs
0.3099577915493953,0.0035762577324689,0.3099371596353191,-1.0261027145708583,0.0314208062903152,2.448156576279472,2.1508035528942115,3.628561271846975,1.4012107806137826,0.221207113046634
