rms,media,desvio_padrao,minimo,skewness,kurtosis,pico_a_pico,crest_factor,shape_factor,mean_abs
0.2835552135168928,0.003701104567724,0.2835310581534049,-1.0405594411177643,-0.2452762507415674,3.346314372205823,2.064550499001996,3.669688975955904,1.510716831922167,0.1876958060738028
