rms,media,desvio_padrao,minimo,skewness,kurtosis,pico_a_pico,crest_factor,shape_factor,mean_abs
0.2863884297279621,0.0140479758515755,0.2860436803296333,-0.97656,-0.1270909194446572,2.504710179415862,2.0151702195608783,3.626578841007805,1.3930192042593337,0.2055882853964203
