rms,media,desvio_padrao,minimo,skewness,kurtosis,pico_a_pico,crest_factor,shape_factor,mean_abs
0.2284526617598846,0.0215192985928968,0.2274368889455842,-0.6107560878243513,0.0136700515686506,0.5624730637982007,1.169695369261477,2.6734470201370946,1.34678692012619,0.1696279183781198
