rms,media,desvio_padrao,minimo,skewness,kurtosis,pico_a_pico,crest_factor,shape_factor,mean_abs
0.285304530245731,0.0138486016396958,0.2849682284244372,-0.9866309780439122,0.0263326516673187,1.4793902968138362,1.7872737325349302,3.458167934431792,1.3443247199900514,0.2122288804209762
