rms,media,desvio_padrao,minimo,skewness,kurtosis,pico_a_pico,crest_factor,shape_factor,mean_abs
0.2121297534707379,0.0026499747612213,0.2121132007710056,-0.9770473053892216,-0.6886704770203705,2.9948815213204245,1.4896925748502994,4.605894691354551,1.3321375743585029,0.1592401247092591
