rms,media,desvio_padrao,minimo,skewness,kurtosis,pico_a_pico,crest_factor,shape_factor,mean_abs
0.3066404801396172,0.0111596961449002,0.3064373430935083,-0.7943077844311377,0.3581416489884815,1.2318301512123284,1.9370389221556883,3.726615407086015,1.350840680375918,0.2269997377146533
