rms,media,desvio_padrao,minimo,skewness,kurtosis,pico_a_pico,crest_factor,shape_factor,mean_abs
0.3446081421506257,0.0086330277150616,0.3444999890696323,-1.0174936526946108,0.2949408921125503,1.94670927171628,2.2321835528942118,3.524843878089998,1.3782510062095534,0.2500329334773077
