rms,media,desvio_padrao,minimo,skewness,kurtosis,pico_a_pico,crest_factor,shape_factor,mean_abs
0.2373634687388948,0.0073713330364065,0.2372489825921845,-0.7150394411177644,-0.1751602324776305,0.8668284525309846,1.3714398003992017,3.012424131298502,1.3359960968446942,0.177667786080731
