rms,media,desvio_padrao,minimo,skewness,kurtosis,pico_a_pico,crest_factor,shape_factor,mean_abs
0.2971743880919552,0.0212722898005641,0.2964120554641272,-0.9854939321357286,-0.2474003292177023,1.248762797386517,1.7757408383233533,3.316214221767945,1.334738152944067,0.2226462077497896
