rms,media,desvio_padrao,minimo,skewness,kurtosis,pico_a_pico,crest_factor,shape_factor,mean_abs
0.3403388389628677,0.0128243206149684,0.3400971362822059,-1.1867510578842315,0.3753553561380912,4.6193912462070505,2.68554,4.403813995144093,1.4826671705375436,0.229545002226951
