rms,media,desvio_padrao,minimo,skewness,kurtosis,pico_a_pico,crest_factor,shape_factor,mean_abs
0.3073429500363205,0.0132283947806865,0.3070581353889757,-0.852621996007984,0.1185953683833735,0.7006244198918465,1.7564110578842316,2.940653305271656,1.316282706081729,0.2334931155870078
