rms,media,desvio_padrao,minimo,skewness,kurtosis,pico_a_pico,crest_factor,shape_factor,mean_abs
0.2716173609283072,0.0201659219266385,0.2708677285143193,-0.8901445109780439,-0.1268685192737007,1.6796368560480586,1.672269660678643,3.277200352495125,1.3691686842037796,0.198381225090802
