rms,media,desvio_padrao,minimo,skewness,kurtosis,pico_a_pico,crest_factor,shape_factor,mean_abs
0.3265461383406334,0.0136526055327361,0.3262606118233514,-0.985331497005988,-0.1789867587174847,0.5507777797496236,1.7785022355289422,3.0174342346016325,1.302674361582544,0.2506736510450174
