rms,media,desvio_padrao,minimo,skewness,kurtosis,pico_a_pico,crest_factor,shape_factor,mean_abs
0.3216913724132808,0.010653596608436,0.3215149140622326,-0.8029168463073852,0.5576418942608754,1.833181040376432,1.922744630738523,3.481062535281429,1.4396117080585704,0.2234570409594035
