rms,media,desvio_padrao,minimo,skewness,kurtosis,pico_a_pico,crest_factor,shape_factor,mean_abs
0.2272013571694842,0.024637784596097,0.2258615422550989,-0.604421117764471,0.4624477194018055,1.6577959196782563,1.4021400399201598,3.5110658320611106,1.385722265554959,0.1639587981062668
