rms,media,desvio_padrao,minimo,skewness,kurtosis,pico_a_pico,crest_factor,shape_factor,mean_abs
0.3037803607554109,0.0135827987001204,0.3034765479574321,-1.036985868263473,-0.1133678462976887,2.238616672986121,2.038885748502994,3.413604044990924,1.4054572781359596,0.2161434328038138
