rms,media,desvio_padrao,minimo,skewness,kurtosis,pico_a_pico,crest_factor,shape_factor,mean_abs
0.2725504115921563,0.020759478068656,0.271758663025433,-0.8441753692614771,0.4160371320503576,3.3794307148678344,1.979759361277445,4.166509914192508,1.426487626780306,0.1910639857475132
