rms,media,desvio_padrao,minimo,skewness,kurtosis,pico_a_pico,crest_factor,shape_factor,mean_abs
0.3047325726864348,0.0041367700664245,0.3047044928935424,-1.1722943313373253,-0.3792472992674752,2.7650407523703446,2.1400828343313374,3.846961028821813,1.4313377893725645,0.2129005291057229
