rms,media,desvio_padrao,minimo,skewness,kurtosis,pico_a_pico,crest_factor,shape_factor,mean_abs
0.2560688604284678,0.015934751983636,0.2555725825677593,-0.8717893413173653,0.2530954664717463,2.509991612012022,1.8020553293413173,3.6328743232089296,1.3889217705882064,0.1843652146945778
