rms,media,desvio_padrao,minimo,skewness,kurtosis,pico_a_pico,crest_factor,shape_factor,mean_abs
0.273392468450686,0.0156998251431022,0.2729413074198103,-0.9666514570858284,-0.0615230355449761,2.5893236489382945,2.0153326546906185,3.835808658327942,1.3833749065208585,0.1976271704524834
