rms,media,desvio_padrao,minimo,skewness,kurtosis,pico_a_pico,crest_factor,shape_factor,mean_abs
0.2965669867932932,0.0039320040909915,0.2965409196038243,-1.0696353293413172,0.4045289997482209,4.592720403676953,2.251350898203593,3.984649746891516,1.4903128894479485,0.1989964583230233
