rms,media,desvio_padrao,minimo,skewness,kurtosis,pico_a_pico,crest_factor,shape_factor,mean_abs
0.3453525276369753,0.0100937995084211,0.3452049877344352,-0.8040538922155689,0.4286286635777034,1.1396991805915366,2.014358043912176,3.504546962426879,1.3368957007530562,0.258324211411887
