rms,media,desvio_padrao,minimo,skewness,kurtosis,pico_a_pico,crest_factor,shape_factor,mean_abs
0.2826775534192425,0.013453924547599,0.2823572048334453,-0.9007027944111776,0.4457749444234093,3.036573637558794,1.9924293013972052,3.862091254790489,1.4208318044802892,0.1989521578330941
