rms,media,desvio_padrao,minimo,skewness,kurtosis,pico_a_pico,crest_factor,shape_factor,mean_abs
0.2106432209384253,0.0158340690519786,0.2100472536944281,-0.8287440319361278,-0.593876353862186,1.8568967041309907,1.3956426347305388,3.934349409603758,1.326481490784575,0.1587984622490556
