rms,media,desvio_padrao,minimo,skewness,kurtosis,pico_a_pico,crest_factor,shape_factor,mean_abs
0.3086298563574491,0.0187203130928226,0.3080615816893213,-0.9354639121756488,-0.1616471427546864,1.3819414610905645,1.876125748502994,3.047864025306382,1.3540631294932826,0.2279287055640785
