rms,media,desvio_padrao,minimo,skewness,kurtosis,pico_a_pico,crest_factor,shape_factor,mean_abs
0.2166121298533531,0.004870369014038,0.2165573695473627,-0.8406017964071857,-0.8367412477137572,2.433726438961271,1.3495110578842315,3.8806773977813473,1.297876020803881,0.1668973972715725
