rms,media,desvio_padrao,minimo,skewness,kurtosis,pico_a_pico,crest_factor,shape_factor,mean_abs
0.2744450533846115,0.0075673291433661,0.2743407057964935,-0.8628554091816367,-0.0103936238370742,0.9484393952707304,1.6591124151696608,3.144000587878762,1.3081077570236777,0.2098030929875786
