rms,media,desvio_padrao,minimo,skewness,kurtosis,pico_a_pico,crest_factor,shape_factor,mean_abs
0.3040798558296634,0.0199110565645568,0.3034272706067665,-0.8786116167664672,0.1397825985779968,1.0692733327818402,1.812938483033932,3.072636507664116,1.331285855318244,0.2284106411969449
