rms,media,desvio_padrao,minimo,skewness,kurtosis,pico_a_pico,crest_factor,shape_factor,mean_abs
0.3169625658735019,0.0074975223107503,0.3168738792079805,-1.0088845908183632,0.4569601549384896,3.510077768793373,2.3770756886227544,4.316569983694632,1.4280670043807973,0.2219521667408983
