rms,media,desvio_padrao,minimo,skewness,kurtosis,pico_a_pico,crest_factor,shape_factor,mean_abs
0.3392552861648514,0.0120940337506804,0.3390396489179881,-1.0654120159680638,0.3811276847090298,2.764331300452608,2.4158976846307385,3.9807358167632048,1.4669653618859366,0.2312633242605697
