rms,media,desvio_padrao,minimo,skewness,kurtosis,pico_a_pico,crest_factor,shape_factor,mean_abs
0.3604709838279054,0.0147574329027894,0.3601687775973616,-0.8784491816367266,0.3846204182875884,1.431610118060938,2.123839321357285,3.4548970530042107,1.3826597340562268,0.2607083832335329
