rms,media,desvio_padrao,minimo,skewness,kurtosis,pico_a_pico,crest_factor,shape_factor,mean_abs
0.2813517589564341,0.002417732798865,0.2813413706442632,-0.7829373253493014,0.8785359766014752,3.9405169622567264,2.003474890219561,4.338119546141716,1.460027126180028,0.1927031038748948
