rms,media,desvio_padrao,minimo,skewness,kurtosis,pico_a_pico,crest_factor,shape_factor,mean_abs
0.2668223489551439,0.0154246251299054,0.2663761378981655,-0.8485611177644711,-0.2225468219210401,0.7937115243041366,1.516494371257485,3.180247535813143,1.32440909850819,0.2014652038072615
