rms,media,desvio_padrao,minimo,skewness,kurtosis,pico_a_pico,crest_factor,shape_factor,mean_abs
0.3315989964027057,0.0123625215684333,0.3313684693445526,-1.151177764471058,0.6043243132928023,5.125333555199834,2.5542924151696607,4.23135976260498,1.5140661494856271,0.2190122251365038
