rms,media,desvio_padrao,minimo,skewness,kurtosis,pico_a_pico,crest_factor,shape_factor,mean_abs
0.2848742909891542,0.0097141533326789,0.2847086175225514,-0.9314030339321356,0.1905232862654279,2.488523774678604,1.902440239520958,3.4086515923116134,1.402356039060473,0.2031397755309054
