rms,media,desvio_padrao,minimo,skewness,kurtosis,pico_a_pico,crest_factor,shape_factor,mean_abs
0.2718179414185451,0.0156313607495752,0.27136811499904,-0.963727624750499,0.7364872590685775,5.360116101727552,2.1186413972055886,4.248850412257204,1.4952490960755809,0.1817877316441497
