rms,media,desvio_padrao,minimo,skewness,kurtosis,pico_a_pico,crest_factor,shape_factor,mean_abs
0.2942666393223727,0.0221475600864386,0.2934320033675621,-0.8912815568862276,-0.000260873666138,1.3163025477318229,1.864105548902196,3.305926877257151,1.3863427673059632,0.2122610989591065
