rms,media,desvio_padrao,minimo,skewness,kurtosis,pico_a_pico,crest_factor,shape_factor,mean_abs
0.2966312824837649,0.0074156335263357,0.2965385744340291,-0.8560331337325349,0.0617526337272056,0.5040077828312426,1.7426040718562872,2.9887978459327726,1.307930685366807,0.2267943445340723
