rms,media,desvio_padrao,minimo,skewness,kurtosis,pico_a_pico,crest_factor,shape_factor,mean_abs
0.2826842638163205,0.0100257092372631,0.282506421455628,-0.8462870259481038,0.0746625132782396,0.6891684265914475,1.678929500998004,2.9937535769518284,1.3079729673013625,0.2161239344262295
