rms,media,desvio_padrao,minimo,skewness,kurtosis,pico_a_pico,crest_factor,shape_factor,mean_abs
0.2903696796447729,0.0194492575180218,0.289717581860345,-0.9705499001996007,0.2934522062720221,2.0531049457999986,2.0895655089820355,3.853761901557337,1.339286197406107,0.2168092825918411
