rms,media,desvio_padrao,minimo,skewness,kurtosis,pico_a_pico,crest_factor,shape_factor,mean_abs
0.223109545269705,0.0161307480905956,0.2225256572993152,-0.6252128143712574,1.699825554974589,8.753588496747236,1.919333493013972,5.80038239546552,1.478911762341777,0.1508606199171904
