rms,media,desvio_padrao,minimo,skewness,kurtosis,pico_a_pico,crest_factor,shape_factor,mean_abs
0.2192336986305318,0.0083056706421867,0.2190763119335506,-0.7194251896207585,0.0558872579504243,0.7776773231648013,1.3147499401197609,3.281544735662125,1.305425044009166,0.1679404724435426
