rms,media,desvio_padrao,minimo,skewness,kurtosis,pico_a_pico,crest_factor,shape_factor,mean_abs
0.2121544058479467,0.0146431275154608,0.2116484602761411,-0.6533140918163673,0.0680416527754388,1.4095564041452544,1.3854092215568865,3.450765619570583,1.351300139987791,0.1570002100716599
