rms,media,desvio_padrao,minimo,skewness,kurtosis,pico_a_pico,crest_factor,shape_factor,mean_abs
0.2715221054758381,0.0192498943097411,0.2708388733751045,-0.9188955289421156,-0.1515045523541513,2.961708612357702,1.9784598802395208,3.902313402588477,1.4484207803202451,0.1874607912044763
