rms,media,desvio_padrao,minimo,skewness,kurtosis,pico_a_pico,crest_factor,shape_factor,mean_abs
0.2676762973196652,0.008548652117253,0.2675397553518803,-0.980945748502994,-0.5192713394253466,1.6677178589435862,1.6807162874251498,3.664671688623688,1.3337669271718782,0.2006919588921331
