rms,media,desvio_padrao,minimo,skewness,kurtosis,pico_a_pico,crest_factor,shape_factor,mean_abs
0.256341772705678,0.0153682426881773,0.2558806783455265,-0.6659840319361278,1.036587203014319,3.4331983351325777,1.762421157684631,4.277247185176451,1.4479462542788455,0.1770381821481004
