rms,media,desvio_padrao,minimo,skewness,kurtosis,pico_a_pico,crest_factor,shape_factor,mean_abs
0.3480707706142485,0.0150971470174405,0.3477432062714247,-0.9625905788423156,0.3730352319631718,1.5970355226331785,2.250701157684631,3.700714589073816,1.3578906731093583,0.2563319547789666
