rms,media,desvio_padrao,minimo,skewness,kurtosis,pico_a_pico,crest_factor,shape_factor,mean_abs
0.2898665451235209,0.0168878837366589,0.2893741753590726,-0.7871606387225549,0.1574406026909678,0.7741621502149325,1.6134681437125749,2.850648061637832,1.3833915500853786,0.2095332627307368
