rms,media,desvio_padrao,minimo,skewness,kurtosis,pico_a_pico,crest_factor,shape_factor,mean_abs
0.2563054242099827,0.0126912430875952,0.2559910209916565,-0.9115859481037925,0.4169946781161203,5.111123053731741,2.0239417165668665,4.339961871239046,1.519553169386232,0.1686715735741631
