rms,media,desvio_padrao,minimo,skewness,kurtosis,pico_a_pico,crest_factor,shape_factor,mean_abs
0.3237282610596083,0.0168851988584813,0.3232876073532474,-0.8215968862275449,0.5114619333221652,1.565379088662799,1.997302355289421,3.6317665477015386,1.3740388299395678,0.2356034298345457
