rms,media,desvio_padrao,minimo,skewness,kurtosis,pico_a_pico,crest_factor,shape_factor,mean_abs
0.2747893657332091,0.0174705023011827,0.274233435360103,-0.6546135728542914,0.081892677631745,0.2212787943520031,1.476697764471058,2.991688522673478,1.3253441556700194,0.2073343475033404
