rms,media,desvio_padrao,minimo,skewness,kurtosis,pico_a_pico,crest_factor,shape_factor,mean_abs
0.2940971712729469,0.0181248313209646,0.2935381348995998,-1.1549137724550895,-0.2896081146059963,4.273861994960751,2.296182994011976,3.926980213567687,1.4468188824670365,0.2032715876443833
