rms,media,desvio_padrao,minimo,skewness,kurtosis,pico_a_pico,crest_factor,shape_factor,mean_abs
0.2645950692369606,0.0152850114646739,0.2641532113926248,-1.068660718562874,0.0616722214061707,4.942391453198024,2.2334830339321354,4.40228277393217,1.4728097826920217,0.1796532534930139
