rms,media,desvio_padrao,minimo,skewness,kurtosis,pico_a_pico,crest_factor,shape_factor,mean_abs
0.3457922926893639,0.016810704492654,0.3453834244688465,-0.8789364870259481,0.4401088414431259,1.4574862965693738,2.0635758882235526,3.425869882709629,1.3435515653511425,0.2573718058964039
