rms,media,desvio_padrao,minimo,skewness,kurtosis,pico_a_pico,crest_factor,shape_factor,mean_abs
0.3334392458539837,0.0183112322895193,0.332936074115907,-0.9429359281437126,-0.149429986559557,1.1725410432360546,1.9266430738522955,2.9501840528374923,1.324910462485421,0.2516692676941199
