rms,media,desvio_padrao,minimo,skewness,kurtosis,pico_a_pico,crest_factor,shape_factor,mean_abs
0.2978113548416123,0.0177900028043087,0.2972795298583799,-0.9619408383233532,-0.1358521454270143,0.9363648011454346,1.836004271457086,3.230034122892832,1.3244386674531043,0.2248585473680737
