rms,media,desvio_padrao,minimo,skewness,kurtosis,pico_a_pico,crest_factor,shape_factor,mean_abs
0.3142431229704164,0.0200367726841399,0.3136036799442958,-1.0938381636726546,-0.3260813255667296,1.8703705035713911,2.135047345309381,3.480865876500442,1.3721434975547513,0.2290162242727659
