rms,media,desvio_padrao,minimo,skewness,kurtosis,pico_a_pico,crest_factor,shape_factor,mean_abs
0.3081448079967249,0.0174208320548984,0.3076519743246473,-1.1372083433133733,0.3716031412682938,4.397501129420091,2.451795848303393,4.266135501474981,1.4558410204706826,0.2116610286864288
