rms,media,desvio_padrao,minimo,skewness,kurtosis,pico_a_pico,crest_factor,shape_factor,mean_abs
0.3347635701524695,0.0160918173570214,0.3343765860753047,-0.8406017964071857,0.5403678061198837,2.274601732280232,2.057890658682635,3.636264429014871,1.409879706388742,0.2374412289470645
