rms,media,desvio_padrao,minimo,skewness,kurtosis,pico_a_pico,crest_factor,shape_factor,mean_abs
0.3260441897709453,0.0087648398285396,0.325926358655099,-1.0858788423153694,0.2163571542610916,2.982916824373514,2.4071261876247507,4.052356664406726,1.4687232891175803,0.2219915706292333
