rms,media,desvio_padrao,minimo,skewness,kurtosis,pico_a_pico,crest_factor,shape_factor,mean_abs
0.246070600823497,0.0148822797380445,0.2456201505158634,-0.800642754491018,0.0089516916947715,1.5250877466067827,1.576920239520958,3.2537115438073307,1.3697383776822296,0.1796478837366589
