rms,media,desvio_padrao,minimo,skewness,kurtosis,pico_a_pico,crest_factor,shape_factor,mean_abs
0.2126431843438201,0.0156071968459774,0.2120696566095461,-0.6182281037924152,-0.0763003072892604,0.7165309863455427,1.1222643113772457,2.9073497262569665,1.355705411473496,0.1568505831312582
