rms,media,desvio_padrao,minimo,skewness,kurtosis,pico_a_pico,crest_factor,shape_factor,mean_abs
0.2810507127991022,0.0157442246654232,0.2806093771679202,-1.2101417165668662,-0.4115527197816356,5.91458647649385,2.3588829540918166,4.305777076722404,1.5123444000037665,0.1858377713425607
