rms,media,desvio_padrao,minimo,skewness,kurtosis,pico_a_pico,crest_factor,shape_factor,mean_abs
0.2156304073854281,0.0176535031576191,0.2149065527513519,-0.6747555289421158,0.9794262540178396,5.55633117525081,1.781588502994012,5.133009706156563,1.4333801863046558,0.1504349016720657
