rms,media,desvio_padrao,minimo,skewness,kurtosis,pico_a_pico,crest_factor,shape_factor,mean_abs
0.2899530276664154,0.013795003108537,0.2896246815141218,-0.8100639920159681,0.0006560366292036,1.356149745212349,1.6553764071856287,2.915342605569113,1.360386471813354,0.2131401874938647
