rms,media,desvio_padrao,minimo,skewness,kurtosis,pico_a_pico,crest_factor,shape_factor,mean_abs
0.3547816188854484,0.0165294524999587,0.3543963519832438,-1.0377980439121757,0.2199887576277898,2.013694869636492,2.224061796407186,3.343644905341136,1.4320544530067474,0.2477431065142442
