rms,media,desvio_padrao,minimo,skewness,kurtosis,pico_a_pico,crest_factor,shape_factor,mean_abs
0.3076587085774902,0.0137022757790204,0.3073534262084038,-0.9902045508982036,-0.1217533580532686,1.707830981486798,2.041322275449102,3.4165056773816382,1.3619145587276773,0.2259016225400439
