rms,media,desvio_padrao,minimo,skewness,kurtosis,pico_a_pico,crest_factor,shape_factor,mean_abs
0.2756354751562569,0.0155373900133617,0.2751972105167278,-0.6690702994011976,0.5156382582881938,2.007062941044416,1.6880258682634732,3.696750457409856,1.373260260894794,0.2007161227957309
