rms,media,desvio_padrao,minimo,skewness,kurtosis,pico_a_pico,crest_factor,shape_factor,mean_abs
0.3504902288756604,0.0155857178205572,0.3501435219125591,-1.0993609580838324,0.5551609424872451,3.921195028317361,2.6660477844311377,4.469987170179007,1.4723925219048373,0.2380412992197423
