rms,media,desvio_padrao,minimo,skewness,kurtosis,pico_a_pico,crest_factor,shape_factor,mean_abs
0.2108581501106327,-0.0023653776744032,0.2108448824528011,-0.7421661077844312,0.4628443938384377,4.401515502154404,1.7287970858283432,4.679121852896122,1.3878956412203725,0.1519265165536695
