rms,media,desvio_padrao,minimo,skewness,kurtosis,pico_a_pico,crest_factor,shape_factor,mean_abs
0.3733292360517783,0.017063743257287,0.372939066279002,-0.9401745309381238,0.4473873706339258,1.353806731003818,2.205544191616766,3.389420218091744,1.3566205174843016,0.2751906161231255
