rms,media,desvio_padrao,minimo,skewness,kurtosis,pico_a_pico,crest_factor,shape_factor,mean_abs
0.3376042688227336,0.016442193959189,0.3372036426036068,-1.0210672255489022,0.3236418271032952,3.2630736469868484,2.5079984031936124,4.404361303930832,1.402550533616393,0.2407073832500288
