rms,media,desvio_padrao,minimo,skewness,kurtosis,pico_a_pico,crest_factor,shape_factor,mean_abs
0.3531466737465269,0.0141197743356262,0.352864287157183,-0.9279918962075848,0.1422172406048245,0.8534269543143944,1.9047143313373252,2.765769884698925,1.3462266726611325,0.2623233374573168
