rms,media,desvio_padrao,minimo,skewness,kurtosis,pico_a_pico,crest_factor,shape_factor,mean_abs
0.3072108311678064,0.0145131089886342,0.3068678289659873,-0.9612910978043911,0.6208601114527162,4.297548255670952,2.2930967265469064,4.335151933543153,1.4987475791230522,0.2049783669025585
