rms,media,desvio_padrao,minimo,skewness,kurtosis,pico_a_pico,crest_factor,shape_factor,mean_abs
0.3067183923159118,0.0150366602332525,0.306349589576822,-0.9125605588822356,0.1026243938675206,0.8979532430128669,1.7651825548902196,2.9752391175235497,1.366326254609503,0.2244840068623084
