rms,media,desvio_padrao,minimo,skewness,kurtosis,pico_a_pico,crest_factor,shape_factor,mean_abs
0.2747636233003633,0.0189756185988678,0.2741075967351767,-0.6843392015968064,0.2369599195291131,0.9830923437009452,1.5060985229540915,2.990786449409145,1.3400245186901074,0.2050437282811426
