rms,media,desvio_padrao,minimo,skewness,kurtosis,pico_a_pico,crest_factor,shape_factor,mean_abs
0.2917010630106565,0.0110764649213968,0.2914906895363763,-1.041046746506986,0.0699801088382212,3.292299650886412,2.1852398003992017,3.922485033420722,1.47271573063734,0.1980701753517758
