rms,media,desvio_padrao,minimo,skewness,kurtosis,pico_a_pico,crest_factor,shape_factor,mean_abs
0.2522783972556868,0.0139184084723115,0.2518941595740084,-0.97964626746507,-0.1879783915847323,1.7892310256801354,1.7554364471057884,3.8831952244891896,1.3282073103077867,0.1899390217911284
