rms,media,desvio_padrao,minimo,skewness,kurtosis,pico_a_pico,crest_factor,shape_factor,mean_abs
0.2991947853106295,0.0148930192507546,0.2988238905018645,-1.08295500998004,-0.3337969746134961,0.9782606376049624,1.8631309381237524,3.6195651232881496,1.301697320377467,0.2298497359001006
