rms,media,desvio_padrao,minimo,skewness,kurtosis,pico_a_pico,crest_factor,shape_factor,mean_abs
0.3218204136951775,0.0102025370746111,0.3216586496710082,-0.9307532934131736,-0.1235132027760057,0.7478110573787626,1.8062786427145707,2.892151193040123,1.3445362874143332,0.2393542046485541
