rms,media,desvio_padrao,minimo,skewness,kurtosis,pico_a_pico,crest_factor,shape_factor,mean_abs
0.2427657717640856,0.0130417957473482,0.2424152047704445,-0.7421661077844312,0.223391647310776,2.2801147414591263,1.5525549700598802,3.338151240954046,1.4004113577382875,0.1733531868494416
