rms,media,desvio_padrao,minimo,skewness,kurtosis,pico_a_pico,crest_factor,shape_factor,mean_abs
0.2078073532421024,0.0154514739116807,0.2072321114485991,-0.6476288622754491,-0.0650445157106187,0.8197178789643136,1.2528621556886228,3.116486746842591,1.31067302260665,0.1585501110176341
