rms,media,desvio_padrao,minimo,skewness,kurtosis,pico_a_pico,crest_factor,shape_factor,mean_abs
0.3459162840659066,0.0129263459857145,0.3456746811113342,-0.9119108183632736,0.0978471786457698,0.6529404277895003,1.985119720558882,3.102510496415753,1.3167567857224955,0.2627032477194371
