rms,media,desvio_padrao,minimo,skewness,kurtosis,pico_a_pico,crest_factor,shape_factor,mean_abs
0.3017614965808481,0.0049683670675178,0.3017205928460893,-0.8168862674650699,0.4154442216214135,2.0053373127381127,2.0497689021956087,4.085619433558927,1.3785392446012066,0.2188994602530476
