rms,media,desvio_padrao,minimo,skewness,kurtosis,pico_a_pico,crest_factor,shape_factor,mean_abs
0.1902535296550954,0.0085553643126969,0.1900610725206487,-0.4554681037924152,0.1125042807353645,-0.2349238504122226,0.941474011976048,2.5545171701397478,1.236248405162374,0.1538958746968872
