rms,media,desvio_padrao,minimo,skewness,kurtosis,pico_a_pico,crest_factor,shape_factor,mean_abs
0.2928381196644051,0.0207943594777657,0.2920988855550357,-0.9536566467065868,-0.1694363283048933,1.4194196947886013,1.9139731337325347,3.2793424849417785,1.34642765866715,0.2174926501096168
