rms,media,desvio_padrao,minimo,skewness,kurtosis,pico_a_pico,crest_factor,shape_factor,mean_abs
0.2927321534723143,0.0141815265337094,0.2923884368125941,-0.8531093013972056,-0.0507451972278885,2.140052134059164,1.8252835528942115,3.321036790681592,1.411829661728628,0.207342402137873
