rms,media,desvio_padrao,minimo,skewness,kurtosis,pico_a_pico,crest_factor,shape_factor,mean_abs
0.2995845356476584,0.0162435129740518,0.29914384881773,-0.8750380439121755,0.6518255301944118,3.7976584145583896,2.087128982035928,4.045906226445857,1.5045530911485407,0.199118620280101
