rms,media,desvio_padrao,minimo,skewness,kurtosis,pico_a_pico,crest_factor,shape_factor,mean_abs
0.2043848381514083,0.0178973979314099,0.2035997181075213,-0.6334970059880239,0.3288437948021517,1.982276016387031,1.3168615968063873,3.343519005612964,1.345287463885262,0.1519265165536695
