rms,media,desvio_padrao,minimo,skewness,kurtosis,pico_a_pico,crest_factor,shape_factor,mean_abs
0.2833918253293793,0.0180759423302155,0.2828147573454966,-1.0126205988023953,0.1044630692189924,2.3027804581128333,2.070723033932136,3.73370838731828,1.3312786407601032,0.2128719087444945
