rms,media,desvio_padrao,minimo,skewness,kurtosis,pico_a_pico,crest_factor,shape_factor,mean_abs
0.3536174240895708,0.0162661473773764,0.3532431104342177,-1.0301635928143713,0.4165484734624635,2.1232041417281486,2.452932894211577,4.0234705771648285,1.3342330960362627,0.2650342171394915
