rms,media,desvio_padrao,minimo,skewness,kurtosis,pico_a_pico,crest_factor,shape_factor,mean_abs
0.3118992548122694,0.0081700842942214,0.3117922302994003,-1.0030369261477046,0.3544214427171105,3.8022525354513057,2.323634530938124,4.234051811330168,1.5235860635656002,0.2047139064020718
