rms,media,desvio_padrao,minimo,skewness,kurtosis,pico_a_pico,crest_factor,shape_factor,mean_abs
0.3442839983268455,0.0198291677801421,0.3437124897484325,-1.011645988023952,0.2835183075704478,2.3158567150615283,2.4209331736526947,4.093385671357395,1.3956407124985863,0.2466852645122977
