rms,media,desvio_padrao,minimo,skewness,kurtosis,pico_a_pico,crest_factor,shape_factor,mean_abs
0.292684779660155,0.0114845664043813,0.2924593732114204,-0.890469381237525,0.3380422426029272,2.7867624649810887,2.104022235528942,4.146279337451403,1.41890460933365,0.2062751630623051
