rms,media,desvio_padrao,minimo,skewness,kurtosis,pico_a_pico,crest_factor,shape_factor,mean_abs
0.2874801263954115,0.0072787047392817,0.2873879669186588,-0.9906918562874252,-0.2148609273803567,1.4754098830608466,1.8087151696606787,3.446122932772015,1.3428708406235803,0.2140787614852938
