rms,media,desvio_padrao,minimo,skewness,kurtosis,pico_a_pico,crest_factor,shape_factor,mean_abs
0.3495332677166942,0.0206695346497088,0.3489215894410586,-1.01099624750499,0.243299590876391,1.7655575033330848,2.233483033932136,3.4974833566285977,1.3396160247106423,0.2609204886095577
