rms,media,desvio_padrao,minimo,skewness,kurtosis,pico_a_pico,crest_factor,shape_factor,mean_abs
0.2794737795137562,0.0110575717417623,0.2792549436319425,-0.7504502994011977,0.5383126262963203,2.2017390292357257,1.6466049101796407,3.206578493115247,1.4268222966087982,0.195871469192762
