rms,media,desvio_padrao,minimo,skewness,kurtosis,pico_a_pico,crest_factor,shape_factor,mean_abs
0.2674369971761704,0.0157226466076112,0.266974429191747,-0.9304284231536926,-0.0571330847728993,2.237217771921109,1.864917724550898,3.4942409287583485,1.3902885740249586,0.1923607819072599
