rms,media,desvio_padrao,minimo,skewness,kurtosis,pico_a_pico,crest_factor,shape_factor,mean_abs
0.230574620962943,0.0097729565662064,0.2303674133903488,-0.9411491417165668,0.2882485081434624,4.566390998461197,1.8681664271457088,4.081755128929928,1.4562671787390913,0.1583326358852542
