rms,media,desvio_padrao,minimo,skewness,kurtosis,pico_a_pico,crest_factor,shape_factor,mean_abs
0.2254554699245595,0.0241894099404496,0.2241540572143115,-0.8368657884231536,0.0144144830330072,2.640486839193536,1.6776300199600798,3.7291808968673834,1.4097950525578544,0.1599207413272628
