rms,media,desvio_padrao,minimo,skewness,kurtosis,pico_a_pico,crest_factor,shape_factor,mean_abs
0.2019070509472552,0.0108616746671945,0.2016146850942201,-0.4993255888223553,0.3297827471431612,0.9667432505302394,1.2103041516966069,3.52131616770522,1.348459592514872,0.1497316286435393
