rms,media,desvio_padrao,minimo,skewness,kurtosis,pico_a_pico,crest_factor,shape_factor,mean_abs
0.2816911765992034,0.0129236611075369,0.2813945592178732,-0.856682874251497,0.0713300171743595,1.9340070548343384,1.731883353293413,3.106950276568908,1.396974511261975,0.2016437482060672
