rms,media,desvio_padrao,minimo,skewness,kurtosis,pico_a_pico,crest_factor,shape_factor,mean_abs
0.3590442375248621,0.0161012144306428,0.3586830291408669,-1.1584873453093811,0.6032229219023583,4.425745737634957,2.854797405189621,4.724515484704801,1.4481851818952196,0.2479270206694049
