rms,media,desvio_padrao,minimo,skewness,kurtosis,pico_a_pico,crest_factor,shape_factor,mean_abs
0.299550055811132,0.0091608043417297,0.299409945727033,-0.8781243113772456,0.1534966434209557,1.1143464009345667,1.8509483033932133,3.2476174620689737,1.3398663207657138,0.2235671209646822
