rms,media,desvio_padrao,minimo,skewness,kurtosis,pico_a_pico,crest_factor,shape_factor,mean_abs
0.2605947956699393,0.0082841916167664,0.2604630870190901,-0.7098415169660679,0.3706283377649418,1.2905549629059685,1.5056112175648702,3.053666895200385,1.3866831477835573,0.1879267055970703
