rms,media,desvio_padrao,minimo,skewness,kurtosis,pico_a_pico,crest_factor,shape_factor,mean_abs
0.2865922130507745,0.0222815729197343,0.2857247418225504,-1.0338996007984034,0.3031121768528519,3.6104136622892433,2.312426506986028,4.461136234574219,1.3792188207458267,0.2077931425673243
