rms,media,desvio_padrao,minimo,skewness,kurtosis,pico_a_pico,crest_factor,shape_factor,mean_abs
0.2780730317064595,0.0045308749713687,0.2780361166007313,-0.9466719361277444,-0.4309127648395185,1.8862201297587724,1.7463400798403192,3.404400384741638,1.359846665910449,0.2044885196819475
