rms,media,desvio_padrao,minimo,skewness,kurtosis,pico_a_pico,crest_factor,shape_factor,mean_abs
0.2978713922735389,0.0174830794149406,0.2973578791105886,-0.9598291816367266,-0.1101231421030036,1.7870780135684887,2.0015256686626746,3.497135052396524,1.3419266554670737,0.2219729305323778
