rms,media,desvio_padrao,minimo,skewness,kurtosis,pico_a_pico,crest_factor,shape_factor,mean_abs
0.3109721850620662,0.0136046078335133,0.3106744510383374,-1.024153493013972,0.1557251510589887,2.719984680255872,2.208143153692615,3.807381230711463,1.4319443946825974,0.2171677798501357
