rms,media,desvio_padrao,minimo,skewness,kurtosis,pico_a_pico,crest_factor,shape_factor,mean_abs
0.2737907667823824,0.0084197779647316,0.2736612711260209,-0.8924186027944111,-0.1729014776012146,1.449991317379955,1.7226245508982037,3.25949122858381,1.4027803450789924,0.195177219115488
