rms,media,desvio_padrao,minimo,skewness,kurtosis,pico_a_pico,crest_factor,shape_factor,mean_abs
0.2552938219180562,0.0053482773296382,0.2552377939082171,-0.7754653093812376,0.8606134368746018,4.09717856379664,1.8067659481037923,4.03966155927416,1.4293030109543503,0.1786142056383101
