rms,media,desvio_padrao,minimo,skewness,kurtosis,pico_a_pico,crest_factor,shape_factor,mean_abs
0.2586821091512441,0.0087635083930499,0.2585336235687364,-0.8258201996007983,-0.3752041154607996,1.782893895038228,1.6405948103792416,3.1924132763196416,1.3870986109052212,0.1864915061679919
