rms,media,desvio_padrao,minimo,skewness,kurtosis,pico_a_pico,crest_factor,shape_factor,mean_abs
0.1937729735835511,0.0144008062563397,0.1932371135951346,-0.7119531736526946,0.0674640079349199,1.6751172360181412,1.4016527345309382,3.674161367739522,1.3037434818420384,0.1486281437125748
