rms,media,desvio_padrao,minimo,skewness,kurtosis,pico_a_pico,crest_factor,shape_factor,mean_abs
0.3042076290728464,0.0104388063542336,0.3040284738441802,-1.031950379241517,0.0764194841445966,2.262569073456594,2.0349873053892216,3.3922567372378527,1.4141443240156868,0.2151178093399977
