rms,media,desvio_padrao,minimo,skewness,kurtosis,pico_a_pico,crest_factor,shape_factor,mean_abs
0.2951482406872441,0.0156936301168155,0.2947307143046546,-1.009047025948104,-0.0079267312014837,2.6780654257377527,2.1404077045908183,3.833194722788705,1.3637699331318824,0.2164208445404273
