rms,media,desvio_padrao,minimo,skewness,kurtosis,pico_a_pico,crest_factor,shape_factor,mean_abs
0.3304082800610308,0.0104804219659853,0.3302420207791605,-0.8808857085828343,0.267530263049437,1.8591358633869015,1.9557189620758484,3.2530457568874422,1.4170462272645934,0.2331669028884379
