rms,media,desvio_padrao,minimo,skewness,kurtosis,pico_a_pico,crest_factor,shape_factor,mean_abs
0.3598094979643846,0.0217663073852295,0.3591505292884785,-1.0335747305389222,0.2394163653636485,1.4294164649318812,2.063575888223553,2.8725609979346056,1.4052086338087644,0.256054146912786
