rms,media,desvio_padrao,minimo,skewness,kurtosis,pico_a_pico,crest_factor,shape_factor,mean_abs
0.3111281618731478,0.0054798363603371,0.3110799005143657,-0.9135351696606786,0.587946552426515,3.276210357000245,2.1889758083832334,4.099405952337331,1.4501341255380895,0.214551300044539
