rms,media,desvio_padrao,minimo,skewness,kurtosis,pico_a_pico,crest_factor,shape_factor,mean_abs
0.3339738566429712,0.0094185526467725,0.3338410217259405,-1.0088845908183632,0.3774260258150855,3.181035314350438,2.364405748502994,4.058764273677045,1.4442873559789924,0.2312378179178832
