rms,media,desvio_padrao,minimo,skewness,kurtosis,pico_a_pico,crest_factor,shape_factor,mean_abs
0.3240820187548536,0.0092854311050031,0.323948970749122,-0.8972916566866268,0.3123571650306267,3.015145135790309,2.013708303393213,3.4448583447978374,1.4962378705417183,0.2165979254605543
