rms,media,desvio_padrao,minimo,skewness,kurtosis,pico_a_pico,crest_factor,shape_factor,mean_abs
0.281212803117449,0.0092963906896949,0.2810591001147582,-0.9271797205588822,0.6248927473833876,4.232527572132434,2.039860359281437,3.956721125025882,1.55299624059343,0.1810775813661932
