rms,media,desvio_padrao,minimo,skewness,kurtosis,pico_a_pico,crest_factor,shape_factor,mean_abs
0.273518157300286,0.0146231889939129,0.2731269754465719,-0.7900844710578843,0.1201923093863848,1.6675340195915718,1.63068626746507,3.0732943096144005,1.391782148673048,0.1965236855215189
