rms,media,desvio_padrao,minimo,skewness,kurtosis,pico_a_pico,crest_factor,shape_factor,mean_abs
0.3289323240408063,0.0118644766665017,0.3287182805873687,-1.049168502994012,0.424768466944045,3.4441620116179825,2.313888423153693,3.8449244045799023,1.4820771306516225,0.2219400847890995
