rms,media,desvio_padrao,minimo,skewness,kurtosis,pico_a_pico,crest_factor,shape_factor,mean_abs
0.26614505021823,0.0129961528183302,0.2658275526870507,-0.741516367265469,0.1008676152855521,1.2634299805269125,1.5939759281437125,3.2029885965538543,1.3714268895584651,0.1940643371109021
