rms,media,desvio_padrao,minimo,skewness,kurtosis,pico_a_pico,crest_factor,shape_factor,mean_abs
0.2756101049190523,0.016698599825143,0.2751037744149847,-0.9327025149700598,-0.2009413046869551,1.68884011787173,1.8286946906187624,3.3841375853907745,1.3552322088748217,0.2033674399960409
