rms,media,desvio_padrao,minimo,skewness,kurtosis,pico_a_pico,crest_factor,shape_factor,mean_abs
0.3266276457479927,0.0150132665815909,0.3262824248920348,-0.784399241516966,-0.1219910997773128,0.1173815584695572,1.5926764471057884,2.474613573317805,1.257921846217612,0.2596565491966885
