rms,media,desvio_padrao,minimo,skewness,kurtosis,pico_a_pico,crest_factor,shape_factor,mean_abs
0.3378569384042436,0.0150505467753018,0.3375215428230519,-1.1679085828343314,0.3747036294769223,3.9801286000530727,2.605297045908184,4.254429315150031,1.5153466744396675,0.2229568613592487
