rms,media,desvio_padrao,minimo,skewness,kurtosis,pico_a_pico,crest_factor,shape_factor,mean_abs
0.1774574453581073,0.0170422642318668,0.1766372161886528,-0.4657015169660679,0.4172864557577856,1.842248011276575,1.1851267065868265,4.054071601047596,1.4020885916868358,0.126566499727817
