rms,media,desvio_padrao,minimo,skewness,kurtosis,pico_a_pico,crest_factor,shape_factor,mean_abs
0.2992423412898302,0.00863968489251,0.2991175933735382,-0.8308556886227545,0.5563132887774433,2.670384620736729,1.9026026746506983,3.581535224622196,1.4381437276073317,0.2080754068911357
