rms,media,desvio_padrao,minimo,skewness,kurtosis,pico_a_pico,crest_factor,shape_factor,mean_abs
0.2671664240007887,0.016535097346291,0.2666542492988212,-0.9250680638722556,0.5815634357302202,5.3765865184275325,2.1360219560878244,4.532582628017634,1.5078067838410194,0.1771887664016229
