rms,media,desvio_padrao,minimo,skewness,kurtosis,pico_a_pico,crest_factor,shape_factor,mean_abs
0.2354967365721997,0.0132224858479761,0.2351252406785713,-0.6395071057884232,-0.1194541308124646,-0.0923778376834079,1.2060808383233534,2.7155667424391674,1.241022938563375,0.1897601802951474
