rms,media,desvio_padrao,minimo,skewness,kurtosis,pico_a_pico,crest_factor,shape_factor,mean_abs
0.3073697451960132,0.0190626350604575,0.3067780569180492,-1.1225891816367264,-0.1821808690261183,2.892412006014804,2.198397045908184,3.652243589950073,1.4424360482973655,0.213090726315963
