rms,media,desvio_padrao,minimo,skewness,kurtosis,pico_a_pico,crest_factor,shape_factor,mean_abs
0.2664710340655639,0.0103314112271325,0.2662706779538948,-0.8724390818363273,0.3546268486546157,2.9548270708132414,1.837953493013972,3.623337202722321,1.4054126517456826,0.1896034120189373
