rms,media,desvio_padrao,minimo,skewness,kurtosis,pico_a_pico,crest_factor,shape_factor,mean_abs
0.2631909779109205,0.024541128981706,0.2620443165611685,-0.7485010778443114,-0.0510411323825005,0.8990962167381169,1.5314384031936128,2.9747878577140816,1.3454642036895526,0.1956135118193365
