rms,media,desvio_padrao,minimo,skewness,kurtosis,pico_a_pico,crest_factor,shape_factor,mean_abs
0.3396245457668022,0.0172933003414658,0.3391839823025352,-0.9492708982035928,-0.0405378414893611,0.5175222055169102,1.894156047904192,2.7950597506441563,1.3158640607340133,0.2581000240840633
