rms,media,desvio_padrao,minimo,skewness,kurtosis,pico_a_pico,crest_factor,shape_factor,mean_abs
0.2564604524778957,0.0124242737665165,0.2561593275805932,-0.891443992015968,0.6115902718803079,4.2176118849121655,1.880511497005988,3.856608281837402,1.4953205817035842,0.171508675541479
