rms,media,desvio_padrao,minimo,skewness,kurtosis,pico_a_pico,crest_factor,shape_factor,mean_abs
0.2883639198799085,0.0230550489104435,0.287440802615501,-0.6702073453093813,0.1746433054716021,0.0604057415788901,1.5595396806387227,3.0840624433865056,1.2464948353930263,0.2313398432886293
