rms,media,desvio_padrao,minimo,skewness,kurtosis,pico_a_pico,crest_factor,shape_factor,mean_abs
0.2427492209873747,0.0033725260953502,0.2427257925266976,-0.6343091816367266,-0.1428765437778129,0.5046658254565131,1.297044510978044,2.7301234032622737,1.3071229391114092,0.1857126164065312
