rms,media,desvio_padrao,minimo,skewness,kurtosis,pico_a_pico,crest_factor,shape_factor,mean_abs
0.2900494297285634,0.0115919615314824,0.2898176980684884,-0.9744483433133732,-0.1785580064726003,2.1851391070945603,1.9722873453093808,3.440237765438168,1.4455853273285777,0.2006449735240263
