rms,media,desvio_padrao,minimo,skewness,kurtosis,pico_a_pico,crest_factor,shape_factor,mean_abs
0.3145758533254023,0.0194586545916431,0.3139734515160289,-0.9720118163672656,0.4690372787299063,2.7263936174831684,2.264183273453094,4.107662566678903,1.430988767059063,0.2198311129806502
