rms,media,desvio_padrao,minimo,skewness,kurtosis,pico_a_pico,crest_factor,shape_factor,mean_abs
0.2330156954070113,0.0179175345177413,0.2323257976696058,-0.8102264271457086,0.1149104232877073,1.5761290190807395,1.5739964071856287,3.4771324126062675,1.3401407001060632,0.1738740532158822
