rms,media,desvio_padrao,minimo,skewness,kurtosis,pico_a_pico,crest_factor,shape_factor,mean_abs
0.2894414833752014,0.0088090853004734,0.2893074010712584,-0.8095766866267465,0.0705984673283361,1.3664125426485532,1.7632333333333334,3.294816747018833,1.3897682917722722,0.208266000230943
