rms,media,desvio_padrao,minimo,skewness,kurtosis,pico_a_pico,crest_factor,shape_factor,mean_abs
0.2846990854776588,0.0192858430679624,0.2840451117850353,-0.7889474251497006,0.0529711702158245,1.1921047214531884,1.7833752894211576,3.4929085304332417,1.3108110499974268,0.2171930771244396
