rms,media,desvio_padrao,minimo,skewness,kurtosis,pico_a_pico,crest_factor,shape_factor,mean_abs
0.2236383937820717,0.0144607538641724,0.2231703783460179,-0.6981461876247504,0.1796845594341573,1.4075519874993576,1.4328402794411177,3.285187661168335,1.3179257937308675,0.1696896705762029
