rms,media,desvio_padrao,minimo,skewness,kurtosis,pico_a_pico,crest_factor,shape_factor,mean_abs
0.2589504306914603,0.0179269315913627,0.2583291518180079,-0.6539638323353293,0.0477555101339603,0.8409420681517901,1.403439520958084,2.8942824563816054,1.345119234671045,0.1925111350852014
