rms,media,desvio_padrao,minimo,skewness,kurtosis,pico_a_pico,crest_factor,shape_factor,mean_abs
0.2571988561676782,0.0005678517345474,0.2571982293064428,-0.8612310578842316,0.3179788967377513,4.259914754619914,1.8577705788423156,3.87458768599033,1.5032971237040418,0.1710898345457844
