rms,media,desvio_padrao,minimo,skewness,kurtosis,pico_a_pico,crest_factor,shape_factor,mean_abs
0.3674007685558756,0.0107663614918922,0.3672429852232361,-0.873576127744511,0.49929181121687,1.4505443908658189,2.084205149700599,3.295118370913181,1.3873589162230922,0.2648202741624189
