rms,media,desvio_padrao,minimo,skewness,kurtosis,pico_a_pico,crest_factor,shape_factor,mean_abs
0.2879141005254412,0.0085137487009452,0.287788195318069,-0.8841344111776448,-0.1980739239857501,2.172922690948241,1.8085527345309385,3.2107434879578194,1.4279400637768744,0.2016289813760907
