rms,media,desvio_padrao,minimo,skewness,kurtosis,pico_a_pico,crest_factor,shape_factor,mean_abs
0.3116088662526103,0.008155317464245,0.311502128924177,-1.0158693013972055,-0.0631325012062064,1.5513697789326375,2.046682634730539,3.308035954592156,1.4139347069470922,0.2203841978852213
