rms,media,desvio_padrao,minimo,skewness,kurtosis,pico_a_pico,crest_factor,shape_factor,mean_abs
0.2525946713249284,0.0226066742547961,0.2515810133155643,-0.7129277844311377,-0.0837131674366082,0.5139260199196296,1.3802112974051894,2.8224181479824404,1.3216708519525344,0.1911176833110638
