rms,media,desvio_padrao,minimo,skewness,kurtosis,pico_a_pico,crest_factor,shape_factor,mean_abs
0.2892899270336437,0.0132525586842843,0.2889862134625984,-0.9526820359281436,0.5032042248337166,3.692370107413871,2.1949859081836327,4.294321219525255,1.4519320612695488,0.1992448095544448
