rms,media,desvio_padrao,minimo,skewness,kurtosis,pico_a_pico,crest_factor,shape_factor,mean_abs
0.266122068152998,0.0153181653087268,0.2656808404262593,-0.5959744910179641,0.5309548360654066,1.077310501757296,1.4292667065868263,3.131240566978416,1.3542747171995215,0.1965052324858479
