rms,media,desvio_padrao,minimo,skewness,kurtosis,pico_a_pico,crest_factor,shape_factor,mean_abs
0.3514961747083223,0.0088184823740947,0.3513855364171969,-1.0256154091816367,0.1243097988462442,1.0735455657192343,2.211554291417165,3.373973794223058,1.3536438893120015,0.2596666505006516
