rms,media,desvio_padrao,minimo,skewness,kurtosis,pico_a_pico,crest_factor,shape_factor,mean_abs
0.2879289272961917,0.006159110539252,0.2878630447474995,-1.009047025948104,0.1514014367331872,2.405539434337375,2.0499313373253494,3.6150737654313234,1.4200715754500812,0.2027566302106531
