rms,media,desvio_padrao,minimo,skewness,kurtosis,pico_a_pico,crest_factor,shape_factor,mean_abs
0.3773258303577602,0.0144218231305983,0.3770501203722962,-1.1380205189620758,0.3828562443755513,2.0410455668133363,2.495815768463074,3.598468857044876,1.387016949748342,0.2720412540208838
