rms,media,desvio_padrao,minimo,skewness,kurtosis,pico_a_pico,crest_factor,shape_factor,mean_abs
0.2370311247244626,0.0220871833382415,0.2359998102124802,-0.7795261876247506,1.0276850106881874,5.578768273897048,1.92794255489022,4.845002396206186,1.5344090718058054,0.1544771398187231
