rms,media,desvio_padrao,minimo,skewness,kurtosis,pico_a_pico,crest_factor,shape_factor,mean_abs
0.2039033281841358,0.0057724880816878,0.2038216024515413,-0.7816378443113772,-0.1991364584528757,1.342338658135648,1.3571455089820357,3.833374625477009,1.281362853654973,0.1591300447039804
