rms,media,desvio_padrao,minimo,skewness,kurtosis,pico_a_pico,crest_factor,shape_factor,mean_abs
0.3081542125473381,0.0142553606835914,0.3078243060618357,-0.9460221956087824,0.4652194678637265,3.0566775908230914,2.2930967265469064,4.371429875329673,1.3723776533142336,0.2245403893040365
