rms,media,desvio_padrao,minimo,skewness,kurtosis,pico_a_pico,crest_factor,shape_factor,mean_abs
0.2957807147023066,0.0073914696227379,0.2956883449962535,-0.8128253892215569,0.0642646481644711,2.088824666969412,1.9094249500998004,3.7074748500149313,1.389503727472495,0.2128678814272281
