rms,media,desvio_padrao,minimo,skewness,kurtosis,pico_a_pico,crest_factor,shape_factor,mean_abs
0.2429039230831654,0.0153155024377474,0.2424206081055645,-0.6882376447105788,-0.275116410416258,0.5379290433874853,1.3244960479041916,2.833373936389409,1.3089131292898373,0.1855768099865842
