rms,media,desvio_padrao,minimo,skewness,kurtosis,pico_a_pico,crest_factor,shape_factor,mean_abs
0.2933898288178402,0.0026405776876,0.2933779456660595,-0.9008652295409182,0.0086591089749516,1.6207676609126196,1.7942584431137725,3.070540083719968,1.3697975271974498,0.2141848141733063
