rms,media,desvio_padrao,minimo,skewness,kurtosis,pico_a_pico,crest_factor,shape_factor,mean_abs
0.3206745975285894,0.0093836492304646,0.3205372749419987,-1.037960479041916,0.0767960758160113,1.2689318890278702,2.1555141716566864,3.4850084828285657,1.3179869891970453,0.2433063453258772
