rms,media,desvio_padrao,minimo,skewness,kurtosis,pico_a_pico,crest_factor,shape_factor,mean_abs
0.2610539624173482,0.0127924321848107,0.2607403401328518,-0.9970268263473054,-0.4430715390617483,2.038852469748636,1.695173013972056,3.8192365176719822,1.365025646641607,0.1912447308661365
