rms,media,desvio_padrao,minimo,skewness,kurtosis,pico_a_pico,crest_factor,shape_factor,mean_abs
0.3616603611006747,0.0171818778970983,0.3612519894248329,-1.103909141716567,0.1832415073170755,2.690918896132908,2.2661324950099804,3.213576820407718,1.4664631728821609,0.246620827436037
