rms,media,desvio_padrao,minimo,skewness,kurtosis,pico_a_pico,crest_factor,shape_factor,mean_abs
0.278899423804273,0.0125833968129315,0.2786154100601828,-0.7848865469061876,-0.2533975650221905,0.8889949205921504,1.5640878642714573,2.814227925608795,1.3279030835382517,0.2100299541899807
