rms,media,desvio_padrao,minimo,skewness,kurtosis,pico_a_pico,crest_factor,shape_factor,mean_abs
0.2784489704614182,0.0186986800170151,0.2778204249450445,-0.7907342115768463,0.1152361592108466,1.0410817346843355,1.7835377245508983,3.5654774062510466,1.2830489095000293,0.2170213219462713
