rms,media,desvio_padrao,minimo,skewness,kurtosis,pico_a_pico,crest_factor,shape_factor,mean_abs
0.2293190064811094,0.0161210209090016,0.2287516544603222,-0.7387549700598802,0.0138126754808089,1.1685235140429064,1.3314807584830337,3.221516530164875,1.353341900807936,0.1694464690291548
