rms,media,desvio_padrao,minimo,skewness,kurtosis,pico_a_pico,crest_factor,shape_factor,mean_abs
0.3374151196325379,0.012267208393131,0.3371920499580014,-0.8061655489021956,0.3302483100162316,1.4342705097024837,1.9786223153692613,3.474819882831364,1.4429348776407982,0.2338394648719091
