rms,media,desvio_padrao,minimo,skewness,kurtosis,pico_a_pico,crest_factor,shape_factor,mean_abs
0.3030280620531161,0.0125048201118424,0.3027699388407602,-0.7951199600798403,0.2277762761686508,1.5793245460019554,1.87807497005988,3.573777961825247,1.3878660182558509,0.2183410055921215
