rms,media,desvio_padrao,minimo,skewness,kurtosis,pico_a_pico,crest_factor,shape_factor,mean_abs
0.2554001500162717,0.0184021550287854,0.254736329012237,-0.7593842315369261,0.907355816154038,4.3359305068805885,1.8014055888223552,4.079955932755095,1.4632653122650043,0.1745412454429983
