rms,media,desvio_padrao,minimo,skewness,kurtosis,pico_a_pico,crest_factor,shape_factor,mean_abs
0.2611514090076194,0.0136244143118721,0.2607957702136355,-0.8831598003992016,0.5415555968079442,4.812397550770762,2.061464231536926,4.51195892687428,1.452848905144179,0.1797512515464937
