rms,media,desvio_padrao,minimo,skewness,kurtosis,pico_a_pico,crest_factor,shape_factor,mean_abs
0.2909626808120217,0.0128686211048976,0.2906779665130762,-0.9770473053892216,0.0442608970172991,2.170458987283898,1.9960028742514968,3.50201464331633,1.4485571502217232,0.200863791095495
