rms,media,desvio_padrao,minimo,skewness,kurtosis,pico_a_pico,crest_factor,shape_factor,mean_abs
0.2617866183753648,0.0108012649082001,0.2615636944164686,-0.6853138123752495,0.0350245428196011,0.5847217763744754,1.3504856686626745,2.617833625829594,1.341701006646402,0.1951154669174048
