rms,media,desvio_padrao,minimo,skewness,kurtosis,pico_a_pico,crest_factor,shape_factor,mean_abs
0.2965362604952153,0.0172422876560927,0.2960345542413433,-1.036660998003992,0.1248306437683146,2.079494208557821,2.123676886227545,3.665709840706283,1.3347209196241965,0.2221709843123669
