rms,media,desvio_padrao,minimo,skewness,kurtosis,pico_a_pico,crest_factor,shape_factor,mean_abs
0.2591768834665698,0.0096561643654839,0.2589969409340401,-0.8302059481037924,0.591992622090448,3.524886275553912,1.9066635528942115,4.153370433321331,1.4506831445267716,0.1786585061282393
