rms,media,desvio_padrao,minimo,skewness,kurtosis,pico_a_pico,crest_factor,shape_factor,mean_abs
0.3169658742816794,0.0153669002490885,0.3165931519093297,-0.7762774850299401,0.0987841372427719,0.8367995015119982,1.679254371257485,2.848814208387281,1.351210778493594,0.2345791488098184
