rms,media,desvio_padrao,minimo,skewness,kurtosis,pico_a_pico,crest_factor,shape_factor,mean_abs
0.2840427114559055,0.0144755206941488,0.2836736174406356,-0.9210071856287424,-0.0682515859380169,1.265145956051306,1.8410397604790416,3.242495401159831,1.3633624712243115,0.2083398343808251
