rms,media,desvio_padrao,minimo,skewness,kurtosis,pico_a_pico,crest_factor,shape_factor,mean_abs
0.1917977624612665,0.0182732808762639,0.1909252966245321,-0.4229810778443114,0.2197334985547008,0.3812952788475363,1.0858788423153694,3.4562330444544678,1.25967730235743,0.1522594414476831
