rms,media,desvio_padrao,minimo,skewness,kurtosis,pico_a_pico,crest_factor,shape_factor,mean_abs
0.2820752255827147,0.0156204011648833,0.281642390195417,-1.0821428343313373,-0.2485278973464148,2.921893202681522,2.0689362475049897,3.836362559298968,1.4076754738898976,0.2003837040672753
