rms,media,desvio_padrao,minimo,skewness,kurtosis,pico_a_pico,crest_factor,shape_factor,mean_abs
0.3315458163574353,0.0202305570676828,0.3309280177090623,-0.9650271057884232,-0.2709816766515459,0.8969000926454807,1.832593133732535,2.910690040944566,1.3483398162550255,0.2458918830108378
