rms,media,desvio_padrao,minimo,skewness,kurtosis,pico_a_pico,crest_factor,shape_factor,mean_abs
0.2761743552895228,0.0108804688144372,0.2759599425966776,-1.0425086626746507,-0.2637998494408337,2.381415077575266,1.9066635528942115,3.774820662047908,1.3885661821757955,0.1988917480740997
