rms,media,desvio_padrao,minimo,skewness,kurtosis,pico_a_pico,crest_factor,shape_factor,mean_abs
0.2941617839698581,0.0155669236733145,0.2937495975072624,-0.8885201596806387,0.0712974997015924,1.4615169287154837,1.8228470259481035,3.176234702068582,1.3669332325196752,0.2151983556853235
