rms,media,desvio_padrao,minimo,skewness,kurtosis,pico_a_pico,crest_factor,shape_factor,mean_abs
0.3234932682369558,0.0148688553471569,0.3231513758833348,-1.037960479041916,-0.2485574857909531,1.4765318677588717,2.05642874251497,3.2085999337754987,1.3994672260804464,0.2311545866943798
