rms,media,desvio_padrao,minimo,skewness,kurtosis,pico_a_pico,crest_factor,shape_factor,mean_abs
0.3141604211499767,0.0182544867290213,0.3136296285930121,-0.7342067864271457,0.085711494781092,-0.0088574106393979,1.6449805588822357,2.8990722928153208,1.2695822970946382,0.2474517972319823
