rms,media,desvio_padrao,minimo,skewness,kurtosis,pico_a_pico,crest_factor,shape_factor,mean_abs
0.2771840192424957,0.0166059715280183,0.2766861439122582,-0.9453724550898204,-0.0037477222620178,3.167889645970475,2.0600023153692613,4.021263070380338,1.3882174551516042,0.1996690203064944
