rms,media,desvio_padrao,minimo,skewness,kurtosis,pico_a_pico,crest_factor,shape_factor,mean_abs
0.3387890778436642,0.0107899532083374,0.338617211871934,-0.976235129740519,0.4791955424603445,2.2227040648654377,2.293584031936128,3.888404285581797,1.4270955671071892,0.2373976106802788
