rms,media,desvio_padrao,minimo,skewness,kurtosis,pico_a_pico,crest_factor,shape_factor,mean_abs
0.3061071551126745,0.0088211672522723,0.3059800278114282,-1.3701403193612776,-0.3002771708011263,5.218928726470985,2.623814650698603,4.4760153314839854,1.4887028330344123,0.205620052786988
