rms,media,desvio_padrao,minimo,skewness,kurtosis,pico_a_pico,crest_factor,shape_factor,mean_abs
0.2287359779627517,0.0061564256610745,0.2286531128973671,-0.552766746506986,-0.1070353406948908,-0.2027472755630199,1.0834423153692614,2.4166147863149043,1.2642711209042856,0.1809232008709852
