rms,media,desvio_padrao,minimo,skewness,kurtosis,pico_a_pico,crest_factor,shape_factor,mean_abs
0.3159686025567689,0.0163804417611058,0.3155437195213816,-0.7818002794411177,-0.0774015811202317,0.3869415151148807,1.6329603592814372,2.693812210937619,1.3141326489156464,0.2404388954322759
