rms,media,desvio_padrao,minimo,skewness,kurtosis,pico_a_pico,crest_factor,shape_factor,mean_abs
0.2796795920300012,0.0113879107899902,0.2794476510652883,-0.9866309780439122,0.0329886543152708,2.90620366416374,1.9511707784431136,3.5277188831785637,1.4042754090403315,0.1991629207700301
