rms,media,desvio_padrao,minimo,skewness,kurtosis,pico_a_pico,crest_factor,shape_factor,mean_abs
0.3036608340416077,0.0121974015605153,0.3034157634764818,-0.7343692215568862,0.1857385644607068,1.149363208572824,1.7596597604790418,3.3764332570517466,1.3721615314797828,0.2213010837828475
