rms,media,desvio_padrao,minimo,skewness,kurtosis,pico_a_pico,crest_factor,shape_factor,mean_abs
0.2063191685150248,0.006450419821514,0.2062183100038825,-0.6622480239520958,-0.1508217673160823,0.5877593856386918,1.1705075449101798,3.209823055795559,1.2838829828081848,0.1606993559987463
