rms,media,desvio_padrao,minimo,skewness,kurtosis,pico_a_pico,crest_factor,shape_factor,mean_abs
0.2936105051430175,0.0198903147802755,0.2929360068483891,-1.2124158083832337,-0.4752401327727977,3.926553033792265,2.286436886227545,4.129333886717256,1.4156610306856754,0.2074017005333595
