rms,media,desvio_padrao,minimo,skewness,kurtosis,pico_a_pico,crest_factor,shape_factor,mean_abs
0.2798872023761314,0.0199595494257386,0.2791746092334671,-0.7764399201596807,0.0728167778861614,1.9285291094714667,1.8030299401197607,3.6678705251427632,1.410334697329907,0.1984544540427341
