rms,media,desvio_padrao,minimo,skewness,kurtosis,pico_a_pico,crest_factor,shape_factor,mean_abs
0.3117004879032318,0.0150836456013592,0.3113353140819161,-0.8563580039920159,0.015743167619992,0.3608471067098797,1.5980368063872257,2.7473746023069245,1.3270559375625164,0.2348811976047904
