rms,media,desvio_padrao,minimo,skewness,kurtosis,pico_a_pico,crest_factor,shape_factor,mean_abs
0.3137488082588063,0.0162168842642583,0.3133294230495771,-1.1013101796407183,-0.1374340118935068,2.262451036302508,2.1993716566866266,3.510165299918097,1.3611930711926628,0.2304954491017964
