rms,media,desvio_padrao,minimo,skewness,kurtosis,pico_a_pico,crest_factor,shape_factor,mean_abs
0.1860759397630409,0.0150017568169446,0.1854702203888917,-0.548056127744511,0.2564792110333567,1.351092532963845,1.1185283033932136,3.0658030069614184,1.3403829469181856,0.138822968608238
