rms,media,desvio_padrao,minimo,skewness,kurtosis,pico_a_pico,crest_factor,shape_factor,mean_abs
0.297092648942023,0.01974459411755,0.2964358160859132,-0.8573326147704591,0.0585812294450042,1.29648398863669,1.8912322155688623,3.4800578354268428,1.337597028786076,0.2221092321142838
