rms,media,desvio_padrao,minimo,skewness,kurtosis,pico_a_pico,crest_factor,shape_factor,mean_abs
0.3389874594537938,0.0093386885245901,0.3388588003336762,-0.960316487025948,0.4166590086339517,1.9970419912967587,2.165097844311377,3.5540587820761216,1.3846601047213678,0.2448163692287556
