rms,media,desvio_padrao,minimo,skewness,kurtosis,pico_a_pico,crest_factor,shape_factor,mean_abs
0.3528176412002777,0.0141157470183599,0.3525351523298656,-0.9372506986027944,0.2293497606473276,1.4994060527722404,2.25362499001996,3.7310330825264,1.371538704178846,0.2572422055063427
