rms,media,desvio_padrao,minimo,skewness,kurtosis,pico_a_pico,crest_factor,shape_factor,mean_abs
0.2845971586385815,0.0157736592929842,0.2841596987217976,-0.9226315369261476,0.0252879273975201,1.2581536832346023,1.7715175249500998,3.2418859743354824,1.336595298590228,0.2129269487471338
