rms,media,desvio_padrao,minimo,skewness,kurtosis,pico_a_pico,crest_factor,shape_factor,mean_abs
0.2957614007820209,0.0119718717936028,0.2955190018904042,-1.1683958882235528,-0.2656376070812222,4.395833229168304,2.3814614371257483,4.101500553130789,1.420296801652199,0.2082391514491677
