rms,media,desvio_padrao,minimo,skewness,kurtosis,pico_a_pico,crest_factor,shape_factor,mean_abs
0.3323565773355019,0.0119802565361081,0.3321405846196736,-0.9408242714570858,0.3645261170841316,2.165053575079586,2.146417804391217,3.627409881878548,1.3915086777655206,0.2388462124930467
