rms,media,desvio_padrao,minimo,skewness,kurtosis,pico_a_pico,crest_factor,shape_factor,mean_abs
0.3516449344724894,0.0171174408208376,0.3512280643113624,-1.0282143712574852,-0.1792669189395003,1.3167733424876067,2.167534371257485,3.239972734739147,1.3586841685719226,0.2588128592401972
