rms,media,desvio_padrao,minimo,skewness,kurtosis,pico_a_pico,crest_factor,shape_factor,mean_abs
0.3469364160199748,0.0146897277575995,0.3466252856604559,-0.915809261477046,0.302757498101093,1.2321606139921997,2.0971999600798403,3.4052081132203083,1.3604185435949754,0.2550218222571251
