rms,media,desvio_padrao,minimo,skewness,kurtosis,pico_a_pico,crest_factor,shape_factor,mean_abs
0.2065173176430472,0.0129129215948268,0.2061132187472825,-0.7091917764471057,-0.1682230622584578,0.9895530315136796,1.2622833932135729,3.4340547540565143,1.2959201411508043,0.1593596017881592
