rms,media,desvio_padrao,minimo,skewness,kurtosis,pico_a_pico,crest_factor,shape_factor,mean_abs
0.2447137366013754,0.0047629738869368,0.2446673802556436,-0.942448622754491,-0.5781403040533254,2.30843610927913,1.657650499001996,3.851228933215488,1.399069670992997,0.1749117586314973
