rms,media,desvio_padrao,minimo,skewness,kurtosis,pico_a_pico,crest_factor,shape_factor,mean_abs
0.3478331301861141,0.0161569696672229,0.3474576791297649,-1.1204775249500998,0.3029756912170254,2.7595474393553614,2.5939265868263472,4.236080275297103,1.367490233438666,0.2543587673832663
