rms,media,desvio_padrao,minimo,skewness,kurtosis,pico_a_pico,crest_factor,shape_factor,mean_abs
0.2752002807840182,0.0134257333267349,0.2748725963573704,-1.0184682634730535,-0.0494913487795868,3.0245367246703205,2.040347664670658,3.713220779740385,1.4570953318205953,0.1888690978373831
