rms,media,desvio_padrao,minimo,skewness,kurtosis,pico_a_pico,crest_factor,shape_factor,mean_abs
0.3418608265915068,0.0118161488593061,0.3416565576481198,-0.959341876247505,0.5327032751788983,2.505914061627632,2.2125289021956087,3.6657813018323697,1.4330697251259146,0.2385514260734729
