rms,media,desvio_padrao,minimo,skewness,kurtosis,pico_a_pico,crest_factor,shape_factor,mean_abs
0.2550023694089008,0.0112858854192441,0.2547525018414092,-0.8233836726546907,1.0150203098251076,5.439803562989198,1.940287624750499,4.379974800566787,1.4721390459956634,0.1732189429405651
