rms,media,desvio_padrao,minimo,skewness,kurtosis,pico_a_pico,crest_factor,shape_factor,mean_abs
0.2876431322815589,0.0183833608815427,0.28705508807796,-0.9520322954091816,-0.0593305327810239,1.9523182257495464,1.9714751696606787,3.544123811214854,1.3606283932864895,0.2114046228204747
