rms,media,desvio_padrao,minimo,skewness,kurtosis,pico_a_pico,crest_factor,shape_factor,mean_abs
0.2542356717192721,0.0139680787185958,0.2538516684039335,-0.9898796806387226,-0.1303421481614255,2.303365000367162,1.7146652295409182,3.893551498673054,1.38580989641182,0.1834563834314841
