rms,media,desvio_padrao,minimo,skewness,kurtosis,pico_a_pico,crest_factor,shape_factor,mean_abs
0.2978758599657077,0.0202936517048547,0.2971837742051069,-0.9879304590818364,-0.0470278685789644,2.242270815013712,2.010946906187625,3.434371778980549,1.3799310162880052,0.215862863034262
