rms,media,desvio_padrao,minimo,skewness,kurtosis,pico_a_pico,crest_factor,shape_factor,mean_abs
0.3390659022421174,0.0122079320048427,0.3388460601208553,-0.9500830738522954,-0.140629250602989,0.706674762349838,1.863293373253493,2.802060211804689,1.3061661497300991,0.2595886459867151
