rms,media,desvio_padrao,minimo,skewness,kurtosis,pico_a_pico,crest_factor,shape_factor,mean_abs
0.316571554518354,0.0127155830487784,0.3163160809663283,-0.9694128542914172,0.4068757272941968,3.9777738346403417,2.454232375249501,4.690312505231728,1.4194285935830209,0.2230274604509987
