rms,media,desvio_padrao,minimo,skewness,kurtosis,pico_a_pico,crest_factor,shape_factor,mean_abs
0.3041610320952082,0.0183967852724303,0.3036041694984809,-1.0236661876247506,-0.0870096659555055,2.058984595266076,2.1212403592814373,3.608529876743465,1.3905329101177344,0.2187370251233071
