rms,media,desvio_padrao,minimo,skewness,kurtosis,pico_a_pico,crest_factor,shape_factor,mean_abs
0.2744351208175908,0.0167601099440463,0.2739228618659441,-0.954956127744511,0.2990330794971869,3.4769817530007634,2.065362674650699,4.046153216826221,1.4029385235283507,0.1956145021432544
