rms,media,desvio_padrao,minimo,skewness,kurtosis,pico_a_pico,crest_factor,shape_factor,mean_abs
0.2603948727925282,0.0134606367430428,0.2600467285606739,-1.0571278243512974,-0.1410840578728957,6.723049758522077,2.252650379241517,4.591190840546089,1.500107977832854,0.1735840863727091
