rms,media,desvio_padrao,minimo,skewness,kurtosis,pico_a_pico,crest_factor,shape_factor,mean_abs
0.2459966276767659,0.0152608475610762,0.2455228041548462,-0.6875879041916168,0.3748570286372663,1.7043118964923911,1.61509249500998,3.770395552076769,1.3742558656512247,0.1790035129740519
