rms,media,desvio_padrao,minimo,skewness,kurtosis,pico_a_pico,crest_factor,shape_factor,mean_abs
0.2546617801247341,0.0169864539772913,0.2540946332325337,-0.7062679441117764,-0.0795064109168448,0.331928644205731,1.4113988423153692,2.773356660610179,1.2948575185461064,0.1966716619220575
