rms,media,desvio_padrao,minimo,skewness,kurtosis,pico_a_pico,crest_factor,shape_factor,mean_abs
0.2883398480636281,0.0158904514937068,0.2879016525355183,-0.7098415169660679,0.1138370454850412,0.7848264801251741,1.6344222754491018,3.206566018162727,1.2886946774821462,0.2237456653634878
