rms,media,desvio_padrao,minimo,skewness,kurtosis,pico_a_pico,crest_factor,shape_factor,mean_abs
0.2410176626410765,0.0118255459329275,0.240727377272208,-0.6916487824351298,-0.1303540563197343,0.3013972717378124,1.2804761277445111,2.8697016428423887,1.294885223157408,0.1861305220963032
