rms,media,desvio_padrao,minimo,skewness,kurtosis,pico_a_pico,crest_factor,shape_factor,mean_abs
0.2832259684860516,0.0133425021032315,0.2829115177268101,-0.9154843912175648,0.4513328562621203,3.221526142437738,2.185402235528942,4.483762033190534,1.4056902002536853,0.2014853403935929
