rms,media,desvio_padrao,minimo,skewness,kurtosis,pico_a_pico,crest_factor,shape_factor,mean_abs
0.2842188932225913,0.0073270325464772,0.2841244337587629,-0.7220241516966068,0.6641240541543756,3.253417949384501,1.8576081437125749,3.995455682555959,1.470061649540728,0.1933380775638805
