rms,media,desvio_padrao,minimo,skewness,kurtosis,pico_a_pico,crest_factor,shape_factor,mean_abs
0.3260763611151961,0.0006457132016957,0.3260757217773027,-1.013757644710579,-0.1887622049450383,1.3229402417672975,2.019555968063872,3.1089577951725214,1.4234471228548975,0.2290751485458834
