rms,media,desvio_padrao,minimo,skewness,kurtosis,pico_a_pico,crest_factor,shape_factor,mean_abs
0.3078090108433254,0.0089782326256577,0.3076780435703302,-0.9175960479041916,0.3470466381776712,2.8271713563896643,1.9896679041916168,3.4829125156219325,1.513191345981864,0.2034171102423252
