rms,media,desvio_padrao,minimo,skewness,kurtosis,pico_a_pico,crest_factor,shape_factor,mean_abs
0.2663232249319455,0.0215106717712116,0.2654531053465053,-0.6987959281437126,-0.1792545121492387,0.7621005231749267,1.367378922155689,2.6238640220817326,1.3422117579876458,0.1984211681554922
