rms,media,desvio_padrao,minimo,skewness,kurtosis,pico_a_pico,crest_factor,shape_factor,mean_abs
0.2682066905296715,0.0121557859487636,0.2679310838869704,-0.946509500998004,-0.3465676551399849,2.051455382790308,1.8452630738522957,3.529030163747136,1.3728575386735848,0.1953638181488263
