rms,media,desvio_padrao,minimo,skewness,kurtosis,pico_a_pico,crest_factor,shape_factor,mean_abs
0.3567169572952237,0.0188730980661627,0.3562173406662672,-1.1035842714570858,0.2885218567421478,3.169639913564308,2.3977049500998,3.6278641992667673,1.485509519287935,0.2401310477405844
