rms,media,desvio_padrao,minimo,skewness,kurtosis,pico_a_pico,crest_factor,shape_factor,mean_abs
0.3359804216612559,0.0095192355784299,0.3358455417207108,-1.2946079840319362,0.9000969936934372,8.09639443824087,2.997253013972056,5.067691211057441,1.6705008077499388,0.201125566717804
