rms,media,desvio_padrao,minimo,skewness,kurtosis,pico_a_pico,crest_factor,shape_factor,mean_abs
0.2626099741865047,0.0072290344929974,0.2625104561775316,-0.9210071856287424,0.2958157086104478,2.973920058684812,1.881648542914172,3.65805358406983,1.38165426673459,0.1900692383827386
