rms,media,desvio_padrao,minimo,skewness,kurtosis,pico_a_pico,crest_factor,shape_factor,mean_abs
0.2925738779034955,0.0136405235809373,0.2922557273141579,-0.9523571656686628,-0.1194432979009388,1.5902279681497529,1.887008902195609,3.2550997802435195,1.3572599310185005,0.2155621566783787
