rms,media,desvio_padrao,minimo,skewness,kurtosis,pico_a_pico,crest_factor,shape_factor,mean_abs
0.3111477441729494,0.0145912015313634,0.3108054303608389,-1.0478690219560878,0.9340219233729844,6.632708066489234,2.540647864271457,4.797652788013202,1.5959069563831432,0.194966093059782
