rms,media,desvio_padrao,minimo,skewness,kurtosis,pico_a_pico,crest_factor,shape_factor,mean_abs
0.3497448401625419,0.0166261081143498,0.3493494321582503,-1.1159293413173654,0.3170555294146704,2.870048991508197,2.4258062275449106,3.745235771366312,1.4429844110150052,0.2423760350373633
