rms,media,desvio_padrao,minimo,skewness,kurtosis,pico_a_pico,crest_factor,shape_factor,mean_abs
0.312558533917282,0.0185632477194371,0.3120067995390927,-0.9260426746506988,-0.0750422536052994,0.3357769211134771,1.7848372055888224,2.962781604599457,1.2832560164012992,0.2435667785090975
