rms,media,desvio_padrao,minimo,skewness,kurtosis,pico_a_pico,crest_factor,shape_factor,mean_abs
0.3313028668944739,0.0124779713300671,0.3310678024876227,-0.8462870259481038,0.1383375046179996,0.6950234829116475,1.8449382035928144,3.014314928831568,1.3108324240590736,0.2527423496808036
