rms,media,desvio_padrao,minimo,skewness,kurtosis,pico_a_pico,crest_factor,shape_factor,mean_abs
0.2676667296066721,0.0231563260364516,0.266663200878608,-0.6383700598802394,0.3996505871046565,1.5727617355499728,1.6467673453093812,3.767361326194519,1.328286743712178,0.2015127613625209
