rms,media,desvio_padrao,minimo,skewness,kurtosis,pico_a_pico,crest_factor,shape_factor,mean_abs
0.3327176734286393,0.0131773820953134,0.332456623956992,-0.9694128542914172,0.1636983908826546,1.495311588983908,2.138458483033932,3.513626483064626,1.362657730988707,0.244168191220864
