rms,media,desvio_padrao,minimo,skewness,kurtosis,pico_a_pico,crest_factor,shape_factor,mean_abs
0.3081383509590536,0.0084895847973474,0.3080213795854657,-1.084579361277445,-0.1243912194146109,1.8630754660663469,1.9927541716566863,3.519780507365561,1.4085949895484084,0.2187558192705498
