rms,media,desvio_padrao,minimo,skewness,kurtosis,pico_a_pico,crest_factor,shape_factor,mean_abs
0.3531383849726336,0.0075028920671054,0.3530586715430019,-0.8597691417165668,0.489984138349476,1.4108490733638757,2.087128982035928,3.4755775428221294,1.3700543591988243,0.2577550172382508
