rms,media,desvio_padrao,minimo,skewness,kurtosis,pico_a_pico,crest_factor,shape_factor,mean_abs
0.3169817997696046,0.0172315481433826,0.3165130884082995,-0.8485611177644711,0.5423700985364014,2.77187227012532,2.002012974051896,3.638858310243053,1.4909816739734914,0.2125993936094753
