rms,media,desvio_padrao,minimo,skewness,kurtosis,pico_a_pico,crest_factor,shape_factor,mean_abs
0.21910411983579,0.0239671702496646,0.2177893249891735,-0.5431830738522954,0.6523962330592159,1.3266029193089477,1.3798864271457083,3.818747698219868,1.3334277997489703,0.1643164480874317
