rms,media,desvio_padrao,minimo,skewness,kurtosis,pico_a_pico,crest_factor,shape_factor,mean_abs
0.3449212138170202,0.0157884261229606,0.344559674572586,-0.9705499001996007,-0.1419146747814436,1.2319993329056145,1.9454855489021956,2.826545917294016,1.3631219083899373,0.2530376862803318
