rms,media,desvio_padrao,minimo,skewness,kurtosis,pico_a_pico,crest_factor,shape_factor,mean_abs
0.3516236378093386,0.0175736170282386,0.3511842118473121,-0.8703274251497006,0.3390499183923766,1.268751230145881,2.0346624351297407,3.311310403458652,1.4211036267216222,0.2474299770949903
