rms,media,desvio_padrao,minimo,skewness,kurtosis,pico_a_pico,crest_factor,shape_factor,mean_abs
0.3390529693448885,0.0219074395471352,0.3383444696076389,-1.0397472654690618,0.2888162954094065,2.4442260606540485,2.3540099001996007,3.876275253598077,1.4057221731111609,0.2411948646968358
