rms,media,desvio_padrao,minimo,skewness,kurtosis,pico_a_pico,crest_factor,shape_factor,mean_abs
0.2944317636412658,0.0086869233433958,0.2943035861210872,-1.0217169660678642,-0.2561641376314283,1.4496823739782156,1.912186347305389,3.470131596646342,1.3369051611145653,0.2202338447072796
