rms,media,desvio_padrao,minimo,skewness,kurtosis,pico_a_pico,crest_factor,shape_factor,mean_abs
0.2372268480987132,0.0139318328631992,0.2368174011594626,-0.6937604391217564,-0.0150448869401031,0.8474765588776996,1.3423639121756483,2.9244600460782304,1.3470233936918046,0.1761118991768528
