rms,media,desvio_padrao,minimo,skewness,kurtosis,pico_a_pico,crest_factor,shape_factor,mean_abs
0.3433431900219402,0.0158380963692449,0.3429776972892562,-1.0762951696606786,-0.0898573041442515,1.3266583642106484,2.144793453093812,3.13475030505746,1.339103435614291,0.2563978113195097
