rms,media,desvio_padrao,minimo,skewness,kurtosis,pico_a_pico,crest_factor,shape_factor,mean_abs
0.2719354562265228,0.0179557390137757,0.2713420052067064,-0.9760726946107784,-0.0508762004078093,2.8013174349352976,1.9026026746506988,3.5893542833844654,1.4449402698635596,0.188198406465757
