rms,media,desvio_padrao,minimo,skewness,kurtosis,pico_a_pico,crest_factor,shape_factor,mean_abs
0.2908373762032875,0.01113821711948,0.2906240174455853,-1.0072602395209582,-0.1851811866739521,2.229231714460017,2.010622035928144,3.4633108463229645,1.3944124706844483,0.2085734187822701
