rms,media,desvio_padrao,minimo,skewness,kurtosis,pico_a_pico,crest_factor,shape_factor,mean_abs
0.2905401209582374,0.0177347207224894,0.2899983475251583,-0.9387126147704592,-0.2464476903023379,1.870813882994513,1.8472122954091816,3.230922502800881,1.3823893925613326,0.210172417787376
