rms,media,desvio_padrao,minimo,skewness,kurtosis,pico_a_pico,crest_factor,shape_factor,mean_abs
0.3200872128383476,0.0216864212558489,0.3193517229572052,-0.9353014770459082,0.2243914916396059,1.806872349533446,2.12205253493014,3.707586589794737,1.3738519307619976,0.2329852334674912
