rms,media,desvio_padrao,minimo,skewness,kurtosis,pico_a_pico,crest_factor,shape_factor,mean_abs
0.2890388993548995,0.0152875422924642,0.2886343298898241,-0.9382253093812376,-0.0003341257858437,1.4059775879408771,1.8134257884231533,3.2460174442791088,1.4008399953333048,0.2063325578351494
