rms,media,desvio_padrao,minimo,skewness,kurtosis,pico_a_pico,crest_factor,shape_factor,mean_abs
0.2823965741672395,0.0224812882431857,0.2815002962348708,-0.915809261477046,-0.2122932231190242,0.8931683550239033,1.670158003992016,3.2429899837761127,1.363325271735708,0.2071380763064036
