rms,media,desvio_padrao,minimo,skewness,kurtosis,pico_a_pico,crest_factor,shape_factor,mean_abs
0.3132051732472313,0.0119208591082298,0.3129782319378617,-0.907037764471058,0.5787352195718161,2.700199421507744,2.079494530938124,3.7434144344147753,1.3835483684978822,0.2263781884165553
