rms,media,desvio_padrao,minimo,skewness,kurtosis,pico_a_pico,crest_factor,shape_factor,mean_abs
0.2265910072748872,0.0049052724303459,0.2265379060559889,-0.9442354091816368,-0.9780660096003948,3.323560973921805,1.5142202794411177,4.167135406376231,1.3896113437675643,0.1630607063558833
