rms,media,desvio_padrao,minimo,skewness,kurtosis,pico_a_pico,crest_factor,shape_factor,mean_abs
0.2845852159610659,0.0149561138879266,0.2841919418297745,-1.1121933333333334,-0.2790926638838178,4.019604406251954,2.1629861876247505,3.9081205591702006,1.4632694201703769,0.1944858629847742
