rms,media,desvio_padrao,minimo,skewness,kurtosis,pico_a_pico,crest_factor,shape_factor,mean_abs
0.2706814614897643,0.0175738701110176,0.2701103712995039,-0.9224691017964072,0.0185206072522822,1.6644343363344438,1.854846746506986,3.444556710973116,1.363027852170587,0.1985883568400389
