rms,media,desvio_padrao,minimo,skewness,kurtosis,pico_a_pico,crest_factor,shape_factor,mean_abs
0.3006686413927036,0.0110281371142013,0.3004663244171043,-0.784074371257485,0.0195255385908769,0.5679758387918872,1.575620758483034,2.6326203609365084,1.3151995419414904,0.2286106646211708
