rms,media,desvio_padrao,minimo,skewness,kurtosis,pico_a_pico,crest_factor,shape_factor,mean_abs
0.2337382823001031,0.0141278289701588,0.2333109278649258,-0.7332321756487026,0.1532891932677363,1.4617447248358673,1.416434331337325,3.1369793960720784,1.3369162736238862,0.1748338971643489
