rms,media,desvio_padrao,minimo,skewness,kurtosis,pico_a_pico,crest_factor,shape_factor,mean_abs
0.294823603232117,0.0095313175302287,0.2946694945339723,-0.7826124550898204,0.293012391636413,2.290122689645335,2.0351497405189622,4.248429473412984,1.349070362891173,0.2185383441381699
