media,desvio_padrao,maximo,minimo,rms,variancia,skewness,kurtosis,pico_a_pico,crest_factor,shape_factor,impulse_factor,margin_factor,energia,zero_crossings,mean_abs,peak_to_rms,mediana,amplitude,coeficiente_variacao
0.0242147742749054,0.078975425558541,0.2052775384615384,-0.2027741538461538,0.0826043166870671,0.0062371178421526,-0.3198050196565314,-0.2800054199206334,0.4080516923076923,2.4850703533956784,1.214737645245897,3.0187085093542545,3.5031507421277723,1.6649274450222955,39,0.0680017755359394,2.4850703533956784,0.0273286153846153,0.4080516923076923,3.2614561945508576
