media,desvio_padrao,maximo,minimo,rms,variancia,skewness,kurtosis,pico_a_pico,crest_factor,shape_factor,impulse_factor,margin_factor,energia,zero_crossings,mean_abs,peak_to_rms,mediana,amplitude,coeficiente_variacao
0.0069809205548549,0.0709373258063784,0.1764886153846153,-0.1687698461538461,0.0712799932965308,0.0050321041925602,-0.4316697227107211,-0.1307357253360139,0.3452584615384615,2.475990908843212,1.252802645442129,3.1019279606894377,3.675961554303278,1.2397243364222486,43,0.0568964262295082,2.475990908843212,0.0136643076923076,0.3452584615384615,10.161600500817054
