media,desvio_padrao,maximo,minimo,rms,variancia,skewness,kurtosis,pico_a_pico,crest_factor,shape_factor,impulse_factor,margin_factor,energia,zero_crossings,mean_abs,peak_to_rms,mediana,amplitude,coeficiente_variacao
0.0136651626733921,0.0715571096502461,0.1727335384615384,-0.1648061538461538,0.0728502341271983,0.0051204199414973,0.0525416113640827,-0.5695469157839557,0.3375396923076922,2.3710773277672823,1.2192784691680056,2.891003534479057,3.3539903591865587,1.2949462134225795,42,0.0597486431273644,2.3710773277672823,0.0137686153846153,0.3375396923076922,5.236462335686424
