media,desvio_padrao,maximo,minimo,rms,variancia,skewness,kurtosis,pico_a_pico,crest_factor,shape_factor,impulse_factor,margin_factor,energia,zero_crossings,mean_abs,peak_to_rms,mediana,amplitude,coeficiente_variacao
0.0124955485498108,0.0699234624573812,0.1585476923076923,-0.1368516923076923,0.0710311856552422,0.0048892906020288,-0.1322642215458764,-0.7695295921425842,0.2953993846153846,2.232085679622768,1.1848997806302428,2.644797832132924,3.0113921381535294,1.2310847578838344,36,0.0599469987389659,2.232085679622768,0.0175236923076923,0.2953993846153846,5.595869775436129
