media,desvio_padrao,maximo,minimo,rms,variancia,skewness,kurtosis,pico_a_pico,crest_factor,shape_factor,impulse_factor,margin_factor,energia,zero_crossings,mean_abs,peak_to_rms,mediana,amplitude,coeficiente_variacao
0.0153161311475409,0.0760822105807251,0.1702301538461538,-0.2261390769230769,0.0776085474685519,0.0057885027668498,-0.3989395720829282,-0.3863754169903877,0.3963692307692307,2.9138424091072124,1.188273846685706,3.462442728105772,3.933654012407558,1.46963314020355,40,0.0653120050441362,2.9138424091072124,0.0226347692307692,0.3963692307692307,4.967456196856882
