media,desvio_padrao,maximo,minimo,rms,variancia,skewness,kurtosis,pico_a_pico,crest_factor,shape_factor,impulse_factor,margin_factor,energia,zero_crossings,mean_abs,peak_to_rms,mediana,amplitude,coeficiente_variacao
0.0072416897856242,0.0747541445697898,0.1708559999999999,-0.1938036923076923,0.0751040891117937,0.005588182130361,-0.0991532984163127,-0.0863729729837383,0.3646596923076923,2.580467915924155,1.2610247384822448,3.2540338788400804,3.8452037911924135,1.376312305120189,42,0.0595579823455233,2.580467915924155,0.0079273846153846,0.3646596923076923,10.322748803488857
