media,desvio_padrao,maximo,minimo,rms,variancia,skewness,kurtosis,pico_a_pico,crest_factor,shape_factor,impulse_factor,margin_factor,energia,zero_crossings,mean_abs,peak_to_rms,mediana,amplitude,coeficiente_variacao
0.0106128802017654,0.0607685472373493,0.1431101538461538,-0.1929692307692307,0.0616883259581177,0.0036928163333379,-0.4674917504075802,0.1738270933918086,0.3360793846153846,3.1281320699194195,1.2457343027470666,3.896821423021807,4.5999808978493055,0.9285296925216568,41,0.0495196494325346,3.1281320699194195,0.0173150769230769,0.3360793846153846,5.7259241678089
