media,desvio_padrao,maximo,minimo,rms,variancia,skewness,kurtosis,pico_a_pico,crest_factor,shape_factor,impulse_factor,margin_factor,energia,zero_crossings,mean_abs,peak_to_rms,mediana,amplitude,coeficiente_variacao
0.0145312585119798,0.0736830537253628,0.1940123076923077,-0.1792006153846154,0.0751022628170196,0.0054291924062946,0.1387256062891212,-0.3050619895805297,0.3732129230769231,2.5833084172843432,1.253973550580107,3.239400428265525,3.806220734956134,1.3762453707777516,40,0.0598914249684741,2.5833084172843432,0.01356,0.3732129230769231,5.070658791502278
