media,desvio_padrao,maximo,minimo,rms,variancia,skewness,kurtosis,pico_a_pico,crest_factor,shape_factor,impulse_factor,margin_factor,energia,zero_crossings,mean_abs,peak_to_rms,mediana,amplitude,coeficiente_variacao
0.0150861412358133,0.069542187774986,0.2355267692307692,-0.1339310769230769,0.0711597325593507,0.0048361158805314,0.4475524228664034,0.0855656192813114,0.3694578461538461,3.309832130613029,1.2562768667857622,4.158065538633379,4.855678264847469,1.2355446392520708,43,0.0566433518284993,3.309832130613029,0.0117867692307692,0.3694578461538461,4.609673652656659
