media,desvio_padrao,maximo,minimo,rms,variancia,skewness,kurtosis,pico_a_pico,crest_factor,shape_factor,impulse_factor,margin_factor,energia,zero_crossings,mean_abs,peak_to_rms,mediana,amplitude,coeficiente_variacao
0.0226159596469104,0.0562603848455428,0.1700215384615384,-0.12204,0.0606359013598319,0.0031652309029685,-0.1434358416663738,-0.3453831286845283,0.2920615384615385,2.803974784716709,1.204701068209057,3.3779514183794808,3.862686262993932,0.8971178582275028,28,0.0503327364438839,2.803974784716709,0.0268070769230769,0.2920615384615385,2.487640839650531
