media,desvio_padrao,maximo,minimo,rms,variancia,skewness,kurtosis,pico_a_pico,crest_factor,shape_factor,impulse_factor,margin_factor,energia,zero_crossings,mean_abs,peak_to_rms,mediana,amplitude,coeficiente_variacao
0.0124459596469104,0.0665666306660842,0.196932923076923,-0.1368516923076923,0.0677201464098194,0.0044311163182348,0.116453850668938,-0.2111330035005134,0.3337846153846153,2.9080404210166857,1.2495717090540572,3.6338050388881,4.311524751246954,1.1189884480632426,37,0.054194686002522,2.9080404210166857,0.0123083076923076,0.3337846153846153,5.3484530365329
