media,desvio_padrao,maximo,minimo,rms,variancia,skewness,kurtosis,pico_a_pico,crest_factor,shape_factor,impulse_factor,margin_factor,energia,zero_crossings,mean_abs,peak_to_rms,mediana,amplitude,coeficiente_variacao
0.0113396141235813,0.0730693432725941,0.1858763076923077,-0.1485341538461538,0.0739440043192138,0.0053391289262881,0.0887347288187123,-0.5241436805578803,0.3344104615384615,2.5137441419845987,1.2423847405747377,3.123037363710801,3.694149377495112,1.33412264904142,38,0.0595177982345523,2.5137441419845987,0.0106393846153846,0.3344104615384615,6.443723964172862
