media,desvio_padrao,maximo,minimo,rms,variancia,skewness,kurtosis,pico_a_pico,crest_factor,shape_factor,impulse_factor,margin_factor,energia,zero_crossings,mean_abs,peak_to_rms,mediana,amplitude,coeficiente_variacao
0.0134385926860025,0.062103715253962,0.1587563076923076,-0.1798264615384615,0.0635410672063782,0.0038568714483452,-0.1940361965538077,-0.1880312402331641,0.3385827692307692,2.8300824875099115,1.24233027733155,3.5158971615793515,4.148921555864851,0.9851420021010177,42,0.0511466784363177,2.8300824875099115,0.012516923076923,0.3385827692307692,4.621296046768987
