media,desvio_padrao,maximo,minimo,rms,variancia,skewness,kurtosis,pico_a_pico,crest_factor,shape_factor,impulse_factor,margin_factor,energia,zero_crossings,mean_abs,peak_to_rms,mediana,amplitude,coeficiente_variacao
0.0061139697351828,0.0768946608568002,0.206112,-0.1748196923076923,0.0771373417626318,0.0059127888682823,0.0340220673079254,-0.3024332067789839,0.3809316923076923,2.6720132595993635,1.2441373632492776,3.324351531365059,3.90512020106544,1.4518413565860355,36,0.0620006633039092,2.6720132595993635,0.0060498461538461,0.3809316923076923,12.576879537742853
