media,desvio_padrao,maximo,minimo,rms,variancia,skewness,kurtosis,pico_a_pico,crest_factor,shape_factor,impulse_factor,margin_factor,energia,zero_crossings,mean_abs,peak_to_rms,mediana,amplitude,coeficiente_variacao
0.0059327137452711,0.0727267687185146,0.1766972307692307,-0.1764886153846153,0.0729683491701686,0.0052891828882363,0.118891975059797,-0.1320650148753701,0.3531858461538462,2.421559933570063,1.2823997620815424,3.105407882676444,3.760841899456989,1.2991487152711954,44,0.0568998461538461,2.421559933570063,0.0,0.3531858461538462,12.258600674351449
