media,desvio_padrao,maximo,minimo,rms,variancia,skewness,kurtosis,pico_a_pico,crest_factor,shape_factor,impulse_factor,margin_factor,energia,zero_crossings,mean_abs,peak_to_rms,mediana,amplitude,coeficiente_variacao
0.0163361235813366,0.0595923088362029,0.1746110769230769,-0.1005526153846153,0.0617908747801331,0.0035512432724293,0.4551003372005653,-0.4668046074122087,0.2751636923076923,2.825839212414217,1.2468579589920874,3.523420112830599,4.13519746965386,0.9316193782869584,46,0.0495572686002522,2.825839212414217,0.0087618461538461,0.2751636923076923,3.6478855304623496
