media,desvio_padrao,maximo,minimo,rms,variancia,skewness,kurtosis,pico_a_pico,crest_factor,shape_factor,impulse_factor,margin_factor,energia,zero_crossings,mean_abs,peak_to_rms,mediana,amplitude,coeficiente_variacao
0.0085669104665825,0.0723053822589668,0.17628,-0.1401895384615384,0.0728111272990452,0.0052280683036153,0.3057650255780052,-0.5922409631895769,0.3164695384615384,2.4210585186518823,1.22891132887886,2.975266241449969,3.497107583500312,1.2935563030880946,42,0.0592484791929382,2.4210585186518823,0.0034421538461538,0.3164695384615384,8.440076797932267
