media,desvio_padrao,maximo,minimo,rms,variancia,skewness,kurtosis,pico_a_pico,crest_factor,shape_factor,impulse_factor,margin_factor,energia,zero_crossings,mean_abs,peak_to_rms,mediana,amplitude,coeficiente_variacao
0.0100255574548907,0.0593825244419658,0.1787833846153846,-0.138312,0.0602228861097007,0.0035262842091006,0.0528150977781812,-0.1850553720847294,0.3170953846153845,2.9686950620353296,1.2465172258139496,3.70052953301585,4.368064865309857,0.8813114307658224,42,0.0483129192782526,2.9686950620353296,0.0095963076923076,0.3170953846153845,5.923114471105757
