media,desvio_padrao,maximo,minimo,rms,variancia,skewness,kurtosis,pico_a_pico,crest_factor,shape_factor,impulse_factor,margin_factor,energia,zero_crossings,mean_abs,peak_to_rms,mediana,amplitude,coeficiente_variacao
0.0138053795712484,0.0586398260982998,0.1416498461538461,-0.1299673846153846,0.0602429888862189,0.0034386292048388,-0.0445808059385856,-0.5792714804690955,0.2716172307692308,2.351308405719719,1.2224993487818558,2.8744729947776606,3.353502031321946,0.8855291212266034,37,0.0492785447667087,2.351308405719719,0.015228923076923,0.2716172307692308,4.2476069416030615
