media,desvio_padrao,maximo,minimo,rms,variancia,skewness,kurtosis,pico_a_pico,crest_factor,shape_factor,impulse_factor,margin_factor,energia,zero_crossings,mean_abs,peak_to_rms,mediana,amplitude,coeficiente_variacao
0.0138934426229508,0.0615667141560295,0.1623027692307692,-0.1174504615384615,0.0631148797027093,0.0037904602919702,0.2718452526687415,-0.6828026666478455,0.2797532307692307,2.571545252011341,1.2174721427906998,3.130784708249497,3.6185750433426898,0.9719710817325444,38,0.051840923076923,2.571545252011341,0.0091790769230769,0.2797532307692307,4.431350517425137
