media,desvio_padrao,maximo,minimo,rms,variancia,skewness,kurtosis,pico_a_pico,crest_factor,shape_factor,impulse_factor,margin_factor,energia,zero_crossings,mean_abs,peak_to_rms,mediana,amplitude,coeficiente_variacao
0.0111079142496847,0.0735049000896911,0.1723163076923076,-0.1633458461538461,0.0743394652669349,0.0054029703371954,-0.2056297432561016,-0.5240973100263697,0.3356621538461538,2.3179653912435567,1.214265097935536,2.814624472809541,3.272519886094531,1.3484308874664142,37,0.0612217755359394,2.3179653912435567,0.019296923076923,0.3356621538461538,6.617344934201064
