media,desvio_padrao,maximo,minimo,rms,variancia,skewness,kurtosis,pico_a_pico,crest_factor,shape_factor,impulse_factor,margin_factor,energia,zero_crossings,mean_abs,peak_to_rms,mediana,amplitude,coeficiente_variacao
0.0136711475409836,0.0922468709475123,0.2125790769230769,-0.2309372307692307,0.0932544126285418,0.008509485199607,-0.1038692520860738,-0.5482005370434258,0.4435163076923076,2.4764214824784507,1.2022386743994409,2.977249680349191,3.416071360310513,2.12191805582542,34,0.0775673039092055,2.4764214824784507,0.0180452307692307,0.4435163076923076,6.747558730602027
