media,desvio_padrao,maximo,minimo,rms,variancia,skewness,kurtosis,pico_a_pico,crest_factor,shape_factor,impulse_factor,margin_factor,energia,zero_crossings,mean_abs,peak_to_rms,mediana,amplitude,coeficiente_variacao
0.009009790668348,0.0658174361565783,0.1485341538461538,-0.1433187692307692,0.0664312519083655,0.0043319349022252,-0.1443931617878594,-0.48874200458265,0.291852923076923,2.235907793082691,1.231910984611814,2.754439370877727,3.2357355628262483,1.0767991401475028,43,0.0539253669609079,2.235907793082691,0.0124126153846153,0.291852923076923,7.305101592182277
