media,desvio_padrao,maximo,minimo,rms,variancia,skewness,kurtosis,pico_a_pico,crest_factor,shape_factor,impulse_factor,margin_factor,energia,zero_crossings,mean_abs,peak_to_rms,mediana,amplitude,coeficiente_variacao
0.0119449407313997,0.0721796958642098,0.1764886153846153,-0.1447790769230769,0.0731613976365029,0.0052099084950498,0.0234525561113394,-0.7224658825978447,0.3212676923076923,2.4123188059020726,1.1992933419505607,2.893077882580483,3.310436396582387,1.3060319854068638,39,0.0610037553593946,2.4123188059020726,0.0139772307692307,0.3212676923076923,6.042700209844544
