media,desvio_padrao,maximo,minimo,rms,variancia,skewness,kurtosis,pico_a_pico,crest_factor,shape_factor,impulse_factor,margin_factor,energia,zero_crossings,mean_abs,peak_to_rms,mediana,amplitude,coeficiente_variacao
0.0202262875157629,0.0605146782148165,0.1673095384615384,-0.1105661538461538,0.0638053993492173,0.0036620262794427,0.1106954730503101,-0.5063719861128111,0.2778756923076922,2.622184645312321,1.2337832772552983,3.235207565261957,3.7717485473659424,0.9933554726115976,42,0.0517152408575031,2.622184645312321,0.0186710769230769,0.2778756923076922,2.991882626391807
