media,desvio_padrao,maximo,minimo,rms,variancia,skewness,kurtosis,pico_a_pico,crest_factor,shape_factor,impulse_factor,margin_factor,energia,zero_crossings,mean_abs,peak_to_rms,mediana,amplitude,coeficiente_variacao
0.0126220857503152,0.0802699731090545,0.2123704615384615,-0.1785747692307692,0.0812562959506317,0.0064432685829283,0.0221501573178144,-0.3848715842879957,0.3909452307692307,2.613587772539988,1.2499007855485302,3.2667254099977643,3.9140130335313272,1.6110308941144615,39,0.0650101967213114,2.613587772539988,0.0086575384615384,0.3909452307692307,6.359485642620484
