media,desvio_padrao,maximo,minimo,rms,variancia,skewness,kurtosis,pico_a_pico,crest_factor,shape_factor,impulse_factor,margin_factor,energia,zero_crossings,mean_abs,peak_to_rms,mediana,amplitude,coeficiente_variacao
0.0147672332912988,0.0550405059221837,0.1558356923076923,-0.1009698461538461,0.0569870903911542,0.0030294572921699,0.0837044471270455,-0.6725448718132441,0.2568055384615384,2.7345788535271778,1.2204834523760035,3.337508239947264,3.884523041561323,0.7923969469848993,37,0.0466922269861286,2.7345788535271778,0.0113695384615384,0.2568055384615384,3.727205011016833
