media,desvio_padrao,maximo,minimo,rms,variancia,skewness,kurtosis,pico_a_pico,crest_factor,shape_factor,impulse_factor,margin_factor,energia,zero_crossings,mean_abs,peak_to_rms,mediana,amplitude,coeficiente_variacao
0.014589397225725,0.0601967039689985,0.1683526153846153,-0.1161987692307692,0.0619394355813905,0.0036236431687312,0.0300610447327591,-0.6581329948595145,0.2845513846153846,2.7180198496222028,1.2015754502141385,3.2659059245007627,3.7554662075530265,0.9361044579544616,39,0.0515485195460277,2.7180198496222028,0.0183581538461538,0.2845513846153846,4.126058331104679
