media,desvio_padrao,maximo,minimo,rms,variancia,skewness,kurtosis,pico_a_pico,crest_factor,shape_factor,impulse_factor,margin_factor,energia,zero_crossings,mean_abs,peak_to_rms,mediana,amplitude,coeficiente_variacao
0.0144064312736443,0.0789458800721367,0.2315630769230769,-0.161676923076923,0.080249593409602,0.0062324519803642,0.0657146759151371,-0.5186656142842119,0.39324,2.885535827467133,1.218882296299909,3.5171285354387978,4.094630581118229,1.5713593271471713,42,0.0658386733921815,2.885535827467133,0.0146030769230769,0.39324,5.479905368136731
