media,desvio_padrao,maximo,minimo,rms,variancia,skewness,kurtosis,pico_a_pico,crest_factor,shape_factor,impulse_factor,margin_factor,energia,zero_crossings,mean_abs,peak_to_rms,mediana,amplitude,coeficiente_variacao
0.010042607818411,0.0869030702703498,0.1718990769230769,-0.2154996923076923,0.0874814128498607,0.0075521436224133,-0.3241840246400485,-0.448198318807369,0.3873987692307692,2.46337690816153,1.23241117736897,3.0358932356908843,3.600819116673984,1.8673314129866985,43,0.070983949558638,2.46337690816153,0.0143944615384615,0.3873987692307692,8.653436621415269
