media,desvio_padrao,maximo,minimo,rms,variancia,skewness,kurtosis,pico_a_pico,crest_factor,shape_factor,impulse_factor,margin_factor,energia,zero_crossings,mean_abs,peak_to_rms,mediana,amplitude,coeficiente_variacao
0.0159573669609079,0.0742123054951841,0.1781575384615384,-0.2236356923076923,0.0759085228893015,0.0055074662869105,-0.4138037450912245,-0.1029738641211506,0.4017932307692308,2.9461209860956368,1.2098201607585637,3.5642765650124004,4.102899188249311,1.405953338725491,38,0.0627436418663303,2.9461209860956368,0.0243036923076923,0.4017932307692308,4.650661081930879
