media,desvio_padrao,maximo,minimo,rms,variancia,skewness,kurtosis,pico_a_pico,crest_factor,shape_factor,impulse_factor,margin_factor,energia,zero_crossings,mean_abs,peak_to_rms,mediana,amplitude,coeficiente_variacao
0.0135754529914529,0.0695295093876775,0.1512461538461538,-0.1823298461538461,0.0708423997307706,0.0048343526756911,-0.2242606798427301,-0.1770660534683914,0.333576,2.5737389874816823,1.2529244501073369,3.2247005056103006,3.826763091669111,1.219530880706272,41,0.0565416372269705,2.5737389874816823,0.0091790769230769,0.333576,5.1217082355522745
