media,desvio_padrao,maximo,minimo,rms,variancia,skewness,kurtosis,pico_a_pico,crest_factor,shape_factor,impulse_factor,margin_factor,energia,zero_crossings,mean_abs,peak_to_rms,mediana,amplitude,coeficiente_variacao
0.0098938411097099,0.068788229635597,0.1787833846153846,-0.1625113846153845,0.069496105130459,0.0047318205363996,-0.2139290772185734,-0.1504361844033983,0.3412947692307692,2.572566970188762,1.2411634231003317,3.192976026874332,3.759815510550832,1.17844890530613,42,0.055992711223203,2.572566970188762,0.0136643076923076,0.3412947692307692,6.952631326177981
