media,desvio_padrao,maximo,minimo,rms,variancia,skewness,kurtosis,pico_a_pico,crest_factor,shape_factor,impulse_factor,margin_factor,energia,zero_crossings,mean_abs,peak_to_rms,mediana,amplitude,coeficiente_variacao
0.0130367515762925,0.0636685038422012,0.1656406153846154,-0.1422756923076923,0.0649895012534052,0.0040536783815043,0.1059984272139934,-0.235026182114844,0.3079163076923077,2.548728828349585,1.26628896912882,3.2274272006397013,3.871244540028445,1.0305670066525914,39,0.0513228045397225,2.548728828349585,0.008448923076923,0.3079163076923077,4.883770582695073
