media,desvio_padrao,maximo,minimo,rms,variancia,skewness,kurtosis,pico_a_pico,crest_factor,shape_factor,impulse_factor,margin_factor,energia,zero_crossings,mean_abs,peak_to_rms,mediana,amplitude,coeficiente_variacao
0.0121116620428751,0.0581688807912862,0.1746110769230769,-0.1214141538461538,0.0594164207096968,0.0033836186925108,0.1804948077567717,-0.4885677418769671,0.2960252307692307,2.9387680179560216,1.2222023772820267,3.59176925782624,4.177377927529812,0.8613958961882129,39,0.0486142244640605,2.9387680179560216,0.0112652307692307,0.2960252307692307,4.802716636690242
