media,desvio_padrao,maximo,minimo,rms,variancia,skewness,kurtosis,pico_a_pico,crest_factor,shape_factor,impulse_factor,margin_factor,energia,zero_crossings,mean_abs,peak_to_rms,mediana,amplitude,coeficiente_variacao
0.0141217225725094,0.0724010883428681,0.2184203076923076,-0.1495772307692307,0.0737654434111713,0.0052419175932317,0.2175437116978482,-0.1707592883488504,0.3679975384615384,2.9610112485168,1.2754043957293586,3.7764867621624014,4.601061327094532,1.327687116561799,40,0.0578369054224463,2.9610112485168,0.0075101538461538,0.3679975384615384,5.126930370648281
