media,desvio_padrao,maximo,minimo,rms,variancia,skewness,kurtosis,pico_a_pico,crest_factor,shape_factor,impulse_factor,margin_factor,energia,zero_crossings,mean_abs,peak_to_rms,mediana,amplitude,coeficiente_variacao
0.011877397225725,0.0733701107377774,0.180660923076923,-0.1608424615384615,0.07432526969027,0.0053831731496737,-0.1240879759097349,-0.6255210857022848,0.3415033846153846,2.4306796844434917,1.2028456832771417,2.9237325658622977,3.3542186500727573,1.3479159543456567,39,0.0617911929382093,2.4306796844434917,0.0174193846153846,0.3415033846153846,6.177288621691129
