media,desvio_padrao,maximo,minimo,rms,variancia,skewness,kurtosis,pico_a_pico,crest_factor,shape_factor,impulse_factor,margin_factor,energia,zero_crossings,mean_abs,peak_to_rms,mediana,amplitude,coeficiente_variacao
0.0130444464060529,0.0676893656779065,0.1771144615384615,-0.137268923076923,0.0689348083911005,0.0045818502258773,-0.0002952582056985,-0.6820620553994865,0.3143833846153846,2.5693037475872216,1.2171075649532563,3.127119027851159,3.644742158394192,1.1594899051319287,40,0.0566382219419924,2.5693037475872216,0.0106393846153846,0.3143833846153846,5.189132874699606
