media,desvio_padrao,maximo,minimo,rms,variancia,skewness,kurtosis,pico_a_pico,crest_factor,shape_factor,impulse_factor,margin_factor,energia,zero_crossings,mean_abs,peak_to_rms,mediana,amplitude,coeficiente_variacao
0.0114712812105926,0.0693454276792075,0.1625113846153845,-0.1558356923076923,0.0702878270586358,0.0048087883400121,-0.021931376688385,-0.5549753133081778,0.3183470769230768,2.312084345413234,1.2128022958564373,2.8041012023308984,3.232901589405079,1.205452386360426,43,0.0579548928121059,2.312084345413234,0.0133513846153846,0.3183470769230768,6.045133617260931
