media,desvio_padrao,maximo,minimo,rms,variancia,skewness,kurtosis,pico_a_pico,crest_factor,shape_factor,impulse_factor,margin_factor,energia,zero_crossings,mean_abs,peak_to_rms,mediana,amplitude,coeficiente_variacao
0.0109052837326607,0.0772454657931483,0.1981846153846153,-0.1783661538461538,0.0780114555619255,0.0059668619856004,0.1857706294316595,-0.2948701317638056,0.3765507692307692,2.540455295405893,1.2506474650827173,3.1772139753553463,3.733126457965889,1.4849320765292306,45,0.0623768549810844,2.540455295405893,0.0097006153846153,0.3765507692307692,7.083306375771043
