media,desvio_padrao,maximo,minimo,rms,variancia,skewness,kurtosis,pico_a_pico,crest_factor,shape_factor,impulse_factor,margin_factor,energia,zero_crossings,mean_abs,peak_to_rms,mediana,amplitude,coeficiente_variacao
0.0118303732660781,0.0774591202487725,0.1858763076923077,-0.1679353846153846,0.0783573419746264,0.0059999153097138,0.0670373512843929,-0.7521510237835343,0.3538116923076923,2.372161982632055,1.201988820177745,2.851312182774405,3.299300482893408,1.4981290220841657,43,0.0651897427490542,2.372161982632055,0.0078230769230769,0.3538116923076923,6.547478976920783
