media,desvio_padrao,maximo,minimo,rms,variancia,skewness,kurtosis,pico_a_pico,crest_factor,shape_factor,impulse_factor,margin_factor,energia,zero_crossings,mean_abs,peak_to_rms,mediana,amplitude,coeficiente_variacao
0.0133043606557377,0.0557095909925245,0.138312,-0.1522892307692307,0.0572762126978758,0.0031035585285543,-0.193742875671885,-0.2044738391832981,0.2906012307692307,2.6588565059728277,1.2561400410110748,3.3398961204552697,4.0223635011625785,0.8004577480070059,48,0.0455969962168978,2.6588565059728277,0.0119953846153846,0.2906012307692307,4.187318160869234
