media,desvio_padrao,maximo,minimo,rms,variancia,skewness,kurtosis,pico_a_pico,crest_factor,shape_factor,impulse_factor,margin_factor,energia,zero_crossings,mean_abs,peak_to_rms,mediana,amplitude,coeficiente_variacao
0.0051452761664564,0.0666777321675515,0.1858763076923077,-0.2086153846153846,0.0668759585638728,0.0044459199670077,0.0590141066689512,0.1376119777051103,0.3944916923076923,3.119437673796289,1.238547453398113,3.863571586914526,4.49237835903313,1.0912640954561894,43,0.053995475409836,3.119437673796289,-0.0032335384615384,0.3944916923076923,12.95901911004165
