media,desvio_padrao,maximo,minimo,rms,variancia,skewness,kurtosis,pico_a_pico,crest_factor,shape_factor,impulse_factor,margin_factor,energia,zero_crossings,mean_abs,peak_to_rms,mediana,amplitude,coeficiente_variacao
0.0095886128625472,0.0587089241344642,0.1748196923076923,-0.1585476923076923,0.0594867991209317,0.0034467377730262,0.0802909856323937,-0.0287542902271713,0.3333673846153846,2.938798101277869,1.2223387313053116,3.5922067426784494,4.142663498624727,0.8634377417955976,44,0.0486663783102143,2.938798101277869,0.009492,0.3333673846153846,6.122775523014264
