media,desvio_padrao,maximo,minimo,rms,variancia,skewness,kurtosis,pico_a_pico,crest_factor,shape_factor,impulse_factor,margin_factor,energia,zero_crossings,mean_abs,peak_to_rms,mediana,amplitude,coeficiente_variacao
0.0090966609686609,0.0622478616164722,0.1543753846153846,-0.1239175384615384,0.0629090257165236,0.0038747962758234,0.2884172174018595,-0.5770443728712937,0.278292923076923,2.4539465181199973,1.224031681069644,3.0037082818294194,3.4671204577509878,0.9616835605343432,42,0.0513949325735992,2.4539465181199973,0.0047981538461538,0.278292923076923,6.842935207866181
