media,desvio_padrao,maximo,minimo,rms,variancia,skewness,kurtosis,pico_a_pico,crest_factor,shape_factor,impulse_factor,margin_factor,energia,zero_crossings,mean_abs,peak_to_rms,mediana,amplitude,coeficiente_variacao
0.0134120882723833,0.0753329676570839,0.2098670769230769,-0.148116923076923,0.0765175805148689,0.0056750560160232,0.1724985235265069,-0.6701026804348489,0.3579839999999999,2.742730174045368,1.1970017009833278,3.283052683670604,3.7461724475951415,1.428605391195266,43,0.06392437074401,2.742730174045368,0.0129341538461538,0.3579839999999999,5.616796290567293
