media,desvio_padrao,maximo,minimo,rms,variancia,skewness,kurtosis,pico_a_pico,crest_factor,shape_factor,impulse_factor,margin_factor,energia,zero_crossings,mean_abs,peak_to_rms,mediana,amplitude,coeficiente_variacao
0.0154349735182849,0.077059948280725,0.2486695384615384,-0.1620941538461538,0.0785905467377481,0.005938235629028,0.4406863319624037,0.2138870077708015,0.4107636923076923,3.164115135772418,1.265900069070136,4.005453568920166,4.707801436295767,1.5070596649153138,36,0.0620827414880201,3.164115135772418,0.0055283076923076,0.4107636923076923,4.992554615622513
