media,desvio_padrao,maximo,minimo,rms,variancia,skewness,kurtosis,pico_a_pico,crest_factor,shape_factor,impulse_factor,margin_factor,energia,zero_crossings,mean_abs,peak_to_rms,mediana,amplitude,coeficiente_variacao
0.0125511223203026,0.0772187720566346,0.2033999999999999,-0.157296,0.0782321508680011,0.0059627387579344,-0.2404128320094555,-0.6721085658821422,0.3606959999999999,2.599954082090761,1.1876231859633206,3.087765750330971,3.532176391653851,1.4933457407818225,36,0.0658728726355611,2.599954082090761,0.0222175384615384,0.3606959999999999,6.152340012791195
