media,desvio_padrao,maximo,minimo,rms,variancia,skewness,kurtosis,pico_a_pico,crest_factor,shape_factor,impulse_factor,margin_factor,energia,zero_crossings,mean_abs,peak_to_rms,mediana,amplitude,coeficiente_variacao
0.0053444867591424,0.0805563711873886,0.1748196923076923,-0.1854590769230769,0.0807334656607716,0.0064893289388803,-0.2007243864586771,-0.6868315236114158,0.3602787692307692,2.2971772040896226,1.2142009680850814,2.7892347850686003,3.266160416037413,1.5903657645341538,36,0.0664910239596469,2.2971772040896226,0.0116824615384615,0.3602787692307692,15.072798346742212
