media,desvio_padrao,maximo,minimo,rms,variancia,skewness,kurtosis,pico_a_pico,crest_factor,shape_factor,impulse_factor,margin_factor,energia,zero_crossings,mean_abs,peak_to_rms,mediana,amplitude,coeficiente_variacao
0.0156736258309591,0.0799057024592469,0.2071550769230769,-0.1368516923076923,0.0814283969644165,0.0063849212855056,0.0714354685803677,-0.8699594412359333,0.3440067692307692,2.5440151672591766,1.2009175669830454,3.055152505032856,3.527301178049264,1.61123187122329,45,0.067805150997151,2.5440151672591766,0.010848,0.3440067692307692,5.098099400932107
