media,desvio_padrao,maximo,minimo,rms,variancia,skewness,kurtosis,pico_a_pico,crest_factor,shape_factor,impulse_factor,margin_factor,energia,zero_crossings,mean_abs,peak_to_rms,mediana,amplitude,coeficiente_variacao
0.0038474148802017,0.0670673213148972,0.1570873846153846,-0.1620941538461538,0.0671775869588664,0.0044980255883556,-0.2870709696818717,-0.2096119350499732,0.3191815384615384,2.412920159597365,1.2553044386717285,3.028949386503068,3.6040006353744265,1.1011300782663194,39,0.053514976040353,2.412920159597365,0.0046938461538461,0.3191815384615384,17.431788201479346
