media,desvio_padrao,maximo,minimo,rms,variancia,skewness,kurtosis,pico_a_pico,crest_factor,shape_factor,impulse_factor,margin_factor,energia,zero_crossings,mean_abs,peak_to_rms,mediana,amplitude,coeficiente_variacao
0.0180460857503152,0.0787662783115496,0.1706473846153846,-0.164388923076923,0.080807102472247,0.0062041265990524,-0.2184276748432832,-0.8051335885197637,0.3350363076923076,2.111786951821382,1.1732186585996551,2.477587854864137,2.7889002800935456,1.593268225630296,36,0.068876421185372,2.111786951821382,0.0279544615384615,0.3350363076923076,4.364729249398232
