media,desvio_padrao,maximo,minimo,rms,variancia,skewness,kurtosis,pico_a_pico,crest_factor,shape_factor,impulse_factor,margin_factor,energia,zero_crossings,mean_abs,peak_to_rms,mediana,amplitude,coeficiente_variacao
0.0117936090794451,0.0741221203200711,0.1691870769230769,-0.1620941538461538,0.0750544997709122,0.005494088720743,-0.0461765454958211,-0.5960307835767842,0.3312812307692308,2.2541896547106983,1.218254500130496,2.7461766909989174,3.1931859830923788,1.3744954163502958,36,0.0616082269861286,2.2541896547106983,0.0151246153846153,0.3312812307692308,6.2849395652139375
