media,desvio_padrao,maximo,minimo,rms,variancia,skewness,kurtosis,pico_a_pico,crest_factor,shape_factor,impulse_factor,margin_factor,energia,zero_crossings,mean_abs,peak_to_rms,mediana,amplitude,coeficiente_variacao
0.005083175688509,0.0584747675499245,0.157296,-0.1397723076923077,0.058695290399639,0.0034192984400177,0.1352602758749955,-0.709306854231742,0.2970683076923077,2.679874295348358,1.1926668080001066,3.1961971216746616,3.6378917283680745,0.8371683189688046,40,0.0492134852801519,2.679874295348358,0.001668923076923,0.2970683076923077,11.503589711076105
