media,desvio_padrao,maximo,minimo,rms,variancia,skewness,kurtosis,pico_a_pico,crest_factor,shape_factor,impulse_factor,margin_factor,energia,zero_crossings,mean_abs,peak_to_rms,mediana,amplitude,coeficiente_variacao
0.014470554854981,0.0770007710813101,0.1631372307692307,-0.1660578461538461,0.0783486803011215,0.0059291187471163,-0.1676077981691681,-0.7496378004989142,0.3291950769230769,2.1194721533997445,1.193062150733345,2.528662005754533,2.90169569996639,1.4977978320022722,41,0.0656702421185372,2.1194721533997445,0.012204,0.3291950769230769,5.3212037722800085
