media,desvio_padrao,maximo,minimo,rms,variancia,skewness,kurtosis,pico_a_pico,crest_factor,shape_factor,impulse_factor,margin_factor,energia,zero_crossings,mean_abs,peak_to_rms,mediana,amplitude,coeficiente_variacao
0.0192345094577553,0.0758847251161271,0.1812867692307692,-0.1623027692307692,0.0782844675528335,0.0057584915059501,-0.2589813387222859,-0.6358471641942001,0.3435895384615385,2.31574378542487,1.19826216016304,2.77486815070734,3.1999769934168585,1.4953437178474789,40,0.0653316696090794,2.31574378542487,0.0255553846153846,0.3435895384615385,3.94523838950987
