media,desvio_padrao,maximo,minimo,rms,variancia,skewness,kurtosis,pico_a_pico,crest_factor,shape_factor,impulse_factor,margin_factor,energia,zero_crossings,mean_abs,peak_to_rms,mediana,amplitude,coeficiente_variacao
0.0124485245901639,0.0740028810855743,0.138312,-0.1814953846153846,0.0750426023898264,0.0054764264089656,-0.2736558692137887,-0.6561567891517699,0.3198073846153846,2.418564639757085,1.200961460743122,2.9046029226643317,3.357109624340785,1.3740596903187692,44,0.0624854375788146,2.418564639757085,0.0132470769230769,0.3198073846153846,5.94471100165934
