media,desvio_padrao,maximo,minimo,rms,variancia,skewness,kurtosis,pico_a_pico,crest_factor,shape_factor,impulse_factor,margin_factor,energia,zero_crossings,mean_abs,peak_to_rms,mediana,amplitude,coeficiente_variacao
0.0160249104665826,0.0673135764567708,0.1677267692307692,-0.1606338461538461,0.069194763753217,0.0045311175754015,-0.1735513042082616,-0.3941020229200549,0.3283606153846153,2.42398066172993,1.2261023637812327,2.9720484191070646,3.4872226322357758,1.1682513407306985,42,0.0564347364438839,2.42398066172993,0.0178366153846153,0.3283606153846153,4.200558661288159
