media,desvio_padrao,maximo,minimo,rms,variancia,skewness,kurtosis,pico_a_pico,crest_factor,shape_factor,impulse_factor,margin_factor,energia,zero_crossings,mean_abs,peak_to_rms,mediana,amplitude,coeficiente_variacao
0.0141054779319041,0.0599379482367646,0.1406067692307692,-0.1385206153846153,0.061575337161241,0.003592557638833,-0.0900455864458129,-0.6364283159305133,0.2791273846153846,2.2834916658690245,1.2263653495470284,2.800395055001192,3.286734641638668,0.925131403751006,38,0.0502096191677175,2.2834916658690245,0.0136643076923076,0.2791273846153846,4.249267449576832
