media,desvio_padrao,maximo,minimo,rms,variancia,skewness,kurtosis,pico_a_pico,crest_factor,shape_factor,impulse_factor,margin_factor,energia,zero_crossings,mean_abs,peak_to_rms,mediana,amplitude,coeficiente_variacao
0.0057010138713745,0.0744477382453281,0.1723163076923076,-0.1579218461538461,0.0746657035660047,0.0055424657298448,0.027043412001594,-0.6715852820582864,0.3302381538461538,2.307837460340535,1.21093541565977,2.794642114312654,3.2520182877861377,1.3602920185175855,32,0.0616595258511979,2.307837460340535,0.0021904615384615,0.3302381538461538,13.05868393324548
