media,desvio_padrao,maximo,minimo,rms,variancia,skewness,kurtosis,pico_a_pico,crest_factor,shape_factor,impulse_factor,margin_factor,energia,zero_crossings,mean_abs,peak_to_rms,mediana,amplitude,coeficiente_variacao
0.0098476721311475,0.0831403350196085,0.2184203076923076,-0.2081981538461538,0.0837215142814278,0.0069123153071727,-0.1114617767722153,0.1208299332400772,0.4266184615384615,2.6088910307820417,1.2868565999135722,3.357268641417193,4.046174183412362,1.7102672366723786,47,0.0650589306431273,2.6088910307820417,0.009492,0.4266184615384615,8.442638413665408
