media,desvio_padrao,maximo,minimo,rms,variancia,skewness,kurtosis,pico_a_pico,crest_factor,shape_factor,impulse_factor,margin_factor,energia,zero_crossings,mean_abs,peak_to_rms,mediana,amplitude,coeficiente_variacao
0.0082377427490542,0.0710871120929358,0.1741938461538461,-0.1716904615384615,0.0715628249254682,0.0050533775057136,0.0213960439206678,-0.5377093361250616,0.3458843076923076,2.434138763181397,1.23644378745236,3.009675751532609,3.58715999225784,1.2495820503604258,41,0.0578779445145018,2.434138763181397,0.0012516923076923,0.3458843076923076,8.62944064393093
