media,desvio_padrao,maximo,minimo,rms,variancia,skewness,kurtosis,pico_a_pico,crest_factor,shape_factor,impulse_factor,margin_factor,energia,zero_crossings,mean_abs,peak_to_rms,mediana,amplitude,coeficiente_variacao
0.0131889382093316,0.0633084235293489,0.1502030769230769,-0.1443618461538461,0.0646676470954448,0.0040079564897714,-0.0176107477135388,-0.5714753708132125,0.294564923076923,2.3226927786840283,1.2181727862610645,2.829441133837977,3.276196252471899,1.0203847177300829,39,0.0530857755359394,2.3226927786840283,0.0118910769230769,0.294564923076923,4.800115257538773
