media,desvio_padrao,maximo,minimo,rms,variancia,skewness,kurtosis,pico_a_pico,crest_factor,shape_factor,impulse_factor,margin_factor,energia,zero_crossings,mean_abs,peak_to_rms,mediana,amplitude,coeficiente_variacao
0.020156710351377,0.0697971902019976,0.1750283076923076,-0.1514547692307692,0.0726494372468441,0.0048716477600938,-0.066757593315973,-0.5272053243741741,0.3264830769230769,2.4092176667192398,1.2283357682942553,2.95932823363767,3.4901673362696246,1.2825395979448049,44,0.0591446077872744,2.4092176667192398,0.0212787692307692,0.3264830769230769,3.462727249897174
