media,desvio_padrao,maximo,minimo,rms,variancia,skewness,kurtosis,pico_a_pico,crest_factor,shape_factor,impulse_factor,margin_factor,energia,zero_crossings,mean_abs,peak_to_rms,mediana,amplitude,coeficiente_variacao
0.0124989684741488,0.0645726383675584,0.1420670769230769,-0.1401895384615384,0.0657711930761883,0.0041696256257474,-0.0812509462230735,-0.6831555162076035,0.2822566153846154,2.1600197636449843,1.2189170494477222,2.6328849170509105,3.087939984112496,1.0555073606343193,37,0.053958711223203,2.1600197636449843,0.0151246153846153,0.2822566153846154,5.16623739799903
