media,desvio_padrao,maximo,minimo,rms,variancia,skewness,kurtosis,pico_a_pico,crest_factor,shape_factor,impulse_factor,margin_factor,energia,zero_crossings,mean_abs,peak_to_rms,mediana,amplitude,coeficiente_variacao
0.0068603682219419,0.0700290611101946,0.2107015384615384,-0.1625113846153845,0.0703642952932523,0.0049040693999753,0.2757485905206906,0.1155168442187641,0.373212923076923,2.994438267070144,1.2636149567791832,3.783816981421772,4.4586910202688825,1.2080767087163076,37,0.0556849180327868,2.994438267070144,0.00678,0.373212923076923,10.207770027010485
