media,desvio_padrao,maximo,minimo,rms,variancia,skewness,kurtosis,pico_a_pico,crest_factor,shape_factor,impulse_factor,margin_factor,energia,zero_crossings,mean_abs,peak_to_rms,mediana,amplitude,coeficiente_variacao
0.0129486885245901,0.0620533089878276,0.167100923076923,-0.12204,0.0633899178958741,0.0038506131563388,0.2315911922375673,-0.5264658008019301,0.2891409230769231,2.6360804466004693,1.2101045409603652,3.189932918768056,3.662123835801416,0.980460732566343,34,0.0523838360655737,2.6360804466004693,0.0112652307692307,0.2891409230769231,4.792246633316227
