media,desvio_padrao,maximo,minimo,rms,variancia,skewness,kurtosis,pico_a_pico,crest_factor,shape_factor,impulse_factor,margin_factor,energia,zero_crossings,mean_abs,peak_to_rms,mediana,amplitude,coeficiente_variacao
0.0160035359394703,0.0684906036810794,0.1944295384615384,-0.1693956923076923,0.0703354530458474,0.0046909627925986,0.0500098818421967,-0.3075368840171792,0.3638252307692307,2.764317709517012,1.24392154967208,3.4385943690083765,4.0600998238842125,1.2070865330601657,41,0.0565433190416141,2.764317709517012,0.0106393846153846,0.3638252307692307,4.279716928816803
