media,desvio_padrao,maximo,minimo,rms,variancia,skewness,kurtosis,pico_a_pico,crest_factor,shape_factor,impulse_factor,margin_factor,energia,zero_crossings,mean_abs,peak_to_rms,mediana,amplitude,coeficiente_variacao
0.0132222824716267,0.057727591495957,0.1602166153846153,-0.1612596923076923,0.0592224921265863,0.003332474819924,0.110654997378349,-0.1203771895951795,0.3214763076923077,2.722946747377745,1.253326670488898,3.412741780809524,4.003235668490566,0.8557820719787927,41,0.0472522395964691,2.722946747377745,0.0115781538461538,0.3214763076923077,4.365932403866941
