media,desvio_padrao,maximo,minimo,rms,variancia,skewness,kurtosis,pico_a_pico,crest_factor,shape_factor,impulse_factor,margin_factor,energia,zero_crossings,mean_abs,peak_to_rms,mediana,amplitude,coeficiente_variacao
0.0149339546027742,0.075022664453875,0.1873366153846154,-0.1658492307692307,0.0764945957688283,0.0056284001817587,-0.0281807596210358,-0.5720655418924272,0.3531858461538462,2.4490176528386245,1.2320376600994556,3.01728197854556,3.5763221960649125,1.4277472563680944,46,0.0620878713745271,2.4490176528386245,0.008136,0.3531858461538462,5.023630140133019
