media,desvio_padrao,maximo,minimo,rms,variancia,skewness,kurtosis,pico_a_pico,crest_factor,shape_factor,impulse_factor,margin_factor,energia,zero_crossings,mean_abs,peak_to_rms,mediana,amplitude,coeficiente_variacao
0.0144192559899117,0.0805983512078344,0.164388923076923,-0.1716904615384615,0.0818780139031475,0.0064960942174214,-0.0031288497335764,-0.8257896217588403,0.3360793846153845,2.0969055470929217,1.2030133486374377,2.522605363984674,2.9173832593397004,1.6357782352166623,45,0.0680607692307692,2.0969055470929217,0.0109523076923076,0.3360793846153845,5.589633145026633
