media,desvio_padrao,maximo,minimo,rms,variancia,skewness,kurtosis,pico_a_pico,crest_factor,shape_factor,impulse_factor,margin_factor,energia,zero_crossings,mean_abs,peak_to_rms,mediana,amplitude,coeficiente_variacao
0.0115482295081967,0.0828049230426139,0.2011052307692307,-0.191508923076923,0.0836063208427879,0.0068566552800932,-0.1124487101282484,-0.2620478265364636,0.3926141538461538,2.405383094746938,1.242327620152831,2.988273855652815,3.5120236757940826,1.7055641199075977,38,0.0672981261034047,2.405383094746938,0.01356,0.3926141538461538,7.170356545463575
