media,desvio_padrao,maximo,minimo,rms,variancia,skewness,kurtosis,pico_a_pico,crest_factor,shape_factor,impulse_factor,margin_factor,energia,zero_crossings,mean_abs,peak_to_rms,mediana,amplitude,coeficiente_variacao
0.016106133669609,0.0696437863772046,0.1837901538461538,-0.1721076923076923,0.0714819174528567,0.0048502569809537,-0.1719214095167048,-0.2685893405529489,0.3558978461538461,2.571141911062554,1.23287863088885,3.169905919131743,3.722046427940757,1.2467581435478343,41,0.0579796872635561,2.571141911062554,0.0147073846153846,0.3558978461538461,4.32405366836217
