media,desvio_padrao,maximo,minimo,rms,variancia,skewness,kurtosis,pico_a_pico,crest_factor,shape_factor,impulse_factor,margin_factor,energia,zero_crossings,mean_abs,peak_to_rms,mediana,amplitude,coeficiente_variacao
0.0060207767969735,0.0675475463675549,0.1737766153846153,-0.1721076923076923,0.0678153432013431,0.0045626710202769,-0.0719269616797507,-0.3253180786411893,0.3458843076923076,2.5624970276810983,1.2261995742780192,3.142132764431252,3.665585660451242,1.1221366687378933,32,0.0553053064312736,2.5624970276810983,0.0124126153846153,0.3458843076923076,11.219074987385223
