media,desvio_padrao,maximo,minimo,rms,variancia,skewness,kurtosis,pico_a_pico,crest_factor,shape_factor,impulse_factor,margin_factor,energia,zero_crossings,mean_abs,peak_to_rms,mediana,amplitude,coeficiente_variacao
-8.891803278688602e-05,0.06909989495988,0.1395636923076923,-0.1754455384615384,0.0690999521699039,0.0047747954834664,-0.2474257708683253,-0.4781146317751217,0.3150092307692307,2.539010997144404,1.229395277335805,3.121448128993003,3.66846732225152,1.1650520271314555,43,0.0562064564943253,2.539010997144404,0.0046938461538461,0.3150092307692307,-777.1190251756357
