media,desvio_padrao,maximo,minimo,rms,variancia,skewness,kurtosis,pico_a_pico,crest_factor,shape_factor,impulse_factor,margin_factor,energia,zero_crossings,mean_abs,peak_to_rms,mediana,amplitude,coeficiente_variacao
0.0121227767969735,0.0748238568811116,0.1550012307692307,-0.1764886153846153,0.0757995466730132,0.005598609558565,-0.3787457839842791,-0.5607334710247298,0.3314898461538461,2.3283597743131383,1.1948463178029365,2.7820321028585293,3.188142099165747,1.401919391303574,40,0.0634387414880201,2.3283597743131383,0.0208615384615384,0.3314898461538461,6.172171453308587
