media,desvio_padrao,maximo,minimo,rms,variancia,skewness,kurtosis,pico_a_pico,crest_factor,shape_factor,impulse_factor,margin_factor,energia,zero_crossings,mean_abs,peak_to_rms,mediana,amplitude,coeficiente_variacao
0.0147774930643127,0.0727656149329653,0.1810781538461538,-0.1827470769230769,0.074250986645555,0.0052948347165725,-0.1428577102865643,-0.4755233136346684,0.3638252307692308,2.461207388333295,1.20856662508854,2.974533106960951,3.3977110209403567,1.345223000352568,38,0.0614372307692307,2.461207388333295,0.0186710769230769,0.3638252307692308,4.924083849424526
