media,desvio_padrao,maximo,minimo,rms,variancia,skewness,kurtosis,pico_a_pico,crest_factor,shape_factor,impulse_factor,margin_factor,energia,zero_crossings,mean_abs,peak_to_rms,mediana,amplitude,coeficiente_variacao
0.0160625296343001,0.0795679731104911,0.2196719999999999,-0.1748196923076923,0.0811730694452576,0.0063310623449118,0.0324515337209072,-0.1906290671569053,0.3944916923076923,2.7062177333104898,1.2469478576712978,3.3745124049435904,3.9794821289913664,1.6077323975721656,43,0.0650974047919293,2.7062177333104898,0.0201313846153846,0.3944916923076923,4.953638992240719
