media,desvio_padrao,maximo,minimo,rms,variancia,skewness,kurtosis,pico_a_pico,crest_factor,shape_factor,impulse_factor,margin_factor,energia,zero_crossings,mean_abs,peak_to_rms,mediana,amplitude,coeficiente_variacao
0.00289314339981,0.0740975006270557,0.165432,-0.2246787692307692,0.0741539606353456,0.0054904395991765,-0.45779745195365,0.2951854798892586,0.3901107692307692,3.029895737270648,1.2668109753809542,3.8383051742344247,4.513062794967857,1.3362108003317394,44,0.0585359316239316,3.029895737270648,0.0100135384615384,0.3901107692307692,25.611416507014567
