media,desvio_padrao,maximo,minimo,rms,variancia,skewness,kurtosis,pico_a_pico,crest_factor,shape_factor,impulse_factor,margin_factor,energia,zero_crossings,mean_abs,peak_to_rms,mediana,amplitude,coeficiente_variacao
0.0126665447667086,0.0648700526747937,0.1597993846153846,-0.1744024615384615,0.0660951215322095,0.0042081237340305,-0.2661676009334676,-0.2810643010484259,0.3342018461538461,2.638658610431203,1.2360842644167531,3.261604387521786,3.864315956064351,1.0659298820472425,41,0.0534713720050441,2.638658610431203,0.0101178461538461,0.3342018461538461,5.121369234433276
