media,desvio_padrao,maximo,minimo,rms,variancia,skewness,kurtosis,pico_a_pico,crest_factor,shape_factor,impulse_factor,margin_factor,energia,zero_crossings,mean_abs,peak_to_rms,mediana,amplitude,coeficiente_variacao
0.0145150138713745,0.0858330155349296,0.2090326153846154,-0.184416,0.0870516638755726,0.0073673065558194,-0.1130721910023561,-0.6676878426273278,0.3934486153846154,2.401247788708512,1.1923629432897598,2.863158880912509,3.26080377701882,1.8490300927753849,43,0.0730076897856242,2.401247788708512,0.0199227692307692,0.3934486153846154,5.913395350190015
