media,desvio_padrao,maximo,minimo,rms,variancia,skewness,kurtosis,pico_a_pico,crest_factor,shape_factor,impulse_factor,margin_factor,energia,zero_crossings,mean_abs,peak_to_rms,mediana,amplitude,coeficiente_variacao
0.012237344262295,0.0545838763261226,0.1810781538461538,-0.124752,0.0559388250625571,0.0029793995547854,0.1461743872984272,0.1075756765301427,0.3058301538461538,3.237074672978053,1.2648026031114803,4.094260472848886,4.845556255268387,0.763513124448568,42,0.044227316519546,3.237074672978053,0.0129341538461538,0.3058301538461538,4.46043480972444
