media,desvio_padrao,maximo,minimo,rms,variancia,skewness,kurtosis,pico_a_pico,crest_factor,shape_factor,impulse_factor,margin_factor,energia,zero_crossings,mean_abs,peak_to_rms,mediana,amplitude,coeficiente_variacao
0.0127691424968474,0.0692643305449683,0.200688,-0.1533323076923076,0.0704315162831769,0.0047975474858426,0.0517836789118963,-0.3495832489182953,0.3540203076923077,2.8494062117463685,1.234476703710109,3.517525587807766,4.122114947765922,1.2103860305711711,44,0.0570537427490542,2.8494062117463685,0.012516923076923,0.3540203076923077,5.424352540671312
