media,desvio_padrao,maximo,minimo,rms,variancia,skewness,kurtosis,pico_a_pico,crest_factor,shape_factor,impulse_factor,margin_factor,energia,zero_crossings,mean_abs,peak_to_rms,mediana,amplitude,coeficiente_variacao
0.0090422799495586,0.0905518052802583,0.2486695384615384,-0.2353181538461538,0.0910021552832679,0.0081996294395138,0.2705409205925503,-0.0029690176684713,0.4839876923076923,2.732567571476627,1.2487109516852986,3.412187052722964,3.9730184127107138,2.020659712952805,42,0.0728768776796973,2.732567571476627,0.0049024615384615,0.4839876923076923,10.014266953179028
