media,desvio_padrao,maximo,minimo,rms,variancia,skewness,kurtosis,pico_a_pico,crest_factor,shape_factor,impulse_factor,margin_factor,energia,zero_crossings,mean_abs,peak_to_rms,mediana,amplitude,coeficiente_variacao
0.0183897881462799,0.0796318703065627,0.2173772307692307,-0.1802436923076923,0.0817277130267713,0.0063412347685212,0.0733401999732987,-0.2900982838019108,0.3976209230769231,2.6597738113389418,1.2654401465524725,3.365784561617178,4.024240232184482,1.629778254687053,42,0.0645844161412358,2.6597738113389418,0.0150203076923076,0.3976209230769231,4.330222277338815
