media,desvio_padrao,maximo,minimo,rms,variancia,skewness,kurtosis,pico_a_pico,crest_factor,shape_factor,impulse_factor,margin_factor,energia,zero_crossings,mean_abs,peak_to_rms,mediana,amplitude,coeficiente_variacao
0.0084249836065573,0.0792280754630126,0.1746110769230769,-0.2081981538461538,0.0796747657062358,0.0062770879415728,-0.1062300812043585,-0.3171940254226935,0.3828092307692308,2.613100295942996,1.2326577001499324,3.221058201058201,3.758350634865362,1.548928662843834,42,0.0646365699873896,2.613100295942996,0.0106393846153846,0.3828092307692308,9.403944169261932
