media,desvio_padrao,maximo,minimo,rms,variancia,skewness,kurtosis,pico_a_pico,crest_factor,shape_factor,impulse_factor,margin_factor,energia,zero_crossings,mean_abs,peak_to_rms,mediana,amplitude,coeficiente_variacao
0.0114704262295081,0.0758130226493348,0.2033999999999999,-0.1787833846153846,0.0766758441826051,0.0057476144032285,-0.0682189052116654,-0.1134214366980206,0.3821833846153846,2.652725929115284,1.259498539093166,3.341104432335262,3.9664751485183194,1.4345211597920948,46,0.0608780731399747,2.652725929115284,0.0172107692307692,0.3821833846153846,6.609433784971507
