media,desvio_padrao,maximo,minimo,rms,variancia,skewness,kurtosis,pico_a_pico,crest_factor,shape_factor,impulse_factor,margin_factor,energia,zero_crossings,mean_abs,peak_to_rms,mediana,amplitude,coeficiente_variacao
0.0132231374527112,0.0751822288247751,0.1842073846153846,-0.1512461538461538,0.0763362226937784,0.0056523675310608,0.0075252272390603,-0.7798143084895797,0.3354535384615384,2.413105837766293,1.1946919350495309,2.882918082800332,3.284753640621904,1.4218414104176094,32,0.0638961563682219,2.413105837766293,0.0156461538461538,0.3354535384615384,5.6856573633634895
