media,desvio_padrao,maximo,minimo,rms,variancia,skewness,kurtosis,pico_a_pico,crest_factor,shape_factor,impulse_factor,margin_factor,energia,zero_crossings,mean_abs,peak_to_rms,mediana,amplitude,coeficiente_variacao
0.0076631954602774,0.0635744421046169,0.1414412307692307,-0.154584,0.0640346332352712,0.0040417096889132,-0.2709167215743148,-0.5546643298359584,0.2960252307692307,2.414068640512689,1.2029354625082214,2.903968776601725,3.339688385792245,1.000505957872473,38,0.0532319773013871,2.414068640512689,0.013872923076923,0.2960252307692307,8.296074716371049
