media,desvio_padrao,maximo,minimo,rms,variancia,skewness,kurtosis,pico_a_pico,crest_factor,shape_factor,impulse_factor,margin_factor,energia,zero_crossings,mean_abs,peak_to_rms,mediana,amplitude,coeficiente_variacao
0.0149861084489281,0.073877759926622,0.17628,-0.1769058461538461,0.0753824041684705,0.0054579234117756,-0.1813518236600174,-0.7060902890876197,0.3531858461538462,2.3467790408817826,1.2037313323662346,2.824891461649783,3.290386020751124,1.386531673405349,44,0.0626239445145019,2.3467790408817826,0.0176279999999999,0.3531858461538462,4.929749452861206
