media,desvio_padrao,maximo,minimo,rms,variancia,skewness,kurtosis,pico_a_pico,crest_factor,shape_factor,impulse_factor,margin_factor,energia,zero_crossings,mean_abs,peak_to_rms,mediana,amplitude,coeficiente_variacao
0.0166575964691046,0.0771881768601665,0.225096,-0.1819126153846153,0.0789651199399068,0.0059580146469963,0.384644532126665,-0.1228903038544824,0.4070086153846153,2.8505750408699444,1.261337403824953,3.595536921459105,4.214858033750072,1.5214596007782246,42,0.0626042799495586,2.8505750408699444,0.011160923076923,0.4070086153846153,4.633812387239041
