media,desvio_padrao,maximo,minimo,rms,variancia,skewness,kurtosis,pico_a_pico,crest_factor,shape_factor,impulse_factor,margin_factor,energia,zero_crossings,mean_abs,peak_to_rms,mediana,amplitude,coeficiente_variacao
0.0147817679697351,0.0837797610565099,0.1960984615384615,-0.1837901538461538,0.0850737857803271,0.0070190483626859,-0.0722975117977872,-0.716462231073681,0.3798886153846154,2.305039792690268,1.1991721223633571,2.7641394603323817,3.1694766234399405,1.7659619625872662,37,0.070943765447667,2.305039792690268,0.0173150769230769,0.3798886153846154,5.667776765813412
