media,desvio_padrao,maximo,minimo,rms,variancia,skewness,kurtosis,pico_a_pico,crest_factor,shape_factor,impulse_factor,margin_factor,energia,zero_crossings,mean_abs,peak_to_rms,mediana,amplitude,coeficiente_variacao
0.0191088272383354,0.0796545020177341,0.2196719999999999,-0.1921347692307692,0.0819145101317084,0.0063448396916932,0.0222123151442173,-0.352999565037416,0.4118067692307692,2.68172268437905,1.2327401468102874,3.3058672156459084,3.867696324603128,1.6372368207087338,44,0.0664491298865069,2.68172268437905,0.0190883076923076,0.4118067692307692,4.168466281276235
