media,desvio_padrao,maximo,minimo,rms,variancia,skewness,kurtosis,pico_a_pico,crest_factor,shape_factor,impulse_factor,margin_factor,energia,zero_crossings,mean_abs,peak_to_rms,mediana,amplitude,coeficiente_variacao
0.0188318133669609,0.0784337749061129,0.184416,-0.1431101538461538,0.0806628429991829,0.0061518570460227,-0.0366210224284588,-0.784570660603118,0.3275261538461538,2.286257130831206,1.1952339125774258,2.732612055641422,3.114845502994314,1.5875845947334437,37,0.0674870769230769,2.286257130831206,0.0241993846153846,0.3275261538461538,4.164961354370655
