media,desvio_padrao,maximo,minimo,rms,variancia,skewness,kurtosis,pico_a_pico,crest_factor,shape_factor,impulse_factor,margin_factor,energia,zero_crossings,mean_abs,peak_to_rms,mediana,amplitude,coeficiente_variacao
0.0117166607818411,0.0808555223392815,0.1842073846153846,-0.2075723076923077,0.0817000344714418,0.006537615492758,0.0250468835786904,-0.3993993450699338,0.3917796923076923,2.540663648861304,1.2435933099282532,3.159552316501822,3.730623395521412,1.6286745343628874,35,0.0656967465321563,2.540663648861304,0.012516923076923,0.3917796923076923,6.900901531995721
