media,desvio_padrao,maximo,minimo,rms,variancia,skewness,kurtosis,pico_a_pico,crest_factor,shape_factor,impulse_factor,margin_factor,energia,zero_crossings,mean_abs,peak_to_rms,mediana,amplitude,coeficiente_variacao
0.0099006809583858,0.0693314002112594,0.1869193846153846,-0.2275993846153846,0.0700347523640483,0.0048068430552538,-0.0642014703813831,0.4417107784308833,0.4145187692307692,3.2498063737314027,1.2632051827599873,4.105172254263948,4.844913377257596,1.196787435441231,43,0.0554421034047919,3.2498063737314027,0.0060498461538461,0.4145187692307692,7.002690067750921
