media,desvio_padrao,maximo,minimo,rms,variancia,skewness,kurtosis,pico_a_pico,crest_factor,shape_factor,impulse_factor,margin_factor,energia,zero_crossings,mean_abs,peak_to_rms,mediana,amplitude,coeficiente_variacao
0.014350002522068,0.0770194322474192,0.1662664615384615,-0.1988104615384615,0.0783448499653816,0.0059319929437148,-0.2693482398980887,-0.4698120463795807,0.3650769230769231,2.5376328070870016,1.2047519157470714,3.057217985800684,3.5012638723824367,1.4976513859279523,42,0.0650298612862547,2.5376328070870016,0.0170021538461538,0.3650769230769231,5.367206878812407
