media,desvio_padrao,maximo,minimo,rms,variancia,skewness,kurtosis,pico_a_pico,crest_factor,shape_factor,impulse_factor,margin_factor,energia,zero_crossings,mean_abs,peak_to_rms,mediana,amplitude,coeficiente_variacao
0.0043321891551071,0.0591660233874759,0.1583390769230769,-0.1579218461538461,0.0593244147578632,0.0035006183234873,-0.1074414499938646,-0.3491752953984068,0.3162609230769231,2.669037319109661,1.2199450655120547,3.256078907115354,3.778983128204647,0.8587302294725678,36,0.0486287591424968,2.669037319109661,0.0020861538461538,0.3162609230769231,13.65730379471671
