media,desvio_padrao,maximo,minimo,rms,variancia,skewness,kurtosis,pico_a_pico,crest_factor,shape_factor,impulse_factor,margin_factor,energia,zero_crossings,mean_abs,peak_to_rms,mediana,amplitude,coeficiente_variacao
0.0173621008827238,0.0813124015589983,0.184416,-0.1591735384615384,0.0831453498059492,0.0066117066472917,-0.0579861165439298,-1.0056858885812816,0.3435895384615385,2.2179953590958914,1.1852162024294948,2.628804036513876,3.0323421144352407,1.6868084034222957,39,0.07015205296343,2.2179953590958914,0.0130384615384615,0.3435895384615385,4.683327329350347
