media,desvio_padrao,maximo,minimo,rms,variancia,skewness,kurtosis,pico_a_pico,crest_factor,shape_factor,impulse_factor,margin_factor,energia,zero_crossings,mean_abs,peak_to_rms,mediana,amplitude,coeficiente_variacao
0.0165524337957124,0.0697717953535447,0.1668923076923076,-0.1856676923076923,0.0717083432483164,0.0048681034268569,-0.2960068326187996,-0.2813360357921595,0.35256,2.589206274990203,1.2296396731444006,3.183790757682384,3.7561957291296166,1.2546691039060829,41,0.0583165498108448,2.589206274990203,0.0191926153846153,0.35256,4.21519857530664
