media,desvio_padrao,maximo,minimo,rms,variancia,skewness,kurtosis,pico_a_pico,crest_factor,shape_factor,impulse_factor,margin_factor,energia,zero_crossings,mean_abs,peak_to_rms,mediana,amplitude,coeficiente_variacao
0.0091004186633039,0.0544538650945288,0.1232916923076923,-0.111192,0.0552090666791294,0.0029652234237331,-0.0085812193679917,-0.7698802321955394,0.2344836923076923,2.2331783477567826,1.2021714338178302,2.6846632162937043,3.073222609103309,0.7437220146336567,41,0.0459244539722572,2.2331783477567826,0.0100135384615384,0.2344836923076923,5.983665928921053
