media,desvio_padrao,maximo,minimo,rms,variancia,skewness,kurtosis,pico_a_pico,crest_factor,shape_factor,impulse_factor,margin_factor,energia,zero_crossings,mean_abs,peak_to_rms,mediana,amplitude,coeficiente_variacao
0.0116226128625472,0.070227046786902,0.161676923076923,-0.1814953846153846,0.0711823238603684,0.0049318381004097,-0.0340627234495305,-0.4610663393572372,0.3431723076923076,2.5497254763894293,1.2252902493124664,3.124153764643551,3.62074706878621,1.2363292681596212,43,0.0580942547288776,2.5497254763894293,0.0090747692307692,0.3431723076923076,6.042277035072013
