media,desvio_padrao,maximo,minimo,rms,variancia,skewness,kurtosis,pico_a_pico,crest_factor,shape_factor,impulse_factor,margin_factor,energia,zero_crossings,mean_abs,peak_to_rms,mediana,amplitude,coeficiente_variacao
0.0116294527112232,0.0729615574511028,0.1700215384615384,-0.1723163076923076,0.0738825624626891,0.0053233888656905,0.027211872552852,-0.7372091270158143,0.3423378461538461,2.3323000982718747,1.1971056096094688,2.792009530933976,3.1879039883962816,1.3319064607969702,41,0.0617176645649432,2.3323000982718747,0.0099092307692307,0.3423378461538461,6.27385993673546
