media,desvio_padrao,maximo,minimo,rms,variancia,skewness,kurtosis,pico_a_pico,crest_factor,shape_factor,impulse_factor,margin_factor,energia,zero_crossings,mean_abs,peak_to_rms,mediana,amplitude,coeficiente_variacao
0.0172039293820933,0.0781376859120391,0.2196719999999999,-0.1658492307692307,0.0800092066319404,0.0061054979596884,-0.0264870424888262,-0.4541690369808564,0.3855212307692307,2.745584030229652,1.236294683366274,3.3943509393082665,4.019831223603453,1.561959447592899,44,0.0647169382093316,2.745584030229652,0.0140815384615384,0.3855212307692307,4.54185111881293
