media,desvio_padrao,maximo,minimo,rms,variancia,skewness,kurtosis,pico_a_pico,crest_factor,shape_factor,impulse_factor,margin_factor,energia,zero_crossings,mean_abs,peak_to_rms,mediana,amplitude,coeficiente_variacao
0.012240764186633,0.0700343135828725,0.1608424615384615,-0.1420670769230769,0.0710960012018741,0.0049048050790241,-0.1928433178128926,-0.8110046697765907,0.3029095384615384,2.262327821810345,1.1842919241320151,2.6792565691091648,3.0534456329834425,1.2333324984028402,41,0.0600324968474148,2.262327821810345,0.018984,0.3029095384615384,5.721400438328049
