media,desvio_padrao,maximo,minimo,rms,variancia,skewness,kurtosis,pico_a_pico,crest_factor,shape_factor,impulse_factor,margin_factor,energia,zero_crossings,mean_abs,peak_to_rms,mediana,amplitude,coeficiente_variacao
0.0169611147540983,0.0806269753985383,0.2052775384615384,-0.1737766153846153,0.0823916778298524,0.0065007091619165,0.0510978857935872,-0.4856284589711657,0.3790541538461538,2.491483895806302,1.2305479036707152,3.065890285013792,3.575578805218311,1.65636681245084,44,0.0669552786885245,2.491483895806302,0.0156461538461538,0.3790541538461538,4.753636572092423
