media,desvio_padrao,maximo,minimo,rms,variancia,skewness,kurtosis,pico_a_pico,crest_factor,shape_factor,impulse_factor,margin_factor,energia,zero_crossings,mean_abs,peak_to_rms,mediana,amplitude,coeficiente_variacao
0.0105350769230769,0.0616985517963981,0.1431101538461538,-0.1191193846153846,0.0625915261001676,0.0038067112937728,0.1107524140236018,-0.9131424504391248,0.2622295384615384,2.2864141963423155,1.1976586540436025,2.738343748977522,3.1738287508610417,0.955918590049704,44,0.0522615737704918,2.2864141963423155,0.0052153846153846,0.2622295384615384,5.856488020628344
