media,desvio_padrao,maximo,minimo,rms,variancia,skewness,kurtosis,pico_a_pico,crest_factor,shape_factor,impulse_factor,margin_factor,energia,zero_crossings,mean_abs,peak_to_rms,mediana,amplitude,coeficiente_variacao
0.0110720050441361,0.060898822647488,0.1716904615384615,-0.1243347692307692,0.0618971396394662,0.0037086665998502,0.115834537556271,-0.1940134072005706,0.2960252307692307,2.7738028370698737,1.2578344049611172,3.488984641045243,4.146018568249888,0.9348264385136094,45,0.049209291298865,2.7738028370698737,0.0131427692307692,0.2960252307692307,5.5002524298650375
