media,desvio_padrao,maximo,minimo,rms,variancia,skewness,kurtosis,pico_a_pico,crest_factor,shape_factor,impulse_factor,margin_factor,energia,zero_crossings,mean_abs,peak_to_rms,mediana,amplitude,coeficiente_variacao
0.0180324060529634,0.07480890213071,0.2286424615384615,-0.1950553846153846,0.0769515399849873,0.0055963718380021,-0.0669212623153621,0.0009057649631194,0.4236978461538461,2.971252577701081,1.259587045585655,3.742551256035267,4.440135026767451,1.444855639478911,43,0.0610926733921815,2.971252577701081,0.0173150769230769,0.4236978461538461,4.1485812770069055
