media,desvio_padrao,maximo,minimo,rms,variancia,skewness,kurtosis,pico_a_pico,crest_factor,shape_factor,impulse_factor,margin_factor,energia,zero_crossings,mean_abs,peak_to_rms,mediana,amplitude,coeficiente_variacao
0.0143481025641025,0.0633244499468232,0.1537495384615384,-0.1059766153846153,0.0649296081018338,0.0040099859610677,0.2143832976229579,-0.72538194800314,0.2597261538461538,2.3679418828526098,1.2290011451697411,2.9102032857212503,3.405303325226534,1.0244525240066271,41,0.0528312022792022,2.3679418828526098,0.0104307692307692,0.2597261538461538,4.41343722376604
