media,desvio_padrao,maximo,minimo,rms,variancia,skewness,kurtosis,pico_a_pico,crest_factor,shape_factor,impulse_factor,margin_factor,energia,zero_crossings,mean_abs,peak_to_rms,mediana,amplitude,coeficiente_variacao
0.0071844060529634,0.0777143686086341,0.1792006153846154,-0.184416,0.0780457479852202,0.0060395230882386,-0.3460076103045005,-0.2529861117396175,0.3636166153846154,2.3629218088206856,1.2505801391202958,2.9550230844053544,3.502437012405306,1.486237861971692,30,0.062407634300126,2.3629218088206856,0.0127255384615384,0.3636166153846154,10.817090241799235
