media,desvio_padrao,maximo,minimo,rms,variancia,skewness,kurtosis,pico_a_pico,crest_factor,shape_factor,impulse_factor,margin_factor,energia,zero_crossings,mean_abs,peak_to_rms,mediana,amplitude,coeficiente_variacao
0.0161104085750315,0.0747305490506778,0.1808695384615384,-0.1558356923076923,0.0764473689924657,0.0055846549614157,-0.0039157877538332,-0.6653572115508104,0.3367052307692307,2.3659354251859743,1.2150801856439497,2.87480125565657,3.3585086162162145,1.4259848551123313,37,0.0629154930643127,2.3659354251859743,0.012516923076923,0.3367052307692307,4.638650143640541
