media,desvio_padrao,maximo,minimo,rms,variancia,skewness,kurtosis,pico_a_pico,crest_factor,shape_factor,impulse_factor,margin_factor,energia,zero_crossings,mean_abs,peak_to_rms,mediana,amplitude,coeficiente_variacao
0.0110181412358133,0.0743297147387822,0.1789919999999999,-0.1635544615384615,0.075141905282213,0.0055249064931487,-0.1080519325256941,-0.5121969449693857,0.3425464615384614,2.3820529879799253,1.2241752496801563,2.916050311311688,3.422347772072922,1.377698646783621,40,0.0613816569987389,2.3820529879799253,0.0091790769230769,0.3425464615384614,6.746121069603005
