media,desvio_padrao,maximo,minimo,rms,variancia,skewness,kurtosis,pico_a_pico,crest_factor,shape_factor,impulse_factor,margin_factor,energia,zero_crossings,mean_abs,peak_to_rms,mediana,amplitude,coeficiente_variacao
0.0153417805800756,0.0716181987701043,0.184416,-0.1712732307692308,0.0732429971153649,0.0051291663950741,0.0346624542436011,-0.3599158158456683,0.3556892307692307,2.5178652876469068,1.2396709212194306,3.121324380643668,3.6599663701265546,1.3089469368516922,43,0.0590826128625472,2.5178652876469068,0.0137686153846153,0.3556892307692307,4.668180358615919
