media,desvio_padrao,maximo,minimo,rms,variancia,skewness,kurtosis,pico_a_pico,crest_factor,shape_factor,impulse_factor,margin_factor,energia,zero_crossings,mean_abs,peak_to_rms,mediana,amplitude,coeficiente_variacao
0.0151528297604035,0.074739613251944,0.1927606153846154,-0.1877538461538461,0.0762601995722404,0.0055860097890501,-0.1043461903186174,-0.5584023416331378,0.3805144615384615,2.5276699571447536,1.1961751066182305,3.023535880483324,3.452071167503157,1.419010801466698,39,0.0637533745271122,2.5276699571447536,0.0224261538461538,0.3805144615384615,4.93238652012373
