media,desvio_padrao,maximo,minimo,rms,variancia,skewness,kurtosis,pico_a_pico,crest_factor,shape_factor,impulse_factor,margin_factor,energia,zero_crossings,mean_abs,peak_to_rms,mediana,amplitude,coeficiente_variacao
0.0168559520807061,0.0839818106924245,0.2048603076923076,-0.210492923076923,0.0856566847813134,0.0070529445271782,-0.1343578481119131,-0.6697973575145513,0.4153532307692307,2.457402170237197,1.191506886028185,2.9280116075782265,3.3628878421246013,1.7902445060449703,35,0.0718893745271122,2.457402170237197,0.0197141538461538,0.4153532307692307,4.982323768501487
