media,desvio_padrao,maximo,minimo,rms,variancia,skewness,kurtosis,pico_a_pico,crest_factor,shape_factor,impulse_factor,margin_factor,energia,zero_crossings,mean_abs,peak_to_rms,mediana,amplitude,coeficiente_variacao
0.0096116973518285,0.0878462668897312,0.2033999999999999,-0.2123704615384615,0.0883705342998731,0.0077169666064618,-0.1859472681492674,-0.2758097273520943,0.4157704615384615,2.403181820965481,1.2469494115739872,2.9966461575582097,3.5673061201444103,1.905481725116592,43,0.0708693820933165,2.403181820965481,0.011160923076923,0.4157704615384615,9.139516536381544
