media,desvio_padrao,maximo,minimo,rms,variancia,skewness,kurtosis,pico_a_pico,crest_factor,shape_factor,impulse_factor,margin_factor,energia,zero_crossings,mean_abs,peak_to_rms,mediana,amplitude,coeficiente_variacao
0.0126862093316519,0.0794947190561261,0.2442886153846153,-0.1908830769230769,0.0805006227616837,0.0063194103578124,0.1168935351492585,0.2440977626154437,0.4351716923076922,3.0346177085836232,1.259327210040167,3.8215766524890986,4.4836663108803005,1.5812054646646152,35,0.0639235157629256,3.0346177085836232,0.0137686153846153,0.4351716923076922,6.266231068549977
