media,desvio_padrao,maximo,minimo,rms,variancia,skewness,kurtosis,pico_a_pico,crest_factor,shape_factor,impulse_factor,margin_factor,energia,zero_crossings,mean_abs,peak_to_rms,mediana,amplitude,coeficiente_variacao
0.0152374728877679,0.0799223489851679,0.2171686153846153,-0.2165427692307692,0.0813619225885945,0.0063875818673069,0.1529500770653173,-0.0399963418910092,0.4337113846153846,2.6691676950989183,1.2661626000077129,3.379600308683041,4.01077763126178,1.6152220371442365,40,0.0642586683480454,2.6691676950989183,0.0102221538461538,0.4337113846153846,5.245118371913654
