media,desvio_padrao,maximo,minimo,rms,variancia,skewness,kurtosis,pico_a_pico,crest_factor,shape_factor,impulse_factor,margin_factor,energia,zero_crossings,mean_abs,peak_to_rms,mediana,amplitude,coeficiente_variacao
0.0039175233291298,0.0716136130141057,0.1560443076923076,-0.1656406153846154,0.0717206843105137,0.005128509568934,-0.1011854658109767,-0.6652811681614885,0.3216849230769231,2.309523632924032,1.2024209783848891,2.7770196663035382,3.1863417453519185,1.255101000144284,43,0.0596469003783102,2.309523632924032,0.0036507692307692,0.3216849230769231,18.280328410963605
