media,desvio_padrao,maximo,minimo,rms,variancia,skewness,kurtosis,pico_a_pico,crest_factor,shape_factor,impulse_factor,margin_factor,energia,zero_crossings,mean_abs,peak_to_rms,mediana,amplitude,coeficiente_variacao
0.0120680580075662,0.0787640708884617,0.1921347692307692,-0.1967243076923076,0.0796832283921566,0.0062037788629226,-0.3444903768226053,-0.4561448628855795,0.3888590769230768,2.4688295349196907,1.2112394597255762,2.990343752030672,3.4660779833980104,1.5492577204271716,41,0.0657865195460277,2.4688295349196907,0.0211744615384615,0.3888590769230768,6.526656636807654
