media,desvio_padrao,maximo,minimo,rms,variancia,skewness,kurtosis,pico_a_pico,crest_factor,shape_factor,impulse_factor,margin_factor,energia,zero_crossings,mean_abs,peak_to_rms,mediana,amplitude,coeficiente_variacao
0.0129332988650693,0.0569812387915856,0.1575046153846153,-0.1456135384615384,0.0584305724236628,0.0032468615742237,0.1155530717834039,-0.1458387653242612,0.3031181538461538,2.6955856985722444,1.2731489545541326,3.4318821140483244,4.120743092329366,0.8330481576766864,45,0.0458945296343001,2.6955856985722444,0.0064670769230769,0.3031181538461538,4.405777627661749
