media,desvio_padrao,maximo,minimo,rms,variancia,skewness,kurtosis,pico_a_pico,crest_factor,shape_factor,impulse_factor,margin_factor,energia,zero_crossings,mean_abs,peak_to_rms,mediana,amplitude,coeficiente_variacao
0.0141807162673392,0.0799228536390463,0.2601433846153846,-0.1929692307692307,0.0811711478769593,0.0063876625338084,0.2617248651950556,-0.0447245937778468,0.4531126153846154,3.204875025418076,1.2541826129780258,4.01949853364686,4.735006705647645,1.6076562804298224,44,0.0647203581336696,3.204875025418076,0.0063627692307692,0.4531126153846154,5.636023747483287
