media,desvio_padrao,maximo,minimo,rms,variancia,skewness,kurtosis,pico_a_pico,crest_factor,shape_factor,impulse_factor,margin_factor,energia,zero_crossings,mean_abs,peak_to_rms,mediana,amplitude,coeficiente_variacao
0.0146954148802017,0.0724742603775955,0.1881710769230769,-0.1664750769230769,0.0739491287019716,0.0052525184172795,0.0048154997861494,-0.5231604284427673,0.3546461538461538,2.5446016772075875,1.2173416257333332,3.0976495425756507,3.604640953177616,1.334307567130509,41,0.0607464060529634,2.5446016772075875,0.01356,0.3546461538461538,4.931760074037496
