media,desvio_padrao,maximo,minimo,rms,variancia,skewness,kurtosis,pico_a_pico,crest_factor,shape_factor,impulse_factor,margin_factor,energia,zero_crossings,mean_abs,peak_to_rms,mediana,amplitude,coeficiente_variacao
0.021933684741488,0.0856986433679344,0.1877538461538461,-0.1875452307692307,0.0884609744545209,0.0073442574751044,-0.2182974545279159,-0.788726172694703,0.3752990769230768,2.122448314769279,1.1890389931074803,2.523673807115932,2.908240182750186,1.9093839363521892,38,0.0743970340479193,2.122448314769279,0.0310836923076923,0.3752990769230768,3.90717038099092
