media,desvio_padrao,maximo,minimo,rms,variancia,skewness,kurtosis,pico_a_pico,crest_factor,shape_factor,impulse_factor,margin_factor,energia,zero_crossings,mean_abs,peak_to_rms,mediana,amplitude,coeficiente_variacao
0.0089482320302648,0.0693494995099211,0.1629286153846153,-0.1908830769230769,0.0699244158984829,0.0048093530822765,-0.1851835824535647,-0.4391198816305164,0.3538116923076922,2.729848715507373,1.2271885230247523,3.3500390132645097,3.9259055658297215,1.1930194410535386,46,0.0569793593947036,2.729848715507373,0.0130384615384615,0.3538116923076922,7.75007837027096
