media,desvio_padrao,maximo,minimo,rms,variancia,skewness,kurtosis,pico_a_pico,crest_factor,shape_factor,impulse_factor,margin_factor,energia,zero_crossings,mean_abs,peak_to_rms,mediana,amplitude,coeficiente_variacao
0.0125340226986128,0.0558305645965429,0.1445704615384615,-0.1587563076923076,0.0572202207980543,0.0031170519431687,-0.1947090091593915,-0.2768622127226416,0.3033267692307692,2.7744791173141663,1.217450983704258,3.3777923306410536,3.9116567874527206,0.7988934950354556,42,0.0470000201765447,2.7744791173141663,0.0160633846153846,0.3033267692307692,4.454321325165759
