media,desvio_padrao,maximo,minimo,rms,variancia,skewness,kurtosis,pico_a_pico,crest_factor,shape_factor,impulse_factor,margin_factor,energia,zero_crossings,mean_abs,peak_to_rms,mediana,amplitude,coeficiente_variacao
0.0165549987389659,0.0791644050061465,0.2134135384615384,-0.1892141538461538,0.0808768879422568,0.0062670030199772,0.1476491333808688,-0.4547174783065904,0.4026276923076923,2.6387456774289832,1.2268328144303409,3.2372997860060964,3.738775818213791,1.5960213247867454,38,0.065923316519546,2.6387456774289832,0.0115781538461538,0.4026276923076923,4.781903415058265
