media,desvio_padrao,maximo,minimo,rms,variancia,skewness,kurtosis,pico_a_pico,crest_factor,shape_factor,impulse_factor,margin_factor,energia,zero_crossings,mean_abs,peak_to_rms,mediana,amplitude,coeficiente_variacao
0.0148014325346784,0.0685531061923674,0.1877538461538461,-0.1691870769230769,0.0701328081121856,0.004699528368622,0.2079554706436812,-0.2552080830313854,0.356940923076923,2.6771186154917954,1.2775033624680818,3.420028033016664,4.136085330031813,1.2001410287829586,43,0.0548983354350567,2.6771186154917954,0.003024923076923,0.356940923076923,4.631518336603818
