media,desvio_padrao,maximo,minimo,rms,variancia,skewness,kurtosis,pico_a_pico,crest_factor,shape_factor,impulse_factor,margin_factor,energia,zero_crossings,mean_abs,peak_to_rms,mediana,amplitude,coeficiente_variacao
0.0150288575031525,0.0791046060293817,0.2351095384615384,-0.1679353846153846,0.0805195954592033,0.0062575386950636,0.2784595509805375,0.0897621903265584,0.4030449230769231,2.919904616021832,1.2939251616604666,3.778138052319192,4.55478633000472,1.5819508817109584,41,0.0622289432534678,2.919904616021832,0.0120996923076923,0.4030449230769231,5.263514276636667
