media,desvio_padrao,maximo,minimo,rms,variancia,skewness,kurtosis,pico_a_pico,crest_factor,shape_factor,impulse_factor,margin_factor,energia,zero_crossings,mean_abs,peak_to_rms,mediana,amplitude,coeficiente_variacao
0.0056035460277427,0.0794941445935872,0.2219667692307692,-0.1904658461538461,0.0796913969807983,0.0063193190246661,0.0517150617161395,0.2520395408978033,0.4124326153846154,2.785329127612762,1.2892604617793242,3.591014717273432,4.291418748946293,1.54957537567129,41,0.061811712484237,2.785329127612762,0.0029206153846153,0.4124326153846154,14.18639986180492
