media,desvio_padrao,maximo,minimo,rms,variancia,skewness,kurtosis,pico_a_pico,crest_factor,shape_factor,impulse_factor,margin_factor,energia,zero_crossings,mean_abs,peak_to_rms,mediana,amplitude,coeficiente_variacao
0.0134329420702754,0.0753789057074558,0.180660923076923,-0.1693956923076923,0.0765664636659999,0.0056819794256535,0.0793219908014327,-0.6585097720487276,0.3500566153846153,2.359530719154097,1.2165483840678812,2.8704832835454432,3.3212577933085656,1.4245688760710058,42,0.0629374586894586,2.359530719154097,0.01356,0.3500566153846153,5.611496373103203
