media,desvio_padrao,maximo,minimo,rms,variancia,skewness,kurtosis,pico_a_pico,crest_factor,shape_factor,impulse_factor,margin_factor,energia,zero_crossings,mean_abs,peak_to_rms,mediana,amplitude,coeficiente_variacao
0.0134223480453972,0.0799005883210516,0.2225926153846154,-0.1777403076923077,0.0810201421937899,0.0063841040140501,0.1573891458992021,-0.3105581148495031,0.4003329230769231,2.747373793200731,1.266827489481525,3.4804486451078165,4.1897217388672905,1.6016802796288756,48,0.0639551500630517,2.747373793200731,0.0036507692307692,0.4003329230769231,5.952802598383748
