media,desvio_padrao,maximo,minimo,rms,variancia,skewness,kurtosis,pico_a_pico,crest_factor,shape_factor,impulse_factor,margin_factor,energia,zero_crossings,mean_abs,peak_to_rms,mediana,amplitude,coeficiente_variacao
0.0148578612862547,0.0713806101719568,0.184416,-0.1685612307692307,0.0729105448513619,0.0050951915085208,-0.0824406109495641,-0.4875655264103247,0.3529772307692307,2.529346068884236,1.2274011583541946,3.10452229482714,3.636004000251997,1.2970912023274792,38,0.0594023757881462,2.529346068884236,0.0154375384615384,0.3529772307692307,4.804231833688765
