media,desvio_padrao,maximo,minimo,rms,variancia,skewness,kurtosis,pico_a_pico,crest_factor,shape_factor,impulse_factor,margin_factor,energia,zero_crossings,mean_abs,peak_to_rms,mediana,amplitude,coeficiente_variacao
0.0130316216897856,0.0844312291439444,0.2040258461538461,-0.1439446153846153,0.0854309991667131,0.0071286324547572,0.2330627585764851,-0.8248081505870606,0.3479704615384615,2.3881945446488646,1.2076274186620035,2.884049213216988,3.3261512134636115,1.7808231709439997,39,0.0707428448928121,2.3881945446488646,0.0076144615384615,0.3479704615384615,6.478950291361121
