media,desvio_padrao,maximo,minimo,rms,variancia,skewness,kurtosis,pico_a_pico,crest_factor,shape_factor,impulse_factor,margin_factor,energia,zero_crossings,mean_abs,peak_to_rms,mediana,amplitude,coeficiente_variacao
0.0178323404791929,0.0833834226384339,0.2127876923076923,-0.2261390769230769,0.0852689130801229,0.0069527951708996,-0.2996281863293658,0.1129877158007155,0.4389267692307692,2.6520694207815856,1.2665497797966452,3.3589779408963336,4.02386401426226,1.774072159239195,42,0.0673237755359394,2.6520694207815856,0.0223218461538461,0.4389267692307692,4.6759662723873525
