media,desvio_padrao,maximo,minimo,rms,variancia,skewness,kurtosis,pico_a_pico,crest_factor,shape_factor,impulse_factor,margin_factor,energia,zero_crossings,mean_abs,peak_to_rms,mediana,amplitude,coeficiente_variacao
0.0162840189933523,0.0585513772642255,0.1750283076923076,-0.1280898461538461,0.0607736213674446,0.0034282637795376,0.2480285825802358,0.0471884268781064,0.3031181538461538,2.880004576888145,1.2707879312804835,3.65987505834201,4.325171110746799,0.8975042321495857,44,0.0478235745489078,2.880004576888145,0.0148116923076923,0.3031181538461538,3.595634301834707
