media,desvio_padrao,maximo,minimo,rms,variancia,skewness,kurtosis,pico_a_pico,crest_factor,shape_factor,impulse_factor,margin_factor,energia,zero_crossings,mean_abs,peak_to_rms,mediana,amplitude,coeficiente_variacao
0.0276988221941992,0.0867557487610387,0.254928,-0.1890055384615384,0.0910702184802163,0.0075265599430884,-0.1774840697618251,-0.2893840596596426,0.4439335384615384,2.799246606127109,1.228246623609078,3.4381651926247936,4.057247733012579,2.0236834653443787,37,0.0741465245901639,2.799246606127109,0.0306664615384615,0.4439335384615384,3.132109667074846
