media,desvio_padrao,maximo,minimo,rms,variancia,skewness,kurtosis,pico_a_pico,crest_factor,shape_factor,impulse_factor,margin_factor,energia,zero_crossings,mean_abs,peak_to_rms,mediana,amplitude,coeficiente_variacao
0.0142106406052963,0.0831046054867636,0.2597261538461538,-0.1685612307692307,0.0843108401068541,0.0069063754531106,0.1678685252404317,-0.1918054917665528,0.4282873846153846,3.0805784109965133,1.226433074241874,3.7781232510416016,4.370571040235204,1.7344295333237398,37,0.0687447540983606,3.0805784109965133,0.0167935384615384,0.4282873846153846,5.8480548340509255
