media,desvio_padrao,maximo,minimo,rms,variancia,skewness,kurtosis,pico_a_pico,crest_factor,shape_factor,impulse_factor,margin_factor,energia,zero_crossings,mean_abs,peak_to_rms,mediana,amplitude,coeficiente_variacao
0.0168790365699873,0.0787566187359062,0.2102843076923076,-0.1645975384615384,0.0805450611163953,0.0062026049947128,0.0894884203356693,-0.4301525335764338,0.3748818461538461,2.610766008215285,1.2429326070614923,3.2450062010185494,3.789476030693703,1.5829516763395026,37,0.0648024363177805,2.610766008215285,0.0172107692307692,0.3748818461538461,4.665942775190339
