media,desvio_padrao,maximo,minimo,rms,variancia,skewness,kurtosis,pico_a_pico,crest_factor,shape_factor,impulse_factor,margin_factor,energia,zero_crossings,mean_abs,peak_to_rms,mediana,amplitude,coeficiente_variacao
0.0122116948297604,0.0717076476237633,0.1568787692307692,-0.1938036923076923,0.072740031745587,0.0051419867277338,-0.1636208623039233,-0.6502174634531608,0.3506824615384615,2.664333347908524,1.2075501062363612,3.217316017316018,3.748634121123685,1.29103138127716,42,0.0602376923076923,2.664333347908524,0.0073015384615384,0.3506824615384615,5.872047133785959
