media,desvio_padrao,maximo,minimo,rms,variancia,skewness,kurtosis,pico_a_pico,crest_factor,shape_factor,impulse_factor,margin_factor,energia,zero_crossings,mean_abs,peak_to_rms,mediana,amplitude,coeficiente_variacao
0.0145304035308953,0.0718042941500707,0.1869193846153846,-0.1631372307692307,0.0732597385004924,0.0051558566583898,-0.0786760409082638,-0.465107851783463,0.3500566153846154,2.551461258821284,1.2236108978043685,3.121995801619375,3.607399227682965,1.3095453855791717,43,0.0598717604035309,2.551461258821284,0.0150203076923076,0.3500566153846154,4.941658639926726
