media,desvio_padrao,maximo,minimo,rms,variancia,skewness,kurtosis,pico_a_pico,crest_factor,shape_factor,impulse_factor,margin_factor,energia,zero_crossings,mean_abs,peak_to_rms,mediana,amplitude,coeficiente_variacao
0.0141781513240857,0.0863896964787971,0.229476923076923,-0.1938036923076923,0.0875454146867063,0.0074631796576987,-0.1357692513918525,-0.4733706126287926,0.4232806153846153,2.6212329212002565,1.2173452759444252,3.190945513773138,3.71789973236569,1.87006471037084,41,0.0719150239596469,2.6212329212002565,0.0191926153846153,0.4232806153846153,6.0931566114715485
