media,desvio_padrao,maximo,minimo,rms,variancia,skewness,kurtosis,pico_a_pico,crest_factor,shape_factor,impulse_factor,margin_factor,energia,zero_crossings,mean_abs,peak_to_rms,mediana,amplitude,coeficiente_variacao
0.0104957477931904,0.0752464134067757,0.1527064615384615,-0.1625113846153845,0.0759748869845928,0.0056620227305833,-0.05457004771567,-0.9442096057801416,0.3152178461538461,2.139014496307716,1.1804442580775347,2.524987380111054,2.876541707259653,1.4084127623664848,42,0.0643612660781841,2.139014496307716,0.0133513846153846,0.3152178461538461,7.169228423685561
