media,desvio_padrao,maximo,minimo,rms,variancia,skewness,kurtosis,pico_a_pico,crest_factor,shape_factor,impulse_factor,margin_factor,energia,zero_crossings,mean_abs,peak_to_rms,mediana,amplitude,coeficiente_variacao
0.0131820983606557,0.0764005453017205,0.2052775384615384,-0.1766972307692307,0.0775294204775855,0.0058370433224002,0.1248072283657209,-0.5909713212873426,0.3819747692307692,2.647737300201877,1.2031271183836303,3.185564548228738,3.644085989219516,1.4666378936600235,41,0.0644399243379571,2.647737300201877,0.010848,0.3819747692307692,5.795780247684336
