media,desvio_padrao,maximo,minimo,rms,variancia,skewness,kurtosis,pico_a_pico,crest_factor,shape_factor,impulse_factor,margin_factor,energia,zero_crossings,mean_abs,peak_to_rms,mediana,amplitude,coeficiente_variacao
0.0142679243379571,0.073431668377059,0.1739852307692307,-0.1858763076923077,0.0748049703265233,0.0053922099206383,-0.0743782962172481,-0.505428903037771,0.3598615384615384,2.484812264224669,1.211145196708551,3.0094684385382067,3.477590427891533,1.3653711948746985,40,0.0617638335435056,2.484812264224669,0.0144987692307692,0.3598615384615384,5.14662586075733
