media,desvio_padrao,maximo,minimo,rms,variancia,skewness,kurtosis,pico_a_pico,crest_factor,shape_factor,impulse_factor,margin_factor,energia,zero_crossings,mean_abs,peak_to_rms,mediana,amplitude,coeficiente_variacao
0.0087893181386514,0.0704693463242974,0.1602166153846153,-0.1635544615384615,0.0710153566823134,0.0049659287713737,-0.2959116089059105,-0.4260333969641112,0.3237710769230769,2.3030858279022803,1.2073139331720597,2.780547609317531,3.201512251325699,1.2254929549860354,38,0.0588209534662868,2.3030858279022803,0.0202356923076923,0.3237710769230769,8.01761242597476
