media,desvio_padrao,maximo,minimo,rms,variancia,skewness,kurtosis,pico_a_pico,crest_factor,shape_factor,impulse_factor,margin_factor,energia,zero_crossings,mean_abs,peak_to_rms,mediana,amplitude,coeficiente_variacao
0.0140841034047919,0.0796661140150611,0.2046516923076922,-0.2019396923076923,0.0809014937499771,0.0063466897222607,-0.0243324293010089,-0.0704132671659607,0.4065913846153846,2.529640465479664,1.2662249396596867,3.2030938457626883,3.8337542427473617,1.5969926125985323,33,0.0638918814627995,2.529640465479664,0.0180452307692307,0.4065913846153846,5.656456199260492
