media,desvio_padrao,maximo,minimo,rms,variancia,skewness,kurtosis,pico_a_pico,crest_factor,shape_factor,impulse_factor,margin_factor,energia,zero_crossings,mean_abs,peak_to_rms,mediana,amplitude,coeficiente_variacao
0.0048143984867591,0.0638803149972852,0.1310104615384615,-0.1798264615384615,0.0640614788850655,0.0040806946441523,-0.5685740721307428,-0.0095471760603271,0.310836923076923,2.807091947738095,1.249518284777649,3.5075127157508543,4.175575521455203,1.001345030773775,44,0.0512689407313997,2.807091947738095,0.0151246153846153,0.310836923076923,13.268597348759748
