media,desvio_padrao,maximo,minimo,rms,variancia,skewness,kurtosis,pico_a_pico,crest_factor,shape_factor,impulse_factor,margin_factor,energia,zero_crossings,mean_abs,peak_to_rms,mediana,amplitude,coeficiente_variacao
0.0135557250945775,0.090938909219818,0.2261390769230769,-0.2138307692307692,0.0919436941444602,0.0082698852100903,0.0645029005636909,-0.5925433990374347,0.4399698461538461,2.4595387321263296,1.211719157458071,2.980270200227608,3.43687347822732,2.062688865874935,43,0.0758787162673392,2.4595387321263296,0.0091790769230769,0.4399698461538461,6.708524153842174
