media,desvio_padrao,maximo,minimo,rms,variancia,skewness,kurtosis,pico_a_pico,crest_factor,shape_factor,impulse_factor,margin_factor,energia,zero_crossings,mean_abs,peak_to_rms,mediana,amplitude,coeficiente_variacao
0.0140652938209331,0.070231973308954,0.1679353846153846,-0.1990190769230769,0.0716265493035844,0.0049325300748696,-0.2374790067478406,-0.3797584652501631,0.3669544615384615,2.778565753315124,1.2162366295045988,3.379393446668893,3.922734702252592,1.2518084658938695,39,0.0588919520807061,2.778565753315124,0.0136643076923076,0.3669544615384615,4.993281633720927
