media,desvio_padrao,maximo,minimo,rms,variancia,skewness,kurtosis,pico_a_pico,crest_factor,shape_factor,impulse_factor,margin_factor,energia,zero_crossings,mean_abs,peak_to_rms,mediana,amplitude,coeficiente_variacao
0.0107590819672131,0.073364585759969,0.2029827692307692,-0.1635544615384615,0.0741493107756846,0.0053823624437318,0.0738708576868162,-0.3825405186943635,0.3665372307692307,2.7374869315350683,1.2168007796477054,3.330976232567276,3.833920656301176,1.3415413503962128,43,0.060937921815889,2.7374869315350683,0.0141858461538461,0.3665372307692307,6.818851829880838
