media,desvio_padrao,maximo,minimo,rms,variancia,skewness,kurtosis,pico_a_pico,crest_factor,shape_factor,impulse_factor,margin_factor,energia,zero_crossings,mean_abs,peak_to_rms,mediana,amplitude,coeficiente_variacao
0.0046382723833543,0.0652457907224287,0.1485341538461538,-0.1476996923076923,0.0654104485361257,0.0042570132069949,-0.0372872206072527,-0.5402721263529981,0.2962338461538462,2.27080164056847,1.227598099106821,2.787631777410504,3.2762698701762503,1.0439605337581064,39,0.0532832761664564,2.27080164056847,0.0063627692307692,0.2962338461538462,14.06683034756223
