media,desvio_padrao,maximo,minimo,rms,variancia,skewness,kurtosis,pico_a_pico,crest_factor,shape_factor,impulse_factor,margin_factor,energia,zero_crossings,mean_abs,peak_to_rms,mediana,amplitude,coeficiente_variacao
0.0139344817150063,0.0798975846891259,0.2052775384615384,-0.1829556923076923,0.0811035993025088,0.006383624039156,-0.1837808723411497,-0.4944895932617474,0.3882332307692308,2.5310533715756875,1.2144736711820368,3.073897680135197,3.573204223476677,1.6049816920365445,39,0.0667808625472887,2.5310533715756875,0.0126212307692307,0.3882332307692308,5.733803834489429
