media,desvio_padrao,maximo,minimo,rms,variancia,skewness,kurtosis,pico_a_pico,crest_factor,shape_factor,impulse_factor,margin_factor,energia,zero_crossings,mean_abs,peak_to_rms,mediana,amplitude,coeficiente_variacao
0.0125254728877679,0.0614391912286869,0.148116923076923,-0.1556270769230769,0.0627029639642128,0.0037747742188351,-0.1012346527339353,-0.5767426554550821,0.303744,2.4819732128117544,1.209446592132292,3.001814043998813,3.473646434879427,0.9593254523349584,43,0.051844343001261,2.4819732128117544,0.0132470769230769,0.303744,4.905139452953249
