media,desvio_padrao,maximo,minimo,rms,variancia,skewness,kurtosis,pico_a_pico,crest_factor,shape_factor,impulse_factor,margin_factor,energia,zero_crossings,mean_abs,peak_to_rms,mediana,amplitude,coeficiente_variacao
0.0163147490542244,0.0655239719884816,0.1718990769230769,-0.2280166153846153,0.0675245284459628,0.0042933909051473,-0.4988570048419936,0.7530640326513311,0.3999156923076923,3.3767968563762403,1.246178425899956,4.208091391062863,4.876431414119183,1.1125331138113137,40,0.0541852812105926,3.3767968563762403,0.0196098461538461,0.3999156923076923,4.016241486197741
