media,desvio_padrao,maximo,minimo,rms,variancia,skewness,kurtosis,pico_a_pico,crest_factor,shape_factor,impulse_factor,margin_factor,energia,zero_crossings,mean_abs,peak_to_rms,mediana,amplitude,coeficiente_variacao
0.0096706910466582,0.0635593580134878,0.172524923076923,-0.1837901538461538,0.0642908567092291,0.0040397919910867,-0.1870779722738432,0.2839865033468207,0.3563150769230769,2.858729269659432,1.276861456571729,3.650201219201576,4.35790489678933,1.008528678563219,38,0.0503506910466582,2.858729269659432,0.0093876923076923,0.3563150769230769,6.57236982412451
