media,desvio_padrao,maximo,minimo,rms,variancia,skewness,kurtosis,pico_a_pico,crest_factor,shape_factor,impulse_factor,margin_factor,energia,zero_crossings,mean_abs,peak_to_rms,mediana,amplitude,coeficiente_variacao
0.0166480227920227,0.0735087439987983,0.2165427692307692,-0.1739852307692307,0.0753703662400852,0.0054035354442808,-0.078699989451325,-0.2304412061054606,0.390528,2.873049184091695,1.2465658087957805,3.581444879877321,4.270656109228787,1.380408182040994,45,0.0604624045584045,2.873049184091695,0.0221132307692307,0.390528,4.415463921278474
