media,desvio_padrao,maximo,minimo,rms,variancia,skewness,kurtosis,pico_a_pico,crest_factor,shape_factor,impulse_factor,margin_factor,energia,zero_crossings,mean_abs,peak_to_rms,mediana,amplitude,coeficiente_variacao
0.0072502395964691,0.0625195135394218,0.1879624615384615,-0.1395636923076923,0.0629385060786492,0.0039086895732059,0.5789532888434724,0.0286626781842005,0.3275261538461538,2.986446187705502,1.263845009128935,3.774405109363733,4.42846599046899,0.966546353568568,38,0.0497992282471626,2.986446187705502,-0.0065713846153846,0.3275261538461538,8.623096203588792
