media,desvio_padrao,maximo,minimo,rms,variancia,skewness,kurtosis,pico_a_pico,crest_factor,shape_factor,impulse_factor,margin_factor,energia,zero_crossings,mean_abs,peak_to_rms,mediana,amplitude,coeficiente_variacao
0.0158436544766708,0.0633443997270784,0.1529150769230769,-0.1412326153846153,0.0652957453741056,0.0040125129767839,-0.0926218706606403,-0.7010049038605666,0.2941476923076923,2.3418842383522067,1.2066260474513122,2.8257785221114498,3.280267856580895,1.0403023848062485,37,0.05411431778058,2.3418842383522067,0.0172107692307692,0.2941476923076923,3.998092726671774
