media,desvio_padrao,maximo,minimo,rms,variancia,skewness,kurtosis,pico_a_pico,crest_factor,shape_factor,impulse_factor,margin_factor,energia,zero_crossings,mean_abs,peak_to_rms,mediana,amplitude,coeficiente_variacao
0.0145389533417402,0.0606384132944394,0.1967243076923076,-0.1272553846153846,0.0623570231099958,0.0036770171668672,0.3760589867087017,-0.1155000296930968,0.3239796923076923,3.1548059525755763,1.2774561560255828,4.030126285183823,4.859622032965954,0.9487691927982956,46,0.0488134350567465,3.1548059525755763,0.0071972307692307,0.3239796923076923,4.170755065314863
