media,desvio_padrao,maximo,minimo,rms,variancia,skewness,kurtosis,pico_a_pico,crest_factor,shape_factor,impulse_factor,margin_factor,energia,zero_crossings,mean_abs,peak_to_rms,mediana,amplitude,coeficiente_variacao
0.0094654955863808,0.0844086542489893,0.2526332307692308,-0.2086153846153846,0.0849377214129342,0.0071248209121254,-0.0878789194982345,-0.2216710572204383,0.4612486153846153,2.9743349193584567,1.2021510674810991,3.575599898353078,4.081430622951952,1.760317630592379,34,0.0706547818411097,2.9743349193584567,0.0191926153846153,0.4612486153846153,8.917510285508813
