media,desvio_padrao,maximo,minimo,rms,variancia,skewness,kurtosis,pico_a_pico,crest_factor,shape_factor,impulse_factor,margin_factor,energia,zero_crossings,mean_abs,peak_to_rms,mediana,amplitude,coeficiente_variacao
0.0138677931904161,0.0726323878314347,0.1635544615384615,-0.1583390769230769,0.0739444348823364,0.0052754637620959,-0.0763196859423177,-0.8052305635353325,0.3218935384615384,2.211856264757671,1.19764356688966,2.649015426371617,3.0492601261503256,1.3341381858166153,42,0.0617416040353089,2.211856264757671,0.0131427692307692,0.3218935384615384,5.237487092151768
