media,desvio_padrao,maximo,minimo,rms,variancia,skewness,kurtosis,pico_a_pico,crest_factor,shape_factor,impulse_factor,margin_factor,energia,zero_crossings,mean_abs,peak_to_rms,mediana,amplitude,coeficiente_variacao
0.0163463833543505,0.0795595340165181,0.1950553846153846,-0.172524923076923,0.0812214485323482,0.0063297194529255,-0.1204082625580404,-0.2565017311874062,0.3675803076923077,2.4015255593194644,1.244650480375744,2.9890599410415994,3.5282696590214577,1.609649383213065,40,0.0652564312736443,2.4015255593194644,0.0203399999999999,0.3675803076923077,4.86710315620632
