media,desvio_padrao,maximo,minimo,rms,variancia,skewness,kurtosis,pico_a_pico,crest_factor,shape_factor,impulse_factor,margin_factor,energia,zero_crossings,mean_abs,peak_to_rms,mediana,amplitude,coeficiente_variacao
0.0107804564943253,0.0608550278699967,0.1766972307692307,-0.1431101538461538,0.0618025295540896,0.003703334417058,0.2008289536271596,-0.1985524205073612,0.3198073846153846,2.8590614663204885,1.2566759877819424,3.5929138923175885,4.242661217109865,0.9319708488653252,47,0.0491793669609079,2.8590614663204885,0.0097006153846153,0.3198073846153846,5.644939794713684
