media,desvio_padrao,maximo,minimo,rms,variancia,skewness,kurtosis,pico_a_pico,crest_factor,shape_factor,impulse_factor,margin_factor,energia,zero_crossings,mean_abs,peak_to_rms,mediana,amplitude,coeficiente_variacao
0.0199757780580075,0.0776593759738363,0.2192547692307692,-0.2645243076923076,0.0801873455457184,0.0060309786766456,-0.4608204997525704,0.9237907088179352,0.4837790769230769,3.2988285856337582,1.285512815304548,4.240686422325173,5.153425186560872,1.5689225341031003,46,0.0623777099621689,3.2988285856337582,0.021696,0.4837790769230769,3.8876771532163423
