media,desvio_padrao,maximo,minimo,rms,variancia,skewness,kurtosis,pico_a_pico,crest_factor,shape_factor,impulse_factor,margin_factor,energia,zero_crossings,mean_abs,peak_to_rms,mediana,amplitude,coeficiente_variacao
0.0144466153846153,0.0899798527058137,0.1890055384615384,-0.1881710769230769,0.0911322039074604,0.0080963738929599,-0.0417991938336934,-0.8322342718121636,0.3771766153846153,2.073970894563933,1.198647524530816,2.485960078718021,2.874508085234321,2.0264391757235503,35,0.0760291929382093,2.073970894563933,0.010848,0.3771766153846153,6.22843830961513
