media,desvio_padrao,maximo,minimo,rms,variancia,skewness,kurtosis,pico_a_pico,crest_factor,shape_factor,impulse_factor,margin_factor,energia,zero_crossings,mean_abs,peak_to_rms,mediana,amplitude,coeficiente_variacao
0.0132855510718789,0.0629658002308156,0.1575046153846153,-0.1347655384615384,0.0643521395603168,0.0039646919987069,0.028350069282672,-0.4738126169318586,0.2922701538461538,2.4475427928388824,1.2279921928105964,3.005563441175991,3.5206407865737366,1.0104522793016804,36,0.0524043556116015,2.4475427928388824,0.0157504615384615,0.2922701538461538,4.739419531049276
