media,desvio_padrao,maximo,minimo,rms,variancia,skewness,kurtosis,pico_a_pico,crest_factor,shape_factor,impulse_factor,margin_factor,energia,zero_crossings,mean_abs,peak_to_rms,mediana,amplitude,coeficiente_variacao
0.0105367868852459,0.0777965527219829,0.2202978461538461,-0.1802436923076923,0.0785068627146019,0.0060523036154242,0.1751914557874756,-0.4062607977144834,0.4005415384615384,2.8060966715062947,1.2273494733542794,3.4440612719544474,4.002973028625073,1.5038519083626034,43,0.063964554854981,2.8060966715062947,0.009492,0.4005415384615384,7.383327912887492
