media,desvio_padrao,maximo,minimo,rms,variancia,skewness,kurtosis,pico_a_pico,crest_factor,shape_factor,impulse_factor,margin_factor,energia,zero_crossings,mean_abs,peak_to_rms,mediana,amplitude,coeficiente_variacao
0.0074443203026481,0.0577101213372183,0.137268923076923,-0.138312,0.0581882806888541,0.0033304581047564,-0.0065399861923095,-0.4564162824998163,0.275580923076923,2.376973479240353,1.2325547261897554,2.929749895865404,3.430087776609072,0.8261537463240709,38,0.0472094905422446,2.376973479240353,0.0092833846153846,0.275580923076923,7.752235125709069
