media,desvio_padrao,maximo,minimo,rms,variancia,skewness,kurtosis,pico_a_pico,crest_factor,shape_factor,impulse_factor,margin_factor,energia,zero_crossings,mean_abs,peak_to_rms,mediana,amplitude,coeficiente_variacao
0.0207179016393442,0.0700698613537883,0.17628,-0.1633458461538461,0.0730685768198387,0.0049097854701391,-0.1425447807865478,-0.0366460523066867,0.3396258461538461,2.41252817109938,1.2613976632574802,3.0431573975676,3.618099049817277,1.3027201281083076,36,0.0579266784363177,2.41252817109938,0.0239907692307692,0.3396258461538461,3.382092577402841
