media,desvio_padrao,maximo,minimo,rms,variancia,skewness,kurtosis,pico_a_pico,crest_factor,shape_factor,impulse_factor,margin_factor,energia,zero_crossings,mean_abs,peak_to_rms,mediana,amplitude,coeficiente_variacao
0.0142251752837326,0.0700597843026949,0.1919261538461538,-0.1785747692307692,0.0714893627639319,0.0049083733765401,-0.2493904342097268,-0.1559915971465462,0.370500923076923,2.684681278806771,1.234682077226313,3.3147278580077377,3.8594477425231615,1.2470178731679051,37,0.0579010290037831,2.684681278806771,0.0172107692307692,0.370500923076923,4.925055959262061
