media,desvio_padrao,maximo,minimo,rms,variancia,skewness,kurtosis,pico_a_pico,crest_factor,shape_factor,impulse_factor,margin_factor,energia,zero_crossings,mean_abs,peak_to_rms,mediana,amplitude,coeficiente_variacao
0.0136480630517023,0.0703551179673913,0.1714818461538461,-0.1529150769230769,0.0716666746073012,0.0049498426242055,-0.1987130123859223,-0.3881022091590593,0.324396923076923,2.392769681214928,1.2176958103196005,2.913665615875184,3.3572629349516023,1.2532113888215857,40,0.0588543329129886,2.392769681214928,0.0167935384615384,0.324396923076923,5.154952589306476
