media,desvio_padrao,maximo,minimo,rms,variancia,skewness,kurtosis,pico_a_pico,crest_factor,shape_factor,impulse_factor,margin_factor,energia,zero_crossings,mean_abs,peak_to_rms,mediana,amplitude,coeficiente_variacao
0.0139413215636822,0.0618317084703559,0.1401895384615384,-0.134556923076923,0.0633839145154752,0.003823160172363,0.030567016178335,-0.7027441679027797,0.2747464615384615,2.211752611576413,1.2152062660593244,2.687735632560732,3.123074350985944,0.9802750311104376,37,0.052158976040353,2.211752611576413,0.0115781538461538,0.2747464615384615,4.4351396808341566
