media,desvio_padrao,maximo,minimo,rms,variancia,skewness,kurtosis,pico_a_pico,crest_factor,shape_factor,impulse_factor,margin_factor,energia,zero_crossings,mean_abs,peak_to_rms,mediana,amplitude,coeficiente_variacao
0.0120894325346784,0.069545125324849,0.1541667692307692,-0.1867107692307692,0.0705880927314196,0.0048365244564489,-0.3285930223765374,-0.3781973614870666,0.3408775384615384,2.6450745728629363,1.2164579242029987,3.217621924266981,3.76295356256007,1.2157736358521185,40,0.0580275662042875,2.6450745728629363,0.0172107692307692,0.3408775384615384,5.752554979347412
