media,desvio_padrao,maximo,minimo,rms,variancia,skewness,kurtosis,pico_a_pico,crest_factor,shape_factor,impulse_factor,margin_factor,energia,zero_crossings,mean_abs,peak_to_rms,mediana,amplitude,coeficiente_variacao
0.0116969962168978,0.0614529418546928,0.1543753846153846,-0.1902572307692307,0.0625562449567937,0.0037764640625962,-0.3049912096028697,0.0609139491091617,0.3446326153846153,3.0413786968932897,1.2428329309670938,3.7799256000407673,4.432462312683109,0.9548412430750296,43,0.0503335914249684,3.0413786968932897,0.0159590769230769,0.3446326153846153,5.253737003515139
