media,desvio_padrao,maximo,minimo,rms,variancia,skewness,kurtosis,pico_a_pico,crest_factor,shape_factor,impulse_factor,margin_factor,energia,zero_crossings,mean_abs,peak_to_rms,mediana,amplitude,coeficiente_variacao
0.0071228474148802,0.0884367817990623,0.1760713846153846,-0.222384,0.0887231611828086,0.0078210643749749,-0.3061883737439124,-0.6366076971460357,0.3984553846153846,2.5064931978899114,1.2041736768830895,3.018253130185548,3.4894476061131363,1.920719036586036,39,0.0736797049180327,2.5064931978899114,0.0195055384615384,0.3984553846153846,12.41593096804388
