media,desvio_padrao,maximo,minimo,rms,variancia,skewness,kurtosis,pico_a_pico,crest_factor,shape_factor,impulse_factor,margin_factor,energia,zero_crossings,mean_abs,peak_to_rms,mediana,amplitude,coeficiente_variacao
0.0129161992433795,0.0495891761618987,0.1260036923076923,-0.10848,0.051243678588783,0.0024590863924158,-0.0152349526545484,-0.4346551604556703,0.2344836923076923,2.45891192392409,1.2449980885458511,3.0613406451880945,3.620426612492711,0.6407231612557632,44,0.0411596443883984,2.45891192392409,0.009492,0.2344836923076923,3.839300960560559
