media,desvio_padrao,maximo,minimo,rms,variancia,skewness,kurtosis,pico_a_pico,crest_factor,shape_factor,impulse_factor,margin_factor,energia,zero_crossings,mean_abs,peak_to_rms,mediana,amplitude,coeficiente_variacao
0.0146415510718789,0.0647296240329489,0.1485341538461538,-0.1641803076923076,0.0663648946751018,0.0041899242274469,-0.2214907389848486,-0.1943125039930979,0.3127144615384615,2.473902934617377,1.2627332743121882,3.123879552959932,3.755252859490726,1.0746490158379172,48,0.0525565422446406,2.473902934617377,0.009804923076923,0.3127144615384615,4.4209540174518045
