media,desvio_padrao,maximo,minimo,rms,variancia,skewness,kurtosis,pico_a_pico,crest_factor,shape_factor,impulse_factor,margin_factor,energia,zero_crossings,mean_abs,peak_to_rms,mediana,amplitude,coeficiente_variacao
0.0160120857503152,0.0628459323626981,0.1842073846153846,-0.1164073846153846,0.0648536668555624,0.0039496112145368,0.1522277000539518,-0.4327459957292494,0.3006147692307692,2.8403541934743397,1.23855267590745,3.5179282868525896,4.134768790413767,1.0262635375253963,35,0.0523624615384615,2.8403541934743397,0.0143944615384615,0.3006147692307692,3.924906058004392
