media,desvio_padrao,maximo,minimo,rms,variancia,skewness,kurtosis,pico_a_pico,crest_factor,shape_factor,impulse_factor,margin_factor,energia,zero_crossings,mean_abs,peak_to_rms,mediana,amplitude,coeficiente_variacao
0.0088721387137452,0.0819085490117577,0.1940123076923077,-0.1988104615384615,0.0823876522700305,0.0067090104012115,-0.0650575363532296,-0.7884700972993253,0.3928227692307692,2.4131099267988385,1.1799086442958089,2.847249262265976,3.219864278851493,1.6562049601624615,39,0.0698254501891551,2.4131099267988385,0.0137686153846153,0.3928227692307692,9.232108700561676
