media,desvio_padrao,maximo,minimo,rms,variancia,skewness,kurtosis,pico_a_pico,crest_factor,shape_factor,impulse_factor,margin_factor,energia,zero_crossings,mean_abs,peak_to_rms,mediana,amplitude,coeficiente_variacao
0.0103059419924337,0.0957256417677461,0.2194633846153846,-0.2382387692307692,0.0962788187100271,0.0091633984918468,-0.0685934199974353,-0.6008201026757951,0.4577021538461538,2.474467099023073,1.1986853530806705,2.9661074682789748,3.3882954239646974,2.261785067456378,43,0.080320343001261,2.474467099023073,0.0115781538461538,0.4577021538461538,9.288393223833785
