media,desvio_padrao,maximo,minimo,rms,variancia,skewness,kurtosis,pico_a_pico,crest_factor,shape_factor,impulse_factor,margin_factor,energia,zero_crossings,mean_abs,peak_to_rms,mediana,amplitude,coeficiente_variacao
0.0175296771752837,0.0730024595763278,0.1823298461538461,-0.1981846153846153,0.0750776177436594,0.0053293591041933,-0.2230366017768431,0.0995749049962881,0.3805144615384615,2.6397296736463467,1.264883711928586,3.338951068089826,3.9489447932218025,1.3753422793993846,44,0.0593553518284993,2.6397296736463467,0.0195055384615384,0.3805144615384615,4.164506787338841
