media,desvio_padrao,maximo,minimo,rms,variancia,skewness,kurtosis,pico_a_pico,crest_factor,shape_factor,impulse_factor,margin_factor,energia,zero_crossings,mean_abs,peak_to_rms,mediana,amplitude,coeficiente_variacao
0.011244711223203,0.0808021366924172,0.1785747692307692,-0.1935950769230769,0.081580811619849,0.00652898529406,-0.1555990385941494,-0.4453436964779813,0.3721698461538461,2.373046713793346,1.2227154068300194,2.901560778082473,3.3762245542830533,1.623924633191006,32,0.0667210138713745,2.373046713793346,0.0164806153846153,0.3721698461538461,7.185790287409527
