media,desvio_padrao,maximo,minimo,rms,variancia,skewness,kurtosis,pico_a_pico,crest_factor,shape_factor,impulse_factor,margin_factor,energia,zero_crossings,mean_abs,peak_to_rms,mediana,amplitude,coeficiente_variacao
0.0157034375788146,0.0701241003989191,0.164388923076923,-0.1499944615384615,0.0718608892830406,0.0049173894567576,-0.1586010938911749,-0.5674626379365413,0.3143833846153846,2.287599342521904,1.202100762138777,2.749924913113745,3.145825745371676,1.2600129276860592,39,0.059779422446406,2.287599342521904,0.0222175384615384,0.3143833846153846,4.46552546517095
