media,desvio_padrao,maximo,minimo,rms,variancia,skewness,kurtosis,pico_a_pico,crest_factor,shape_factor,impulse_factor,margin_factor,energia,zero_crossings,mean_abs,peak_to_rms,mediana,amplitude,coeficiente_variacao
0.0105846658259773,0.0590924778753391,0.154584,-0.1322621538461538,0.0600329583820009,0.0034919209414474,0.0920237993572001,-0.4410921211621583,0.2868461538461538,2.5749855440465383,1.2264723112397569,3.1581484716157204,3.655659068108251,0.8793652864711952,40,0.0489476670870113,2.5749855440465383,0.0124126153846153,0.2868461538461538,5.582838310333058
