media,desvio_padrao,maximo,minimo,rms,variancia,skewness,kurtosis,pico_a_pico,crest_factor,shape_factor,impulse_factor,margin_factor,energia,zero_crossings,mean_abs,peak_to_rms,mediana,amplitude,coeficiente_variacao
0.0145757175283732,0.0692813697343287,0.1848332307692307,-0.1944295384615384,0.070798020690777,0.0047999081922647,-0.00219328834562,-0.1105020297374275,0.3792627692307692,2.7462566970727065,1.2522159225253808,3.438906363416404,4.059108734690418,1.2230157750305326,36,0.0565381891551071,2.7462566970727065,0.0131427692307692,0.3792627692307692,4.75320474614473
