media,desvio_padrao,maximo,minimo,rms,variancia,skewness,kurtosis,pico_a_pico,crest_factor,shape_factor,impulse_factor,margin_factor,energia,zero_crossings,mean_abs,peak_to_rms,mediana,amplitude,coeficiente_variacao
0.0132915359394703,0.0736363113368618,0.1802436923076923,-0.1904658461538461,0.0748262739612863,0.0054223063472992,-0.1186328567403793,-0.1036656740911103,0.3707095384615384,2.545440739871525,1.2631053875615248,3.2151599122503174,3.8531423357140993,1.3661489910827929,42,0.0592399293820933,2.545440739871525,0.012204,0.3707095384615384,5.540090450960784
