media,desvio_padrao,maximo,minimo,rms,variancia,skewness,kurtosis,pico_a_pico,crest_factor,shape_factor,impulse_factor,margin_factor,energia,zero_crossings,mean_abs,peak_to_rms,mediana,amplitude,coeficiente_variacao
0.0139011374527112,0.0934149654617909,0.2027741538461538,-0.2063206153846153,0.0944436201906023,0.0087263557722275,-0.0783123745360739,-0.8587047965279346,0.4090947692307692,2.184590287498798,1.188628563648301,2.5966664155897257,2.97289680018834,2.176381764308449,39,0.0794559571248423,2.184590287498798,0.0184624615384615,0.4090947692307692,6.719951211155864
