media,desvio_padrao,maximo,minimo,rms,variancia,skewness,kurtosis,pico_a_pico,crest_factor,shape_factor,impulse_factor,margin_factor,energia,zero_crossings,mean_abs,peak_to_rms,mediana,amplitude,coeficiente_variacao
0.0189164564943253,0.0696573070586098,0.1587563076923076,-0.1731507692307692,0.0721801409873876,0.0048521404266574,-0.3834899427755009,-0.4566950213463725,0.3319070769230768,2.3988699226983297,1.1920292172763074,2.8595230363017663,3.2650356107349325,1.2712333517220356,34,0.0605523253467843,2.3988699226983297,0.0285803076923076,0.3319070769230768,3.68236551488943
