media,desvio_padrao,maximo,minimo,rms,variancia,skewness,kurtosis,pico_a_pico,crest_factor,shape_factor,impulse_factor,margin_factor,energia,zero_crossings,mean_abs,peak_to_rms,mediana,amplitude,coeficiente_variacao
0.0114900907944514,0.0826412524382426,0.205068923076923,-0.1789919999999999,0.0834361959285422,0.0068295766045613,0.1037480681267763,-0.7051304247152466,0.3840609230769231,2.457793296958929,1.2138609746260949,2.983419366876049,3.474796088705928,1.6986301050103667,37,0.0687362042875157,2.457793296958929,0.0063627692307692,0.3840609230769231,7.192393334102291
