media,desvio_padrao,maximo,minimo,rms,variancia,skewness,kurtosis,pico_a_pico,crest_factor,shape_factor,impulse_factor,margin_factor,energia,zero_crossings,mean_abs,peak_to_rms,mediana,amplitude,coeficiente_variacao
0.0151288902900378,0.067933953563914,0.1662664615384615,-0.1305932307692307,0.0695981707247541,0.004615022046824,-0.0402759554237043,-0.6408551876884863,0.2968596923076922,2.388948729644198,1.2138313255292437,2.8997808031254197,3.3614462130152885,1.1819129098486154,39,0.0573375964691046,2.388948729644198,0.0170021538461538,0.2968596923076922,4.490346103484379
