media,desvio_padrao,maximo,minimo,rms,variancia,skewness,kurtosis,pico_a_pico,crest_factor,shape_factor,impulse_factor,margin_factor,energia,zero_crossings,mean_abs,peak_to_rms,mediana,amplitude,coeficiente_variacao
0.0152759470365699,0.0943322595789327,0.2230098461538461,-0.226764923076923,0.0955611309849943,0.0088985751972671,-0.2350151641806538,-0.0636485847479226,0.4497747692307692,2.372982830357368,1.2758390205011554,3.0275440899492034,3.672074758156277,2.228190860252024,40,0.0749006179066834,2.372982830357368,0.0148116923076923,0.4497747692307692,6.17521515053078
