media,desvio_padrao,maximo,minimo,rms,variancia,skewness,kurtosis,pico_a_pico,crest_factor,shape_factor,impulse_factor,margin_factor,energia,zero_crossings,mean_abs,peak_to_rms,mediana,amplitude,coeficiente_variacao
0.004744290037831,0.0774418879617967,0.1823298461538461,-0.1850418461538461,0.0775870755928494,0.0059972460110874,-0.0163306401232156,-0.5186531003983021,0.3673716923076923,2.3849570916280274,1.2301859271463096,2.933940650968591,3.441778110112073,1.4688200489683312,44,0.0630693896595208,2.3849570916280274,0.0022947692307692,0.3673716923076923,16.32317740784696
