media,desvio_padrao,maximo,minimo,rms,variancia,skewness,kurtosis,pico_a_pico,crest_factor,shape_factor,impulse_factor,margin_factor,energia,zero_crossings,mean_abs,peak_to_rms,mediana,amplitude,coeficiente_variacao
0.0097869684741488,0.0839970137749977,0.1898399999999999,-0.1873366153846154,0.0845652592678053,0.0070554983231171,-0.0319152060709492,-0.7107567332604385,0.3771766153846154,2.244893489876328,1.217925209489611,2.73411237393949,3.212144789089463,1.7449130703075977,41,0.069433868852459,2.244893489876328,0.009492,0.3771766153846154,8.582536461302249
