media,desvio_padrao,maximo,minimo,rms,variancia,skewness,kurtosis,pico_a_pico,crest_factor,shape_factor,impulse_factor,margin_factor,energia,zero_crossings,mean_abs,peak_to_rms,mediana,amplitude,coeficiente_variacao
0.004859712484237,0.0664664750261087,0.1721076923076923,-0.1704387692307692,0.0666438977538512,0.0044177923023963,-0.1276431593463491,-0.117227076972104,0.3425464615384614,2.5824973944857,1.2429884183551303,3.210014351778025,3.762475608887381,1.083703822309491,41,0.0536158638083228,2.5824973944857,0.002712,0.3425464615384614,13.677038557671642
