media,desvio_padrao,maximo,minimo,rms,variancia,skewness,kurtosis,pico_a_pico,crest_factor,shape_factor,impulse_factor,margin_factor,energia,zero_crossings,mean_abs,peak_to_rms,mediana,amplitude,coeficiente_variacao
0.0152280680958385,0.0782793341769806,0.1754455384615384,-0.1814953846153846,0.0797467755907591,0.0061276541591914,-0.2704068052306426,-0.7353581947423029,0.356940923076923,2.275896213619649,1.1791353814876446,2.68358975007269,3.0489136234172225,1.551729764977988,41,0.0676315687263556,2.275896213619649,0.0232606153846153,0.356940923076923,5.140463891041583
