media,desvio_padrao,maximo,minimo,rms,variancia,skewness,kurtosis,pico_a_pico,crest_factor,shape_factor,impulse_factor,margin_factor,energia,zero_crossings,mean_abs,peak_to_rms,mediana,amplitude,coeficiente_variacao
0.0044672761664564,0.0562953014672405,0.1543753846153846,-0.1324707692307692,0.0564722721663904,0.0031691609672874,0.1276556214577646,-0.5095421314278026,0.2868461538461538,2.73364925286752,1.2116986003027417,3.3123589734182093,3.813628493546336,0.7781446757669112,42,0.0466058738965952,2.73364925286752,0.0017732307692307,0.2868461538461538,12.60170613358223
