media,desvio_padrao,maximo,minimo,rms,variancia,skewness,kurtosis,pico_a_pico,crest_factor,shape_factor,impulse_factor,margin_factor,energia,zero_crossings,mean_abs,peak_to_rms,mediana,amplitude,coeficiente_variacao
0.0185214552332913,0.0792310084507564,0.2157083076923077,-0.1854590769230769,0.0813670510961448,0.0062775527001238,-0.085008317123712,-0.1294922452992448,0.4011673846153846,2.651052296800368,1.2490746555174403,3.311362234384639,3.9157311393011622,1.6154256689961657,42,0.0651418638083228,2.651052296800368,0.0246166153846153,0.4011673846153846,4.277796072327137
