media,desvio_padrao,maximo,minimo,rms,variancia,skewness,kurtosis,pico_a_pico,crest_factor,shape_factor,impulse_factor,margin_factor,energia,zero_crossings,mean_abs,peak_to_rms,mediana,amplitude,coeficiente_variacao
0.0084343883984867,0.0906108509433968,0.2584744615384615,-0.2313544615384615,0.0910025560978536,0.0082103263086864,0.1053340939444722,-0.154038005923081,0.489828923076923,2.8402989171043496,1.2582375952988074,3.573770879387184,4.269702381318224,2.0206775127876924,43,0.0723254148802017,2.8402989171043496,0.0028163076923076,0.489828923076923,10.743025654314614
