media,desvio_padrao,maximo,minimo,rms,variancia,skewness,kurtosis,pico_a_pico,crest_factor,shape_factor,impulse_factor,margin_factor,energia,zero_crossings,mean_abs,peak_to_rms,mediana,amplitude,coeficiente_variacao
0.0134804867591424,0.0531077720077364,0.1445704615384615,-0.0967975384615384,0.0547919608235471,0.0028204354476257,0.2569303812237849,-0.6157686350237364,0.241368,2.6385341821227826,1.2240584948363606,3.2297201795435013,3.7181689020653454,0.7325267888969468,37,0.0447625346784363,2.6385341821227826,0.012204,0.241368,3.939603439892005
