media,desvio_padrao,maximo,minimo,rms,variancia,skewness,kurtosis,pico_a_pico,crest_factor,shape_factor,impulse_factor,margin_factor,energia,zero_crossings,mean_abs,peak_to_rms,mediana,amplitude,coeficiente_variacao
0.0150553619167717,0.0749380116744805,0.2119532307692307,-0.1489513846153846,0.0764353943940211,0.0056157055937245,0.0389165303943915,-0.575881608634623,0.3609046153846154,2.7729722918236157,1.2024708452638309,3.334418335642325,3.833344486304982,1.4255381619453726,36,0.0635652786885246,2.7729722918236157,0.0160633846153846,0.3609046153846154,4.977496528396252
