media,desvio_padrao,maximo,minimo,rms,variancia,skewness,kurtosis,pico_a_pico,crest_factor,shape_factor,impulse_factor,margin_factor,energia,zero_crossings,mean_abs,peak_to_rms,mediana,amplitude,coeficiente_variacao
0.0187334905422446,0.0771140723969653,0.1673095384615384,-0.1846246153846154,0.0793569393912138,0.0059465801616444,-0.0769939334151569,-0.7969543159895736,0.3519341538461538,2.326508769125444,1.185904496442395,2.7590172103185253,3.137505486641163,1.5365958144079528,38,0.0669168045397225,2.326508769125444,0.0226347692307692,0.3519341538461538,4.116375014206274
