media,desvio_padrao,maximo,minimo,rms,variancia,skewness,kurtosis,pico_a_pico,crest_factor,shape_factor,impulse_factor,margin_factor,energia,zero_crossings,mean_abs,peak_to_rms,mediana,amplitude,coeficiente_variacao
0.0101238310214375,0.0708528408276841,0.1981846153846153,-0.1798264615384615,0.0715724598424825,0.0050201250533531,-0.2311512875755707,0.0513164889823416,0.3780110769230769,2.769006623787729,1.2689262153020004,3.513665095269133,4.200801384665895,1.2499185499285206,43,0.0564039571248423,2.769006623787729,0.0078230769230769,0.3780110769230769,6.998619463091663
