media,desvio_padrao,maximo,minimo,rms,variancia,skewness,kurtosis,pico_a_pico,crest_factor,shape_factor,impulse_factor,margin_factor,energia,zero_crossings,mean_abs,peak_to_rms,mediana,amplitude,coeficiente_variacao
0.0122305044136191,0.0619542337232887,0.1620941538461538,-0.119328,0.0631499193542751,0.0038383270762398,0.3897103469717089,-0.4095131861666385,0.2814221538461539,2.566814898635028,1.272130842756216,3.26532440019979,3.938447241577591,0.9730506047261536,44,0.0496410567465321,2.566814898635028,0.0034421538461538,0.2814221538461539,5.06555017095617
