media,desvio_padrao,maximo,minimo,rms,variancia,skewness,kurtosis,pico_a_pico,crest_factor,shape_factor,impulse_factor,margin_factor,energia,zero_crossings,mean_abs,peak_to_rms,mediana,amplitude,coeficiente_variacao
0.0089251475409836,0.0686324416324349,0.1604252307692307,-0.1610510769230769,0.0692103337880833,0.0047104120444295,0.16259139515481,-0.6414433868109262,0.3214763076923077,2.3269802081319653,1.214966150300803,2.827202185300254,3.26983733231004,1.16877715394613,40,0.0569648247162673,2.3269802081319653,-0.0036507692307692,0.3214763076923077,7.689782305253767
