media,desvio_padrao,maximo,minimo,rms,variancia,skewness,kurtosis,pico_a_pico,crest_factor,shape_factor,impulse_factor,margin_factor,energia,zero_crossings,mean_abs,peak_to_rms,mediana,amplitude,coeficiente_variacao
0.0101503354350567,0.0807015465033731,0.187128,-0.1808695384615384,0.0813373771244208,0.006512739608036,-0.1296589236811882,-0.7160918760274209,0.3679975384615385,2.300639713446285,1.1992126548721973,2.758956258666331,3.1616329116916986,1.6142476158651833,42,0.0678256494325346,2.300639713446285,0.0097006153846153,0.3679975384615385,7.95062853042767
