media,desvio_padrao,maximo,minimo,rms,variancia,skewness,kurtosis,pico_a_pico,crest_factor,shape_factor,impulse_factor,margin_factor,energia,zero_crossings,mean_abs,peak_to_rms,mediana,amplitude,coeficiente_variacao
0.0127067288776796,0.062664473840064,0.173568,-0.1268381538461538,0.0639397938722274,0.003926836281652,0.3772212850208032,-0.3396218060983953,0.3004061538461538,2.714553636923596,1.2837311031574488,3.4847569349079923,4.269886712972395,0.9975445266631954,47,0.0498077780580075,2.714553636923596,0.0033378461538461,0.3004061538461538,4.9315976159795785
