media,desvio_padrao,maximo,minimo,rms,variancia,skewness,kurtosis,pico_a_pico,crest_factor,shape_factor,impulse_factor,margin_factor,energia,zero_crossings,mean_abs,peak_to_rms,mediana,amplitude,coeficiente_variacao
0.0135873593947036,0.0761916761041706,0.1898399999999999,-0.1585476923076923,0.0773937196604717,0.0058051715075628,-0.0394065110744676,-0.7334669351800813,0.3483876923076923,2.452912210872316,1.1806570105023158,2.896047997913134,3.26600247287865,1.4615082336636211,29,0.0655513997477931,2.452912210872316,0.0144987692307692,0.3483876923076923,5.607541089541662
