media,desvio_padrao,maximo,minimo,rms,variancia,skewness,kurtosis,pico_a_pico,crest_factor,shape_factor,impulse_factor,margin_factor,energia,zero_crossings,mean_abs,peak_to_rms,mediana,amplitude,coeficiente_variacao
0.0124151803278688,0.076186798730172,0.202356923076923,-0.1489513846153846,0.0771917418078206,0.0058044283007517,0.1583530176244552,-0.7806292684124458,0.3513083076923076,2.6214840906261463,1.2114041025942188,3.1756765822699884,3.699131531477208,1.4538898608113608,43,0.0637208852459016,2.6214840906261463,0.0058412307692307,0.3513083076923076,6.136584142813658
