media,desvio_padrao,maximo,minimo,rms,variancia,skewness,kurtosis,pico_a_pico,crest_factor,shape_factor,impulse_factor,margin_factor,energia,zero_crossings,mean_abs,peak_to_rms,mediana,amplitude,coeficiente_variacao
0.007096343001261,0.0854241842714033,0.1975587692307692,-0.1963070769230769,0.085718430587746,0.0072972912584346,-0.1936241479277539,-0.6274786915699462,0.3938658461538461,2.304740857668147,1.1931178437831862,2.74982744258003,3.1209009735196287,1.792826439552,32,0.0718440605296343,2.304740857668147,0.0124126153846153,0.3938658461538461,12.037775549494064
