media,desvio_padrao,maximo,minimo,rms,variancia,skewness,kurtosis,pico_a_pico,crest_factor,shape_factor,impulse_factor,margin_factor,energia,zero_crossings,mean_abs,peak_to_rms,mediana,amplitude,coeficiente_variacao
0.0089704615384615,0.0675953876027296,0.1639716923076923,-0.17628,0.0681880165819205,0.0045691364251632,-0.0548681041634591,0.0434178163293719,0.3402516923076922,2.58520497935614,1.280281096155773,3.30978906475744,3.9669562857115936,1.1345037677118104,42,0.0532601916771752,2.58520497935614,0.0044852307692307,0.3402516923076922,7.5353299618876095
