media,desvio_padrao,maximo,minimo,rms,variancia,skewness,kurtosis,pico_a_pico,crest_factor,shape_factor,impulse_factor,margin_factor,energia,zero_crossings,mean_abs,peak_to_rms,mediana,amplitude,coeficiente_variacao
0.0110343858764186,0.0536255189489146,0.1570873846153846,-0.1164073846153846,0.0547490087052734,0.0028756962825403,0.3692216241706131,-0.1748731835592956,0.2734947692307692,2.869227924491241,1.2795297324479722,3.671262438556528,4.426338923341199,0.7313787648272662,48,0.0427883833543505,2.869227924491241,0.0064670769230769,0.2734947692307692,4.8598553240299935
