media,desvio_padrao,maximo,minimo,rms,variancia,skewness,kurtosis,pico_a_pico,crest_factor,shape_factor,impulse_factor,margin_factor,energia,zero_crossings,mean_abs,peak_to_rms,mediana,amplitude,coeficiente_variacao
0.0095133745271122,0.089247185900482,0.1831643076923076,-0.2111187692307692,0.0897527965360874,0.0079650601911551,-0.2377842095880459,-0.8728335042740492,0.3942830769230769,2.352224971016736,1.1695096252345067,2.750949744321032,3.092828209839172,1.9655577345957869,42,0.0767439571248423,2.352224971016736,0.0215916923076923,0.3942830769230769,9.381233299092331
