media,desvio_padrao,maximo,minimo,rms,variancia,skewness,kurtosis,pico_a_pico,crest_factor,shape_factor,impulse_factor,margin_factor,energia,zero_crossings,mean_abs,peak_to_rms,mediana,amplitude,coeficiente_variacao
0.0134351727616645,0.06640183570429,0.2031913846153846,-0.1862935384615384,0.067747381145217,0.0044092037848995,-0.1774788784209367,0.2188975223214138,0.389484923076923,2.9992507633592846,1.266113641157897,3.7973923047424254,4.476754964600344,1.1198886670966153,40,0.0535081361916771,2.9992507633592846,0.0154375384615384,0.389484923076923,4.942387930712635
