media,desvio_padrao,maximo,minimo,rms,variancia,skewness,kurtosis,pico_a_pico,crest_factor,shape_factor,impulse_factor,margin_factor,energia,zero_crossings,mean_abs,peak_to_rms,mediana,amplitude,coeficiente_variacao
0.0095843379571248,0.0539256847854169,0.1956812307692307,-0.1326793846153846,0.0547707861332347,0.0029079794795761,0.2277006626958138,0.4469786998304608,0.3283606153846153,3.57273000050098,1.267125884753142,4.527098662868897,5.312492015451415,0.731960719331219,46,0.0432244237074401,3.57273000050098,0.008448923076923,0.3283606153846153,5.626438156360034
