media,desvio_padrao,maximo,minimo,rms,variancia,skewness,kurtosis,pico_a_pico,crest_factor,shape_factor,impulse_factor,margin_factor,energia,zero_crossings,mean_abs,peak_to_rms,mediana,amplitude,coeficiente_variacao
0.0136036040353089,0.0683862870735745,0.1608424615384615,-0.2086153846153846,0.0697261952386534,0.0046766842597093,-0.2942705253994833,0.0085517857084083,0.3694578461538461,2.9919226755647848,1.235856124055274,3.69758596129658,4.344823322412704,1.1862651217999525,38,0.0564193467843631,2.9919226755647848,0.0147073846153846,0.3694578461538461,5.027071274353025
