media,desvio_padrao,maximo,minimo,rms,variancia,skewness,kurtosis,pico_a_pico,crest_factor,shape_factor,impulse_factor,margin_factor,energia,zero_crossings,mean_abs,peak_to_rms,mediana,amplitude,coeficiente_variacao
0.0153888045397225,0.0759670826350328,0.2071550769230769,-0.1527064615384615,0.0775100828875811,0.0057709976440779,0.2010340445308297,-0.5829527096118334,0.3598615384615384,2.6726210217518416,1.2340507922064716,3.2981500891605293,3.853713526118082,1.465906359614485,41,0.062809475409836,2.6726210217518416,0.008136,0.3598615384615384,4.93651618219867
