media,desvio_padrao,maximo,minimo,rms,variancia,skewness,kurtosis,pico_a_pico,crest_factor,shape_factor,impulse_factor,margin_factor,energia,zero_crossings,mean_abs,peak_to_rms,mediana,amplitude,coeficiente_variacao
0.0166037326607818,0.0847423977106172,0.237612923076923,-0.1623027692307692,0.0863536791805371,0.0071812739697444,0.1916078513810503,-0.6311991753046047,0.3999156923076923,2.7516247753631045,1.2198150925242963,3.3564734299516914,3.900826593088655,1.819497729555692,42,0.0707924337957124,2.7516247753631045,0.0104307692307692,0.3999156923076923,5.103816078102696
