media,desvio_padrao,maximo,minimo,rms,variancia,skewness,kurtosis,pico_a_pico,crest_factor,shape_factor,impulse_factor,margin_factor,energia,zero_crossings,mean_abs,peak_to_rms,mediana,amplitude,coeficiente_variacao
0.0159556569987389,0.063292366642602,0.1385206153846153,-0.1810781538461538,0.0652725567561358,0.0040059236752215,-0.5107931905486361,0.0121272399127625,0.3195987692307692,2.774185091640858,1.2136566932262125,3.3669083047183004,3.888326578701817,1.039563626377846,38,0.0537817301387137,2.774185091640858,0.0228433846153846,0.3195987692307692,3.966766561076382
