media,desvio_padrao,maximo,minimo,rms,variancia,skewness,kurtosis,pico_a_pico,crest_factor,shape_factor,impulse_factor,margin_factor,energia,zero_crossings,mean_abs,peak_to_rms,mediana,amplitude,coeficiente_variacao
0.0144038663303909,0.0541032023441722,0.1218313846153846,-0.1224572307692307,0.0559877474913771,0.0029271565038944,-0.1589515176361595,-0.4329117348297027,0.2442886153846153,2.1872148149573394,1.240395399717003,2.71301119466596,3.229550340090151,0.7648492000746034,43,0.0451370163934426,2.1872148149573394,0.0114738461538461,0.2442886153846153,3.756158319104858
