media,desvio_padrao,maximo,minimo,rms,variancia,skewness,kurtosis,pico_a_pico,crest_factor,shape_factor,impulse_factor,margin_factor,energia,zero_crossings,mean_abs,peak_to_rms,mediana,amplitude,coeficiente_variacao
0.0141114627994955,0.0649624981926922,0.1733593846153846,-0.1983932307692307,0.0664775116394791,0.0042201261714355,-0.179325255357173,0.6389572917117099,0.3717526153846153,2.9843660792413065,1.3172033367856384,3.9310169577665217,4.820448876147604,1.0782993311216096,44,0.0504686784363177,2.9843660792413065,0.0087618461538461,0.3717526153846153,4.603526871432089
