media,desvio_padrao,maximo,minimo,rms,variancia,skewness,kurtosis,pico_a_pico,crest_factor,shape_factor,impulse_factor,margin_factor,energia,zero_crossings,mean_abs,peak_to_rms,mediana,amplitude,coeficiente_variacao
0.0109788121059268,0.0644986352522648,0.1948467692307692,-0.1458221538461538,0.0654263575683527,0.0041600739494047,0.1983550691132589,0.1954307687652776,0.3406689230769231,2.9781081581258357,1.291910735592202,3.8474499012374856,4.663282900621183,1.0444684165775149,40,0.0506430945775535,2.9781081581258357,0.0071972307692307,0.3406689230769231,5.874828226402157
