media,desvio_padrao,maximo,minimo,rms,variancia,skewness,kurtosis,pico_a_pico,crest_factor,shape_factor,impulse_factor,margin_factor,energia,zero_crossings,mean_abs,peak_to_rms,mediana,amplitude,coeficiente_variacao
0.0068441235813366,0.079409988426214,0.1802436923076923,-0.2367784615384615,0.0797043806164256,0.0063059462618514,-0.1887661795326307,0.1778973315096426,0.4170221538461538,2.97070825602358,1.259862966680272,3.742685316575444,4.4057913626595,1.5500803426253251,42,0.0632643253467843,2.97070825602358,0.0013559999999999,0.4170221538461538,11.602652623450265
