media,desvio_padrao,maximo,minimo,rms,variancia,skewness,kurtosis,pico_a_pico,crest_factor,shape_factor,impulse_factor,margin_factor,energia,zero_crossings,mean_abs,peak_to_rms,mediana,amplitude,coeficiente_variacao
0.009727974779319,0.069001406797105,0.1750283076923076,-0.1766972307692307,0.0696837687936483,0.0047611941399795,0.1949132728514599,-0.3308176567581391,0.3517255384615384,2.53570140978564,1.2434517300728605,3.1530223049461448,3.687902870067072,1.1848219425219408,35,0.0560405901639344,2.53570140978564,0.0047981538461538,0.3517255384615384,7.0930906342188464
