media,desvio_padrao,maximo,minimo,rms,variancia,skewness,kurtosis,pico_a_pico,crest_factor,shape_factor,impulse_factor,margin_factor,energia,zero_crossings,mean_abs,peak_to_rms,mediana,amplitude,coeficiente_variacao
0.0115413896595208,0.0626497558688754,0.1817039999999999,-0.1512461538461538,0.0637039683669909,0.0039249919104296,-0.0335369722198559,-0.1592527703906423,0.3329501538461538,2.8523183823215663,1.2556533433150752,3.5815231129611216,4.246819666651693,0.990199722911432,41,0.0507337225725094,2.8523183823215663,0.0110566153846153,0.3329501538461538,5.428267974402369
