media,desvio_padrao,maximo,minimo,rms,variancia,skewness,kurtosis,pico_a_pico,crest_factor,shape_factor,impulse_factor,margin_factor,energia,zero_crossings,mean_abs,peak_to_rms,mediana,amplitude,coeficiente_variacao
0.0118355031525851,0.0711293506001702,0.1921347692307692,-0.1593821538461538,0.0721073065068775,0.0050593845168019,-0.2541303087857489,-0.2722286891044292,0.351516923076923,2.6645672753349,1.2289317155578685,3.274571232896673,3.8150872398718616,1.268669131009136,43,0.0586747868852459,2.6645672753349,0.0194012307692307,0.351516923076923,6.009829044288167
