media,desvio_padrao,maximo,minimo,rms,variancia,skewness,kurtosis,pico_a_pico,crest_factor,shape_factor,impulse_factor,margin_factor,energia,zero_crossings,mean_abs,peak_to_rms,mediana,amplitude,coeficiente_variacao
0.0140285296343001,0.076691324830925,0.2313544615384615,-0.1564615384615384,0.0779638310245391,0.0058815593043224,0.2138429044591519,0.1477720391603756,0.387816,2.9674588651966403,1.3092663775613744,3.885194118998392,4.795572667413562,1.4831195833175856,48,0.0595477225725094,2.9674588651966403,0.0104307692307692,0.387816,5.466811335908841
