media,desvio_padrao,maximo,minimo,rms,variancia,skewness,kurtosis,pico_a_pico,crest_factor,shape_factor,impulse_factor,margin_factor,energia,zero_crossings,mean_abs,peak_to_rms,mediana,amplitude,coeficiente_variacao
0.0086575384615384,0.0623348086229013,0.1560443076923076,-0.1458221538461538,0.062933149756442,0.0038856283660537,-0.1663317604966187,-0.3610094179608243,0.3018664615384615,2.479524833831069,1.2366045890529598,3.066191788186277,3.589615900074451,0.9663818465370888,46,0.0508918940731399,2.479524833831069,0.0107436923076923,0.3018664615384615,7.200061414665013
