media,desvio_padrao,maximo,minimo,rms,variancia,skewness,kurtosis,pico_a_pico,crest_factor,shape_factor,impulse_factor,margin_factor,energia,zero_crossings,mean_abs,peak_to_rms,mediana,amplitude,coeficiente_variacao
0.0118902219419924,0.0799834822772616,0.1960984615384615,-0.2165427692307692,0.080862443785894,0.006397357437197,-0.0855487340335376,-0.3535791282853249,0.4126412307692307,2.6779152235879358,1.2450213918615671,3.3340617389587317,3.960702746839113,1.5954512948665562,48,0.0649486380832282,2.6779152235879358,0.0069886153846153,0.4126412307692307,6.726828369349927
