media,desvio_padrao,maximo,minimo,rms,variancia,skewness,kurtosis,pico_a_pico,crest_factor,shape_factor,impulse_factor,margin_factor,energia,zero_crossings,mean_abs,peak_to_rms,mediana,amplitude,coeficiente_variacao
0.014355829059829,0.0815600515303737,0.1894227692307692,-0.2063206153846153,0.082813838418662,0.0066520420056372,-0.1261162962658241,-0.4387646092260464,0.3957433846153846,2.4913784860637644,1.2262720487288588,3.055107800264415,3.5525706239010075,1.666526035572639,42,0.0675330066476733,2.4913784860637644,0.0146030769230769,0.3957433846153846,5.681319496802713
