media,desvio_padrao,maximo,minimo,rms,variancia,skewness,kurtosis,pico_a_pico,crest_factor,shape_factor,impulse_factor,margin_factor,energia,zero_crossings,mean_abs,peak_to_rms,mediana,amplitude,coeficiente_variacao
0.0117448751576292,0.0768719596441088,0.1723163076923076,-0.1842073846153846,0.0777640037034732,0.0059092981795254,-0.1926127313132313,-0.7198833787319407,0.3565236923076923,2.368800162576471,1.187963681265018,2.8140485613155177,3.218877074383221,1.4755266263664852,38,0.0654599167717528,2.368800162576471,0.0195055384615384,0.3565236923076923,6.545149149088586
