media,desvio_padrao,maximo,minimo,rms,variancia,skewness,kurtosis,pico_a_pico,crest_factor,shape_factor,impulse_factor,margin_factor,energia,zero_crossings,mean_abs,peak_to_rms,mediana,amplitude,coeficiente_variacao
0.0058711551071878,0.0751787984867582,0.1971415384615384,-0.2004793846153846,0.075407706530601,0.0056518517419125,-0.0676814358961913,-0.2230355183110051,0.3976209230769231,2.658606047566616,1.2362544220346672,3.286713482752337,3.845247362525563,1.3874626178260827,41,0.0609969155107187,2.658606047566616,0.0059455384615384,0.3976209230769231,12.804771312329818
