media,desvio_padrao,maximo,minimo,rms,variancia,skewness,kurtosis,pico_a_pico,crest_factor,shape_factor,impulse_factor,margin_factor,energia,zero_crossings,mean_abs,peak_to_rms,mediana,amplitude,coeficiente_variacao
0.0127263934426229,0.0777785921399338,0.1792006153846154,-0.2353181538461538,0.0788128827370665,0.0060495093952701,-0.1628160528757636,-0.1277047872553236,0.4145187692307692,2.985782852674174,1.234162744815302,3.6849419608788208,4.301277233366655,1.5155987984196924,40,0.0638593921815889,2.985782852674174,0.0134556923076923,0.4145187692307692,6.111597326500961
