media,desvio_padrao,maximo,minimo,rms,variancia,skewness,kurtosis,pico_a_pico,crest_factor,shape_factor,impulse_factor,margin_factor,energia,zero_crossings,mean_abs,peak_to_rms,mediana,amplitude,coeficiente_variacao
0.0059865775535939,0.0885085051518501,0.1904658461538461,-0.2307286153846153,0.0887107355116632,0.007833755484215,-0.2361982743472185,-0.485200342705046,0.4211944615384615,2.6009097326701824,1.1936032312088234,3.104454260997607,3.5213567938319312,1.920181081184947,42,0.0743217957124842,2.6009097326701824,0.0127255384615384,0.4211944615384615,14.784491532848426
