media,desvio_padrao,maximo,minimo,rms,variancia,skewness,kurtosis,pico_a_pico,crest_factor,shape_factor,impulse_factor,margin_factor,energia,zero_crossings,mean_abs,peak_to_rms,mediana,amplitude,coeficiente_variacao
0.0034276191677175,0.0753362485294838,0.1606338461538461,-0.2866375384615384,0.0754141824569825,0.0056755503424961,-0.7914087575757549,1.538149577032191,0.4472713846153846,3.8008439410589774,1.31233055482856,4.987963637986698,5.973600811705866,1.3877009354198344,41,0.057465843631778,3.8008439410589774,0.0113695384615384,0.4472713846153846,21.97917704482048
