media,desvio_padrao,maximo,minimo,rms,variancia,skewness,kurtosis,pico_a_pico,crest_factor,shape_factor,impulse_factor,margin_factor,energia,zero_crossings,mean_abs,peak_to_rms,mediana,amplitude,coeficiente_variacao
0.0110326759142496,0.0921878620165616,0.2115359999999999,-0.2033999999999999,0.0928456883275334,0.0084986019031846,-0.1314384282851265,-0.5944193558399271,0.4149359999999999,2.2783610505827747,1.2205121811087238,2.780767415199945,3.266125406359757,2.1033585292072896,44,0.0760710870113493,2.2783610505827747,0.0127255384615384,0.4149359999999999,8.355893233253852
