media,desvio_padrao,maximo,minimo,rms,variancia,skewness,kurtosis,pico_a_pico,crest_factor,shape_factor,impulse_factor,margin_factor,energia,zero_crossings,mean_abs,peak_to_rms,mediana,amplitude,coeficiente_variacao
0.0144414854981084,0.0718194911896352,0.1666836923076923,-0.1679353846153846,0.0732570530265187,0.0051580393147381,-0.1564011215414911,-0.657437297400278,0.3346190769230769,2.292412507429049,1.1906487968237152,2.729458193794033,3.103254339410675,1.3094493796237634,39,0.0615270037831021,2.292412507429049,0.0207572307692307,0.3346190769230769,4.973137368662125
