media,desvio_padrao,maximo,minimo,rms,variancia,skewness,kurtosis,pico_a_pico,crest_factor,shape_factor,impulse_factor,margin_factor,energia,zero_crossings,mean_abs,peak_to_rms,mediana,amplitude,coeficiente_variacao
0.0179759773013871,0.0786176344975204,0.2641070769230769,-0.2075723076923077,0.0806465635593091,0.0061807324539857,0.0765137850438246,0.3220035198523163,0.4716793846153846,3.2748708099489816,1.2765845112748484,4.180649352406988,5.007426503294286,1.5869438441978698,44,0.0631736973518285,3.2748708099489816,0.013872923076923,0.4716793846153846,4.373483187000564
