media,desvio_padrao,maximo,minimo,rms,variancia,skewness,kurtosis,pico_a_pico,crest_factor,shape_factor,impulse_factor,margin_factor,energia,zero_crossings,mean_abs,peak_to_rms,mediana,amplitude,coeficiente_variacao
0.0082941715006305,0.0664384185424783,0.1919261538461538,-0.1802436923076923,0.0669541390752461,0.0044140634584255,-0.0563481604143776,0.3528435035794937,0.3721698461538462,2.8665315766432067,1.2700194140458974,3.640550753312468,4.305285237489705,1.0938170443910058,42,0.0527189886506935,2.8665315766432067,0.0062584615384615,0.3721698461538462,8.010253771269102
