media,desvio_padrao,maximo,minimo,rms,variancia,skewness,kurtosis,pico_a_pico,crest_factor,shape_factor,impulse_factor,margin_factor,energia,zero_crossings,mean_abs,peak_to_rms,mediana,amplitude,coeficiente_variacao
0.0109685523329129,0.0665591743389971,0.2017310769230769,-0.1522892307692307,0.0674568960816376,0.004430123688689,0.3384368897739524,0.0597865981100267,0.3540203076923077,2.9905182218722017,1.2744713843230988,3.811329898072916,4.530442104477557,1.1103056102684024,39,0.0529293139974779,2.9905182218722017,0.0062584615384615,0.3540203076923077,6.068182228503856
