media,desvio_padrao,maximo,minimo,rms,variancia,skewness,kurtosis,pico_a_pico,crest_factor,shape_factor,impulse_factor,margin_factor,energia,zero_crossings,mean_abs,peak_to_rms,mediana,amplitude,coeficiente_variacao
0.0134941664564943,0.0701797383486658,0.2029827692307692,-0.183372923076923,0.0714652936959107,0.0049251956746872,-0.295214209250974,-0.0479850903625713,0.3863556923076923,2.840298538399262,1.2304689766728247,3.4948992359894597,4.075622616307754,1.246178321542438,40,0.0580797200504413,2.840298538399262,0.0151246153846153,0.3863556923076923,5.200746454027216
