media,desvio_padrao,maximo,minimo,rms,variancia,skewness,kurtosis,pico_a_pico,crest_factor,shape_factor,impulse_factor,margin_factor,energia,zero_crossings,mean_abs,peak_to_rms,mediana,amplitude,coeficiente_variacao
0.0065970340479192,0.0732059497718481,0.2584744615384615,-0.1935950769230769,0.0735025981869196,0.0053591110819983,0.2450989693338938,0.6005298798941565,0.4520695384615384,3.516535032967843,1.2878992845402857,4.528942953020135,5.453289546970291,1.3182421934155737,47,0.0570716973518284,3.516535032967843,0.0053196923076923,0.4520695384615384,11.09679732438812
