media,desvio_padrao,maximo,minimo,rms,variancia,skewness,kurtosis,pico_a_pico,crest_factor,shape_factor,impulse_factor,margin_factor,energia,zero_crossings,mean_abs,peak_to_rms,mediana,amplitude,coeficiente_variacao
0.0182914653215636,0.0803366974272842,0.1892141538461538,-0.169812923076923,0.0823927342496472,0.006453984953523,-0.1207044775450219,-0.725454957887389,0.3590270769230769,2.296490771538681,1.1977417166509756,2.7506027989758635,3.163864766901319,1.656409288340449,41,0.0687900680958385,2.296490771538681,0.022008923076923,0.3590270769230769,4.39203180362898
