media,desvio_padrao,maximo,minimo,rms,variancia,skewness,kurtosis,pico_a_pico,crest_factor,shape_factor,impulse_factor,margin_factor,energia,zero_crossings,mean_abs,peak_to_rms,mediana,amplitude,coeficiente_variacao
0.0135924892812105,0.0618514323830444,0.1731507692307692,-0.1537495384615384,0.0633273673279898,0.0038255996878343,0.0334750239650158,-0.4215094785220481,0.3269003076923077,2.734217077649445,1.2023364544935289,3.287448866956691,3.737529748932885,0.9785267304573726,33,0.0526702547288776,2.734217077649445,0.0174193846153846,0.3269003076923077,4.550412444948112
