media,desvio_padrao,maximo,minimo,rms,variancia,skewness,kurtosis,pico_a_pico,crest_factor,shape_factor,impulse_factor,margin_factor,energia,zero_crossings,mean_abs,peak_to_rms,mediana,amplitude,coeficiente_variacao
0.0079797530864197,0.0734762294362696,0.180660923076923,-0.1856676923076923,0.0739082725511262,0.0053987562921713,-0.0319921418627997,-0.464325407775485,0.3663286153846153,2.51213681363282,1.2265462738018214,3.081252048041716,3.597395881321497,1.3273711586124497,42,0.0602572231718898,2.51213681363282,0.0091790769230769,0.3663286153846153,9.207832453025931
