media,desvio_padrao,maximo,minimo,rms,variancia,skewness,kurtosis,pico_a_pico,crest_factor,shape_factor,impulse_factor,margin_factor,energia,zero_crossings,mean_abs,peak_to_rms,mediana,amplitude,coeficiente_variacao
0.0148886406052963,0.0836315352549257,0.208824,-0.1527064615384615,0.0849464849665338,0.0069942336890958,0.1725153453882217,-0.7466060255733038,0.3615304615384616,2.458300659318274,1.2096967328523272,2.973798275946038,3.4170042124790228,1.7606808951933726,42,0.0702213064312736,2.458300659318274,0.0120996923076923,0.3615304615384616,5.617137082694805
