media,desvio_padrao,maximo,minimo,rms,variancia,skewness,kurtosis,pico_a_pico,crest_factor,shape_factor,impulse_factor,margin_factor,energia,zero_crossings,mean_abs,peak_to_rms,mediana,amplitude,coeficiente_variacao
0.0056813493064312,0.0862060895111491,0.1825384615384615,-0.1823298461538461,0.0863930992541994,0.0074314898688042,-0.0704575218687339,-0.9065025221541578,0.3648683076923077,2.112882430590528,1.185814324461692,2.5054862520976844,2.869846429559366,1.821159294094012,39,0.0728555031525851,2.112882430590528,0.0068843076923076,0.3648683076923077,15.173523904535156
