media,desvio_padrao,maximo,minimo,rms,variancia,skewness,kurtosis,pico_a_pico,crest_factor,shape_factor,impulse_factor,margin_factor,energia,zero_crossings,mean_abs,peak_to_rms,mediana,amplitude,coeficiente_variacao
0.0157248121059268,0.0911741310824434,0.2365698461538461,-0.2092412307692307,0.0925202242453252,0.0083127221786385,0.1025898430086376,-0.6801981081969886,0.4458110769230768,2.556952796899421,1.2026626801553613,3.075151703749805,3.533419785025864,2.0886380222348877,37,0.0769294880201765,2.556952796899421,0.0183581538461538,0.4458110769230768,5.798106232892845
