media,desvio_padrao,maximo,minimo,rms,variancia,skewness,kurtosis,pico_a_pico,crest_factor,shape_factor,impulse_factor,margin_factor,energia,zero_crossings,mean_abs,peak_to_rms,mediana,amplitude,coeficiente_variacao
0.0085720403530895,0.073779281351631,0.1921347692307692,-0.2015224615384615,0.0742755830174232,0.0054433823567631,-0.0325693027314777,-0.0957276929856001,0.3936572307692307,2.7131723959836065,1.2476153042920084,3.384995404411765,3.995106459970378,1.346114384749065,44,0.0595340428751576,2.7131723959836065,0.0083446153846153,0.3936572307692307,8.606968506049974
