media,desvio_padrao,maximo,minimo,rms,variancia,skewness,kurtosis,pico_a_pico,crest_factor,shape_factor,impulse_factor,margin_factor,energia,zero_crossings,mean_abs,peak_to_rms,mediana,amplitude,coeficiente_variacao
0.0177485523329129,0.0808338594254322,0.2102843076923076,-0.1940123076923077,0.0827594341421247,0.0065341128296105,-0.0042058605820584,-0.0722458688840586,0.4042966153846153,2.540910409454726,1.2819579812484307,3.257340379037704,3.95063309341721,1.6711862412440237,44,0.0645570567465321,2.540910409454726,0.0128298461538461,0.4042966153846153,4.554391699628008
