media,desvio_padrao,maximo,minimo,rms,variancia,skewness,kurtosis,pico_a_pico,crest_factor,shape_factor,impulse_factor,margin_factor,energia,zero_crossings,mean_abs,peak_to_rms,mediana,amplitude,coeficiente_variacao
0.0147142244640605,0.0739643402475029,0.2154996923076923,-0.1606338461538461,0.0754137389991183,0.0054707236282483,0.254006204380209,-0.4071847181823549,0.3761335384615384,2.857565414044936,1.2425011255958365,3.5505282434145653,4.171124847442095,1.3876846152778226,38,0.060695107187894,2.857565414044936,0.0097006153846153,0.3761335384615384,5.026723659691392
