media,desvio_padrao,maximo,minimo,rms,variancia,skewness,kurtosis,pico_a_pico,crest_factor,shape_factor,impulse_factor,margin_factor,energia,zero_crossings,mean_abs,peak_to_rms,mediana,amplitude,coeficiente_variacao
0.0066243934426229,0.0634914155050218,0.1353913846153846,-0.1433187692307692,0.0638360590208543,0.0040311598428313,-0.0402697700748385,-0.8000796274805126,0.2787101538461538,2.245106784927764,1.2069788094044664,2.709796314258002,3.1565889890529317,0.9943103532406152,43,0.0528891298865069,2.245106784927764,0.005424,0.2787101538461538,9.584487403254572
