media,desvio_padrao,maximo,minimo,rms,variancia,skewness,kurtosis,pico_a_pico,crest_factor,shape_factor,impulse_factor,margin_factor,energia,zero_crossings,mean_abs,peak_to_rms,mediana,amplitude,coeficiente_variacao
0.0162711450189155,0.0723085274036615,0.192552,-0.172524923076923,0.0741166195634464,0.005228523135286,-0.2764211012343534,-0.5075878595988126,0.3650769230769231,2.597959825126247,1.1926535404381229,3.098465983352824,3.5192061324508344,1.3403586841050887,40,0.0621443001261034,2.597959825126247,0.0219046153846153,0.3650769230769231,4.443972893093976
