media,desvio_padrao,maximo,minimo,rms,variancia,skewness,kurtosis,pico_a_pico,crest_factor,shape_factor,impulse_factor,margin_factor,energia,zero_crossings,mean_abs,peak_to_rms,mediana,amplitude,coeficiente_variacao
0.0183111298865069,0.0859384900287348,0.2278079999999999,-0.1789919999999999,0.0878676365116274,0.0073854240684189,-0.0404398156545314,-0.6646872664884569,0.4067999999999999,2.592626922084724,1.2005027528681025,3.112455757122665,3.545296518893228,1.8838560572580356,35,0.0731923656998738,2.592626922084724,0.0229476923076923,0.4067999999999999,4.693237968458791
