media,desvio_padrao,maximo,minimo,rms,variancia,skewness,kurtosis,pico_a_pico,crest_factor,shape_factor,impulse_factor,margin_factor,energia,zero_crossings,mean_abs,peak_to_rms,mediana,amplitude,coeficiente_variacao
0.0081599394703657,0.0719323116996927,0.1570873846153846,-0.145404923076923,0.0723936604864112,0.0051742574664617,0.0818461149326308,-0.6295387864364956,0.3024923076923076,2.169905259105814,1.240991077068499,2.692833064634325,3.207460702508854,1.2787654671837156,45,0.0583353593947036,2.169905259105814,0.003024923076923,0.3024923076923076,8.815299667470327
