media,desvio_padrao,maximo,minimo,rms,variancia,skewness,kurtosis,pico_a_pico,crest_factor,shape_factor,impulse_factor,margin_factor,energia,zero_crossings,mean_abs,peak_to_rms,mediana,amplitude,coeficiente_variacao
0.0136762774274905,0.0654068997580374,0.1714818461538461,-0.153540923076923,0.0668214269544705,0.0042780625359579,-0.0777965467938189,-0.6582435805037932,0.3250227692307692,2.566270341258756,1.1991445440151327,3.0773290781882894,3.544595868291075,1.0894851564565204,40,0.0557242471626733,2.566270341258756,0.0131427692307692,0.3250227692307692,4.782507528442183
