media,desvio_padrao,maximo,minimo,rms,variancia,skewness,kurtosis,pico_a_pico,crest_factor,shape_factor,impulse_factor,margin_factor,energia,zero_crossings,mean_abs,peak_to_rms,mediana,amplitude,coeficiente_variacao
0.0136625977301387,0.0528958671948421,0.1418584615384615,-0.1625113846153845,0.0546318528244281,0.0027979727662943,-0.3670696315488809,0.3054384616243375,0.3043698461538461,2.974663611312102,1.24947824670583,3.716777473601877,4.417083534221573,0.7282519996993135,45,0.0437237326607818,2.974663611312102,0.0175236923076923,0.3043698461538461,3.8715819816723207
