media,desvio_padrao,maximo,minimo,rms,variancia,skewness,kurtosis,pico_a_pico,crest_factor,shape_factor,impulse_factor,margin_factor,energia,zero_crossings,mean_abs,peak_to_rms,mediana,amplitude,coeficiente_variacao
0.0155025170239596,0.0846670068130873,0.1938036923076923,-0.1867107692307692,0.086074561147679,0.0071685020426873,-0.235981908226743,-0.6780115008081125,0.3805144615384615,2.251579209043903,1.2075594170442794,2.7189156771020757,3.183404279594223,1.8077545387307925,42,0.0712797730138713,2.251579209043903,0.0208615384615384,0.3805144615384615,5.461500650651232
