media,desvio_padrao,maximo,minimo,rms,variancia,skewness,kurtosis,pico_a_pico,crest_factor,shape_factor,impulse_factor,margin_factor,energia,zero_crossings,mean_abs,peak_to_rms,mediana,amplitude,coeficiente_variacao
0.0148296469104665,0.0674326139174646,0.1800350769230769,-0.1297587692307692,0.0690440138406724,0.0045471574197418,-0.0594404791062993,-0.5216626985549913,0.3097938461538461,2.6075407107490896,1.2211740558322612,3.184261065493202,3.719582901088972,1.1631665067243548,40,0.0565390441361916,2.6075407107490896,0.0174193846153846,0.3097938461538461,4.54714898639101
