media,desvio_padrao,maximo,minimo,rms,variancia,skewness,kurtosis,pico_a_pico,crest_factor,shape_factor,impulse_factor,margin_factor,energia,zero_crossings,mean_abs,peak_to_rms,mediana,amplitude,coeficiente_variacao
0.0197970870113493,0.0646282798656408,0.1612596923076923,-0.1583390769230769,0.0675924493751079,0.0041768145583915,-0.3617738941797145,-0.219662697372398,0.3195987692307692,2.3857648864412795,1.2151623197491712,2.8990915937841035,3.3585636315036127,1.1147723678564732,30,0.0556242143757881,2.3857648864412795,0.0229476923076923,0.3195987692307692,3.2645348191171064
