media,desvio_padrao,maximo,minimo,rms,variancia,skewness,kurtosis,pico_a_pico,crest_factor,shape_factor,impulse_factor,margin_factor,energia,zero_crossings,mean_abs,peak_to_rms,mediana,amplitude,coeficiente_variacao
0.013713896595208,0.0722338867900967,0.2004793846153846,-0.2004793846153846,0.0735241821486548,0.0052177344008045,0.0506747594957621,-0.3515334552402573,0.4009587692307692,2.726713562213388,1.2258745260132269,3.342608695652174,3.884583274658266,1.3190165079933729,39,0.059976923076923,2.726713562213388,0.0115781538461538,0.4009587692307692,5.26720369288309
