media,desvio_padrao,maximo,minimo,rms,variancia,skewness,kurtosis,pico_a_pico,crest_factor,shape_factor,impulse_factor,margin_factor,energia,zero_crossings,mean_abs,peak_to_rms,mediana,amplitude,coeficiente_variacao
0.008773815889029,0.0673492249718719,0.206112,-0.1973501538461538,0.0679183182180359,0.0045359181043118,0.1656448735318059,0.7171380310979099,0.4034621538461538,3.0347041182369283,1.300733346580006,3.9473408435944455,4.7264553829578295,1.1255470996942012,42,0.0522154047919293,3.0347041182369283,0.0074058461538461,0.4034621538461538,7.67616118501952
