media,desvio_padrao,maximo,minimo,rms,variancia,skewness,kurtosis,pico_a_pico,crest_factor,shape_factor,impulse_factor,margin_factor,energia,zero_crossings,mean_abs,peak_to_rms,mediana,amplitude,coeficiente_variacao
0.0029702042875157,0.0648729076222082,0.1451963076923076,-0.1395636923076923,0.0649408673861779,0.0042084941433595,0.1134624388691341,-0.6496433103573369,0.28476,2.235823350323951,1.2181401556333904,2.7235462039323863,3.1976877854670653,1.029025166676071,46,0.0533114905422446,2.235823350323951,0.0001043076923076,0.28476,21.841227519224624
