media,desvio_padrao,maximo,minimo,rms,variancia,skewness,kurtosis,pico_a_pico,crest_factor,shape_factor,impulse_factor,margin_factor,energia,zero_crossings,mean_abs,peak_to_rms,mediana,amplitude,coeficiente_variacao
0.016625107187894,0.0826657240666107,0.2605606153846154,-0.1839987692307692,0.0843209115490695,0.006833621935457,0.3675556702585688,0.0288568548922754,0.4445593846153846,3.090106719647894,1.2676657933855822,3.9172225864085664,4.627862815204077,1.7348439343697044,40,0.0665166733921815,3.090106719647894,0.0074058461538461,0.4445593846153846,4.97234232130579
