media,desvio_padrao,maximo,minimo,rms,variancia,skewness,kurtosis,pico_a_pico,crest_factor,shape_factor,impulse_factor,margin_factor,energia,zero_crossings,mean_abs,peak_to_rms,mediana,amplitude,coeficiente_variacao
0.0107112030264817,0.0620533452998992,0.1831643076923076,-0.1919261538461538,0.0629710054960459,0.0038506176629085,-0.2098945035313689,0.2728030237112016,0.3750904615384615,3.047849598942887,1.2609472394654109,3.843177538092792,4.55686754271408,0.9675447980966626,40,0.0499394451450189,3.047849598942887,0.0076144615384615,0.3750904615384615,5.793312398848425
