media,desvio_padrao,maximo,minimo,rms,variancia,skewness,kurtosis,pico_a_pico,crest_factor,shape_factor,impulse_factor,margin_factor,energia,zero_crossings,mean_abs,peak_to_rms,mediana,amplitude,coeficiente_variacao
0.0035721109709962,0.0675256276887668,0.1850418461538461,-0.1750283076923076,0.067620044155199,0.0045597103947619,-0.2374001243684915,0.0379656543746023,0.3600701538461538,2.736494015430467,1.2622413845191185,3.454115994765234,4.081164861216795,1.1156827706584616,37,0.0535714047919293,2.736494015430467,0.0109523076923076,0.3600701538461538,18.903563813398225
