media,desvio_padrao,maximo,minimo,rms,variancia,skewness,kurtosis,pico_a_pico,crest_factor,shape_factor,impulse_factor,margin_factor,energia,zero_crossings,mean_abs,peak_to_rms,mediana,amplitude,coeficiente_variacao
0.0164883102143757,0.0621134725673224,0.1764886153846153,-0.1449876923076923,0.0642646702947817,0.0038580834743715,0.4009816400081494,-0.1951736738545357,0.3214763076923077,2.746277458128439,1.27925217380142,3.513181408172644,4.179599898414525,1.0077072749356684,32,0.0502361235813366,2.746277458128439,0.0095963076923076,0.3214763076923077,3.767121782629191
