media,desvio_padrao,maximo,minimo,rms,variancia,skewness,kurtosis,pico_a_pico,crest_factor,shape_factor,impulse_factor,margin_factor,energia,zero_crossings,mean_abs,peak_to_rms,mediana,amplitude,coeficiente_variacao
0.0068116343001261,0.0782856618613441,0.1658492307692307,-0.1750283076923076,0.0785814431968983,0.0061286448530687,-0.1173899158588288,-0.8117037958243118,0.3408775384615384,2.227349111593004,1.1815315027012674,2.6316831428608154,2.9852876985627117,1.5067105444373965,43,0.0665081235813367,2.227349111593004,0.0061541538461538,0.3408775384615384,11.492933767729545
