media,desvio_padrao,maximo,minimo,rms,variancia,skewness,kurtosis,pico_a_pico,crest_factor,shape_factor,impulse_factor,margin_factor,energia,zero_crossings,mean_abs,peak_to_rms,mediana,amplitude,coeficiente_variacao
0.0168867313997477,0.0632163506269149,0.1558356923076923,-0.1226658461538461,0.0654329327170368,0.003996306986585,0.1863843932092831,-0.6334322609445242,0.2785015384615384,2.3816094715118448,1.2435037615378977,2.9615403363392634,3.5000940840255623,1.044678358884355,49,0.0526198108448928,2.3816094715118448,0.0100135384615384,0.2785015384615384,3.74355161638084
