media,desvio_padrao,maximo,minimo,rms,variancia,skewness,kurtosis,pico_a_pico,crest_factor,shape_factor,impulse_factor,margin_factor,energia,zero_crossings,mean_abs,peak_to_rms,mediana,amplitude,coeficiente_variacao
0.0127323783102143,0.0788370860778993,0.2042344615384615,-0.1700215384615384,0.0798586225694415,0.0062152861412541,-0.0534912957712938,-0.5006127096207424,0.374256,2.557450341206025,1.2180689621515322,3.1151508828669043,3.6090122981793566,1.55608550208,39,0.065561659520807,2.557450341206025,0.0208615384615384,0.374256,6.191858595236159
