media,desvio_padrao,maximo,minimo,rms,variancia,skewness,kurtosis,pico_a_pico,crest_factor,shape_factor,impulse_factor,margin_factor,energia,zero_crossings,mean_abs,peak_to_rms,mediana,amplitude,coeficiente_variacao
0.0238702168978562,0.0881663563105175,0.238656,-0.195264,0.0913405366736141,0.0077733063850731,0.0041515118372126,-0.5192291288104514,0.43392,2.6128158284506937,1.209138142308657,3.1592552770075257,3.624123116279379,2.035714848117018,36,0.0755418537200504,2.6128158284506937,0.0308750769230769,0.43392,3.693571645695255
