media,desvio_padrao,maximo,minimo,rms,variancia,skewness,kurtosis,pico_a_pico,crest_factor,shape_factor,impulse_factor,margin_factor,energia,zero_crossings,mean_abs,peak_to_rms,mediana,amplitude,coeficiente_variacao
0.0146184665825977,0.0787681913810087,0.2328147692307692,-0.1856676923076923,0.0801132170035741,0.0062044279734352,-0.0904879740240113,-0.0747796727963638,0.4184824615384616,2.906071905967559,1.2712215711783337,3.6942612942612953,4.472260895779993,1.5660231194334675,50,0.0630206557377049,2.906071905967559,0.011160923076923,0.4184824615384616,5.38826633668793
