media,desvio_padrao,maximo,minimo,rms,variancia,skewness,kurtosis,pico_a_pico,crest_factor,shape_factor,impulse_factor,margin_factor,energia,zero_crossings,mean_abs,peak_to_rms,mediana,amplitude,coeficiente_variacao
0.0132188625472887,0.0729907430009946,0.1775316923076923,-0.1785747692307692,0.0741780755404274,0.0053276485638372,-0.327012636650804,0.002756524046346,0.3561064615384615,2.4073793763151072,1.26073357618937,3.0350640103462805,3.611678254862285,1.3425824013750531,36,0.0588372332912988,2.4073793763151072,0.0149159999999999,0.3561064615384615,5.521711322731414
