media,desvio_padrao,maximo,minimo,rms,variancia,skewness,kurtosis,pico_a_pico,crest_factor,shape_factor,impulse_factor,margin_factor,energia,zero_crossings,mean_abs,peak_to_rms,mediana,amplitude,coeficiente_variacao
0.0109471778058007,0.0765386589714507,0.1919261538461538,-0.1856676923076923,0.0773175725114275,0.005858166317148,-0.0481118916045184,-0.5828041638850929,0.3775938461538461,2.482309617490736,1.2064022149386653,2.994663820704375,3.4545504880664764,1.4586337126506033,38,0.0640893820933165,2.482309617490736,0.0118910769230769,0.3775938461538461,6.991633855704249
