media,desvio_padrao,maximo,minimo,rms,variancia,skewness,kurtosis,pico_a_pico,crest_factor,shape_factor,impulse_factor,margin_factor,energia,zero_crossings,mean_abs,peak_to_rms,mediana,amplitude,coeficiente_variacao
0.0198663404791929,0.087267551618512,0.1867107692307692,-0.2401163076923076,0.0895002628461217,0.0076156255654896,-0.3509726600492173,-0.4424162166839913,0.4268270769230768,2.6828558940116287,1.1943885022961376,3.2043722331249143,3.692789456600867,1.9545124800840707,35,0.0749339621689785,2.6828558940116287,0.0270156923076923,0.4268270769230768,4.392734117786412
