media,desvio_padrao,maximo,minimo,rms,variancia,skewness,kurtosis,pico_a_pico,crest_factor,shape_factor,impulse_factor,margin_factor,energia,zero_crossings,mean_abs,peak_to_rms,mediana,amplitude,coeficiente_variacao
0.0101947944514501,0.073901474523594,0.1666836923076923,-0.1794092307692308,0.0746013523380691,0.0054614279367614,-0.1395880809552915,-0.5471148988057952,0.3460929230769231,2.404905878330547,1.220554135621764,2.93531781557744,3.4343319704945428,1.3579482720431717,44,0.0611208877679697,2.404905878330547,0.0063627692307692,0.3460929230769231,7.248942082700029
