media,desvio_padrao,maximo,minimo,rms,variancia,skewness,kurtosis,pico_a_pico,crest_factor,shape_factor,impulse_factor,margin_factor,energia,zero_crossings,mean_abs,peak_to_rms,mediana,amplitude,coeficiente_variacao
0.0152873010446343,0.0807587869961001,0.2096584615384615,-0.1906744615384615,0.0821929635085069,0.0065219816770814,0.1266202679231883,-0.3476052639692608,0.4003329230769231,2.550807910907871,1.2403997546186565,3.164021506769451,3.691643144225419,1.6416310298255143,45,0.0662632858499525,2.550807910907871,0.0102221538461538,0.4003329230769231,5.282736747337448
