media,desvio_padrao,maximo,minimo,rms,variancia,skewness,kurtosis,pico_a_pico,crest_factor,shape_factor,impulse_factor,margin_factor,energia,zero_crossings,mean_abs,peak_to_rms,mediana,amplitude,coeficiente_variacao
0.0091508625472887,0.0660497099890441,0.146448,-0.1564615384615384,0.0666806004396797,0.0043625641896368,-0.1092123145611494,-0.4854510843360078,0.3029095384615384,2.346432657022576,1.2194244849303948,2.8612974342136126,3.322915150909036,1.0848978038990769,41,0.0546820252206809,2.346432657022576,0.0093876923076923,0.3029095384615384,7.217867129761822
