media,desvio_padrao,maximo,minimo,rms,variancia,skewness,kurtosis,pico_a_pico,crest_factor,shape_factor,impulse_factor,margin_factor,energia,zero_crossings,mean_abs,peak_to_rms,mediana,amplitude,coeficiente_variacao
0.0061481689785624,0.0768422264252279,0.2121618461538461,-0.272868923076923,0.0770877924432588,0.0059047277619859,-0.2788950559308439,0.8545234350970077,0.4850307692307692,3.5397163990364717,1.2956524086895251,4.586242078489416,5.468252506415838,1.4499767694810886,38,0.0594972786885245,3.5397163990364717,0.0017732307692307,0.4850307692307692,12.498392073016078
