media,desvio_padrao,maximo,minimo,rms,variancia,skewness,kurtosis,pico_a_pico,crest_factor,shape_factor,impulse_factor,margin_factor,energia,zero_crossings,mean_abs,peak_to_rms,mediana,amplitude,coeficiente_variacao
0.0064029533417402,0.069113435081227,0.1666836923076923,-0.2019396923076923,0.0694093993650967,0.0047766669087269,-0.1629269574913033,0.0618673395783413,0.3686233846153846,2.9093997953429893,1.2678209686156416,3.6885980666218985,4.362987624707059,1.1755101917345328,42,0.0547470037831021,2.9093997953429893,0.0032335384615384,0.3686233846153846,10.793993239132844
