media,desvio_padrao,maximo,minimo,rms,variancia,skewness,kurtosis,pico_a_pico,crest_factor,shape_factor,impulse_factor,margin_factor,energia,zero_crossings,mean_abs,peak_to_rms,mediana,amplitude,coeficiente_variacao
0.0117269205548549,0.0701303524991681,0.2344836923076922,-0.1587563076923076,0.0711040576012188,0.0049182663416575,0.329095097901375,0.4581015305355889,0.3932399999999999,3.29775402724236,1.3357181001363296,4.404869743985095,5.484024249452343,1.233612029795219,48,0.0532328322824716,3.29775402724236,0.000312923076923,0.3932399999999999,5.980287166704982
