media,desvio_padrao,maximo,minimo,rms,variancia,skewness,kurtosis,pico_a_pico,crest_factor,shape_factor,impulse_factor,margin_factor,energia,zero_crossings,mean_abs,peak_to_rms,mediana,amplitude,coeficiente_variacao
0.0166199773013871,0.0904591266107409,0.2474178461538461,-0.2117446153846153,0.0919732419384936,0.008182853587178,0.0568026236284779,-0.4641488780536398,0.4591624615384615,2.6901068282371168,1.219694809270757,3.28110933478463,3.830296160517372,2.0640148447731126,41,0.0754067667087011,2.6901068282371168,0.0163763076923076,0.4591624615384615,5.442794834815513
