media,desvio_padrao,maximo,minimo,rms,variancia,skewness,kurtosis,pico_a_pico,crest_factor,shape_factor,impulse_factor,margin_factor,energia,zero_crossings,mean_abs,peak_to_rms,mediana,amplitude,coeficiente_variacao
0.0202468070617906,0.0641445029074184,0.1892141538461538,-0.1658492307692307,0.0672640353341753,0.0041145172532398,-0.1947276120981146,0.0239058770264692,0.3550633846153845,2.813006280490257,1.2221827666675662,3.4380077985428223,3.980929810246439,1.1039659096626744,35,0.0550359873896595,2.813006280490257,0.0300406153846153,0.3550633846153845,3.168129311039396
