media,desvio_padrao,maximo,minimo,rms,variancia,skewness,kurtosis,pico_a_pico,crest_factor,shape_factor,impulse_factor,margin_factor,energia,zero_crossings,mean_abs,peak_to_rms,mediana,amplitude,coeficiente_variacao
0.0075092988650693,0.073145612783879,0.1800350769230769,-0.2492953846153846,0.0735300635044884,0.0053502806695291,-0.3032121152165161,0.3331138186220697,0.4293304615384615,3.390387179526469,1.2504467617192658,4.239498669613388,4.954563589440316,1.3192275383096803,40,0.0588030340479193,3.390387179526469,0.0127255384615384,0.4293304615384615,9.740671412630409
