media,desvio_padrao,maximo,minimo,rms,variancia,skewness,kurtosis,pico_a_pico,crest_factor,shape_factor,impulse_factor,margin_factor,energia,zero_crossings,mean_abs,peak_to_rms,mediana,amplitude,coeficiente_variacao
0.0084677326607818,0.0767089514623737,0.2180030769230769,-0.1829556923076923,0.0771749035041267,0.0058842632344568,0.0668853429865541,-0.2574518039142086,0.4009587692307692,2.824792348608764,1.2436970156809124,3.5131858138829952,4.143127109736961,1.4532556383325916,44,0.062052817150063,2.824792348608764,0.0021904615384615,0.4009587692307692,9.0589718092601
