media,desvio_padrao,maximo,minimo,rms,variancia,skewness,kurtosis,pico_a_pico,crest_factor,shape_factor,impulse_factor,margin_factor,energia,zero_crossings,mean_abs,peak_to_rms,mediana,amplitude,coeficiente_variacao
0.0123946607818411,0.0804606635555588,0.1904658461538461,-0.1802436923076923,0.0814097414054223,0.0064739183798008,-0.0637492176425505,-0.4573709005708006,0.3707095384615384,2.339595272822719,1.2303520870575249,2.8785259267873524,3.373064863256045,1.6171212229502483,43,0.0661678411097099,2.339595272822719,0.0109523076923076,0.3707095384615384,6.491558338848474
