media,desvio_padrao,maximo,minimo,rms,variancia,skewness,kurtosis,pico_a_pico,crest_factor,shape_factor,impulse_factor,margin_factor,energia,zero_crossings,mean_abs,peak_to_rms,mediana,amplitude,coeficiente_variacao
0.0082206431273644,0.0652263090592104,0.191508923076923,-0.1639716923076923,0.0657423027199011,0.0042544713934876,0.161273824775362,-0.1692684363286609,0.3554806153846154,2.913024265256692,1.2436845273058197,3.622883206366151,4.269484666407855,1.0545802895272898,45,0.0528609155107187,2.913024265256692,0.0058412307692307,0.3554806153846154,7.934453308414348
