media,desvio_padrao,maximo,minimo,rms,variancia,skewness,kurtosis,pico_a_pico,crest_factor,shape_factor,impulse_factor,margin_factor,energia,zero_crossings,mean_abs,peak_to_rms,mediana,amplitude,coeficiente_variacao
0.0241667616334282,0.0735331544811449,0.2121618461538461,-0.1468652307692307,0.0774025656925845,0.0054071248079479,0.1888598086071952,-0.2698551778229254,0.3590270769230769,2.741018262837403,1.2823982229498463,3.5150769493357608,4.230673857648937,1.4558511937181535,44,0.0603576676163342,2.741018262837403,0.0168978461538461,0.3590270769230769,3.0427392629814074
