media,desvio_padrao,maximo,minimo,rms,variancia,skewness,kurtosis,pico_a_pico,crest_factor,shape_factor,impulse_factor,margin_factor,energia,zero_crossings,mean_abs,peak_to_rms,mediana,amplitude,coeficiente_variacao
0.0175236923076923,0.0746456707035447,0.1779489230769231,-0.2081981538461538,0.0766750020989677,0.005571976154782,-0.4075373890328279,0.054732528733409,0.3861470769230769,2.71533287442788,1.2398090671421045,3.3664943180247184,3.959678831625724,1.434489651037917,37,0.0618442017654476,2.71533287442788,0.0204443076923076,0.3861470769230769,4.259699918993544
