media,desvio_padrao,maximo,minimo,rms,variancia,skewness,kurtosis,pico_a_pico,crest_factor,shape_factor,impulse_factor,margin_factor,energia,zero_crossings,mean_abs,peak_to_rms,mediana,amplitude,coeficiente_variacao
0.0089165977301387,0.0577469255618214,0.1333052307692307,-0.1466566153846153,0.0584312684007771,0.0033347074118425,-0.1399076542235973,-0.4253877708861946,0.2799618461538461,2.5098995691605563,1.2215957951173677,3.066082759853428,3.574745529119345,0.8330680029693727,33,0.0478319167717528,2.5098995691605563,0.0118910769230769,0.2799618461538461,6.476340787095601
