media,desvio_padrao,maximo,minimo,rms,variancia,skewness,kurtosis,pico_a_pico,crest_factor,shape_factor,impulse_factor,margin_factor,energia,zero_crossings,mean_abs,peak_to_rms,mediana,amplitude,coeficiente_variacao
0.0133103455233291,0.0869464039487248,0.2453316923076923,-0.2146652307692307,0.0879593227438981,0.0075596771596148,-0.0040859404263236,-0.3261288619533449,0.4599969230769231,2.7891494005928026,1.2159162852691667,3.391372178229524,3.8999549470290633,1.8877895596459169,40,0.072339949558638,2.7891494005928026,0.0154375384615384,0.4599969230769231,6.532242442266676
