media,desvio_padrao,maximo,minimo,rms,variancia,skewness,kurtosis,pico_a_pico,crest_factor,shape_factor,impulse_factor,margin_factor,energia,zero_crossings,mean_abs,peak_to_rms,mediana,amplitude,coeficiente_variacao
0.0098741765447667,0.0797944135193398,0.2063206153846153,-0.1693956923076923,0.0804030334709619,0.0063671484288954,0.1206752020829852,-0.7267831294081808,0.3757163076923077,2.5660799907397704,1.1996366437389547,3.078363587656746,3.5422954582533754,1.5773740610851597,44,0.0670228221941992,2.5660799907397704,0.0032335384615384,0.3757163076923077,8.081120806132505
