media,desvio_padrao,maximo,minimo,rms,variancia,skewness,kurtosis,pico_a_pico,crest_factor,shape_factor,impulse_factor,margin_factor,energia,zero_crossings,mean_abs,peak_to_rms,mediana,amplitude,coeficiente_variacao
0.0170021538461538,0.0766227922978993,0.2330233846153846,-0.1758627692307692,0.0784864672089099,0.005871052299527,0.2430292005054336,-0.2391706730623446,0.4088861538461538,2.968962585551707,1.2512481064682932,3.714908813346781,4.3810245833151145,1.503070630524213,44,0.0627265422446406,2.968962585551707,0.0088661538461538,0.4088861538461538,4.50665209780069
