media,desvio_padrao,maximo,minimo,rms,variancia,skewness,kurtosis,pico_a_pico,crest_factor,shape_factor,impulse_factor,margin_factor,energia,zero_crossings,mean_abs,peak_to_rms,mediana,amplitude,coeficiente_variacao
0.0122476040353089,0.0752958976886954,0.2177944615384615,-0.1988104615384615,0.076285490188844,0.0056694722087464,-0.0982702158497242,-0.2681777181505138,0.4166049230769231,2.854991965042283,1.2281285804484618,3.506297229219144,4.094565746934522,1.4199521472579404,44,0.0621152307692307,2.854991965042283,0.0129341538461538,0.4166049230769231,6.147806335967662
