media,desvio_padrao,maximo,minimo,rms,variancia,skewness,kurtosis,pico_a_pico,crest_factor,shape_factor,impulse_factor,margin_factor,energia,zero_crossings,mean_abs,peak_to_rms,mediana,amplitude,coeficiente_variacao
0.0128757758784425,0.0663766554940127,0.1913003076923077,-0.1335138461538461,0.0676139482580534,0.0044058603945708,0.0861197521426213,-0.6372001839555002,0.3248141538461538,2.829302423845984,1.210362419704075,3.4244813278008297,3.955626476631833,1.1109099777673843,44,0.0558625641025641,2.829302423845984,0.0141858461538461,0.3248141538461538,5.155157725690521
