media,desvio_padrao,maximo,minimo,rms,variancia,skewness,kurtosis,pico_a_pico,crest_factor,shape_factor,impulse_factor,margin_factor,energia,zero_crossings,mean_abs,peak_to_rms,mediana,amplitude,coeficiente_variacao
0.0095475737704918,0.0766764253596409,0.1908830769230769,-0.1958898461538461,0.0772685600411679,0.0058792742059325,-0.1254275599624374,-0.423489968832107,0.386772923076923,2.5351817873851648,1.2110497050176388,3.070231155778894,3.528957150524675,1.4567850104838815,35,0.0638029634300126,2.5351817873851648,0.012204,0.386772923076923,8.030985379408213
