media,desvio_padrao,maximo,minimo,rms,variancia,skewness,kurtosis,pico_a_pico,crest_factor,shape_factor,impulse_factor,margin_factor,energia,zero_crossings,mean_abs,peak_to_rms,mediana,amplitude,coeficiente_variacao
0.0162239240265906,0.0714893177988784,0.1933864615384615,-0.1673095384615384,0.0733071501981193,0.005110722559349,0.0719626485618715,-0.3700918288906254,0.360696,2.6380300013820865,1.253594680603085,3.307020377003934,3.948780229044419,1.3058669996512189,42,0.0584775536562203,2.6380300013820865,0.0118910769230769,0.360696,4.406413496618256
