media,desvio_padrao,maximo,minimo,rms,variancia,skewness,kurtosis,pico_a_pico,crest_factor,shape_factor,impulse_factor,margin_factor,energia,zero_crossings,mean_abs,peak_to_rms,mediana,amplitude,coeficiente_variacao
0.0079803934426229,0.0617662176685813,0.157296,-0.1266295384615384,0.0622796300934874,0.0038150656450825,0.1348228264125049,-0.7683664760156854,0.2839255384615384,2.525641205059893,1.2080146627759814,3.0510116086235493,3.5394377419212706,0.946415567197917,30,0.0515553593947036,2.525641205059893,0.0029206153846153,0.2839255384615384,7.739745930155588
