media,desvio_padrao,maximo,minimo,rms,variancia,skewness,kurtosis,pico_a_pico,crest_factor,shape_factor,impulse_factor,margin_factor,energia,zero_crossings,mean_abs,peak_to_rms,mediana,amplitude,coeficiente_variacao
0.0081488247162673,0.0774056405707894,0.2253046153846153,-0.1658492307692307,0.0778333895987492,0.0059916331921742,0.3073963269283139,-0.2822051346396557,0.3911538461538461,2.8947038866753383,1.219575567258439,3.530310134637284,4.047712131097723,1.4781609148890886,45,0.0638200630517023,2.8947038866753383,0.0079273846153846,0.3911538461538461,9.498994427535797
