media,desvio_padrao,maximo,minimo,rms,variancia,skewness,kurtosis,pico_a_pico,crest_factor,shape_factor,impulse_factor,margin_factor,energia,zero_crossings,mean_abs,peak_to_rms,mediana,amplitude,coeficiente_variacao
0.0065944691046658,0.0757750365991429,0.1641803076923076,-0.1865021538461538,0.0760614435464766,0.0057418561716014,-0.2383632497824514,-0.6411727773828444,0.3506824615384615,2.451993351035909,1.1971998121921006,2.93552597935647,3.3564635215858534,1.4116237394272189,39,0.063532789407314,2.451993351035909,0.0102221538461538,0.3506824615384615,11.490695520209412
