media,desvio_padrao,maximo,minimo,rms,variancia,skewness,kurtosis,pico_a_pico,crest_factor,shape_factor,impulse_factor,margin_factor,energia,zero_crossings,mean_abs,peak_to_rms,mediana,amplitude,coeficiente_variacao
0.0117944640605296,0.0692820839695756,0.2111187692307692,-0.1330966153846153,0.0702788484655408,0.0048000071591673,0.4727966023476164,-0.0684385616021718,0.3442153846153846,3.0040157720325364,1.283662092821516,3.856141172796128,4.643036859528472,1.2051444361607573,41,0.0547487137452711,3.0040157720325364,0.0017732307692307,0.3442153846153846,5.874118875941909
