media,desvio_padrao,maximo,minimo,rms,variancia,skewness,kurtosis,pico_a_pico,crest_factor,shape_factor,impulse_factor,margin_factor,energia,zero_crossings,mean_abs,peak_to_rms,mediana,amplitude,coeficiente_variacao
0.0083856544766708,0.0760237921647433,0.1710646153846154,-0.2134135384615384,0.0764848754729338,0.005779616975108,-0.4008154459608016,-0.2914116523057108,0.3844781538461538,2.7902711110127965,1.2182755525005158,3.399319079395343,3.9477384444097305,1.4273844269708875,37,0.0627812610340479,2.7902711110127965,0.016584923076923,0.3844781538461538,9.06593425429627
