media,desvio_padrao,maximo,minimo,rms,variancia,skewness,kurtosis,pico_a_pico,crest_factor,shape_factor,impulse_factor,margin_factor,energia,zero_crossings,mean_abs,peak_to_rms,mediana,amplitude,coeficiente_variacao
0.0143431626733921,0.0766479798495156,0.1556270769230769,-0.1787833846153846,0.0779784529885477,0.0058749128150117,-0.233319400497079,-0.5911368296593613,0.3344104615384615,2.292728026313135,1.21788386330309,2.7922764661895094,3.272628267408332,1.483675947838864,43,0.0640278234552333,2.292728026313135,0.0164806153846153,0.3344104615384615,5.343868824112575
