media,desvio_padrao,maximo,minimo,rms,variancia,skewness,kurtosis,pico_a_pico,crest_factor,shape_factor,impulse_factor,margin_factor,energia,zero_crossings,mean_abs,peak_to_rms,mediana,amplitude,coeficiente_variacao
0.0186155031525851,0.0760516581375021,0.1846246153846154,-0.2036086153846153,0.0782968177072823,0.0057838547054634,-0.4426927145918755,-0.0657649840686169,0.3882332307692308,2.6004711474458544,1.2170543077838525,3.1649146122665948,3.646368967220856,1.4958155657933254,37,0.0643330517023959,2.6004711474458544,0.0269113846153846,0.3882332307692308,4.085393637450024
