media,desvio_padrao,maximo,minimo,rms,variancia,skewness,kurtosis,pico_a_pico,crest_factor,shape_factor,impulse_factor,margin_factor,energia,zero_crossings,mean_abs,peak_to_rms,mediana,amplitude,coeficiente_variacao
0.0128435258511979,0.073326234000401,0.1896313846153846,-0.1547926153846153,0.0744425466314255,0.0053767365926815,0.0507338016279231,-0.3031262210223211,0.3444239999999999,2.547352195704341,1.2442016614675504,3.169419834238353,3.7287484078143143,1.3521730307491595,34,0.0598315762925599,2.547352195704341,0.0154375384615384,0.3444239999999999,5.709198147762639
