rms,skewness,kurtosis,crest_factor
0.3376042688227336,0.3236418271032952,3.2630736469868484,4.404361303930832
