rms,skewness,kurtosis,crest_factor
0.2345180303071395,0.1645349719970392,1.035303215754082,3.5649865030825247
