rms,skewness,kurtosis,crest_factor
0.2744351208175908,0.2990330794971869,3.4769817530007634,4.046153216826221
