rms,skewness,kurtosis,crest_factor
0.2108581501106327,0.4628443938384377,4.401515502154404,4.679121852896122
