rms,skewness,kurtosis,crest_factor
0.3543185097956696,0.3538956442769664,1.004151852992651,3.478213232642072
