rms,skewness,kurtosis,crest_factor
0.3453525276369753,0.4286286635777034,1.1396991805915366,3.504546962426879
