rms,skewness,kurtosis,crest_factor
0.3268095470378553,0.2219214975460191,0.4330676063129264,3.0164932797419755
