rms,skewness,kurtosis,crest_factor
0.3496760771635768,0.3305302335555825,0.6978627422394479,3.0928426748120312
