rms,skewness,kurtosis,crest_factor
0.3259418718061725,0.2166188045136494,2.6430386566893187,4.222571486948653
