rms,skewness,kurtosis,crest_factor
0.3260763611151961,-0.1887622049450383,1.3229402417672975,3.1089577951725214
