rms,skewness,kurtosis,crest_factor
0.2575142638466398,-0.1260772356029849,1.6399669135924633,3.261769050542572
