rms,skewness,kurtosis,crest_factor
0.2121297534707379,-0.6886704770203705,2.9948815213204245,4.605894691354551
