rms,skewness,kurtosis,crest_factor
0.3705207804955373,0.2507231069056559,1.2277671636163,2.905255687280904
