rms,skewness,kurtosis,crest_factor
0.3428408380355063,0.3507347029996265,2.4744664941384613,3.742006530032324
