rms,skewness,kurtosis,crest_factor
0.3042076290728464,0.0764194841445966,2.262569073456594,3.3922567372378527
