rms,skewness,kurtosis,crest_factor
0.246070600823497,0.0089516916947715,1.5250877466067827,3.2537115438073307
