rms,skewness,kurtosis,crest_factor
0.3433693452249224,0.2606060069528267,2.758129517770585,3.433486966882319
