rms,skewness,kurtosis,crest_factor
0.2986245718592566,-0.0603182016984312,1.2424002596446346,3.3001099876007425
