rms,skewness,kurtosis,crest_factor
0.237515892316895,0.669104207130251,3.347462298032899,4.404262069896584
