rms,skewness,kurtosis,crest_factor
0.2882531077470105,0.002230970305527,3.1064495835569623,4.064074676748294
