rms,skewness,kurtosis,crest_factor
0.3737316930513737,0.2356528998466469,1.02586479928798,3.2206107583490136
