rms,skewness,kurtosis,crest_factor
0.2929086567231727,0.0052623940511268,1.5754872714998551,3.190377887261929
