rms,skewness,kurtosis,crest_factor
0.2936878789928666,-0.1410577921528402,2.2510673281094657,3.7526994953584407
