rms,skewness,kurtosis,crest_factor
0.2464791923975828,0.1207641089801338,1.7901431658243716,3.596940291388454
