rms,skewness,kurtosis,crest_factor
0.2121544058479467,0.0680416527754388,1.4095564041452544,3.450765619570583
