rms,skewness,kurtosis,crest_factor
0.2877572345594179,-0.1334925352414036,1.8756301574665537,3.302811641093702
