rms,skewness,kurtosis,crest_factor
0.3659998541556107,0.2666787401408236,1.3599018409631256,3.3454549068302177
