rms,skewness,kurtosis,crest_factor
0.3544638575428902,-0.1129250526375498,0.7841862286628718,2.9342120884713725
