rms,skewness,kurtosis,crest_factor
0.2009445069070256,0.9875846487489404,2.893860300136433,4.304507145689096
