rms,skewness,kurtosis,crest_factor
0.3206745975285894,0.0767960758160113,1.2689318890278702,3.4850084828285657
