rms,skewness,kurtosis,crest_factor
0.3624859808528227,0.369605780359846,2.586365907617579,3.397154051766924
