rms,skewness,kurtosis,crest_factor
0.3517780048774065,0.5960843926600595,2.618515197550784,3.9235292663797687
