rms,skewness,kurtosis,crest_factor
0.3428046841357513,0.4490785768968794,2.210427320495468,3.962263696351176
