rms,skewness,kurtosis,crest_factor
0.3109721850620662,0.1557251510589887,2.719984680255872,3.807381230711463
