rms,skewness,kurtosis,crest_factor
0.2784489704614182,0.1152361592108466,1.0410817346843355,3.5654774062510466
