rms,skewness,kurtosis,crest_factor
0.2746223582835558,-0.1820246443995637,0.9938455803110244,3.231285024710936
