rms,skewness,kurtosis,crest_factor
0.1917977624612665,0.2197334985547008,0.3812952788475363,3.4562330444544678
