rms,skewness,kurtosis,crest_factor
0.2614031053576071,0.0070996477828012,1.2462678929896986,3.233129074284447
