rms,skewness,kurtosis,crest_factor
0.2889118906893453,0.0608786115949692,2.13176162437704,3.6578728261072215
