rms,skewness,kurtosis,crest_factor
0.3433431900219402,-0.0898573041442515,1.3266583642106484,3.13475030505746
