rms,skewness,kurtosis,crest_factor
0.3169658742816794,0.0987841372427719,0.8367995015119982,2.848814208387281
