rms,skewness,kurtosis,crest_factor
0.2453778472602947,-0.3390559266296323,2.429875276567521,3.728931099708126
