rms,skewness,kurtosis,crest_factor
0.3017614965808481,0.4154442216214135,2.0053373127381127,4.085619433558927
