rms,skewness,kurtosis,crest_factor
0.2602556588556701,-0.3691764742600403,2.3150614513001155,3.512641816125197
