rms,skewness,kurtosis,crest_factor
0.2846990854776588,0.0529711702158245,1.1921047214531884,3.4929085304332417
