rms,skewness,kurtosis,crest_factor
0.2415664770240186,0.0807210296495161,1.359412037151321,3.181238590178993
