rms,skewness,kurtosis,crest_factor
0.2957807147023066,0.0642646481644711,2.088824666969412,3.7074748500149313
