rms,skewness,kurtosis,crest_factor
0.3066404801396172,0.3581416489884815,1.2318301512123284,3.726615407086015
