rms,skewness,kurtosis,crest_factor
0.3180588549974223,-0.144700852331423,0.9112474072889648,3.1709845668879613
