rms,skewness,kurtosis,crest_factor
0.2637674095166242,-0.0505589413078462,1.092305583480634,3.300217649612916
