rms,skewness,kurtosis,crest_factor
0.2766536889876246,-0.099789083176849,1.0174608574072783,3.283887823665933
