rms,skewness,kurtosis,crest_factor
0.3374844979951565,0.5504486440370356,4.224478044705069,4.275970307339809
