rms,skewness,kurtosis,crest_factor
0.2744450533846115,-0.0103936238370742,0.9484393952707304,3.144000587878762
