rms,skewness,kurtosis,crest_factor
0.2716173609283072,-0.1268685192737007,1.6796368560480586,3.277200352495125
