rms,skewness,kurtosis,crest_factor
0.2941617839698581,0.0712974997015924,1.4615169287154837,3.176234702068582
