rms,skewness,kurtosis,crest_factor
0.2994321816345875,0.6140513379384192,4.280552964418398,4.846491252809842
