rms,skewness,kurtosis,crest_factor
0.2427657717640856,0.223391647310776,2.2801147414591263,3.338151240954046
