rms,skewness,kurtosis,crest_factor
0.3111455088836818,0.5919029919728014,3.667543467775672,3.728518212488424
