rms,skewness,kurtosis,crest_factor
0.3520028193254381,0.3087477041536547,2.008504139173814,3.9173317390177385
