rms,skewness,kurtosis,crest_factor
0.3616603611006747,0.1832415073170755,2.690918896132908,3.213576820407718
