rms,skewness,kurtosis,crest_factor
0.2019070509472552,0.3297827471431612,0.9667432505302394,3.52131616770522
