rms,skewness,kurtosis,crest_factor
0.3214915869284593,0.1559786774512694,2.815135147437021,4.050121536429968
