rms,skewness,kurtosis,crest_factor
0.2942219646532727,0.6001364268865172,4.300242415880372,4.201356410565996
