rms,skewness,kurtosis,crest_factor
0.3165336736940872,0.2713722202647666,1.9814822531754777,3.42437380550558
