rms,skewness,kurtosis,crest_factor
0.3495332677166942,0.243299590876391,1.7655575033330848,3.4974833566285977
