rms,skewness,kurtosis,crest_factor
0.3244720634728092,-0.0942091759950843,0.8982470213484013,3.379642454088004
