rms,skewness,kurtosis,crest_factor
0.3146426177557884,0.0314952337321129,1.0408648534072666,3.3582244086914925
