rms,skewness,kurtosis,crest_factor
0.26614505021823,0.1008676152855521,1.2634299805269125,3.2029885965538543
