rms,skewness,kurtosis,crest_factor
0.2065173176430472,-0.1682230622584578,0.9895530315136796,3.4340547540565143
