rms,skewness,kurtosis,crest_factor
0.2745499662839587,0.0965779751133429,0.9035951797585232,3.5474819068701446
