rms,skewness,kurtosis,crest_factor
0.307778852822095,-0.0038530706869061,1.4026270231707931,3.628917132722601
