rms,skewness,kurtosis,crest_factor
0.2156304073854281,0.9794262540178396,5.55633117525081,5.133009706156563
