rms,skewness,kurtosis,crest_factor
0.1975172510383759,-0.2312665954832206,1.3215884073899389,3.223747319463857
