rms,skewness,kurtosis,crest_factor
0.2991517595834715,0.2614371786895099,0.2590906672286781,3.268230971696422
