rms,skewness,kurtosis,crest_factor
0.2522800040951619,-0.0770831817073326,-0.0816077117948883,2.4750302385718466
