rms,skewness,kurtosis,crest_factor
0.2349723650404857,-0.1046549820478771,0.5330686549525376,2.768634917977219
