rms,skewness,kurtosis,crest_factor
0.3224277990403648,0.1070786942691169,1.4782624093830004,3.1537104282014776
