rms,skewness,kurtosis,crest_factor
0.2946456760927317,0.4271169335093923,3.4072884660050637,4.459382475572226
