rms,skewness,kurtosis,crest_factor
0.2185748721983722,0.1114189671663494,0.3109501246129342,2.821761629877525
