rms,skewness,kurtosis,crest_factor
0.2333209478470092,1.0923706563307576,5.299555677483156,5.2193177633719285
