rms,skewness,kurtosis,crest_factor
0.2835552135168928,-0.2452762507415674,3.346314372205823,3.669688975955904
