rms,skewness,kurtosis,crest_factor
0.2833822451972331,-0.1184566523769831,0.915267883285579,3.1657919180239653
