rms,skewness,kurtosis,crest_factor
0.3124592984993329,-0.1288966939774562,1.1661802287288578,3.0484597685942663
