rms,skewness,kurtosis,crest_factor
0.3137616228438987,0.0335347928522249,1.5024934998560404,3.4768889880457823
