rms,skewness,kurtosis,crest_factor
0.2823826132406001,-0.1243041081679125,2.7127275819582097,3.409967200357898
