rms,skewness,kurtosis,crest_factor
0.334020807332798,0.555980152463899,2.7894879652611984,3.789268522056659
