rms,skewness,kurtosis,crest_factor
0.312483674167255,0.0797908040788541,1.1651658210428415,3.049261608937304
