rms,skewness,kurtosis,crest_factor
0.3618536955929858,0.189855927923535,1.407896154190726,3.3950099202782837
