rms,skewness,kurtosis,crest_factor
0.3396245457668022,-0.0405378414893611,0.5175222055169102,2.7950597506441563
