rms,skewness,kurtosis,crest_factor
0.3265461383406334,-0.1789867587174847,0.5507777797496236,3.0174342346016325
