rms,skewness,kurtosis,crest_factor
0.2228626535582986,-0.6782403195216006,2.305406458109465,4.369501068242802
