rms,skewness,kurtosis,crest_factor
0.3773258303577602,0.3828562443755513,2.0410455668133363,3.598468857044876
