rms,skewness,kurtosis,crest_factor
0.2627033093290362,-0.1219187569831474,1.4650749025804526,3.403242069448111
