rms,skewness,kurtosis,crest_factor
0.2933898288178402,0.0086591089749516,1.6207676609126196,3.070540083719968
