rms,skewness,kurtosis,crest_factor
0.2890512390729872,0.1452274924317626,3.724454248865544,3.9207923959579833
