rms,skewness,kurtosis,crest_factor
0.2813101152240065,0.0370665985910364,2.1355958860861524,3.8693162651633246
