rms,skewness,kurtosis,crest_factor
0.3590252922032748,0.3888988503481497,3.0427757198852348,4.198132002379657
