rms,skewness,kurtosis,crest_factor
0.274554090031963,0.4349600455731889,3.4610690536559625,4.384588648330976
