rms,skewness,kurtosis,crest_factor
0.3039804259994517,0.2497824345640359,1.3391820862566517,3.4818929604076905
