rms,skewness,kurtosis,crest_factor
0.2330156954070113,0.1149104232877073,1.5761290190807395,3.4771324126062675
