rms,skewness,kurtosis,crest_factor
0.2844129772378287,-0.158594494204421,1.2121198942340214,3.114340179120485
