rms,skewness,kurtosis,crest_factor
0.2510768475431093,-0.2001403990570038,1.9073696504273547,3.653995267791189
