rms,skewness,kurtosis,crest_factor
0.3061071551126745,-0.3002771708011263,5.218928726470985,4.4760153314839854
