rms,skewness,kurtosis,crest_factor
0.2676212139808939,0.0138291297584591,0.9991400500874388,2.998377927451786
