rms,skewness,kurtosis,crest_factor
0.2122402280339473,0.0643396402234373,1.0017205511826193,3.242729481992908
