rms,skewness,kurtosis,crest_factor
0.307675500339117,-0.2315024181353344,1.5686323534159934,3.340823367037915
