rms,skewness,kurtosis,crest_factor
0.2743059638183886,-0.3188865091305776,1.276052829589358,3.4908285495911917
