rms,skewness,kurtosis,crest_factor
0.2344539858730201,0.0251344267338285,0.9311823563582972,3.319315317626174
