rms,skewness,kurtosis,crest_factor
0.2833918253293793,0.1044630692189924,2.3027804581128333,3.73370838731828
