rms,skewness,kurtosis,crest_factor
0.3446569056456443,-0.3054397500262706,0.6469484867836037,2.9253290265885696
