rms,skewness,kurtosis,crest_factor
0.3801559722738072,0.2536229157173809,1.7080864031258018,3.5285235514623725
