rms,skewness,kurtosis,crest_factor
0.2826775534192425,0.4457749444234093,3.036573637558794,3.862091254790489
