rms,skewness,kurtosis,crest_factor
0.3604709838279054,0.3846204182875884,1.431610118060938,3.4548970530042107
