rms,skewness,kurtosis,crest_factor
0.2975783174691697,-0.1385871442389981,1.460142602761504,3.35265208618444
