rms,skewness,kurtosis,crest_factor
0.2397598376520392,0.154346483404879,1.1306633802423596,3.216049728884545
