rms,skewness,kurtosis,crest_factor
0.3031293062997197,-0.0886846131409719,0.8024733588332307,3.203376200876821
