rms,skewness,kurtosis,crest_factor
0.2596611682645635,0.0835276419372363,1.2527345578480356,2.923268682608925
