rms,skewness,kurtosis,crest_factor
0.3038614638173351,0.6789101965417759,5.663482092996729,4.730407222476661
