rms,skewness,kurtosis,crest_factor
0.3278196483856896,-0.0699161546788781,1.342477924059741,3.2727874525502743
