rms,skewness,kurtosis,crest_factor
0.3063192285538374,-0.4430980087219016,1.5531010605826516,3.106383476193433
