rms,skewness,kurtosis,crest_factor
0.2412111495118792,0.4480033360043997,2.02703664640468,3.4270073208568284
