rms,skewness,kurtosis,crest_factor
0.3414738358601727,0.4844298124403995,5.4854129293084775,4.691238628768504
