rms,skewness,kurtosis,crest_factor
0.275964026648074,0.2566670481035924,2.488016151067611,3.4669117050960887
