rms,skewness,kurtosis,crest_factor
0.2874801263954115,-0.2148609273803567,1.4754098830608466,3.446122932772015
