rms,skewness,kurtosis,crest_factor
0.3169625658735019,0.4569601549384896,3.510077768793373,4.316569983694632
