rms,skewness,kurtosis,crest_factor
0.3067183923159118,0.1026243938675206,0.8979532430128669,2.9752391175235497
