rms,skewness,kurtosis,crest_factor
0.2731275467169569,-0.088144200899798,1.2718843100681942,3.302494699971988
