rms,skewness,kurtosis,crest_factor
0.1832008897308869,-0.4482850291517649,1.1203093768749666,3.2965659351458303
