rms,skewness,kurtosis,crest_factor
0.2535627252974101,-0.061464372562701,2.6155309234070936,3.4740347089645023
