rms,skewness,kurtosis,crest_factor
0.3063711799322884,-0.1751984817801643,1.1468486705348253,2.9876242154700097
