rms,skewness,kurtosis,crest_factor
0.277559896615258,0.2243194303056962,2.634137506179216,3.5084268825198843
