rms,skewness,kurtosis,crest_factor
0.3457922926893639,0.4401088414431259,1.4574862965693738,3.425869882709629
