rms,skewness,kurtosis,crest_factor
0.3312567204879264,-0.0384910969657701,0.2270522381823285,2.99266863279388
