rms,skewness,kurtosis,crest_factor
0.2876431322815589,-0.0593305327810239,1.9523182257495464,3.544123811214854
