rms,skewness,kurtosis,crest_factor
0.3135800582455624,-0.0534203489900964,2.804946663919294,3.6778149338008976
