rms,skewness,kurtosis,crest_factor
0.256439249293019,0.0360103564384303,0.3831873344309713,2.620480810130108
