rms,skewness,kurtosis,crest_factor
0.2511199863498139,-0.165842932546789,1.0774643856033936,3.654014406587162
