rms,skewness,kurtosis,crest_factor
0.2384124853653942,0.6207132991823744,3.674892765651076,3.7186430767876177
