rms,skewness,kurtosis,crest_factor
0.3538610564715518,0.4131672790930267,2.239281491915439,3.6337326854991767
