rms,skewness,kurtosis,crest_factor
0.2712502393771839,-0.1582895659841644,1.8094023568697155,3.467874677224962
