rms,skewness,kurtosis,crest_factor
0.2410736296762113,-0.0058014937395822,0.5840398831472653,3.052308702170593
