rms,skewness,kurtosis,crest_factor
0.2684573641509378,0.6858226029615363,2.763547754022894,3.532390666295816
