rms,skewness,kurtosis,crest_factor
0.230313328448665,-0.0382603564478377,0.7490321119919443,2.9332549233745144
