rms,skewness,kurtosis,crest_factor
0.2991092868327847,-0.0248840596352395,2.032633464944145,3.533709703277943
