rms,skewness,kurtosis,crest_factor
0.3315989964027057,0.6043243132928023,5.125333555199834,4.23135976260498
