rms,skewness,kurtosis,crest_factor
0.3086298563574491,-0.1616471427546864,1.3819414610905645,3.047864025306382
