rms,skewness,kurtosis,crest_factor
0.2217345851385973,-0.0074729698109474,0.6013290395665591,3.171276488993253
