rms,skewness,kurtosis,crest_factor
0.2838470774045704,0.6304272398239296,4.694830044850666,4.163212035394549
