rms,skewness,kurtosis,crest_factor
0.2772539472092971,0.452958528309125,5.0681118523653605,4.330760629840557
