rms,skewness,kurtosis,crest_factor
0.2879141005254412,-0.1980739239857501,2.172922690948241,3.2107434879578194
