rms,skewness,kurtosis,crest_factor
0.337675000709805,0.5804722523030851,5.504594995684207,4.69254368042636
