rms,skewness,kurtosis,crest_factor
0.240613463661551,0.3106000412041731,1.1684135728631988,3.7278329016901015
