rms,skewness,kurtosis,crest_factor
0.2788373050824131,0.2448609440159578,4.873948744700286,4.029460089936995
