rms,skewness,kurtosis,crest_factor
0.1742344898742746,0.0833859243274805,0.3694817210901506,2.9115068465818164
