rms,skewness,kurtosis,crest_factor
0.3537052315869069,0.3282675974482931,2.019659498212905,3.9669038662603193
