rms,skewness,kurtosis,crest_factor
0.2451148910091066,0.1219906142819098,1.5716946070830335,3.4380345054699406
