rms,skewness,kurtosis,crest_factor
0.3338002614293082,0.3023180279170368,3.9222633588880624,4.217081281793574
