rms,skewness,kurtosis,crest_factor
0.2611768658298083,0.33699162201942,0.4110211044861573,2.942376218356043
