rms,skewness,kurtosis,crest_factor
0.3598094979643846,0.2394163653636485,1.4294164649318812,2.8725609979346056
