rms,skewness,kurtosis,crest_factor
0.2682066905296715,-0.3465676551399849,2.051455382790308,3.529030163747136
