rms,skewness,kurtosis,crest_factor
0.2840066550365052,0.080439760149222,3.338650533429705,3.9835710134936577
