rms,skewness,kurtosis,crest_factor
0.3235806154338351,0.528269941014648,4.481403686039001,4.550062475139578
