rms,skewness,kurtosis,crest_factor
0.2936642237520283,-0.0244466314549435,0.61795120349205,3.0422269425888278
