rms,skewness,kurtosis,crest_factor
0.3531383849726336,0.489984138349476,1.4108490733638757,3.4755775428221294
