rms,skewness,kurtosis,crest_factor
0.2780730317064595,-0.4309127648395185,1.8862201297587724,3.404400384741638
