rms,skewness,kurtosis,crest_factor
0.3789225733995258,0.2386996510516728,1.637571931232869,3.0320275256953813
