rms,skewness,kurtosis,crest_factor
0.2753006136410509,0.4505047048203582,3.251627246184664,3.874125261728844
