rms,skewness,kurtosis,crest_factor
0.2985893425253061,0.5745251066560482,3.2352649983086126,3.860828072491437
