rms,skewness,kurtosis,crest_factor
0.3334392458539837,-0.149429986559557,1.1725410432360546,2.9501840528374923
