rms,skewness,kurtosis,crest_factor
0.3250876793108786,0.240920120717804,1.5202660725452528,3.888897350555952
