rms,skewness,kurtosis,crest_factor
0.2879289272961917,0.1514014367331872,2.405539434337375,3.6150737654313234
