rms,skewness,kurtosis,crest_factor
0.2752002807840182,-0.0494913487795868,3.0245367246703205,3.713220779740385
