rms,skewness,kurtosis,crest_factor
0.2823965741672395,-0.2122932231190242,0.8931683550239033,3.2429899837761127
