rms,skewness,kurtosis,crest_factor
0.272850312654475,-0.0846756238284603,1.274556102227547,3.0290232475062746
