rms,skewness,kurtosis,crest_factor
0.3322163232292193,0.2042435847303616,2.5824675512911446,3.929641761834204
