rms,skewness,kurtosis,crest_factor
0.2243433516570622,0.0876254500211826,0.0812463512097223,2.789029026886173
