rms,skewness,kurtosis,crest_factor
0.3132051732472313,0.5787352195718161,2.700199421507744,3.7434144344147753
