rms,skewness,kurtosis,crest_factor
0.3579000131735378,0.4604352651748863,3.5360463087017378,4.352934540368174
