rms,skewness,kurtosis,crest_factor
0.2551335001166625,0.5970094723900919,4.69187560175852,4.098226730953055
