rms,skewness,kurtosis,crest_factor
0.3514961747083223,0.1243097988462442,1.0735455657192343,3.373973794223058
