rms,skewness,kurtosis,crest_factor
0.3111477441729494,0.9340219233729844,6.632708066489234,4.797652788013202
