rms,skewness,kurtosis,crest_factor
0.3173483742350135,0.0195633964502496,2.317921616633031,3.726788210248945
