rms,skewness,kurtosis,crest_factor
0.3260441897709453,0.2163571542610916,2.982916824373514,4.052356664406726
