rms,skewness,kurtosis,crest_factor
0.2337382823001031,0.1532891932677363,1.4617447248358673,3.1369793960720784
