rms,skewness,kurtosis,crest_factor
0.2582491534771254,0.1559333955753697,0.7737726365923514,3.0876928003825466
