rms,skewness,kurtosis,crest_factor
0.3278959205882596,0.2450560678470029,2.733310080869537,4.1870045656677295
