rms,skewness,kurtosis,crest_factor
0.282804060268472,-0.0868347933685569,1.3702353161811942,3.2141935485828004
