rms,skewness,kurtosis,crest_factor
0.3280566649945068,0.243472702860623,3.790827934001223,4.527097144154753
