rms,skewness,kurtosis,crest_factor
0.2822915715168117,0.0380657645439487,-0.250912818464049,2.4714123715662555
