rms,skewness,kurtosis,crest_factor
0.2550023694089008,1.0150203098251076,5.439803562989198,4.379974800566787
