rms,skewness,kurtosis,crest_factor
0.2560688604284678,0.2530954664717463,2.509991612012022,3.6328743232089296
