rms,skewness,kurtosis,crest_factor
0.2563229703400914,-0.0071071983203902,0.3079731121636273,2.935357373394176
