rms,skewness,kurtosis,crest_factor
0.309774812609249,0.3802993154739378,3.783079111744013,4.51688178196013
