rms,skewness,kurtosis,crest_factor
0.2873648125705099,0.465314609406372,2.643147732614949,3.9652817091172174
