rms,skewness,kurtosis,crest_factor
0.3378920279305526,-0.236370339030445,1.4452115445713298,3.477607139001293
