rms,skewness,kurtosis,crest_factor
0.3304204843149089,0.5813248975931965,1.945421417254642,3.5149490808742407
