rms,skewness,kurtosis,crest_factor
0.2925738779034955,-0.1194432979009388,1.5902279681497529,3.2550997802435195
