rms,skewness,kurtosis,crest_factor
0.381731370900099,0.3521364241649799,2.680624284753163,4.10075635549233
