rms,skewness,kurtosis,crest_factor
0.2880023213286892,-0.1858540275132261,2.169911692772743,3.459614774046232
