rms,skewness,kurtosis,crest_factor
0.2078073532421024,-0.0650445157106187,0.8197178789643136,3.116486746842591
