rms,skewness,kurtosis,crest_factor
0.3219560009784334,-0.0637513029810898,0.255637489634624,2.4292920378054705
