rms,skewness,kurtosis,crest_factor
0.2485227253644236,-0.0068967724122779,0.6014978633649353,2.8464398536699216
