rms,skewness,kurtosis,crest_factor
0.2940971712729469,-0.2896081146059963,4.273861994960751,3.926980213567687
