rms,skewness,kurtosis,crest_factor
0.2922234258110769,0.045782536747398,2.742132983137436,3.5741757572398765
