rms,skewness,kurtosis,crest_factor
0.2525008690271679,0.280861757036134,1.6801365844219118,3.791641028322987
