rms,skewness,kurtosis,crest_factor
0.2955500551817804,0.1362962703001647,2.6006330132568163,3.338836842939236
