rms,skewness,kurtosis,crest_factor
0.2588929525912021,0.7832126578521938,2.426574678773762,3.740062441607528
