rms,skewness,kurtosis,crest_factor
0.3076587085774902,-0.1217533580532686,1.707830981486798,3.4165056773816382
