rms,skewness,kurtosis,crest_factor
0.3304082800610308,0.267530263049437,1.8591358633869015,3.2530457568874422
