rms,skewness,kurtosis,crest_factor
0.3377815985621566,0.152168409821885,0.1523099433086403,2.929089031081244
