rms,skewness,kurtosis,crest_factor
0.222440907305552,1.117188090332342,5.954090016174727,5.201495728267234
