rms,skewness,kurtosis,crest_factor
0.3581751744652134,0.4528969584313869,2.1514578981700625,3.513322641578044
