rms,skewness,kurtosis,crest_factor
0.3263352358152272,0.4988469828726027,3.644284597190066,4.257302038500348
