rms,skewness,kurtosis,crest_factor
0.3284734124652527,0.0043082742768247,1.0388212973233415,3.003191447096268
