rms,skewness,kurtosis,crest_factor
0.2908373762032875,-0.1851811866739521,2.229231714460017,3.4633108463229645
