rms,skewness,kurtosis,crest_factor
0.2397148341177733,-0.1511204113085012,0.8047814026839002,3.3304933572963926
