rms,skewness,kurtosis,crest_factor
0.2617866183753648,0.0350245428196011,0.5847217763744754,2.617833625829594
