rms,skewness,kurtosis,crest_factor
0.3148463734948928,0.4960213132307265,1.8277689949908569,3.470585052751753
