rms,skewness,kurtosis,crest_factor
0.2734498349750974,-0.1328349583671084,0.8660552608747709,2.9457534997473687
