rms,skewness,kurtosis,crest_factor
0.2899530276664154,0.0006560366292036,1.356149745212349,2.915342605569113
