rms,skewness,kurtosis,crest_factor
0.2825757264080952,-0.037574715664841,1.7054384940972582,3.4955869582568577
