rms,skewness,kurtosis,crest_factor
0.229333545807285,0.0968764299901753,-0.0715202392331146,2.6135977038710005
