rms,skewness,kurtosis,crest_factor
0.2755517686744297,0.11638957424276,3.260505481764177,4.045083309178102
