rms,skewness,kurtosis,crest_factor
0.2601394993127014,0.6896005127478113,3.849196462213573,4.276621606992134
