rms,skewness,kurtosis,crest_factor
0.3296854121321442,0.5146314134488651,2.714818221139642,3.9238417159172942
