rms,skewness,kurtosis,crest_factor
0.3237282610596083,0.5114619333221652,1.565379088662799,3.6317665477015386
