rms,skewness,kurtosis,crest_factor
0.3040798558296634,0.1397825985779968,1.0692733327818402,3.072636507664116
