rms,skewness,kurtosis,crest_factor
0.2978758599657077,-0.0470278685789644,2.242270815013712,3.434371778980549
