rms,skewness,kurtosis,crest_factor
0.2794566173709931,-0.2791308633623691,1.305117342626219,2.8150105756450343
