rms,skewness,kurtosis,crest_factor
0.2644596255658391,0.2407466815019706,1.5887152763988386,3.2332289706778656
