rms,skewness,kurtosis,crest_factor
0.2865922130507745,0.3031121768528519,3.6104136622892433,4.461136234574219
