rms,skewness,kurtosis,crest_factor
0.2427492209873747,-0.1428765437778129,0.5046658254565131,2.7301234032622737
