rms,skewness,kurtosis,crest_factor
0.344221019088678,0.6081558496654382,6.282685330936516,5.05207527305004
