rms,skewness,kurtosis,crest_factor
0.3118156754426292,-0.4203946587125189,3.6503369045728418,3.830421633827676
