rms,skewness,kurtosis,crest_factor
0.3268988264368831,-0.2136309823700052,1.6842586058933875,3.067346759294117
