rms,skewness,kurtosis,crest_factor
0.3071063877168093,0.1443311592315112,1.6814329907914043,3.7283667007172654
