rms,skewness,kurtosis,crest_factor
0.2955138306349328,-0.0368221187793594,1.4638872064573372,3.262841972803896
