rms,skewness,kurtosis,crest_factor
0.320804275170341,0.4992895144334663,4.915895378767556,4.428931251261818
