rms,skewness,kurtosis,crest_factor
0.3491880368149976,0.1114416342844459,3.078412854027758,4.246158825472612
