rms,skewness,kurtosis,crest_factor
0.3638774008031035,0.3946089800181784,2.0526531463400595,3.911809413760184
