rms,skewness,kurtosis,crest_factor
0.3068668322027386,-0.0261519131789645,3.088778270212781,4.045701803923099
