rms,skewness,kurtosis,crest_factor
0.2730432275411478,0.3378382057160669,3.668516555399101,3.86570098280437
