rms,skewness,kurtosis,crest_factor
0.291671881559722,0.057976918751644,0.3073361693448695,2.8101703197701955
