rms,skewness,kurtosis,crest_factor
0.1860759397630409,0.2564792110333567,1.351092532963845,3.0658030069614184
