rms,skewness,kurtosis,crest_factor
0.2341496662014466,0.1937235436006369,0.9214628436229272,3.1293867813122422
