rms,skewness,kurtosis,crest_factor
0.2909801503086993,-0.1451076564159831,0.8238145098135377,2.820758425301781
