rms,skewness,kurtosis,crest_factor
0.3395000259712833,0.5970560120881634,4.380761362504044,4.608468482983323
