rms,skewness,kurtosis,crest_factor
0.2833671452969469,-0.4359459323789524,2.9037598176538197,3.55518517714888
