rms,skewness,kurtosis,crest_factor
0.2962778575889614,-0.2005347729081289,1.688479346970574,3.3805260309717995
