rms,skewness,kurtosis,crest_factor
0.2938977661531851,0.0230692033470905,2.285647084606415,3.97109655667582
