rms,skewness,kurtosis,crest_factor
0.2532099429139831,0.1733939015259718,1.6013076718055703,3.295404800752656
