rms,skewness,kurtosis,crest_factor
0.2909626808120217,0.0442608970172991,2.170458987283898,3.50201464331633
