rms,skewness,kurtosis,crest_factor
0.2992423412898302,0.5563132887774433,2.670384620736729,3.581535224622196
