rms,skewness,kurtosis,crest_factor
0.2890388993548995,-0.0003341257858437,1.4059775879408771,3.2460174442791088
