rms,skewness,kurtosis,crest_factor
0.300097655214246,0.6038520861636653,4.930256585068316,5.004621607285196
