rms,skewness,kurtosis,crest_factor
0.2391182395771534,0.1347912894490485,1.3026710708794296,3.0738724213411097
