rms,skewness,kurtosis,crest_factor
0.2674427303668704,-0.6312143944846952,5.173362556694119,4.201137906698366
