rms,skewness,kurtosis,crest_factor
0.2876484403759721,-0.1041259584105295,2.455467710180894,3.512435199250342
