rms,skewness,kurtosis,crest_factor
0.21910411983579,0.6523962330592159,1.3266029193089477,3.818747698219868
