rms,skewness,kurtosis,crest_factor
0.3224349187484467,-0.1163580617481625,1.2697868838923334,3.103263142483128
