rms,skewness,kurtosis,crest_factor
0.2577352007527167,0.5381131252430299,4.8805665635596585,4.435631763821931
