rms,skewness,kurtosis,crest_factor
0.2913622136185726,0.0891502636459538,2.2105976078441287,3.5434851754054857
