rms,skewness,kurtosis,crest_factor
0.2527942396277006,0.6899416132645827,3.2051531287615465,3.803304752315953
