rms,skewness,kurtosis,crest_factor
0.2944317636412658,-0.2561641376314283,1.4496823739782156,3.470131596646342
