rms,skewness,kurtosis,crest_factor
0.258165464228639,0.3937548629629917,2.623758233297985,3.641751749201733
