rms,skewness,kurtosis,crest_factor
0.2879204169730877,-0.3284152436327177,1.111874874552921,3.06568219193877
