rms,skewness,kurtosis,crest_factor
0.2925290002524,0.1559354593722239,0.1249909456500186,2.6153627859724224
