rms,skewness,kurtosis,crest_factor
0.2820752255827147,-0.2485278973464148,2.921893202681522,3.836362559298968
