rms,skewness,kurtosis,crest_factor
0.2787559515784695,0.1417638578703921,0.8209390357528878,3.004475865715664
