rms,skewness,kurtosis,crest_factor
0.2794737795137562,0.5383126262963203,2.2017390292357257,3.206578493115247
