rms,skewness,kurtosis,crest_factor
0.3047325726864348,-0.3792472992674752,2.7650407523703446,3.846961028821813
