rms,skewness,kurtosis,crest_factor
0.2900494297285634,-0.1785580064726003,2.1851391070945603,3.440237765438168
