rms,skewness,kurtosis,crest_factor
0.2552299145160257,0.2246578520684707,0.1676985640390116,3.0733044870714563
