rms,skewness,kurtosis,crest_factor
0.2902563224460876,0.3614645818357825,2.300268838923609,4.220703060587224
