rms,skewness,kurtosis,crest_factor
0.3401393434251568,0.2754147656824563,4.411976069936544,4.507638470108721
