rms,skewness,kurtosis,crest_factor
0.2684032206372443,0.7008791365089692,2.6864839891256693,3.7370524979778152
