rms,skewness,kurtosis,crest_factor
0.2565896542140254,-0.0719905872449359,1.036353104122198,2.906351321619107
