rms,skewness,kurtosis,crest_factor
0.2185519631637558,0.3148463444874524,4.279699251410713,3.99265009718649
