rms,skewness,kurtosis,crest_factor
0.350184949713455,0.3457500236608171,2.3842068671167214,3.822167315177592
