media,desvio_padrao,maximo,minimo,rms,variancia,skewness,kurtosis,pico_a_pico,crest_factor,shape_factor,impulse_factor,margin_factor,energia,zero_crossings,mean_abs,peak_to_rms,mediana,amplitude,coeficiente_variacao
0.00818699682602,0.2154917488177121,0.4769095409181637,-0.4694375249500997,0.2156472135816858,0.0464366938085159,0.0547371549738547,-0.6241331617181389,0.9463470658682634,2.211526562282769,1.2142740917195214,2.685399407729505,3.128116700711804,5.673453928516516,56,0.1775935227904846,2.211526562282769,-0.0077968862275449,0.9463470658682634,26.321220515541366
