media,desvio_padrao,maximo,minimo,rms,variancia,skewness,kurtosis,pico_a_pico,crest_factor,shape_factor,impulse_factor,margin_factor,energia,zero_crossings,mean_abs,peak_to_rms,mediana,amplitude,coeficiente_variacao
0.0065493311737181,0.1386423034115153,0.3018044710578842,-0.3417635129740519,0.1387969093102354,0.0192216882952506,-0.0853933050208583,-0.9274148634117734,0.6435679840319362,2.4623279774202365,1.1549146829954038,2.8437787354730064,3.1778061507973323,2.350279008156992,65,0.1201793616046595,2.4623279774202365,0.020060738522954,0.6435679840319362,21.16892545728548
