media,desvio_padrao,maximo,minimo,rms,variancia,skewness,kurtosis,pico_a_pico,crest_factor,shape_factor,impulse_factor,margin_factor,energia,zero_crossings,mean_abs,peak_to_rms,mediana,amplitude,coeficiente_variacao
0.0030808977087148,0.1786236161253248,0.4478336526946108,-0.3999152894211576,0.1786501837904987,0.0319063962376874,0.0259541253665576,-0.1789834432027319,0.8477489421157685,2.506762899386551,1.2467449301061986,3.125293935788497,3.666164897290041,3.8618224683738553,63,0.1432932907738242,2.506762899386551,0.0092588023952095,0.8477489421157685,57.97778213150661
