media,desvio_padrao,maximo,minimo,rms,variancia,skewness,kurtosis,pico_a_pico,crest_factor,shape_factor,impulse_factor,margin_factor,energia,zero_crossings,mean_abs,peak_to_rms,mediana,amplitude,coeficiente_variacao
0.003535984559806,0.1391148728850525,0.3354285429141716,-0.3839966467065868,0.13915980398316,0.0193529478578243,-0.037949737095255,-0.0627497934075327,0.7194251896207584,2.759393414732425,1.256873671942222,3.46820893350793,4.100523763521086,2.3432195764004127,54,0.1107190062849507,2.759393414732425,0.0042233133732534,0.7194251896207584,39.34261321907032
