media,desvio_padrao,maximo,minimo,rms,variancia,skewness,kurtosis,pico_a_pico,crest_factor,shape_factor,impulse_factor,margin_factor,energia,zero_crossings,mean_abs,peak_to_rms,mediana,amplitude,coeficiente_variacao
0.005303976839709,0.1286172592674069,0.2902715768463074,-0.2964441117764471,0.1287265767111654,0.0165423993814593,-0.0617115587981395,-0.7469563149136023,0.5867156886227545,2.302897500658341,1.1890687213599154,2.738303386530759,3.1192609300953325,2.005034317764842,54,0.1082583154352452,2.302897500658341,0.0154313373253493,0.5867156886227545,24.24921208261971
