media,desvio_padrao,maximo,minimo,rms,variancia,skewness,kurtosis,pico_a_pico,crest_factor,shape_factor,impulse_factor,margin_factor,energia,zero_crossings,mean_abs,peak_to_rms,mediana,amplitude,coeficiente_variacao
0.0036890226159251,0.2700329437579381,0.8378403992015968,-0.869840119760479,0.2700581411519352,0.0729177907145777,-0.0706476459476566,1.70174691587877,1.7076805189620758,3.2209364844554167,1.354167815028419,4.36168852150031,5.32758316919398,8.82469935189507,61,0.1994273812705168,3.2209364844554167,0.0116953293413173,1.7076805189620758,73.19904806010963
