media,desvio_padrao,maximo,minimo,rms,variancia,skewness,kurtosis,pico_a_pico,crest_factor,shape_factor,impulse_factor,margin_factor,energia,zero_crossings,mean_abs,peak_to_rms,mediana,amplitude,coeficiente_variacao
0.0127142406096897,0.1870372059436257,0.3846463872255489,-0.4078746107784431,0.1874688462691316,0.0349829164071982,-0.0374655261248586,-0.7826710978354954,0.792520998003992,2.175692755866728,1.19515541740454,2.600290983781933,2.997030272224737,4.252492766898999,58,0.1568572953267019,2.175692755866728,-0.0034111377245508,0.792520998003992,14.710843666202276
