media,desvio_padrao,maximo,minimo,rms,variancia,skewness,kurtosis,pico_a_pico,crest_factor,shape_factor,impulse_factor,margin_factor,energia,zero_crossings,mean_abs,peak_to_rms,mediana,amplitude,coeficiente_variacao
-0.0010944399725139,0.1230175881132686,0.3260073053892215,-0.3091140518962076,0.1230224564218226,0.0151333269852058,0.0582953815351449,0.1876399634794188,0.6351213572854291,2.6499820835262704,1.2949652504236209,3.431634712411705,4.217889852603231,1.84641202365523,47,0.0950005850593894,2.6499820835262704,-0.004385748502994,0.6351213572854291,-112.40231643832465
