media,desvio_padrao,maximo,minimo,rms,variancia,skewness,kurtosis,pico_a_pico,crest_factor,shape_factor,impulse_factor,margin_factor,energia,zero_crossings,mean_abs,peak_to_rms,mediana,amplitude,coeficiente_variacao
0.0114026776199666,0.1976620783499399,0.5735584431137724,-0.4288287425149701,0.1979907024951492,0.0390702972176178,0.1841600652847884,-0.0401701569037395,1.0023871856287423,2.896895843519847,1.234252762945624,3.575501698830066,4.169218226062747,4.743238511217245,58,0.1604134164728394,2.896895843519847,-0.0030862674650698,1.0023871856287423,17.33470724488636
