media,desvio_padrao,maximo,minimo,rms,variancia,skewness,kurtosis,pico_a_pico,crest_factor,shape_factor,impulse_factor,margin_factor,energia,zero_crossings,mean_abs,peak_to_rms,mediana,amplitude,coeficiente_variacao
0.0114053624981442,0.2055536910913127,0.5493556087824352,-0.4192450698602795,0.2058698671855036,0.0422523199212628,0.0599392661341939,-0.2385431022557926,0.9686006786427146,2.668460500280141,1.2234151570150067,3.264635021938572,3.736581140462373,5.128270668012205,59,0.168274739776645,2.668460500280141,0.0410960878243512,0.9686006786427146,18.0225478256179
