media,desvio_padrao,maximo,minimo,rms,variancia,skewness,kurtosis,pico_a_pico,crest_factor,shape_factor,impulse_factor,margin_factor,energia,zero_crossings,mean_abs,peak_to_rms,mediana,amplitude,coeficiente_variacao
0.0016283786146714,0.1938763279917882,0.5545535329341317,-0.7608461477045908,0.1938831662947873,0.0375880305555794,-0.1201062304213875,1.6398943467778295,1.3153996806387225,3.924250682742469,1.2982933177660303,5.09482843864333,6.0504760048431,4.548472542871551,50,0.1493369515514425,3.924250682742469,-0.0074720159680638,1.3153996806387225,119.06096422845847
