media,desvio_padrao,maximo,minimo,rms,variancia,skewness,kurtosis,pico_a_pico,crest_factor,shape_factor,impulse_factor,margin_factor,energia,zero_crossings,mean_abs,peak_to_rms,mediana,amplitude,coeficiente_variacao
0.0003342673331023,0.1721870178915117,0.5165437125748502,-0.5675483433133733,0.1721873423484483,0.0296483691303717,-0.0384185017853654,1.4283105485338794,1.0840920558882234,3.296109548893841,1.344139874884891,4.4304322766570605,5.392948160322297,3.5874661846676323,55,0.1281022500453638,3.296109548893841,-0.0079593213572854,1.0840920558882234,515.1176942521329
