media,desvio_padrao,maximo,minimo,rms,variancia,skewness,kurtosis,pico_a_pico,crest_factor,shape_factor,impulse_factor,margin_factor,energia,zero_crossings,mean_abs,peak_to_rms,mediana,amplitude,coeficiente_variacao
0.005377810989591,0.1301335197542973,0.2904340119760479,-0.3160987624750499,0.1302445922665577,0.016934732963642,-0.1531979874455828,-0.3647822815501667,0.6065327744510978,2.4269626628960097,1.2353679592300646,2.9981919119894065,3.513502529160213,2.052602111576505,57,0.1054297962752181,2.4269626628960097,0.0051979241516966,0.6065327744510978,24.1982323302502
