media,desvio_padrao,maximo,minimo,rms,variancia,skewness,kurtosis,pico_a_pico,crest_factor,shape_factor,impulse_factor,margin_factor,energia,zero_crossings,mean_abs,peak_to_rms,mediana,amplitude,coeficiente_variacao
-0.000460676679428,0.2328565375106908,0.4747978842315369,-0.5452947305389221,0.2328569932049942,0.0542221670614677,-0.0595291423414645,-0.7085083230092355,1.020092614770459,2.3417580165130585,1.1934088674478958,2.79467478232388,3.188028560958263,6.615130272705431,61,0.1951192081410948,2.3417580165130585,0.0047918363273453,1.020092614770459,-505.4663018753305
