media,desvio_padrao,maximo,minimo,rms,variancia,skewness,kurtosis,pico_a_pico,crest_factor,shape_factor,impulse_factor,margin_factor,energia,zero_crossings,mean_abs,peak_to_rms,mediana,amplitude,coeficiente_variacao
0.002381938091031,0.140005729173248,0.3277940918163672,-0.3029415169660679,0.140025989839038,0.0196016042013328,-0.1538451076999612,-0.6656783593948457,0.6307356087824352,2.3409517918292986,1.214663252452487,2.843468117297853,3.2996261252374035,2.3920878953090914,64,0.1152796790026504,2.3409517918292986,0.0141318562874251,0.6307356087824352,58.77807223471732
