media,desvio_padrao,maximo,minimo,rms,variancia,skewness,kurtosis,pico_a_pico,crest_factor,shape_factor,impulse_factor,margin_factor,energia,zero_crossings,mean_abs,peak_to_rms,mediana,amplitude,coeficiente_variacao
0.0073498540109862,0.1873305887832035,0.5288887824351297,-0.4668385628742515,0.1874747178897585,0.0350927494938617,0.0633705397791933,-0.0080791784789062,0.9957273453093812,2.8211205670203183,1.2609347700895757,3.5572490135707384,4.225417962477647,4.2527591515891885,55,0.1486791563979479,2.8211205670203183,0.0058476646706586,0.9957273453093812,25.4876611839077
