media,desvio_padrao,maximo,minimo,rms,variancia,skewness,kurtosis,pico_a_pico,crest_factor,shape_factor,impulse_factor,margin_factor,energia,zero_crossings,mean_abs,peak_to_rms,mediana,amplitude,coeficiente_variacao
0.0024244449943089,0.2621332600757668,0.5425333333333333,-0.6289488223552894,0.2621444715638307,0.0687138460379496,-0.106983752138145,-0.5111828319185201,1.1714821556886226,2.3992450369190554,1.2260919500364922,2.9416950259314603,3.4467420711832157,8.315086600549087,57,0.2138049039111859,2.3992450369190554,0.0099085429141716,1.1714821556886226,108.12093517943032
