media,desvio_padrao,maximo,minimo,rms,variancia,skewness,kurtosis,pico_a_pico,crest_factor,shape_factor,impulse_factor,margin_factor,energia,zero_crossings,mean_abs,peak_to_rms,mediana,amplitude,coeficiente_variacao
0.0055738070965507,0.1283823901477802,0.262007864271457,-0.3248702594810379,0.1285033284611975,0.0164820381000568,-0.0527807335723995,-0.4717467767463832,0.5868781237524949,2.52810774142037,1.2545052477943537,3.1715244286013844,3.834256321482462,1.998085756498376,59,0.1024334722290955,2.52810774142037,0.0032487025948103,0.5868781237524949,23.033159907386903
