media,desvio_padrao,maximo,minimo,rms,variancia,skewness,kurtosis,pico_a_pico,crest_factor,shape_factor,impulse_factor,margin_factor,energia,zero_crossings,mean_abs,peak_to_rms,mediana,amplitude,coeficiente_variacao
0.0060718519984823,0.1507987827739471,0.3407889021956088,-0.3630425149700599,0.1509209736014036,0.022740272886104,0.0351025366985524,-0.669523851769783,0.7038314171656688,2.405514000518504,1.2113107091743462,2.9138248698968874,3.387774835943577,2.756033973008263,58,0.1245931142673331,2.405514000518504,0.0100709780439121,0.7038314171656688,24.835714508792105
