media,desvio_padrao,maximo,minimo,rms,variancia,skewness,kurtosis,pico_a_pico,crest_factor,shape_factor,impulse_factor,margin_factor,energia,zero_crossings,mean_abs,peak_to_rms,mediana,amplitude,coeficiente_variacao
0.0072723006446124,0.1905368087575967,0.470737005988024,-0.4949398403193613,0.1906755407706888,0.0363042754915289,0.0257631026070923,-0.2540282644941567,0.9656768463073852,2.595717512161606,1.2248588687202342,3.1793876154635656,3.693502733987793,4.435573745479743,59,0.1556714374529628,2.595717512161606,-0.013482115768463,0.9656768463073852,26.200348152376428
