media,desvio_padrao,maximo,minimo,rms,variancia,skewness,kurtosis,pico_a_pico,crest_factor,shape_factor,impulse_factor,margin_factor,energia,zero_crossings,mean_abs,peak_to_rms,mediana,amplitude,coeficiente_variacao
0.002752077157161,0.1337859759909248,0.29108375249501,-0.3476111776447106,0.133814279135387,0.0178986873718443,0.1479975535448014,-0.6211959432355609,0.6386949301397207,2.5977136363228754,1.1975140857621185,3.110798670272976,3.541261286489047,2.184563878663841,63,0.1117433863420699,2.5977136363228754,0.0008933932135728,0.6386949301397207,48.612727169659685
