media,desvio_padrao,maximo,minimo,rms,variancia,skewness,kurtosis,pico_a_pico,crest_factor,shape_factor,impulse_factor,margin_factor,energia,zero_crossings,mean_abs,peak_to_rms,mediana,amplitude,coeficiente_variacao
0.0036836528595701,0.1247244787497621,0.3303930538922155,-0.3172358083832335,0.124778863986613,0.0155561955993998,-0.2054198321704149,-0.006259476298895,0.6476288622754491,2.64782867335338,1.2728256694208224,3.370224303672664,4.0557711308323885,1.883941552632552,48,0.0980329568961251,2.64782867335338,0.004710618762475,0.6476288622754491,33.858912200624026
