media,desvio_padrao,maximo,minimo,rms,variancia,skewness,kurtosis,pico_a_pico,crest_factor,shape_factor,impulse_factor,margin_factor,energia,zero_crossings,mean_abs,peak_to_rms,mediana,amplitude,coeficiente_variacao
-0.0034997387044093,0.1333290790100185,0.3492355289421158,-0.3264946107784431,0.1333750032077184,0.0177766433096597,0.0005219184330711,-0.3000945829259747,0.6757301397205588,2.61844813902809,1.2455368897474073,3.261373751049933,3.879814798396892,2.152455869159726,45,0.1070823387934874,2.61844813902809,0.0024365269461077,0.6757301397205588,-38.0968667295177
