media,desvio_padrao,maximo,minimo,rms,variancia,skewness,kurtosis,pico_a_pico,crest_factor,shape_factor,impulse_factor,margin_factor,energia,zero_crossings,mean_abs,peak_to_rms,mediana,amplitude,coeficiente_variacao
0.0004087506953306,0.1985754387576508,0.3973163273453094,-0.4593665469061876,0.1985758594465209,0.0394322048777935,-0.1102378640006843,-0.5492363842173402,0.8566828742514971,2.313305092504968,1.2387082036356876,2.8655099955981163,3.404397788129253,4.810749378500783,59,0.1603088272635058,2.313305092504968,0.0033299201596806,0.8566828742514971,485.8106445470788
