media,desvio_padrao,maximo,minimo,rms,variancia,skewness,kurtosis,pico_a_pico,crest_factor,shape_factor,impulse_factor,margin_factor,energia,zero_crossings,mean_abs,peak_to_rms,mediana,amplitude,coeficiente_variacao
0.0050462285346662,0.1497391564676187,0.4036512974051896,-0.3506974451097804,0.1498241616097286,0.022421814979634,0.0465329862675933,-0.1368964002208086,0.75434874251497,2.694166902509662,1.247007553009198,3.359646476496944,3.9559456097209806,2.7161208076490286,56,0.1201469560053447,2.694166902509662,0.0064974051896207,0.75434874251497,29.673479002972595
