media,desvio_padrao,maximo,minimo,rms,variancia,skewness,kurtosis,pico_a_pico,crest_factor,shape_factor,impulse_factor,margin_factor,energia,zero_crossings,mean_abs,peak_to_rms,mediana,amplitude,coeficiente_variacao
0.0069511496016231,0.1925744430745328,0.4957520159680638,-0.5743706187624751,0.1926998562694082,0.0370849161254664,0.0807244540548984,1.2158846919051154,1.0701226347305388,2.9806489214992644,1.370118555448705,4.0838423946243125,5.124574024070972,4.493121387356324,46,0.1406446584516916,2.9806489214992644,0.0012994810379241,1.0701226347305388,27.703970438150805
