media,desvio_padrao,maximo,minimo,rms,variancia,skewness,kurtosis,pico_a_pico,crest_factor,shape_factor,impulse_factor,margin_factor,energia,zero_crossings,mean_abs,peak_to_rms,mediana,amplitude,coeficiente_variacao
0.0050663651209976,0.197632122970717,0.4260673453093812,-0.5064727345309382,0.1976970512816311,0.0390584560299126,-0.1134503944570423,-0.2906381582548611,0.9325400798403194,2.5618628666820014,1.2410005656197158,3.1792732665925105,3.7270074761188288,4.729179014339679,62,0.1593045617855198,2.5618628666820014,-0.004710618762475,0.9325400798403194,39.008661683625206
