media,desvio_padrao,maximo,minimo,rms,variancia,skewness,kurtosis,pico_a_pico,crest_factor,shape_factor,impulse_factor,margin_factor,energia,zero_crossings,mean_abs,peak_to_rms,mediana,amplitude,coeficiente_variacao
0.0066343339766747,0.161415014139881,0.4411738123752495,-0.4605035928143712,0.16155129580753,0.026054806789778,0.1084102926806437,-0.0677241568108883,0.9016774051896208,2.850510053246548,1.235489516139331,3.521775286435876,4.076202714239938,3.15795736242814,63,0.1307589370020289,2.850510053246548,-0.0108831536926147,0.9016774051896208,24.330251492823585
