media,desvio_padrao,maximo,minimo,rms,variancia,skewness,kurtosis,pico_a_pico,crest_factor,shape_factor,impulse_factor,margin_factor,energia,zero_crossings,mean_abs,peak_to_rms,mediana,amplitude,coeficiente_variacao
0.0034997387044093,0.1148189829687044,0.2772767664670658,-0.359631377245509,0.1148723074590511,0.0131833988499676,-0.1124709279527982,-0.0872396305873199,0.6369081437125748,3.130705608692572,1.224683302369322,3.834122883599777,4.426665001201399,1.5966732895369802,40,0.0937975615710727,3.130705608692572,0.0058476646706586,0.6369081437125748,32.80787300607401
