media,desvio_padrao,maximo,minimo,rms,variancia,skewness,kurtosis,pico_a_pico,crest_factor,shape_factor,impulse_factor,margin_factor,energia,zero_crossings,mean_abs,peak_to_rms,mediana,amplitude,coeficiente_variacao
0.0039830167763646,0.0928639247575764,0.2319573652694611,-0.2043433932135728,0.0929493030851851,0.0086237085213808,0.1457124779606782,-0.3683830765102809,0.4363007584830339,2.4955255991201923,1.2441219958375145,3.104738289041022,3.664660950644795,1.0453883262266157,53,0.0747107626070173,2.4955255991201923,-0.0021116566866267,0.4363007584830339,23.31497203542664
