media,desvio_padrao,maximo,minimo,rms,variancia,skewness,kurtosis,pico_a_pico,crest_factor,shape_factor,impulse_factor,margin_factor,energia,zero_crossings,mean_abs,peak_to_rms,mediana,amplitude,coeficiente_variacao
0.0030164606324541,0.1988227065812088,0.4650517764471058,-0.4504326147704591,0.1988455875472841,0.0395304686522774,0.0186326510484584,-0.6729445107560799,0.915484391217565,2.3387583409992425,1.1940846165953114,2.7926753569211678,3.187984562527467,4.784287690129979,64,0.1665255416439847,2.3387583409992425,0.0074720159680638,0.915484391217565,65.91258126894655
