media,desvio_padrao,maximo,minimo,rms,variancia,skewness,kurtosis,pico_a_pico,crest_factor,shape_factor,impulse_factor,margin_factor,energia,zero_crossings,mean_abs,peak_to_rms,mediana,amplitude,coeficiente_variacao
0.0085969799244486,0.1146965819477462,0.2376425948103792,-0.3247078243512974,0.1150183201682124,0.013155305910496,-0.3648496779001455,-0.2077844484121001,0.5623504191616766,2.82309656302072,1.2346689014798091,3.485589532236217,4.095018773327468,1.6007348908924093,50,0.093157218125732,2.82309656302072,0.0152689021956087,0.5623504191616766,13.341497008916466
