media,desvio_padrao,maximo,minimo,rms,variancia,skewness,kurtosis,pico_a_pico,crest_factor,shape_factor,impulse_factor,margin_factor,energia,zero_crossings,mean_abs,peak_to_rms,mediana,amplitude,coeficiente_variacao
0.0040004684845185,0.1096276332161189,0.2514495808383233,-0.2460892215568862,0.1097006003295493,0.0120182179645678,-0.0540444179217424,-0.4426865902015033,0.4975388023952095,2.292144072894302,1.2442123148402404,2.851913882883156,3.3670260104144654,1.4561408272322869,52,0.0881687144718827,2.292144072894302,0.0112080239520958,0.4975388023952095,27.403698751875574
