media,desvio_padrao,maximo,minimo,rms,variancia,skewness,kurtosis,pico_a_pico,crest_factor,shape_factor,impulse_factor,margin_factor,energia,zero_crossings,mean_abs,peak_to_rms,mediana,amplitude,coeficiente_variacao
-0.0032379630821002,0.1667302883340468,0.5197924151696607,-0.4959144510978043,0.1667617265827967,0.0277989890479544,-0.0139061430983111,0.4547889511287541,1.015706866267465,3.116976693759436,1.2739507452923229,3.970874782073634,4.748555572974749,3.364946287797929,54,0.130901235545438,3.116976693759436,0.0066598403193612,1.015706866267465,-51.49233765380042
