media,desvio_padrao,maximo,minimo,rms,variancia,skewness,kurtosis,pico_a_pico,crest_factor,shape_factor,impulse_factor,margin_factor,energia,zero_crossings,mean_abs,peak_to_rms,mediana,amplitude,coeficiente_variacao
0.0022365035218818,0.1283717905205671,0.4773968463073852,-0.4359758882235529,0.1283912713133559,0.0164793166014563,-0.0946484833356457,2.81284581830311,0.913372734530938,3.718296745751781,1.41358443390267,5.256126400425671,6.571698359308737,1.9946025444846325,56,0.0908267438676366,3.718296745751781,0.005035489021956,0.913372734530938,57.39842985471877
