media,desvio_padrao,maximo,minimo,rms,variancia,skewness,kurtosis,pico_a_pico,crest_factor,shape_factor,impulse_factor,margin_factor,energia,zero_crossings,mean_abs,peak_to_rms,mediana,amplitude,coeficiente_variacao
-0.0034393289454149,0.1263241357304241,0.3164236327345309,-0.3446873453093813,0.1263709470235678,0.0159577872680386,-0.1533492744642974,-0.0516160916893566,0.6611109780439122,2.72758377956207,1.239242388251159,3.3801374371396222,3.92676484696939,1.9323235664476397,57,0.101974358060738,2.72758377956207,0.0185176047904191,0.6611109780439122,-36.72929741100501
