media,desvio_padrao,maximo,minimo,rms,variancia,skewness,kurtosis,pico_a_pico,crest_factor,shape_factor,impulse_factor,margin_factor,energia,zero_crossings,mean_abs,peak_to_rms,mediana,amplitude,coeficiente_variacao
-0.0037051318849903,0.236092993258155,0.5703097405189621,-0.5854162075848303,0.2361220647628687,0.0557399014655952,0.0608334503423264,-0.6046148069930051,1.1557259481037925,2.4792948010714224,1.2190564288021135,3.022400266141775,3.5425230965148526,6.746189165613527,59,0.1936924814833144,2.4792948010714224,-0.0123450698602794,1.1557259481037925,-63.72053697051318
