media,desvio_padrao,maximo,minimo,rms,variancia,skewness,kurtosis,pico_a_pico,crest_factor,shape_factor,impulse_factor,margin_factor,energia,zero_crossings,mean_abs,peak_to_rms,mediana,amplitude,coeficiente_variacao
0.0074706845325741,0.1253661356000084,0.2733783233532934,-0.2879974850299401,0.1255885308563841,0.0157166679552797,-0.1182380540408115,-0.4620923345569392,0.5613758083832334,2.293183008560532,1.2331602366087613,2.8278621014236967,3.3079301100107714,1.924242448085123,58,0.1018428320408363,2.293183008560532,0.0127511576846307,0.5613758083832334,16.78107743050564
