media,desvio_padrao,maximo,minimo,rms,variancia,skewness,kurtosis,pico_a_pico,crest_factor,shape_factor,impulse_factor,margin_factor,energia,zero_crossings,mean_abs,peak_to_rms,mediana,amplitude,coeficiente_variacao
0.0051965927162069,0.2119314006879845,0.5110209181636727,-0.4942900998003992,0.211995101767539,0.044914918597571,0.0643208329569862,0.124774536927708,1.005311017964072,2.4105317240962827,1.3184528757616496,3.178172483749431,3.899123377642948,5.482914627158364,60,0.1607908069107686,2.4105317240962827,-0.0080405389221556,1.005311017964072,40.78276137112329
