media,desvio_padrao,maximo,minimo,rms,variancia,skewness,kurtosis,pico_a_pico,crest_factor,shape_factor,impulse_factor,margin_factor,energia,zero_crossings,mean_abs,peak_to_rms,mediana,amplitude,coeficiente_variacao
0.0017478556935715,0.1031134378116336,0.2454394810379241,-0.2548607185628742,0.1031282505274825,0.0106323810573336,-0.1179284410995805,-0.3253834141078129,0.5003001996007984,2.4712987688563253,1.2373409338071295,3.057839126373095,3.5882564581321543,1.286887762879963,44,0.0833466732650401,2.4712987688563253,0.0086090618762475,0.5003001996007984,58.99425117924564
