media,desvio_padrao,maximo,minimo,rms,variancia,skewness,kurtosis,pico_a_pico,crest_factor,shape_factor,impulse_factor,margin_factor,energia,zero_crossings,mean_abs,peak_to_rms,mediana,amplitude,coeficiente_variacao
0.0044072275284142,0.1278669740433455,0.3388396806387225,-0.3190225948103792,0.127942904084161,0.0163499630510016,0.0330251636453796,-0.3225456423227828,0.6578622754491018,2.6483663401593054,1.2260410517919345,3.247005853219271,3.740785420961384,1.980695791364148,51,0.1043545025651176,2.6483663401593054,0.0196546506986027,0.6578622754491018,29.01301855167735
