media,desvio_padrao,maximo,minimo,rms,variancia,skewness,kurtosis,pico_a_pico,crest_factor,shape_factor,impulse_factor,margin_factor,energia,zero_crossings,mean_abs,peak_to_rms,mediana,amplitude,coeficiente_variacao
0.0101622639019481,0.2588209607593754,0.5342491417165669,-0.4496204391217565,0.2590203878771303,0.0669882897284061,0.0657303836194826,-0.9857742760464032,0.9838695808383232,2.062575637752481,1.188569329838571,2.4515141435048298,2.83072420923973,8.1180789216583,62,0.2179261919136932,2.062575637752481,0.0063349700598802,0.9838695808383232,25.46882892007537
