media,desvio_padrao,maximo,minimo,rms,variancia,skewness,kurtosis,pico_a_pico,crest_factor,shape_factor,impulse_factor,margin_factor,energia,zero_crossings,mean_abs,peak_to_rms,mediana,amplitude,coeficiente_variacao
-0.0003396370894574,0.133658873007151,0.3632049500998003,-0.2740280638722555,0.1336593045279462,0.0178646943335417,0.3360516455282657,-0.5242174955115688,0.6372330139720559,2.717393685254882,1.2065940444293397,3.2787910369984363,3.776195521468007,2.1616419721142064,56,0.1107740462875901,2.717393685254882,-0.0092588023952095,0.6372330139720559,-393.53438465940815
