media,desvio_padrao,maximo,minimo,rms,variancia,skewness,kurtosis,pico_a_pico,crest_factor,shape_factor,impulse_factor,margin_factor,energia,zero_crossings,mean_abs,peak_to_rms,mediana,amplitude,coeficiente_variacao
0.0023251045017403,0.2225825105829078,0.6771920558882235,-0.4894170459081836,0.2225946543121247,0.0495429740173902,0.106597825497038,-0.1266629351582531,1.166609101796407,3.042265583515124,1.2369348997905327,3.763084474681467,4.407121563791713,5.9953539955284505,63,0.1799566447270747,3.042265583515124,0.0058476646706586,1.166609101796407,95.73011037409594
