media,desvio_padrao,maximo,minimo,rms,variancia,skewness,kurtosis,pico_a_pico,crest_factor,shape_factor,impulse_factor,margin_factor,energia,zero_crossings,mean_abs,peak_to_rms,mediana,amplitude,coeficiente_variacao
0.0082546579568136,0.1549214658278365,0.380910379241517,-0.454493493013972,0.1551412258306266,0.0240006605742455,0.2074399153948266,0.3538687411515879,0.8354038722554891,2.9295468730546146,1.2903107010991697,3.78002567967398,4.532049287532363,2.9123247942197694,56,0.1202355569852031,2.9295468730546146,-0.008771497005988,0.8354038722554891,18.76776319968044
