media,desvio_padrao,maximo,minimo,rms,variancia,skewness,kurtosis,pico_a_pico,crest_factor,shape_factor,impulse_factor,margin_factor,energia,zero_crossings,mean_abs,peak_to_rms,mediana,amplitude,coeficiente_variacao
0.0029184625789742,0.2219816091456296,0.5204421556886227,-0.4996504590818363,0.2220007932929698,0.049275834798883,0.0135041392235245,-0.8024732746710677,1.020092614770459,2.344325657439458,1.2060504276525956,2.8273749617118105,3.2996252213187667,5.963406618947659,59,0.184072562973227,2.344325657439458,-0.0040608782435129,1.020092614770459,76.06114628464658
