media,desvio_padrao,maximo,minimo,rms,variancia,skewness,kurtosis,pico_a_pico,crest_factor,shape_factor,impulse_factor,margin_factor,energia,zero_crossings,mean_abs,peak_to_rms,mediana,amplitude,coeficiente_variacao
0.0040022950819672,0.1239359310283438,0.3224337325349301,-0.3260073053892215,0.1240005377640981,0.0153601149998623,-0.0444977269399925,-0.000744899268481,0.6484410379241516,2.6290797706815296,1.2730387268834171,3.34692036414336,4.080604056230541,1.875888270625835,57,0.0974051575537449,2.6290797706815296,-0.0002436526946107,0.6484410379241516,30.966215256528912
