media,desvio_padrao,maximo,minimo,rms,variancia,skewness,kurtosis,pico_a_pico,crest_factor,shape_factor,impulse_factor,margin_factor,energia,zero_crossings,mean_abs,peak_to_rms,mediana,amplitude,coeficiente_variacao
0.0064627878668891,0.2489647503465631,0.7467142914171657,-0.6448674650698603,0.2490486188320243,0.0619834469151265,0.0653133345724525,0.8499026060677135,1.391581756487026,2.998267145262916,1.3145509418940091,3.941374899855229,4.827836396369313,7.567076174140951,61,0.1894552815680115,2.998267145262916,0.0061725349301397,1.391581756487026,38.522810198070296
