media,desvio_padrao,maximo,minimo,rms,variancia,skewness,kurtosis,pico_a_pico,crest_factor,shape_factor,impulse_factor,margin_factor,energia,zero_crossings,mean_abs,peak_to_rms,mediana,amplitude,coeficiente_variacao
0.0004273907921861,0.1453818305425696,0.3325047105788423,-0.3604435528942115,0.1453824587589496,0.0211358766519084,-0.1188030099609695,-0.3581316447342666,0.6929482634730539,2.479278146559913,1.2336297092734914,3.0585111791488258,3.5705520150030505,2.5785992364053163,56,0.1178493494977258,2.479278146559913,0.0229033532934131,0.6929482634730539,340.1613539658515
