media,desvio_padrao,maximo,minimo,rms,variancia,skewness,kurtosis,pico_a_pico,crest_factor,shape_factor,impulse_factor,margin_factor,energia,zero_crossings,mean_abs,peak_to_rms,mediana,amplitude,coeficiente_variacao
0.0056946266145395,0.1933678132205399,0.4507574850299401,-0.5319750499001996,0.1934516476072836,0.0373911111896936,-0.0511668956735813,-0.3862728983307835,0.9827325349301396,2.7499122208570443,1.2090326350693368,3.3247336185921643,3.818181186727584,4.52824833539869,59,0.1600053149898549,2.7499122208570443,-0.0076344510978043,0.9827325349301396,33.956188229590566
