media,desvio_padrao,maximo,minimo,rms,variancia,skewness,kurtosis,pico_a_pico,crest_factor,shape_factor,impulse_factor,margin_factor,energia,zero_crossings,mean_abs,peak_to_rms,mediana,amplitude,coeficiente_variacao
0.0020942049784728,0.1624817953508218,0.3904940518962076,-0.3674282634730539,0.1624952907468958,0.0264003338204263,-0.0645238444325303,-0.3014187088464961,0.7579223153692616,2.403109961533868,1.246368486799588,2.9951605263699834,3.5540902231195752,3.194971061305104,57,0.1303749994226423,2.403109961533868,0.0190049101796407,0.7579223153692616,77.58638577457276
