media,desvio_padrao,maximo,minimo,rms,variancia,skewness,kurtosis,pico_a_pico,crest_factor,shape_factor,impulse_factor,margin_factor,energia,zero_crossings,mean_abs,peak_to_rms,mediana,amplitude,coeficiente_variacao
0.0043790913255456,0.1507220020122898,0.436950499001996,-0.3667785229540918,0.1507856038600176,0.0227171218905926,-0.0183315996788668,0.0113083893866221,0.8037290219560879,2.897826369469864,1.2444962314941812,3.6063339963297114,4.202284882829694,2.77382839643448,46,0.1211619609960407,2.897826369469864,-0.002842614770459,0.8037290219560879,34.41855645554735
