media,desvio_padrao,maximo,minimo,rms,variancia,skewness,kurtosis,pico_a_pico,crest_factor,shape_factor,impulse_factor,margin_factor,energia,zero_crossings,mean_abs,peak_to_rms,mediana,amplitude,coeficiente_variacao
0.0034393289454149,0.1020776253186772,0.244789740518962,-0.2472262674650698,0.1021355500024111,0.0104198415907002,-0.2508940440928154,-0.4192663449530869,0.4920160079840319,2.420570187943704,1.2265762870534558,2.969013993680274,3.469364735540914,1.2622321394896978,53,0.0832688117978918,2.420570187943704,0.0142942914171656,0.4920160079840319,29.67951799282216
