media,desvio_padrao,maximo,minimo,rms,variancia,skewness,kurtosis,pico_a_pico,crest_factor,shape_factor,impulse_factor,margin_factor,energia,zero_crossings,mean_abs,peak_to_rms,mediana,amplitude,coeficiente_variacao
0.0057617485689777,0.1497488815550458,0.355570499001996,-0.4272043912175648,0.1498596852844662,0.0224247275269871,-0.1758083414983056,-0.3666519653082329,0.7827748902195608,2.850695905350649,1.2291338114684314,3.503886723481094,4.124363903152655,2.71740895810067,59,0.1219230029197802,2.850695905350649,0.0037360079840319,0.7827748902195608,25.990179849450502
