media,desvio_padrao,maximo,minimo,rms,variancia,skewness,kurtosis,pico_a_pico,crest_factor,shape_factor,impulse_factor,margin_factor,energia,zero_crossings,mean_abs,peak_to_rms,mediana,amplitude,coeficiente_variacao
-3.624585539664385e-05,0.1164127744399811,0.2551855888223553,-0.2512871457085828,0.1164127800826694,0.0135519340528139,-0.0150878458261674,-0.6291117662172439,0.5064727345309381,2.192075377300822,1.2186080117743217,2.6712806171920014,3.13852788789225,1.6397841793556918,63,0.0955293079955791,2.192075377300822,0.000649740518962,0.5064727345309381,-3211.754093428301
