media,desvio_padrao,maximo,minimo,rms,variancia,skewness,kurtosis,pico_a_pico,crest_factor,shape_factor,impulse_factor,margin_factor,energia,zero_crossings,mean_abs,peak_to_rms,mediana,amplitude,coeficiente_variacao
-0.0017304039854175,0.188500010091716,0.3973163273453094,-0.3758748902195609,0.1885079523588588,0.035532253804577,0.1365714170135038,-0.6554393459917667,0.7731912175648703,2.1076900065677138,1.2369038037351918,2.6070097862182564,3.134318794862444,4.299765020406103,62,0.1524030824301809,2.1076900065677138,0.0014619161676646,0.7731912175648703,-108.93410537668488
