media,desvio_padrao,maximo,minimo,rms,variancia,skewness,kurtosis,pico_a_pico,crest_factor,shape_factor,impulse_factor,margin_factor,energia,zero_crossings,mean_abs,peak_to_rms,mediana,amplitude,coeficiente_variacao
0.0098226268124907,0.1612467798648546,0.4877926946107784,-0.4957520159680638,0.1615456839853122,0.0260005240167849,-0.0334964240691587,0.925439243541982,0.9835447105788424,3.0688038438287077,1.2888371998424175,3.955188552945839,4.748443850542676,3.1577379697281667,47,0.1253421952788637,3.0688038438287077,0.0206292614770459,0.9835447105788424,16.415851171278216
