media,desvio_padrao,maximo,minimo,rms,variancia,skewness,kurtosis,pico_a_pico,crest_factor,shape_factor,impulse_factor,margin_factor,energia,zero_crossings,mean_abs,peak_to_rms,mediana,amplitude,coeficiente_variacao
0.0043159416703782,0.1166215365490525,0.2672057884231537,-0.2732158882235529,0.116701371626747,0.013600582787062,-0.0668057091705185,-0.4111100279278563,0.5404216766467066,2.3411540448504384,1.2219380718838715,2.860745259547672,3.3082958395565822,1.6479244268872573,46,0.0955051440919813,2.3411540448504384,0.0037360079840319,0.5404216766467066,27.02111044490362
