media,desvio_padrao,maximo,minimo,rms,variancia,skewness,kurtosis,pico_a_pico,crest_factor,shape_factor,impulse_factor,margin_factor,energia,zero_crossings,mean_abs,peak_to_rms,mediana,amplitude,coeficiente_variacao
0.0023459893328097,0.1207734679601977,0.252261756487026,-0.3013171656686627,0.1207962508900113,0.0145862305631329,-0.2484690179157678,-0.4308728085166828,0.5535789221556886,2.494424814086499,1.2182609095350467,3.0388602427758085,3.5035511802009287,1.7801915759480735,54,0.0991546637871797,2.494424814086499,0.0066598403193612,0.5535789221556886,51.4808257101269
