media,desvio_padrao,maximo,minimo,rms,variancia,skewness,kurtosis,pico_a_pico,crest_factor,shape_factor,impulse_factor,margin_factor,energia,zero_crossings,mean_abs,peak_to_rms,mediana,amplitude,coeficiente_variacao
0.0045415264552861,0.2375937320176865,0.5274268662674652,-0.6127053093812376,0.2376371329498744,0.0564507814940922,-0.081307088284577,-0.1175981305340334,1.1401321756487026,2.57832310033162,1.2816359049954529,3.3044714600641965,3.962282082887739,6.889511648709631,59,0.185417037727823,2.57832310033162,0.0079593213572854,1.1401321756487026,52.3158313304852
