media,desvio_padrao,maximo,minimo,rms,variancia,skewness,kurtosis,pico_a_pico,crest_factor,shape_factor,impulse_factor,margin_factor,energia,zero_crossings,mean_abs,peak_to_rms,mediana,amplitude,coeficiente_variacao
0.0020311103413008,0.096428731971592,0.244464870259481,-0.1835516966067864,0.0964501205746663,0.0092985003496491,0.2676485508957969,-0.2453095800836258,0.4280165668662674,2.534624827868722,1.2816762408816922,3.2485684214281894,3.971924723567429,1.125617716822988,56,0.0752531079988782,2.534624827868722,-0.0048730538922155,0.4280165668662674,47.47587071504546
