media,desvio_padrao,maximo,minimo,rms,variancia,skewness,kurtosis,pico_a_pico,crest_factor,shape_factor,impulse_factor,margin_factor,energia,zero_crossings,mean_abs,peak_to_rms,mediana,amplitude,coeficiente_variacao
-0.0029065236739635,0.1595663036046711,0.4033264271457085,-0.3429005588822355,0.1595927727872581,0.025461405246058,0.0722047561224489,-0.5085799540700742,0.746226986027944,2.5272223804479825,1.211530505660374,3.061807008500358,3.506418390283797,3.1073220813628994,58,0.1317282330421125,2.5272223804479825,0.0123450698602794,0.746226986027944,-54.899364844007934
