media,desvio_padrao,maximo,minimo,rms,variancia,skewness,kurtosis,pico_a_pico,crest_factor,shape_factor,impulse_factor,margin_factor,energia,zero_crossings,mean_abs,peak_to_rms,mediana,amplitude,coeficiente_variacao
0.0056825446627406,0.1090988169054365,0.308301876247505,-0.2751651097804391,0.1092467077948347,0.0119025518501659,0.1550416834636293,-0.0297615053927922,0.5834669860279441,2.822070179235934,1.2607753431697786,3.557996498675384,4.205131940921556,1.4441160228452108,58,0.0866504158624899,2.822070179235934,0.0064974051896207,0.5834669860279441,19.198936986941213
