media,desvio_padrao,maximo,minimo,rms,variancia,skewness,kurtosis,pico_a_pico,crest_factor,shape_factor,impulse_factor,margin_factor,energia,zero_crossings,mean_abs,peak_to_rms,mediana,amplitude,coeficiente_variacao
0.0076091538235005,0.1581051726597311,0.5050108183632734,-0.3679155688622754,0.15828817025815,0.0249972456217634,0.36691858081211,0.2661524386436382,0.8729263872255488,3.190452056775046,1.2816307181353972,4.0889813607011565,4.873069270539155,3.056727670928117,55,0.1235052874578711,3.190452056775046,0.0017055688622754,0.8729263872255488,20.77828577619632
