media,desvio_padrao,maximo,minimo,rms,variancia,skewness,kurtosis,pico_a_pico,crest_factor,shape_factor,impulse_factor,margin_factor,energia,zero_crossings,mean_abs,peak_to_rms,mediana,amplitude,coeficiente_variacao
0.0066866891011365,0.2364488667905937,0.6039338123752496,-0.5550408383233533,0.2365433964787248,0.0559080666065559,0.0713448781388367,0.3071418799957728,1.1589746506986027,2.5531628503083934,1.3193578065824174,3.368535338030595,4.181690519380151,6.770286188540638,51,0.1792867676217812,2.5531628503083934,-0.0042233133732534,1.1589746506986027,35.36112763944765
