media,desvio_padrao,maximo,minimo,rms,variancia,skewness,kurtosis,pico_a_pico,crest_factor,shape_factor,impulse_factor,margin_factor,energia,zero_crossings,mean_abs,peak_to_rms,mediana,amplitude,coeficiente_variacao
0.0006151231962304,0.228310126611876,0.7886225548902196,-0.7182881437125749,0.2283109552563726,0.0521255139135308,0.1568274328706105,2.54149085962802,1.5069106986027945,3.454159937286703,1.444116607971074,4.988209732024052,6.294162112072669,6.359358859389444,62,0.1580973129151533,3.454159937286703,-0.0096648902195608,1.5069106986027945,371.1616274771844
