media,desvio_padrao,maximo,minimo,rms,variancia,skewness,kurtosis,pico_a_pico,crest_factor,shape_factor,impulse_factor,margin_factor,energia,zero_crossings,mean_abs,peak_to_rms,mediana,amplitude,coeficiente_variacao
0.0062324495271751,0.246942606250628,0.530513133732535,-0.7033441117764471,0.2470212424245362,0.0609806507818527,-0.0478666665393254,-0.4450021741968606,1.233857245508982,2.847302138362919,1.2163908345241043,3.4634322242255373,4.008524259193643,7.444378293493305,62,0.2030771980628905,2.847302138362919,-0.013482115768463,1.233857245508982,39.622078794844896
