media,desvio_padrao,maximo,minimo,rms,variancia,skewness,kurtosis,pico_a_pico,crest_factor,shape_factor,impulse_factor,margin_factor,energia,zero_crossings,mean_abs,peak_to_rms,mediana,amplitude,coeficiente_variacao
0.0070558598505468,0.1780469726307775,0.6715068263473054,-0.3565451097804391,0.1781867268379309,0.0317007244629848,0.5111722534781608,0.8243473957993674,1.0280519361277445,3.768556941719188,1.2676302701663205,4.777136854168656,5.649267546157804,3.841811664167065,57,0.1405667969845433,3.768556941719188,0.0040608782435129,1.0280519361277445,25.233915695899
