media,desvio_padrao,maximo,minimo,rms,variancia,skewness,kurtosis,pico_a_pico,crest_factor,shape_factor,impulse_factor,margin_factor,energia,zero_crossings,mean_abs,peak_to_rms,mediana,amplitude,coeficiente_variacao
0.0060020451658666,0.1470613033472051,0.3692150499001996,-0.3066775249500998,0.1471837337763647,0.0216270269421787,0.0778919339227462,-0.4173391736490659,0.6758925748502994,2.508531618454494,1.2472162696383913,3.1286814474387703,3.74372063420498,2.6212292300905684,52,0.1180097929760314,2.508531618454494,0.0126699401197604,0.6758925748502994,24.50186549470451
