media,desvio_padrao,maximo,minimo,rms,variancia,skewness,kurtosis,pico_a_pico,crest_factor,shape_factor,impulse_factor,margin_factor,energia,zero_crossings,mean_abs,peak_to_rms,mediana,amplitude,coeficiente_variacao
0.0078411867174741,0.1730423422555855,0.4215191616766467,-0.428503872255489,0.1732199076966545,0.0299436522132992,0.034870222727795,-0.3426326409411735,0.8500230339321357,2.4737564980457787,1.2349024170880802,3.0548478787240767,3.587376924752692,3.6306215071149377,63,0.1402701179459263,2.4737564980457787,0.0113704590818363,0.8500230339321357,22.068386902451813
