media,desvio_padrao,maximo,minimo,rms,variancia,skewness,kurtosis,pico_a_pico,crest_factor,shape_factor,impulse_factor,margin_factor,energia,zero_crossings,mean_abs,peak_to_rms,mediana,amplitude,coeficiente_variacao
0.0045790597317761,0.1723437458043829,0.3817225548902195,-0.4449098203592814,0.1724045663719872,0.0297023667178857,-0.1226689267700792,-0.3765771726421913,0.8266323752495011,2.580615059808368,1.2258049662277215,3.1633307562351454,3.6723113407330823,3.5965234752154656,52,0.1406460008907804,2.580615059808368,0.0167308183632734,0.8266323752495011,37.6373657256344
