media,desvio_padrao,maximo,minimo,rms,variancia,skewness,kurtosis,pico_a_pico,crest_factor,shape_factor,impulse_factor,margin_factor,energia,zero_crossings,mean_abs,peak_to_rms,mediana,amplitude,coeficiente_variacao
-0.0009652137048217,0.135256152304741,0.4129100998003991,-0.3248702594810379,0.1352595962354585,0.0182942267362833,-0.0010975333877812,-0.1560681408227484,0.7377803592814371,3.05272314344048,1.2227890929354135,3.732836563550528,4.323703595128731,2.2137141632272934,56,0.1106156384751158,3.05272314344048,-0.0027613972055888,0.7377803592814371,-140.13078308882666
