media,desvio_padrao,maximo,minimo,rms,variancia,skewness,kurtosis,pico_a_pico,crest_factor,shape_factor,impulse_factor,margin_factor,energia,zero_crossings,mean_abs,peak_to_rms,mediana,amplitude,coeficiente_variacao
0.0102454951254515,0.2360660718737318,0.6978213173652694,-0.5610509381237525,0.2362882994569548,0.0557271902898939,0.1074153067295453,0.1264780504890437,1.258872255489022,2.953262260420953,1.2545378406382557,3.704979259026956,4.340633870662687,6.755691415691408,59,0.1883468890318536,2.953262260420953,0.0151064670658682,1.258872255489022,23.040962782491903
