media,desvio_padrao,maximo,minimo,rms,variancia,skewness,kurtosis,pico_a_pico,crest_factor,shape_factor,impulse_factor,margin_factor,energia,zero_crossings,mean_abs,peak_to_rms,mediana,amplitude,coeficiente_variacao
0.0059275508000392,0.1231277380881063,0.4392245908183633,-0.3037536926147705,0.1232703360309379,0.0151604398866933,0.0846545662904489,0.8649669377598652,0.7429782834331338,3.5631004583951844,1.2734798939908722,4.537536794035928,5.390853760090296,1.8538602409120029,45,0.0967980229704525,3.5631004583951844,0.0113704590818363,0.7429782834331338,20.77211014155976
