media,desvio_padrao,maximo,minimo,rms,variancia,skewness,kurtosis,pico_a_pico,crest_factor,shape_factor,impulse_factor,margin_factor,energia,zero_crossings,mean_abs,peak_to_rms,mediana,amplitude,coeficiente_variacao
0.0118067517856848,0.2379743187715339,0.4782090219560878,-0.4652142115768463,0.2382670262174445,0.0566317763947756,-0.0106284065860248,-0.7862725277824691,0.943423233532934,2.0070297999173,1.2129887093603258,2.434504486649399,2.850921383467913,6.869312269683032,53,0.1964297147853054,2.0070297999173,0.0129948103792415,0.943423233532934,20.15578230924337
