media,desvio_padrao,maximo,minimo,rms,variancia,skewness,kurtosis,pico_a_pico,crest_factor,shape_factor,impulse_factor,margin_factor,energia,zero_crossings,mean_abs,peak_to_rms,mediana,amplitude,coeficiente_variacao
0.0045884568053974,0.118885271595282,0.2706169261477045,-0.2821498203592814,0.1189737859284092,0.0141337078022839,0.0144184256959831,-0.1637798952892284,0.552766746506986,2.371529309230026,1.276540354419582,3.027352864920923,3.6834072168858665,1.7127261703148144,45,0.0932001761765724,2.371529309230026,0.0008121756487025,0.552766746506986,25.90964165892017
