media,desvio_padrao,maximo,minimo,rms,variancia,skewness,kurtosis,pico_a_pico,crest_factor,shape_factor,impulse_factor,margin_factor,energia,zero_crossings,mean_abs,peak_to_rms,mediana,amplitude,coeficiente_variacao
0.0108979205225911,0.2155851924923323,0.4949398403193613,-0.4985134131736527,0.2158604639429664,0.0464769752219559,0.0179272121417679,-0.4878575001256049,0.993453253493014,2.309424357141044,1.2127950045729008,2.8008583237796407,3.2182812387231574,5.638084527134397,65,0.1779859441447683,2.309424357141044,0.0268017964071856,0.993453253493014,19.782232036417263
