media,desvio_padrao,maximo,minimo,rms,variancia,skewness,kurtosis,pico_a_pico,crest_factor,shape_factor,impulse_factor,margin_factor,energia,zero_crossings,mean_abs,peak_to_rms,mediana,amplitude,coeficiente_variacao
0.0021331357120469,0.2428400757701315,0.5883400399201597,-0.4980261077844311,0.2428494444465732,0.0589713024000432,0.069685868705128,-0.6249700342542597,1.0863661477045907,2.422653431474472,1.2354560266842851,2.9930817824825,3.590996831192012,7.13607817282912,62,0.1965666435723594,2.422653431474472,0.0001624351297405,1.0863661477045907,113.84183125278018
