media,desvio_padrao,maximo,minimo,rms,variancia,skewness,kurtosis,pico_a_pico,crest_factor,shape_factor,impulse_factor,margin_factor,energia,zero_crossings,mean_abs,peak_to_rms,mediana,amplitude,coeficiente_variacao
0.0067779749591725,0.223642453865551,0.4262297804391217,-0.4525442714570858,0.2237451409875805,0.0500159471710051,-0.0218970485078493,-0.941021859365032,0.8787740518962076,2.0225881530191767,1.1794929436312305,2.385628454358242,2.7129691972982477,6.05748846198183,58,0.189696040316062,2.0225881530191767,0.0287510179640718,0.8787740518962076,32.995467704243744
