media,desvio_padrao,maximo,minimo,rms,variancia,skewness,kurtosis,pico_a_pico,crest_factor,shape_factor,impulse_factor,margin_factor,energia,zero_crossings,mean_abs,peak_to_rms,mediana,amplitude,coeficiente_variacao
0.0053523046469045,0.2504948106032424,0.5701473053892215,-0.5373354091816367,0.2505519852329803,0.0627476501391543,0.0213955217739267,-0.4111816446817871,1.107482714570858,2.27556490865183,1.225463848463037,2.7886225303839107,3.2248878770637748,7.5959319738066995,63,0.2044548156579403,2.27556490865183,0.0191673453093812,1.107482714570858,46.80129909049816
