media,desvio_padrao,maximo,minimo,rms,variancia,skewness,kurtosis,pico_a_pico,crest_factor,shape_factor,impulse_factor,margin_factor,energia,zero_crossings,mean_abs,peak_to_rms,mediana,amplitude,coeficiente_variacao
0.0017330888635951,0.117338898685512,0.2827995608782435,-0.2693174451097804,0.117351696799569,0.0137684171447288,-0.2001402769127666,-0.2889157405388456,0.552117005988024,2.4098463728330355,1.2553568717477104,3.0252172039922454,3.6009074644140098,1.6663419097502956,52,0.0934807459461242,2.4098463728330355,-0.0004873053892215,0.552117005988024,67.70506761096136
