media,desvio_padrao,maximo,minimo,rms,variancia,skewness,kurtosis,pico_a_pico,crest_factor,shape_factor,impulse_factor,margin_factor,energia,zero_crossings,mean_abs,peak_to_rms,mediana,amplitude,coeficiente_variacao
0.0103812025130067,0.1273208166989313,0.282961996007984,-0.2959568063872255,0.1277433353662684,0.0162105903648828,-0.0228101147366372,-0.6611289610585009,0.5789188023952095,2.316808196205711,1.2293744045390538,2.848224696641595,3.393713587255089,1.9908398871208688,64,0.1039092199208141,2.316808196205711,0.0089339321357285,0.5789188023952095,12.26455379705858
