media,desvio_padrao,maximo,minimo,rms,variancia,skewness,kurtosis,pico_a_pico,crest_factor,shape_factor,impulse_factor,margin_factor,energia,zero_crossings,mean_abs,peak_to_rms,mediana,amplitude,coeficiente_variacao
0.0036232431005757,0.1695595409831941,0.449782874251497,-0.4205445508982036,0.1695982483075735,0.0287504379384314,-0.0086433342916255,-0.4645257475771926,0.8703274251497006,2.652049055576311,1.2112858070164532,3.212389380530974,3.736035116927293,3.480391465308682,57,0.140015054519061,2.652049055576311,0.0001624351297405,0.8703274251497006,46.79772686415995
