media,desvio_padrao,maximo,minimo,rms,variancia,skewness,kurtosis,pico_a_pico,crest_factor,shape_factor,impulse_factor,margin_factor,energia,zero_crossings,mean_abs,peak_to_rms,mediana,amplitude,coeficiente_variacao
0.0028466090769281,0.0924256782393544,0.2067799201596806,-0.1921607584830339,0.0924695040607525,0.0085425059980046,0.0805193306373937,-0.6806061913058628,0.3989406786427146,2.236195838401231,1.223762746277968,2.7365731604172545,3.2292374852975607,1.0431743201114674,49,0.0755616269101142,2.236195838401231,0.0071471457085828,0.3989406786427146,32.46869371297539
