media,desvio_padrao,maximo,minimo,rms,variancia,skewness,kurtosis,pico_a_pico,crest_factor,shape_factor,impulse_factor,margin_factor,energia,zero_crossings,mean_abs,peak_to_rms,mediana,amplitude,coeficiente_variacao
0.0013647213769182,0.2104952535719657,0.5162188423153692,-0.5927257884231536,0.210499677531256,0.0443082517763261,-0.0057088408631925,-0.0487266482502808,1.108944630738523,2.8158037835242897,1.2615788082238,3.5523583814106403,4.295057064392143,5.405833937373057,62,0.1668541641307548,2.8158037835242897,0.0022740918163672,1.108944630738523,154.24046045742242
