media,desvio_padrao,maximo,minimo,rms,variancia,skewness,kurtosis,pico_a_pico,crest_factor,shape_factor,impulse_factor,margin_factor,energia,zero_crossings,mean_abs,peak_to_rms,mediana,amplitude,coeficiente_variacao
0.0022042849837515,0.1512852049754929,0.4064126946107784,-0.3697023552894212,0.1513012627732052,0.0228872132444769,0.2803709597254966,0.1328657090764946,0.7761150499001996,2.6861156817968888,1.2758234150309575,3.427009282318316,4.093377450321869,2.769940726128747,54,0.1185910691014665,2.6861156817968888,-0.0060100998003992,0.7761150499001996,68.63232571589649
