media,desvio_padrao,maximo,minimo,rms,variancia,skewness,kurtosis,pico_a_pico,crest_factor,shape_factor,impulse_factor,margin_factor,energia,zero_crossings,mean_abs,peak_to_rms,mediana,amplitude,coeficiente_variacao
0.0108106619818214,0.1394403425628231,0.2988806387225549,-0.458229500998004,0.1398587843023192,0.0194436091340374,-0.4707276627710172,0.7278577560678023,0.7571101397205589,3.27637268752096,1.2823577701749822,4.2014819738315925,4.997550523183256,2.366818025129243,54,0.1090637788885039,3.27637268752096,0.0147815968063872,0.7571101397205589,12.898409255353386
