media,desvio_padrao,maximo,minimo,rms,variancia,skewness,kurtosis,pico_a_pico,crest_factor,shape_factor,impulse_factor,margin_factor,energia,zero_crossings,mean_abs,peak_to_rms,mediana,amplitude,coeficiente_variacao
0.0068222754491017,0.1330813557047588,0.2909213173652694,-0.3651541716566866,0.1332561093478267,0.0177106472362165,-0.1074385643614521,-0.6674652350945345,0.656075489021956,2.7402433812888582,1.1837456536414772,3.243751192520512,3.6591606461832056,2.1486200721009148,49,0.1125715722274459,2.7402433812888582,0.0089339321357285,0.656075489021956,19.50688691736713
