media,desvio_padrao,maximo,minimo,rms,variancia,skewness,kurtosis,pico_a_pico,crest_factor,shape_factor,impulse_factor,margin_factor,energia,zero_crossings,mean_abs,peak_to_rms,mediana,amplitude,coeficiente_variacao
0.0058436703641896,0.2231077247696607,0.5469190818363273,-0.5839542914171657,0.2231842407859927,0.0497770568518946,0.0819551109285049,-0.4255331789976426,1.130873373253493,2.616467405407485,1.2211375866134924,3.195066692892162,3.697364266234616,6.076967050896838,60,0.182767481103367,2.616467405407485,0.0045481836327345,1.130873373253493,38.17938228290179
