media,desvio_padrao,maximo,minimo,rms,variancia,skewness,kurtosis,pico_a_pico,crest_factor,shape_factor,impulse_factor,margin_factor,energia,zero_crossings,mean_abs,peak_to_rms,mediana,amplitude,coeficiente_variacao
0.003102376734135,0.2333824160126425,0.6105936526946107,-0.6172534930139721,0.2334030352101245,0.0544673521038981,-0.0216649401972869,-0.1696887842482062,1.2278471457085829,2.644582117187467,1.251393782637358,3.309413619122337,3.959548529204628,6.591714198281137,60,0.1865144596756899,2.644582117187467,0.0040608782435129,1.2278471457085829,75.22697467550186
