media,desvio_padrao,maximo,minimo,rms,variancia,skewness,kurtosis,pico_a_pico,crest_factor,shape_factor,impulse_factor,margin_factor,energia,zero_crossings,mean_abs,peak_to_rms,mediana,amplitude,coeficiente_variacao
0.0030103756421583,0.1236238550576448,0.312687624750499,-0.2460892215568862,0.1236605025900366,0.0152828575393135,0.1381961995528579,-0.4973150956356251,0.5587768463073852,2.528597395298733,1.1992714479077706,3.032474659435729,3.453131766205902,1.8656142279000976,53,0.1031130214979876,2.528597395298733,-0.0004873053892215,0.5587768463073852,41.06592324438686
