media,desvio_padrao,maximo,minimo,rms,variancia,skewness,kurtosis,pico_a_pico,crest_factor,shape_factor,impulse_factor,margin_factor,energia,zero_crossings,mean_abs,peak_to_rms,mediana,amplitude,coeficiente_variacao
-0.004068866856451,0.1026027162519932,0.2121402794411177,-0.2915710578842315,0.1026833631109858,0.010527317382287,-0.1442244201023128,-0.1173163009421318,0.5037113373253492,2.839516052557466,1.254388225491952,3.5618555024234726,4.196357200963632,1.2863525132934737,49,0.0818593167762835,2.839516052557466,-0.0030050499001996,0.5037113373253492,-25.21653321964092
