media,desvio_padrao,maximo,minimo,rms,variancia,skewness,kurtosis,pico_a_pico,crest_factor,shape_factor,impulse_factor,margin_factor,energia,zero_crossings,mean_abs,peak_to_rms,mediana,amplitude,coeficiente_variacao
0.0033605431759431,0.1357047481702417,0.3167485029940119,-0.3011547305389221,0.1357463514293703,0.0184157786759487,0.1135545295926941,-0.4825143571121706,0.6179032335329341,2.333385020361437,1.2207534231544184,2.848487751143466,3.31450418951482,2.248102775019105,55,0.1111988292267923,2.333385020361437,-0.0039796606786427,0.6179032335329341,40.38178980758187
