media,desvio_padrao,maximo,minimo,rms,variancia,skewness,kurtosis,pico_a_pico,crest_factor,shape_factor,impulse_factor,margin_factor,energia,zero_crossings,mean_abs,peak_to_rms,mediana,amplitude,coeficiente_variacao
0.0016230198619155,0.1688891034212072,0.3633673852295409,-0.3982909381237525,0.1688969018303515,0.0285235292544192,-0.0990006378855801,-0.6272024406672525,0.7616583233532934,2.35818972288678,1.204970193125455,2.841548325813347,3.2730615459509056,3.480191940642753,57,0.1401668711756813,2.35818972288678,0.0074720159680638,0.7616583233532934,104.05855614230212
