media,desvio_padrao,maximo,minimo,rms,variancia,skewness,kurtosis,pico_a_pico,crest_factor,shape_factor,impulse_factor,margin_factor,energia,zero_crossings,mean_abs,peak_to_rms,mediana,amplitude,coeficiente_variacao
0.0039494557991455,0.1305485655511465,0.2918959281437125,-0.3617430339321357,0.1306082928782526,0.017042927967462,-0.1947309763395061,-0.3433523672660303,0.6536389620758483,2.769678907520343,1.238596858952727,3.4305155951623174,4.065881039795714,2.0640816663971413,56,0.1054485904224608,2.769678907520343,-0.0024365269461077,0.6536389620758483,33.054823801140294
