media,desvio_padrao,maximo,minimo,rms,variancia,skewness,kurtosis,pico_a_pico,crest_factor,shape_factor,impulse_factor,margin_factor,energia,zero_crossings,mean_abs,peak_to_rms,mediana,amplitude,coeficiente_variacao
0.0002523785486877,0.1020394703281126,0.3053780439121756,-0.2477135728542914,0.1020397824369182,0.0104120535048417,0.0052054731110154,0.1260354596877642,0.5530916167664671,2.9927351530856363,1.263896499040623,3.782507482540739,4.459561936527648,1.2598661811726073,61,0.0807342867983042,2.9927351530856363,0.0027613972055888,0.5530916167664671,404.3111859493253
