media,desvio_padrao,maximo,minimo,rms,variancia,skewness,kurtosis,pico_a_pico,crest_factor,shape_factor,impulse_factor,margin_factor,energia,zero_crossings,mean_abs,peak_to_rms,mediana,amplitude,coeficiente_variacao
-0.0001451264683747,0.1968828290234265,0.5233659880239522,-0.505498123752495,0.1968828825113032,0.0387628483642678,0.0079184969069441,-0.3001770540291271,1.0288641117764472,2.658260491456921,1.2284535672380903,3.265549583378333,3.8289423058069865,4.729070069967076,60,0.1602688841988154,2.658260491456921,-0.015350119760479,1.0288641117764472,-1356.6293676702808
