media,desvio_padrao,maximo,minimo,rms,variancia,skewness,kurtosis,pico_a_pico,crest_factor,shape_factor,impulse_factor,margin_factor,energia,zero_crossings,mean_abs,peak_to_rms,mediana,amplitude,coeficiente_variacao
0.0001624351297405,0.1165037022092553,0.2720788423153693,-0.3372153293413173,0.1165038154466805,0.0135731126284628,0.0410130823473086,-0.1382585033346721,0.6092941716566866,2.8944573879269053,1.2527271407491425,3.625965327597904,4.282005991219323,1.6423498206497391,63,0.0930001527523465,2.8944573879269053,-0.0071471457085828,0.6092941716566866,717.232179980788
