media,desvio_padrao,maximo,minimo,rms,variancia,skewness,kurtosis,pico_a_pico,crest_factor,shape_factor,impulse_factor,margin_factor,energia,zero_crossings,mean_abs,peak_to_rms,mediana,amplitude,coeficiente_variacao
0.0070115593606176,0.2645155880882455,0.7675059880239521,-0.7470391616766467,0.2646085000644118,0.0699684963416703,0.0329232024858883,-0.0830425941324697,1.5145451497005988,2.9005341394442103,1.2418505621316434,3.6020299515508154,4.244026801028804,8.472136655066878,56,0.2130759594859866,2.9005341394442103,-0.0008121756487025,1.5145451497005988,37.72564339595721
