media,desvio_padrao,maximo,minimo,rms,variancia,skewness,kurtosis,pico_a_pico,crest_factor,shape_factor,impulse_factor,margin_factor,energia,zero_crossings,mean_abs,peak_to_rms,mediana,amplitude,coeficiente_variacao
0.0108432106279244,0.1386978398053697,0.3188601596806387,-0.325844870259481,0.1391210479524847,0.019237090766676,0.0833317700068202,-0.5214054534153822,0.6447050299401198,2.342168026011203,1.2180536526176042,2.852886319127109,3.3297367033355663,2.3612692499745003,59,0.114215862046399,2.342168026011203,-0.0033299201596806,0.6447050299401198,12.79121512665093
