media,desvio_padrao,maximo,minimo,rms,variancia,skewness,kurtosis,pico_a_pico,crest_factor,shape_factor,impulse_factor,margin_factor,energia,zero_crossings,mean_abs,peak_to_rms,mediana,amplitude,coeficiente_variacao
0.0028607376981574,0.2402399547328412,0.5565027544910179,-0.6825524151696606,0.24025698672508,0.0577152358500376,-0.1155201855905776,-0.0924204799872114,1.2390551696606784,2.8409263949967376,1.248059567247808,3.5456453671225034,4.151584652071308,6.984533780096048,65,0.1925044228897577,2.8409263949967376,0.0113704590818363,1.2390551696606784,83.97832310441433
