media,desvio_padrao,maximo,minimo,rms,variancia,skewness,kurtosis,pico_a_pico,crest_factor,shape_factor,impulse_factor,margin_factor,energia,zero_crossings,mean_abs,peak_to_rms,mediana,amplitude,coeficiente_variacao
-0.0025097558980399,0.1843108970936617,0.4769095409181637,-0.6021470259481038,0.1843279839366179,0.0339705067874703,-0.2922720628049925,0.4878642869392751,1.0790565668662675,3.266715194775606,1.2940658365733422,4.227344531374143,5.093973761205038,4.145170290780848,56,0.1424409629920487,3.266715194775606,0.0130760279441117,1.0790565668662675,-73.43777824672155
