media,desvio_padrao,maximo,minimo,rms,variancia,skewness,kurtosis,pico_a_pico,crest_factor,shape_factor,impulse_factor,margin_factor,energia,zero_crossings,mean_abs,peak_to_rms,mediana,amplitude,coeficiente_variacao
0.0009705834611768,0.1584843056045804,0.462940119760479,-0.3677531337325349,0.1584872775815811,0.025117275122966,0.3268138015860614,0.6841338237301837,0.830693253493014,2.9209923144914973,1.3044782446111742,3.810370926930599,4.656237252744846,3.0393042757817588,53,0.1214947648504643,2.9209923144914973,0.0022740918163672,0.830693253493014,163.2876634971919
