media,desvio_padrao,maximo,minimo,rms,variancia,skewness,kurtosis,pico_a_pico,crest_factor,shape_factor,impulse_factor,margin_factor,energia,zero_crossings,mean_abs,peak_to_rms,mediana,amplitude,coeficiente_variacao
0.0067739476419062,0.1006147334353453,0.2382923353293413,-0.2633073453093812,0.1008425056755378,0.0101233245842655,-0.0049290171493515,-0.0046848253606412,0.5015996806387225,2.611074998042752,1.267486733059657,3.3095029190429583,3.92592085823356,1.230474525061427,39,0.0795609950347239,2.611074998042752,0.0058476646706586,0.5015996806387225,14.853190304115062
