media,desvio_padrao,maximo,minimo,rms,variancia,skewness,kurtosis,pico_a_pico,crest_factor,shape_factor,impulse_factor,margin_factor,energia,zero_crossings,mean_abs,peak_to_rms,mediana,amplitude,coeficiente_variacao
-0.0009293419717941,0.1280030712251147,0.2670433532934131,-0.3786362874251497,0.1280064448360407,0.0163847862430617,-0.2603748609214258,-0.3268826466298002,0.6456796407185629,2.957947062041544,1.213695559310829,3.590047213876335,4.140061473009754,1.999049290186605,49,0.1054683308792251,2.957947062041544,-0.0034111377245508,0.6456796407185629,-137.73516650496407
