media,desvio_padrao,maximo,minimo,rms,variancia,skewness,kurtosis,pico_a_pico,crest_factor,shape_factor,impulse_factor,margin_factor,energia,zero_crossings,mean_abs,peak_to_rms,mediana,amplitude,coeficiente_variacao
0.0065497603140825,0.1457213695541979,0.359631377245509,-0.3141495409181636,0.1458684918168521,0.0212347175447511,-0.0108228102287777,-0.4804166603386033,0.6737809181636727,2.465449342528685,1.2145453540890925,2.994400044710222,3.4642014113609094,2.5745916454956896,57,0.1201013130763266,2.465449342528685,0.0055227944111776,0.6737809181636727,22.248351476447727
