media,desvio_padrao,maximo,minimo,rms,variancia,skewness,kurtosis,pico_a_pico,crest_factor,shape_factor,impulse_factor,margin_factor,energia,zero_crossings,mean_abs,peak_to_rms,mediana,amplitude,coeficiente_variacao
0.0018042381352996,0.2965243164813574,0.625700119760479,-0.6752428343313374,0.296529805483336,0.0879266702647362,0.0716132996303656,-0.5960192804480853,1.3009429540918165,2.2771499587729767,1.2077423771981737,2.7502105044451977,3.1635913356224767,10.639520990338196,63,0.2455240547005163,2.2771499587729767,0.0066598403193612,1.3009429540918165,164.34876897894162
