media,desvio_padrao,maximo,minimo,rms,variancia,skewness,kurtosis,pico_a_pico,crest_factor,shape_factor,impulse_factor,margin_factor,energia,zero_crossings,mean_abs,peak_to_rms,mediana,amplitude,coeficiente_variacao
0.0036970772504577,0.2045230218499507,0.432239880239521,-0.621314371257485,0.2045564343813982,0.0418296664666354,-0.0333294959434401,-0.4379342397146821,1.053554251497006,3.037373882353835,1.2091277481967295,3.672573042802051,4.268544577384713,5.0630435164665855,58,0.1691768588442948,3.037373882353835,-0.0048730538922155,1.053554251497006,55.32019159854649
