media,desvio_padrao,maximo,minimo,rms,variancia,skewness,kurtosis,pico_a_pico,crest_factor,shape_factor,impulse_factor,margin_factor,energia,zero_crossings,mean_abs,peak_to_rms,mediana,amplitude,coeficiente_variacao
0.0081700842942214,0.2344118680645085,0.569335129740519,-0.6195275848303393,0.2345542030466886,0.0549489238894925,-0.0267567942823831,-0.1995856227186325,1.1888627145708583,2.6412981595858285,1.2543427396934683,3.313093169842205,3.93062207442935,6.656896574190934,60,0.1869937104303788,2.6412981595858285,-0.0173805588822355,1.1888627145708583,28.691487091547263
