media,desvio_padrao,maximo,minimo,rms,variancia,skewness,kurtosis,pico_a_pico,crest_factor,shape_factor,impulse_factor,margin_factor,energia,zero_crossings,mean_abs,peak_to_rms,mediana,amplitude,coeficiente_variacao
0.004118129969569,0.1673562789274091,0.3848088223552894,-0.3466365668662675,0.1674069385983598,0.0280081240964287,0.0126155824937818,-0.2931445513872175,0.7314453892215569,2.298643207845267,1.2664729882359589,2.9111695323280857,3.5030702806262406,3.419060137086751,60,0.1321835839795818,2.298643207845267,0.0012182634730538,0.7314453892215569,40.63890167723918
