media,desvio_padrao,maximo,minimo,rms,variancia,skewness,kurtosis,pico_a_pico,crest_factor,shape_factor,impulse_factor,margin_factor,energia,zero_crossings,mean_abs,peak_to_rms,mediana,amplitude,coeficiente_variacao
-0.002229791326438,0.1167196490276327,0.2642819560878243,-0.2587591616766467,0.1167409458523153,0.0136234764691337,-0.0345228315661222,-0.7667706785050608,0.523041117764471,2.2638325752659028,1.192352153256118,2.6992856457296424,3.113905677646466,1.64904226105768,49,0.09790811006087,2.2638325752659028,-0.0081217564870259,0.523041117764471,-52.3455480536315
