media,desvio_padrao,maximo,minimo,rms,variancia,skewness,kurtosis,pico_a_pico,crest_factor,shape_factor,impulse_factor,margin_factor,energia,zero_crossings,mean_abs,peak_to_rms,mediana,amplitude,coeficiente_variacao
-0.0031802382012833,0.2453259331586343,0.582492375249501,-0.58216750499002,0.2453465455130184,0.0601848134801547,0.0510455527684413,-0.4181703375884726,1.1646598802395212,2.3741617149388112,1.2172513613162603,2.889951579494216,3.318491382196336,7.283586214815768,63,0.2015578321043862,2.3741617149388112,-0.017867864271457,1.1646598802395212,-77.14074155188547
