media,desvio_padrao,maximo,minimo,rms,variancia,skewness,kurtosis,pico_a_pico,crest_factor,shape_factor,impulse_factor,margin_factor,energia,zero_crossings,mean_abs,peak_to_rms,mediana,amplitude,coeficiente_variacao
0.0048972177958133,0.1911092164673209,0.4293160479041916,-0.5175183233532934,0.1911719523384457,0.0365227326187533,-0.126630428805103,-0.1883352522208312,0.9468343712574848,2.707082901141757,1.244311078505994,3.3684532443248343,3.937406747499702,4.42215255866805,58,0.1536367839527556,2.707082901141757,0.0207916966067864,0.9468343712574848,39.02403863489626
