media,desvio_padrao,maximo,minimo,rms,variancia,skewness,kurtosis,pico_a_pico,crest_factor,shape_factor,impulse_factor,margin_factor,energia,zero_crossings,mean_abs,peak_to_rms,mediana,amplitude,coeficiente_variacao
0.011320788835552,0.1313613252737138,0.3031039520958083,-0.2767894610778443,0.1318482386591706,0.0172557977776664,-0.1312004473156607,-0.5245307555638195,0.5798934131736526,2.2988851059234543,1.2279845800680411,2.822995461422088,3.317693079788546,2.1034589225406,62,0.107369620758483,2.2988851059234543,0.0207916966067864,0.5798934131736526,11.603548761653787
