media,desvio_padrao,maximo,minimo,rms,variancia,skewness,kurtosis,pico_a_pico,crest_factor,shape_factor,impulse_factor,margin_factor,energia,zero_crossings,mean_abs,peak_to_rms,mediana,amplitude,coeficiente_variacao
0.0075633018260998,0.1201323229871643,0.2946573253493014,-0.2857233932135729,0.1203701730529829,0.0144317750262923,-0.0986142185192178,-0.6478283950858539,0.5803807185628742,2.4479264079781884,1.1903945253294297,2.913998194466571,3.330439380117272,1.7531664058574112,64,0.1011178819221062,2.4479264079781884,0.0058476646706586,0.5803807185628742,15.883581767503308
