media,desvio_padrao,maximo,minimo,rms,variancia,skewness,kurtosis,pico_a_pico,crest_factor,shape_factor,impulse_factor,margin_factor,energia,zero_crossings,mean_abs,peak_to_rms,mediana,amplitude,coeficiente_variacao
-0.0023855142607347,0.1948400818573193,0.4949398403193613,-0.5110209181636727,0.1948546847690737,0.0379626574981669,0.1317790849689064,-0.3628194576749286,1.005960758483034,2.622574452183657,1.2005669105419965,3.1485761077245016,3.584494268065072,4.594170129351065,57,0.1623022282707313,2.622574452183657,-0.0084466267465069,1.005960758483034,-81.67634336309081
