media,desvio_padrao,maximo,minimo,rms,variancia,skewness,kurtosis,pico_a_pico,crest_factor,shape_factor,impulse_factor,margin_factor,energia,zero_crossings,mean_abs,peak_to_rms,mediana,amplitude,coeficiente_variacao
0.0027184391547483,0.1533391873459024,0.5595890219560878,-0.3609308582834331,0.1533632820701873,0.0235129063759017,0.2588243999698411,0.5007005871000594,0.9205198802395208,3.6487809494060617,1.260882566736546,4.600684288946527,5.479373796886314,2.8459558507681217,62,0.1216316936375183,3.6487809494060617,0.0011370459081836,0.9205198802395208,56.40706987245295
