media,desvio_padrao,maximo,minimo,rms,variancia,skewness,kurtosis,pico_a_pico,crest_factor,shape_factor,impulse_factor,margin_factor,energia,zero_crossings,mean_abs,peak_to_rms,mediana,amplitude,coeficiente_variacao
0.0063322851817027,0.1346425888120113,0.3300681836327345,-0.2410537325349301,0.1347914112902701,0.0181286267220003,0.2915427524984466,-0.4819375901709679,0.5711219161676647,2.44873304962985,1.2402920329989031,3.0371440923970106,3.614040282021804,2.1984156714723544,54,0.1086771564309397,2.44873304962985,-0.0030862674650698,0.5711219161676647,21.262875083558185
