media,desvio_padrao,maximo,minimo,rms,variancia,skewness,kurtosis,pico_a_pico,crest_factor,shape_factor,impulse_factor,margin_factor,energia,zero_crossings,mean_abs,peak_to_rms,mediana,amplitude,coeficiente_variacao
0.0160851051615776,0.2040324785663354,0.5017621157684631,-0.5085843912175648,0.2046655391559144,0.0416292523099221,-0.1102640836842444,-0.2987118595400311,1.010346506986028,2.4849537118709795,1.252324384930296,3.11196812879908,3.685486645677053,5.068445933075718,60,0.1634285346662047,2.4849537118709795,0.0297256287425149,1.010346506986028,12.684559815854094
