media,desvio_padrao,maximo,minimo,rms,variancia,skewness,kurtosis,pico_a_pico,crest_factor,shape_factor,impulse_factor,margin_factor,energia,zero_crossings,mean_abs,peak_to_rms,mediana,amplitude,coeficiente_variacao
-0.0017075825209085,0.1692318738804597,0.4229810778443114,-0.4622903792415169,0.1692404885810648,0.0286394271370918,-0.0556254474941484,0.026240272007298,0.8852714570858283,2.731558997007289,1.2619054152237723,3.446969090326714,4.058959284902564,3.465723499994062,56,0.1341150347239405,2.731558997007289,0.0126699401197604,0.8852714570858283,-99.1061174545242
