media,desvio_padrao,maximo,minimo,rms,variancia,skewness,kurtosis,pico_a_pico,crest_factor,shape_factor,impulse_factor,margin_factor,energia,zero_crossings,mean_abs,peak_to_rms,mediana,amplitude,coeficiente_variacao
0.0044381036274558,0.1553275054294647,0.4647269061876247,-0.359631377245509,0.1553908964732117,0.0241266339429403,0.0936906579185363,-0.0725276515071726,0.8243582834331338,2.9906958305484785,1.2323289767928458,3.6855211327584367,4.276502766519648,2.9217060155165595,54,0.1260953036076607,2.9906958305484785,0.0165683832335329,0.8243582834331338,34.99862068757218
