media,desvio_padrao,maximo,minimo,rms,variancia,skewness,kurtosis,pico_a_pico,crest_factor,shape_factor,impulse_factor,margin_factor,energia,zero_crossings,mean_abs,peak_to_rms,mediana,amplitude,coeficiente_variacao
-0.0008712429686082,0.1444288797411932,0.3157738922155688,-0.355895369261477,0.1444315075307545,0.020859701303296,-0.1478975762654221,-0.3610058671064311,0.6716692614770459,2.4641117118139504,1.2473927511584275,3.0737150873613057,3.648590270061711,2.5241157044803755,55,0.1157867138450371,2.4641117118139504,-0.0042233133732534,0.6716692614770459,-165.77336626533767
