media,desvio_padrao,maximo,minimo,rms,variancia,skewness,kurtosis,pico_a_pico,crest_factor,shape_factor,impulse_factor,margin_factor,energia,zero_crossings,mean_abs,peak_to_rms,mediana,amplitude,coeficiente_variacao
0.0005920156381451,0.1069678725521109,0.2696423153692615,-0.3251951297405189,0.1069695108002297,0.0114421257583246,-0.381428120921867,-0.0093660008592855,0.5948374451097804,3.040073076035985,1.2172212240304283,3.700441470754472,4.272578726524791,1.384539625141696,61,0.0878800900677982,3.040073076035985,0.0107207185628742,0.5948374451097804,180.6842009904404
