media,desvio_padrao,maximo,minimo,rms,variancia,skewness,kurtosis,pico_a_pico,crest_factor,shape_factor,impulse_factor,margin_factor,energia,zero_crossings,mean_abs,peak_to_rms,mediana,amplitude,coeficiente_variacao
0.0052073212253179,0.1956270302339076,0.5097214371257485,-0.6211519361277446,0.195696323809319,0.0382699349581382,-0.1755754739970972,0.3239152785894066,1.130873373253493,3.1740603197685893,1.269820713300433,4.030487539307149,4.8317552118110125,4.633943189450303,64,0.154113349829267,3.1740603197685893,0.0038984431137724,1.130873373253493,37.567690136489055
