media,desvio_padrao,maximo,minimo,rms,variancia,skewness,kurtosis,pico_a_pico,crest_factor,shape_factor,impulse_factor,margin_factor,energia,zero_crossings,mean_abs,peak_to_rms,mediana,amplitude,coeficiente_variacao
0.0041226304415961,0.1878832405279688,0.5751827944111777,-0.5584519760479042,0.1879284655209225,0.0353001120712905,0.1027144124926252,1.464760003450592,1.133634770459082,3.060647533181402,1.3555364034135282,4.148819149245205,5.114781772890513,4.273370086518876,55,0.1386377120139885,3.060647533181402,-0.008771497005988,1.133634770459082,45.5736314932043
