media,desvio_padrao,maximo,minimo,rms,variancia,skewness,kurtosis,pico_a_pico,crest_factor,shape_factor,impulse_factor,margin_factor,energia,zero_crossings,mean_abs,peak_to_rms,mediana,amplitude,coeficiente_variacao
0.0087057174906385,0.2513921169933668,0.6148169660678643,-0.5617006786427146,0.2515428114723882,0.0631979964864066,0.0307913409523224,-0.5435930893821959,1.1765176447105787,2.44418420255811,1.2174560856640575,2.9756869318883234,3.461485892599267,7.656128106415445,63,0.2066134577126738,2.44418420255811,0.0045481836327345,1.1765176447105787,28.87666838071577
