media,desvio_padrao,maximo,minimo,rms,variancia,skewness,kurtosis,pico_a_pico,crest_factor,shape_factor,impulse_factor,margin_factor,energia,zero_crossings,mean_abs,peak_to_rms,mediana,amplitude,coeficiente_variacao
0.0015787083683871,0.099387126954476,0.1991454690618762,-0.2540485429141716,0.0993996646089792,0.0098778010042651,-0.2655798196138843,-0.2739457971524341,0.4531940119760479,2.555828975012681,1.2346029614104448,3.155434021409277,3.667601730974226,1.1955154922496851,45,0.0805114419095693,2.555828975012681,0.0112080239520958,0.4531940119760479,62.9547096504023
