media,desvio_padrao,maximo,minimo,rms,variancia,skewness,kurtosis,pico_a_pico,crest_factor,shape_factor,impulse_factor,margin_factor,energia,zero_crossings,mean_abs,peak_to_rms,mediana,amplitude,coeficiente_variacao
0.005623983508393,0.143951510603712,0.4246054291417165,-0.3880575249500997,0.1440613292858055,0.0207220374050906,0.0371015371840048,0.1446001442431108,0.8126629540918163,2.9473935250127754,1.2453673601788722,3.6705876936534607,4.285033448456982,2.5319473246623816,62,0.1156777782140636,2.9473935250127754,0.0188424750499002,0.8126629540918163,25.596005107213333
