media,desvio_padrao,maximo,minimo,rms,variancia,skewness,kurtosis,pico_a_pico,crest_factor,shape_factor,impulse_factor,margin_factor,energia,zero_crossings,mean_abs,peak_to_rms,mediana,amplitude,coeficiente_variacao
0.0065484178749938,0.2374294730942511,0.5115082235528943,-0.6583495808383234,0.2375197601684526,0.0563727546938137,-0.1557997433876318,-0.4374003363872325,1.1698578043912176,2.7717676220766303,1.235486138403412,3.424480475951064,4.079291315536563,6.826292012927989,53,0.1922480170238036,2.7717676220766303,0.0097461077844311,1.1698578043912176,36.25753237295894
