media,desvio_padrao,maximo,minimo,rms,variancia,skewness,kurtosis,pico_a_pico,crest_factor,shape_factor,impulse_factor,margin_factor,energia,zero_crossings,mean_abs,peak_to_rms,mediana,amplitude,coeficiente_variacao
0.0016377756882928,0.1200665920634293,0.3224337325349301,-0.2592464670658682,0.120077761633581,0.0144159865297259,0.1824057383612123,0.0160904862630451,0.5816801996007983,2.6852077199676745,1.2862364647249245,3.453812084783297,4.171754542734129,1.744658929510665,52,0.0933558991108691,2.6852077199676745,-0.0012994810379241,0.5816801996007983,73.3107671103501
