media,desvio_padrao,maximo,minimo,rms,variancia,skewness,kurtosis,pico_a_pico,crest_factor,shape_factor,impulse_factor,margin_factor,energia,zero_crossings,mean_abs,peak_to_rms,mediana,amplitude,coeficiente_variacao
0.0024996215832797,0.1088577241047811,0.2311451896207584,-0.3943924950099801,0.1088864188286686,0.0118500040972726,-0.3671892111040948,1.0109255749896295,0.6255376846307386,3.622054056443454,1.3260345643016809,4.802968872613131,5.947878749899028,1.4346065168452014,52,0.0821143141815542,3.622054056443454,-0.0029238323353293,0.6255376846307386,43.54968161298655
