media,desvio_padrao,maximo,minimo,rms,variancia,skewness,kurtosis,pico_a_pico,crest_factor,shape_factor,impulse_factor,margin_factor,energia,zero_crossings,mean_abs,peak_to_rms,mediana,amplitude,coeficiente_variacao
0.0056610656373204,0.1203257209286843,0.3100886626746507,-0.355895369261477,0.1204588177808402,0.0144782791170076,-0.2462175417307153,0.4292039513697623,0.6659840319361277,2.954498274331266,1.29361075202705,3.821970734520291,4.620128287232456,1.755749540520079,58,0.0931182873921578,2.954498274331266,0.0030862674650698,0.6659840319361277,21.254959514237168
