media,desvio_padrao,maximo,minimo,rms,variancia,skewness,kurtosis,pico_a_pico,crest_factor,shape_factor,impulse_factor,margin_factor,energia,zero_crossings,mean_abs,peak_to_rms,mediana,amplitude,coeficiente_variacao
0.0103018775671796,0.156208238554804,0.4363007584830339,-0.4637522954091816,0.1565475725580046,0.0244010137923945,0.0472518447502267,0.5700788567962967,0.9000530538922156,2.9623729568681134,1.3190765735254468,3.907596769450037,4.799034755833796,2.96536423933025,51,0.1186796700813249,2.9623729568681134,0.0030862674650698,0.9000530538922156,15.163084353910516
