media,desvio_padrao,maximo,minimo,rms,variancia,skewness,kurtosis,pico_a_pico,crest_factor,shape_factor,impulse_factor,margin_factor,energia,zero_crossings,mean_abs,peak_to_rms,mediana,amplitude,coeficiente_variacao
0.0044219943583906,0.1926411698687073,0.3716515768463073,-0.5782690618762475,0.1926919156645908,0.0371106203283841,-0.2915603360726634,-0.3248533433717164,0.9499206387225548,3.001003232968068,1.209500368730318,3.6297145168357545,4.173800422532594,4.492751097861265,56,0.15931530129823,3.001003232968068,0.0165683832335329,0.9499206387225548,43.56431832690468
