media,desvio_padrao,maximo,minimo,rms,variancia,skewness,kurtosis,pico_a_pico,crest_factor,shape_factor,impulse_factor,margin_factor,energia,zero_crossings,mean_abs,peak_to_rms,mediana,amplitude,coeficiente_variacao
0.0048609719404166,0.196903019675111,0.5620255489021956,-0.552766746506986,0.1969630122773884,0.0387707991571771,0.0518491383167733,0.755766865678436,1.1147922954091816,2.8534573187308867,1.3410255107354032,3.826559058212761,4.78304001043625,4.694125812851303,45,0.1468749182626482,2.8534573187308867,0.0082841916167664,1.1147922954091816,40.50692373637366
