media,desvio_padrao,maximo,minimo,rms,variancia,skewness,kurtosis,pico_a_pico,crest_factor,shape_factor,impulse_factor,margin_factor,energia,zero_crossings,mean_abs,peak_to_rms,mediana,amplitude,coeficiente_variacao
0.0045978538790188,0.1503390687721977,0.4708994411177644,-0.3442000399201597,0.1504093609440064,0.0226018355992916,0.2189496921380065,0.2560205931246853,0.8150994810379242,3.130785465494187,1.2426864324383888,3.890584620844932,4.566012492332049,2.737380079009714,59,0.1210356506821068,3.130785465494187,0.0037360079840319,0.8150994810379242,32.69766128459043
