media,desvio_padrao,maximo,minimo,rms,variancia,skewness,kurtosis,pico_a_pico,crest_factor,shape_factor,impulse_factor,margin_factor,energia,zero_crossings,mean_abs,peak_to_rms,mediana,amplitude,coeficiente_variacao
0.0017228775236412,0.2381711380315817,0.5532540518962076,-0.6045835528942115,0.2381773694082211,0.0567254909912587,0.1864852605319684,-0.203261002286589,1.157837604790419,2.538375305749528,1.241878654414822,3.1523541091040355,3.698450114573275,6.920872034382868,57,0.1917879565459245,2.538375305749528,-0.0128323752495009,1.157837604790419,138.2403187477977
