media,desvio_padrao,maximo,minimo,rms,variancia,skewness,kurtosis,pico_a_pico,crest_factor,shape_factor,impulse_factor,margin_factor,energia,zero_crossings,mean_abs,peak_to_rms,mediana,amplitude,coeficiente_variacao
0.0024432391415516,0.1928443554609976,0.3948798003992015,-0.4327271856287424,0.1928598321337816,0.0371889454331676,0.0140288415494665,-0.7500984961458959,0.827606986027944,2.243739304556541,1.2084363655253023,2.711416170384576,3.158573292625606,4.5005846969311225,62,0.159594528628693,2.243739304556541,0.0012994810379241,0.827606986027944,78.9297912682135
