media,desvio_padrao,maximo,minimo,rms,variancia,skewness,kurtosis,pico_a_pico,crest_factor,shape_factor,impulse_factor,margin_factor,energia,zero_crossings,mean_abs,peak_to_rms,mediana,amplitude,coeficiente_variacao
0.007071969119612,0.2152310509107146,0.5803807185628743,-0.4567675848303393,0.2153472034259079,0.0463244052761306,0.1194981079370881,-0.2908833195647173,1.0371483033932136,2.6950928980257656,1.228987930224712,3.3122366425080068,3.839360938972279,5.611304580826483,55,0.1752232045000907,2.6950928980257656,0.0040608782435129,1.0371483033932136,30.434387830375968
