media,desvio_padrao,maximo,minimo,rms,variancia,skewness,kurtosis,pico_a_pico,crest_factor,shape_factor,impulse_factor,margin_factor,energia,zero_crossings,mean_abs,peak_to_rms,mediana,amplitude,coeficiente_variacao
-0.0019707005823064,0.1211907374591744,0.2212366467065868,-0.3006674251497006,0.1212067593275377,0.0146871948458985,-0.3220325767908344,-0.4755540866803103,0.5219040718562875,2.4806159888922137,1.222559456920168,3.0327005362075505,3.5582386495344123,1.777620499308723,49,0.0991418115834446,2.4806159888922137,0.0034111377245508,0.5219040718562875,-61.496271197797
