media,desvio_padrao,maximo,minimo,rms,variancia,skewness,kurtosis,pico_a_pico,crest_factor,shape_factor,impulse_factor,margin_factor,energia,zero_crossings,mean_abs,peak_to_rms,mediana,amplitude,coeficiente_variacao
0.0049562851157189,0.1301958297849805,0.3027790818363273,-0.2740280638722555,0.1302901333775812,0.0169509540933996,-0.0944845968391875,-0.4373617129288409,0.5768071457085828,2.323883428370378,1.224202600915358,2.8449041372351163,3.304007431191037,2.0540377815212976,57,0.106428570957259,2.323883428370378,0.0126699401197604,0.5768071457085828,26.268833762622204
