media,desvio_padrao,maximo,minimo,rms,variancia,skewness,kurtosis,pico_a_pico,crest_factor,shape_factor,impulse_factor,margin_factor,energia,zero_crossings,mean_abs,peak_to_rms,mediana,amplitude,coeficiente_variacao
0.0048730538922155,0.1182275770615175,0.2844239121756487,-0.3243829540918164,0.1183279621732476,0.013977759977837,-0.1485358941487361,-0.0378958204007822,0.608806866267465,2.74138883264868,1.2556126537499577,3.4421225071225074,4.054506502303471,1.6941823024808953,53,0.0942392240312762,2.74138883264868,0.0074720159680638,0.608806866267465,24.261495907192725
