media,desvio_padrao,maximo,minimo,rms,variancia,skewness,kurtosis,pico_a_pico,crest_factor,shape_factor,impulse_factor,margin_factor,energia,zero_crossings,mean_abs,peak_to_rms,mediana,amplitude,coeficiente_variacao
0.0028532662543764,0.2442961178007051,0.5857410778443114,-0.5472439520958083,0.2443127796510332,0.0596805931724959,0.0315990497907526,-0.5674699336325388,1.1329850299401198,2.397504865201734,1.2160654864696867,2.915522920214987,3.380285321030451,7.282025584699348,64,0.2009042953437387,2.397504865201734,0.0030862674650698,1.1329850299401198,85.61981112908434
