media,desvio_padrao,maximo,minimo,rms,variancia,skewness,kurtosis,pico_a_pico,crest_factor,shape_factor,impulse_factor,margin_factor,energia,zero_crossings,mean_abs,peak_to_rms,mediana,amplitude,coeficiente_variacao
0.0053160587915078,0.1367788050990591,0.3615805988023952,-0.3349412375249501,0.1368820733529455,0.0187084415243264,-0.0285814780679894,-0.0545841715015069,0.6965218363273453,2.641548231594012,1.2384938949138704,3.271541357949715,3.817543322575325,2.2671409426535414,52,0.1105230101779911,2.641548231594012,0.0048730538922155,0.6965218363273453,25.72936275978656
