media,desvio_padrao,maximo,minimo,rms,variancia,skewness,kurtosis,pico_a_pico,crest_factor,shape_factor,impulse_factor,margin_factor,energia,zero_crossings,mean_abs,peak_to_rms,mediana,amplitude,coeficiente_variacao
0.0051764451262763,0.1563292196493289,0.4811328542914171,-0.3539461477045908,0.1564148985880612,0.0244388249161681,0.1924972322110422,0.0742462992625023,0.8350790019960079,3.0760040036757776,1.2432823960329769,3.824341627897051,4.419538875697827,2.9603400805379327,52,0.125808021642665,3.0760040036757776,0.0063349700598802,0.8350790019960079,30.200111434733376
