media,desvio_padrao,maximo,minimo,rms,variancia,skewness,kurtosis,pico_a_pico,crest_factor,shape_factor,impulse_factor,margin_factor,energia,zero_crossings,mean_abs,peak_to_rms,mediana,amplitude,coeficiente_variacao
-0.0002649556624455,0.2348702707409607,0.5595890219560878,-0.4942900998003992,0.2348704201883142,0.0551640440779322,-0.0576717692058906,-0.8381277235612168,1.0538791217564871,2.3825436234474355,1.1793991175826304,2.809969847096028,3.19986901749742,6.7300219420911045,65,0.1991441376263865,2.3825436234474355,0.0029238323353293,1.0538791217564871,-886.4512219631621
