media,desvio_padrao,maximo,minimo,rms,variancia,skewness,kurtosis,pico_a_pico,crest_factor,shape_factor,impulse_factor,margin_factor,energia,zero_crossings,mean_abs,peak_to_rms,mediana,amplitude,coeficiente_variacao
0.0050220646310684,0.1426847490440232,0.3633673852295409,-0.591263872255489,0.1427731023089241,0.0203589376097558,-0.0882299136223594,2.1141529537276043,0.95463125748503,4.141283355853309,1.3398191584361625,5.548570780685068,6.736873075473757,2.4664832078926557,44,0.1065614724270467,4.141283355853309,0.0066598403193612,0.95463125748503,28.411571639544437
