media,desvio_padrao,maximo,minimo,rms,variancia,skewness,kurtosis,pico_a_pico,crest_factor,shape_factor,impulse_factor,margin_factor,energia,zero_crossings,mean_abs,peak_to_rms,mediana,amplitude,coeficiente_variacao
0.0018520267661398,0.1181610777220154,0.3645044311377245,-0.2858858283433133,0.1181755909296444,0.0139620402884281,0.0936880495851201,0.324273780317684,0.6503902594810379,3.084430788712801,1.3015709800887487,4.014605604680833,4.9178873755842245,1.7037873755716209,48,0.0907945803475017,3.084430788712801,0.0021116566866267,0.6503902594810379,63.8009557325657
