media,desvio_padrao,maximo,minimo,rms,variancia,skewness,kurtosis,pico_a_pico,crest_factor,shape_factor,impulse_factor,margin_factor,energia,zero_crossings,mean_abs,peak_to_rms,mediana,amplitude,coeficiente_variacao
0.0034943689480543,0.2356184156850997,0.7225114570858283,-0.5003001996007984,0.2356443261025004,0.0555160378099564,0.2080465684585206,-0.0071854739363694,1.2228116566866267,3.066110137409168,1.277218060549571,3.916091243133117,4.740788403707043,6.7189180593404885,60,0.1844981161643654,3.066110137409168,0.0089339321357285,1.2228116566866267,67.42803040769181
