media,desvio_padrao,maximo,minimo,rms,variancia,skewness,kurtosis,pico_a_pico,crest_factor,shape_factor,impulse_factor,margin_factor,energia,zero_crossings,mean_abs,peak_to_rms,mediana,amplitude,coeficiente_variacao
0.0040098655581399,0.1251154403921892,0.3292560079840319,-0.3383523752495009,0.1251796806447669,0.0156538734245314,-0.0560371430237177,0.2372336107016024,0.6676083832335329,2.702933683060532,1.259035426274805,3.4030892618446456,4.002618269432904,1.896064246005425,48,0.099425066231174,2.702933683060532,0.0112080239520958,0.6676083832335329,31.20190404843081
