media,desvio_padrao,maximo,minimo,rms,variancia,skewness,kurtosis,pico_a_pico,crest_factor,shape_factor,impulse_factor,margin_factor,energia,zero_crossings,mean_abs,peak_to_rms,mediana,amplitude,coeficiente_variacao
0.0079886129380583,0.2511443575406224,0.5690102594810379,-0.562187984031936,0.2512713797096002,0.063073488324492,0.0563336308745535,-0.3875168859183304,1.131198243512974,2.2645247546244835,1.24275414298874,2.8142475207101367,3.30749701557259,7.702751363862266,64,0.2021891305912764,2.2645247546244835,0.002842614770459,1.131198243512974,31.437792704181877
