media,desvio_padrao,maximo,minimo,rms,variancia,skewness,kurtosis,pico_a_pico,crest_factor,shape_factor,impulse_factor,margin_factor,energia,zero_crossings,mean_abs,peak_to_rms,mediana,amplitude,coeficiente_variacao
0.0006873288134474,0.1422186070016559,0.3904940518962076,-0.3830220359281437,0.1422202678888957,0.0202261321774914,-0.1770980592071632,0.2625910146543377,0.7735160878243513,2.7456990321609185,1.2612106138885106,3.462904761904762,4.060687703895653,2.4474191564051013,50,0.112764883456228,2.7456990321609185,0.0025989620758483,0.7735160878243513,206.9149499034088
