media,desvio_padrao,maximo,minimo,rms,variancia,skewness,kurtosis,pico_a_pico,crest_factor,shape_factor,impulse_factor,margin_factor,energia,zero_crossings,mean_abs,peak_to_rms,mediana,amplitude,coeficiente_variacao
0.0028406011118259,0.1590238612216247,0.4041386027944111,-0.3789611576846307,0.1590492296507942,0.0252885884378345,0.0327895914301016,-0.1774592586533212,0.783099760479042,2.540965483968272,1.2587684052196877,3.1984870699730137,3.8163461681406727,3.0608955517538403,57,0.1263530519127035,2.540965483968272,0.0063349700598802,0.783099760479042,55.98246813309329
