media,desvio_padrao,maximo,minimo,rms,variancia,skewness,kurtosis,pico_a_pico,crest_factor,shape_factor,impulse_factor,margin_factor,energia,zero_crossings,mean_abs,peak_to_rms,mediana,amplitude,coeficiente_variacao
0.0043844170675043,0.1267304155741377,0.2652565668662675,-0.321459121756487,0.1268062354327084,0.0160605982315936,-0.176473220187341,-0.5171389960534745,0.5867156886227545,2.5350419138266598,1.2160553618968593,3.082751311942185,3.5932653128582026,1.9617382040430869,60,0.1042766961159648,2.5350419138266598,0.0035735728542914,0.5867156886227545,28.904735480895805
