media,desvio_padrao,maximo,minimo,rms,variancia,skewness,kurtosis,pico_a_pico,crest_factor,shape_factor,impulse_factor,margin_factor,energia,zero_crossings,mean_abs,peak_to_rms,mediana,amplitude,coeficiente_variacao
0.0052072442001243,0.1923048318575823,0.4294784830339321,-0.4720364870259481,0.1923753200073562,0.0369811483557729,0.1513371191014945,-0.6386290248060935,0.9015149700598802,2.453726845043833,1.2215790674770155,2.9974213512119654,3.519475929084237,4.515008177247793,57,0.1574808582834331,2.453726845043833,-0.0061725349301397,0.9015149700598802,36.93025033337027
