media,desvio_padrao,maximo,minimo,rms,variancia,skewness,kurtosis,pico_a_pico,crest_factor,shape_factor,impulse_factor,margin_factor,energia,zero_crossings,mean_abs,peak_to_rms,mediana,amplitude,coeficiente_variacao
0.0029506811171046,0.2340543896086717,0.8737385628742514,-0.7187754491017964,0.2340729882197917,0.0547814572950878,0.2967928358106781,2.3235067123029207,1.5925140119760477,3.732761176414861,1.310376619674913,4.891322972404256,5.80276251189524,6.629609821511271,58,0.1786303149073753,3.732761176414861,0.0126699401197604,1.5925140119760477,79.32215658679465
