media,desvio_padrao,maximo,minimo,rms,variancia,skewness,kurtosis,pico_a_pico,crest_factor,shape_factor,impulse_factor,margin_factor,energia,zero_crossings,mean_abs,peak_to_rms,mediana,amplitude,coeficiente_variacao
0.0059617719932036,0.225502687419323,0.5240157285429141,-0.6836894610778443,0.2255814814177703,0.0508514620333369,-0.1230314099597842,0.1047159470189798,1.2077051896207585,3.030787176238422,1.277694311721115,3.8724195351171335,4.650918426367707,6.157327575794938,62,0.1765535616370564,3.030787176238422,0.0077968862275449,1.2077051896207585,37.82477553257529
