media,desvio_padrao,maximo,minimo,rms,variancia,skewness,kurtosis,pico_a_pico,crest_factor,shape_factor,impulse_factor,margin_factor,energia,zero_crossings,mean_abs,peak_to_rms,mediana,amplitude,coeficiente_variacao
0.0046826586171918,0.1504550845158303,0.4481585229540918,-0.380910379241517,0.1505279367705237,0.0226367324566656,-0.0126901215025318,0.3074988058462535,0.8290689021956088,2.9772448395230366,1.2552251694126544,3.737112658073255,4.351223180641513,2.7643564893036774,65,0.1199210631196623,2.9772448395230366,0.002842614770459,0.8290689021956088,32.130269749635765
