media,desvio_padrao,maximo,minimo,rms,variancia,skewness,kurtosis,pico_a_pico,crest_factor,shape_factor,impulse_factor,margin_factor,energia,zero_crossings,mean_abs,peak_to_rms,mediana,amplitude,coeficiente_variacao
0.008132495999736,0.0905039715929516,0.2813376447105788,-0.2685052694610779,0.0908686214558332,0.0081909688740977,-0.1663307574631157,0.1380553131220181,0.5498429141716568,3.0960923606321367,1.2306231392188811,3.810122900152716,4.475581714487243,0.999109870199306,47,0.0738395196384091,3.0960923606321367,0.0040608782435129,0.5498429141716568,11.128683198354958
