media,desvio_padrao,maximo,minimo,rms,variancia,skewness,kurtosis,pico_a_pico,crest_factor,shape_factor,impulse_factor,margin_factor,energia,zero_crossings,mean_abs,peak_to_rms,mediana,amplitude,coeficiente_variacao
0.0037280193710938,0.1435085807311048,0.3459868263473054,-0.2823122554890219,0.1435569952036029,0.020594712743456,0.1147610443666482,-0.6851996336277306,0.6282990818363273,2.410100781620581,1.1842759244173362,2.8542243310926585,3.227737484383796,2.514250526370247,64,0.1212192127220967,2.410100781620581,-0.006578622754491,0.6282990818363273,38.494590946558446
