media,desvio_padrao,maximo,minimo,rms,variancia,skewness,kurtosis,pico_a_pico,crest_factor,shape_factor,impulse_factor,margin_factor,energia,zero_crossings,mean_abs,peak_to_rms,mediana,amplitude,coeficiente_variacao
-1.0651483917408832e-05,0.2667942884614631,0.7533741317365269,-0.7541863073852295,0.2667942886740878,0.0711791923556584,-0.0669807672879997,0.5677983648933793,1.5075604391217563,2.8268457736984502,1.3206415031358243,3.733249851710274,4.550089604418998,8.683861481231725,59,0.2020187068485979,2.8268457736984502,-0.0210353493013972,1.5075604391217563,-25047.616888893142
