media,desvio_padrao,maximo,minimo,rms,variancia,skewness,kurtosis,pico_a_pico,crest_factor,shape_factor,impulse_factor,margin_factor,energia,zero_crossings,mean_abs,peak_to_rms,mediana,amplitude,coeficiente_variacao
0.007031695946949,0.244783158236944,0.6786539720558882,-0.6222889820359282,0.2448841344479938,0.0599187945564527,-0.0165060320687478,0.1521404443451208,1.3009429540918165,2.7713268300769167,1.2687252416311596,3.5160523021282515,4.198612300032694,7.2561569558255155,66,0.1930158921825769,2.7713268300769167,-0.0069847105788423,1.3009429540918165,34.811396864102306
