media,desvio_padrao,maximo,minimo,rms,variancia,skewness,kurtosis,pico_a_pico,crest_factor,shape_factor,impulse_factor,margin_factor,energia,zero_crossings,mean_abs,peak_to_rms,mediana,amplitude,coeficiente_variacao
0.005651668563699,0.1709957338149782,0.4778841516966067,-0.4712243113772455,0.1710891064342695,0.0292395409829228,-0.0501592225496081,0.009479257055001,0.9491084630738522,2.7931886585672503,1.2361680888130269,3.4528506857553003,3.985509153791915,3.5418493631976924,61,0.1384027851734547,2.7931886585672503,0.0193297804391217,0.9491084630738522,30.25579647633488
