media,desvio_padrao,maximo,minimo,rms,variancia,skewness,kurtosis,pico_a_pico,crest_factor,shape_factor,impulse_factor,margin_factor,energia,zero_crossings,mean_abs,peak_to_rms,mediana,amplitude,coeficiente_variacao
0.0076118166944798,0.1170545557562798,0.3146368463073852,-0.3014796007984032,0.117301785053299,0.0137017690233,0.1861584142667183,-0.2183268725293126,0.6161164471057884,2.6822852368736063,1.2316581802033617,3.3036585536340883,3.8467841407866943,1.6786844707562265,59,0.0952389120120414,2.6822852368736063,0.0036547904191616,0.6161164471057884,15.378005074815851
