media,desvio_padrao,maximo,minimo,rms,variancia,skewness,kurtosis,pico_a_pico,crest_factor,shape_factor,impulse_factor,margin_factor,energia,zero_crossings,mean_abs,peak_to_rms,mediana,amplitude,coeficiente_variacao
0.001883981217892,0.1481655446981748,0.3136622355289421,-0.377499241516966,0.148177521982709,0.0219530286357068,-0.0627849468731454,-0.5053574900737798,0.6911614770459082,2.54761475604253,1.2225138898391097,3.1144944252210687,3.614490473069066,2.6787025185542195,58,0.1212072298026897,2.54761475604253,-0.0114516766467065,0.6911614770459082,78.64491603793795
