media,desvio_padrao,maximo,minimo,rms,variancia,skewness,kurtosis,pico_a_pico,crest_factor,shape_factor,impulse_factor,margin_factor,energia,zero_crossings,mean_abs,peak_to_rms,mediana,amplitude,coeficiente_variacao
0.0036527767605285,0.1453942876095662,0.3438751696606786,-0.3943924950099801,0.1454401651798963,0.0211394988694932,-0.1229751527164345,0.1083663287513689,0.7382676646706587,2.711716495385936,1.2829072473139531,3.478880744591411,4.201581333939314,2.5594938393542197,64,0.1133676386070833,2.711716495385936,-0.0012994810379241,0.7382676646706587,39.80377043039686
