media,desvio_padrao,maximo,minimo,rms,variancia,skewness,kurtosis,pico_a_pico,crest_factor,shape_factor,impulse_factor,margin_factor,energia,zero_crossings,mean_abs,peak_to_rms,mediana,amplitude,coeficiente_variacao
0.0074706735289751,0.2008374289098369,0.5001377644710578,-0.4086867864271457,0.2009763265016313,0.0403356728511137,0.0513316990656077,-0.641814595306931,0.9088245508982036,2.4885406812677417,1.2143787693109032,3.022030969898037,3.5007021125720312,4.88736954150493,59,0.1654972333019911,2.4885406812677417,0.0180302994011976,0.9088245508982036,26.88344339113284
