media,desvio_padrao,maximo,minimo,rms,variancia,skewness,kurtosis,pico_a_pico,crest_factor,shape_factor,impulse_factor,margin_factor,energia,zero_crossings,mean_abs,peak_to_rms,mediana,amplitude,coeficiente_variacao
0.0001570653733854,0.1887176824862233,0.4473463473053892,-0.531162874251497,0.1887177478471553,0.0356143636829709,-0.1251358306048242,0.3871229651028525,0.9785092215568862,2.8145888784222453,1.2843709853710157,3.61497629119348,4.308274009138487,4.309340990652803,63,0.1469339855825539,2.8145888784222453,-0.0151064670658682,0.9785092215568862,1201.523151911302
