media,desvio_padrao,maximo,minimo,rms,variancia,skewness,kurtosis,pico_a_pico,crest_factor,shape_factor,impulse_factor,margin_factor,energia,zero_crossings,mean_abs,peak_to_rms,mediana,amplitude,coeficiente_variacao
0.0059201563814519,0.2442004259059292,0.5694975648702595,-0.5339242714570858,0.2442721766067885,0.0596338480126372,0.1186248647822113,-0.1956402912115411,1.1034218363273451,2.3314057817849427,1.2875664089123162,3.0018397701702497,3.70951710720764,7.219936447970391,58,0.1897161769023935,2.3314057817849427,0.0060100998003992,1.1034218363273451,41.24898231928746
