media,desvio_padrao,maximo,minimo,rms,variancia,skewness,kurtosis,pico_a_pico,crest_factor,shape_factor,impulse_factor,margin_factor,energia,zero_crossings,mean_abs,peak_to_rms,mediana,amplitude,coeficiente_variacao
-0.0032127538365891,0.168747274854231,0.411610618762475,-0.4806455489021956,0.1687778556503901,0.0284756427707294,-0.3773133182764576,0.3316762936617512,0.8922561676646706,2.8477998316189925,1.2942083491985703,3.685646318927583,4.457877140798323,3.4752876760691582,60,0.1304101119073328,2.8477998316189925,0.0120201996007984,0.8922561676646706,-52.52418437180511
