media,desvio_padrao,maximo,minimo,rms,variancia,skewness,kurtosis,pico_a_pico,crest_factor,shape_factor,impulse_factor,margin_factor,energia,zero_crossings,mean_abs,peak_to_rms,mediana,amplitude,coeficiente_variacao
0.0011010971499623,0.2162910509174345,0.5896395209580838,-0.5334369660678642,0.2162938536387521,0.0467818187069682,0.0599398930825373,0.0553737955245021,1.123076487025948,2.726103913904476,1.2715672805639662,3.4664245403382985,4.141127830376228,5.707529796872033,54,0.1701002038545859,2.726103913904476,-0.007228363273453,1.123076487025948,196.43230474697503
