media,desvio_padrao,maximo,minimo,rms,variancia,skewness,kurtosis,pico_a_pico,crest_factor,shape_factor,impulse_factor,margin_factor,energia,zero_crossings,mean_abs,peak_to_rms,mediana,amplitude,coeficiente_variacao
-0.0027197815938371,0.2196876025932342,0.4972139321357285,-0.4221689021956088,0.2197044377000177,0.0482626427331628,0.1182993906991636,-0.8128330317170138,0.9193828343313374,2.263103728540156,1.1960699103113055,2.7068302736202057,3.122219277278456,5.840674833354799,56,0.1836886253938404,2.263103728540156,-0.0139694211576846,0.9193828343313374,-80.7739868124097
