media,desvio_padrao,maximo,minimo,rms,variancia,skewness,kurtosis,pico_a_pico,crest_factor,shape_factor,impulse_factor,margin_factor,energia,zero_crossings,mean_abs,peak_to_rms,mediana,amplitude,coeficiente_variacao
0.0015572293429669,0.0996059268152762,0.2293584031936127,-0.2642819560878243,0.0996180988573701,0.0099213406567301,-0.0513739579106483,-0.2921081881038048,0.4936403592814371,2.6529512118697864,1.2445374914530598,3.301697246167779,3.873811488498844,1.2007756400147696,41,0.0800442731066792,2.6529512118697864,0.0056852295409181,0.4936403592814371,63.963556341353794
