media,desvio_padrao,maximo,minimo,rms,variancia,skewness,kurtosis,pico_a_pico,crest_factor,shape_factor,impulse_factor,margin_factor,energia,zero_crossings,mean_abs,peak_to_rms,mediana,amplitude,coeficiente_variacao
0.0100976067537057,0.1302519322862151,0.4155090618762475,-0.3454995209580838,0.1306427476993853,0.0169655658642927,0.2605542835981856,0.169170563702381,0.7610085828343314,3.180498490680493,1.2574871914054253,3.999436114315008,4.739577101961067,2.082238358226321,53,0.1038919112594483,3.180498490680493,-0.0043045309381237,0.7610085828343314,12.899287471104394
