media,desvio_padrao,maximo,minimo,rms,variancia,skewness,kurtosis,pico_a_pico,crest_factor,shape_factor,impulse_factor,margin_factor,energia,zero_crossings,mean_abs,peak_to_rms,mediana,amplitude,coeficiente_variacao
0.0080498589705834,0.2058622569385099,0.4942900998003992,-0.5644620758483033,0.2060195841692322,0.042379268831817,-0.0542492898135777,-0.0996624188060222,1.0587521756487026,2.739846690422562,1.2642982576995307,3.463983397065071,4.1546140621794265,5.17817642547413,58,0.1629517267105134,2.739846690422562,0.0079593213572854,1.0587521756487026,25.57339919752529
