media,desvio_padrao,maximo,minimo,rms,variancia,skewness,kurtosis,pico_a_pico,crest_factor,shape_factor,impulse_factor,margin_factor,energia,zero_crossings,mean_abs,peak_to_rms,mediana,amplitude,coeficiente_variacao
0.0046005387571963,0.2211937300442875,0.518005628742515,-0.4858434730538922,0.2212415674500649,0.0489266662109051,0.1141149152748849,-0.8243647687556841,1.0038491017964073,2.341357615175235,1.1838892119259865,2.7719080218667163,3.1691323540507126,5.922687571299157,63,0.1868769182296564,2.341357615175235,-0.0094212375249501,1.0038491017964073,48.07996230838991
