media,desvio_padrao,maximo,minimo,rms,variancia,skewness,kurtosis,pico_a_pico,crest_factor,shape_factor,impulse_factor,margin_factor,energia,zero_crossings,mean_abs,peak_to_rms,mediana,amplitude,coeficiente_variacao
-0.0035695785478223,0.2519150607823096,0.5867156886227546,-0.6905117365269461,0.251940349567043,0.0634611978489547,-0.0214801296950214,-0.2046161227451248,1.277227425149701,2.7407747020815982,1.2436141696217522,3.408466255249512,4.017821511292984,7.743820648275587,64,0.2025872298026897,2.7407747020815982,-0.0144567265469061,1.277227425149701,-70.57277418254033
