media,desvio_padrao,maximo,minimo,rms,variancia,skewness,kurtosis,pico_a_pico,crest_factor,shape_factor,impulse_factor,margin_factor,energia,zero_crossings,mean_abs,peak_to_rms,mediana,amplitude,coeficiente_variacao
0.0064694450443375,0.1739745550646169,0.5215792015968064,-0.4377626746506985,0.1740948004080338,0.0302671458099314,0.2097837545836871,0.3884243840062447,0.959341876247505,2.9959493355020235,1.2792370774683886,3.8325294721909695,4.598170984887391,3.697697942551803,65,0.1360926785772717,2.9959493355020235,0.0171369061876247,0.959341876247505,26.89172778689725
