media,desvio_padrao,maximo,minimo,rms,variancia,skewness,kurtosis,pico_a_pico,crest_factor,shape_factor,impulse_factor,margin_factor,energia,zero_crossings,mean_abs,peak_to_rms,mediana,amplitude,coeficiente_variacao
0.0063123356565557,0.181784528834869,0.5163812774451098,-0.4577421956087824,0.1818940914520214,0.0330456149237153,0.161165344759426,-0.2396104272315309,0.974123473053892,2.838911771806049,1.2102570322432775,3.435812935746493,3.9347254611405744,4.036426181629076,61,0.15029376951016,2.838911771806049,0.0001624351297405,0.974123473053892,28.798298874692254
