media,desvio_padrao,maximo,minimo,rms,variancia,skewness,kurtosis,pico_a_pico,crest_factor,shape_factor,impulse_factor,margin_factor,energia,zero_crossings,mean_abs,peak_to_rms,mediana,amplitude,coeficiente_variacao
0.005377810989591,0.2421163722099751,0.5331120958083833,-0.6953847904191617,0.2421760899493568,0.0586203376921192,-0.3089087983153974,-0.0880335141308421,1.228496886227545,2.871401510217538,1.2678337082974849,3.640459624710099,4.387419359765159,7.096560283722239,62,0.1910156579403177,2.871401510217538,0.0146191616766467,1.228496886227545,45.021361419841554
