media,desvio_padrao,maximo,minimo,rms,variancia,skewness,kurtosis,pico_a_pico,crest_factor,shape_factor,impulse_factor,margin_factor,energia,zero_crossings,mean_abs,peak_to_rms,mediana,amplitude,coeficiente_variacao
0.0020637250089983,0.1304565474286943,0.3318549700598802,-0.3714891417165669,0.1304728697006697,0.0170189107670151,-0.1680540033337904,0.1581727720824703,0.7033441117764472,2.8472520192806035,1.2568829417537115,3.5786624939076006,4.222394157387671,2.076826706807208,51,0.103806699388109,2.8472520192806035,0.0058476646706586,0.7033441117764472,63.214113731174734
