media,desvio_padrao,maximo,minimo,rms,variancia,skewness,kurtosis,pico_a_pico,crest_factor,shape_factor,impulse_factor,margin_factor,energia,zero_crossings,mean_abs,peak_to_rms,mediana,amplitude,coeficiente_variacao
0.0001184977585811,0.1673038144467092,0.5085843912175648,-0.4442600798403193,0.1673038564114339,0.0279905663284189,0.2071860643689403,0.6124613489407729,0.9528444710578842,3.0398844481316267,1.2692472799059689,3.8583650670195246,4.567160519542014,3.4148508051568003,56,0.1318134449134518,3.0398844481316267,-0.0061725349301397,0.9528444710578842,1411.873240893982
