media,desvio_padrao,maximo,minimo,rms,variancia,skewness,kurtosis,pico_a_pico,crest_factor,shape_factor,impulse_factor,margin_factor,energia,zero_crossings,mean_abs,peak_to_rms,mediana,amplitude,coeficiente_variacao
0.0016055571501624,0.1445924878351684,0.3580070259481038,-0.380910379241517,0.1446014016257303,0.0209069875383633,-0.13803323936219,-0.5770820568221753,0.7389174051896208,2.634209454120104,1.2037664385966809,3.1709729331038647,3.649160001773223,2.530057407607217,53,0.1201241345408356,2.634209454120104,0.0064974051896207,0.7389174051896208,90.05751543664185
