media,desvio_padrao,maximo,minimo,rms,variancia,skewness,kurtosis,pico_a_pico,crest_factor,shape_factor,impulse_factor,margin_factor,energia,zero_crossings,mean_abs,peak_to_rms,mediana,amplitude,coeficiente_variacao
0.0042286391152121,0.2433889879784676,0.5550408383233533,-0.6112433932135729,0.2434257193846808,0.0592381994691826,0.0259028016578846,-0.4610444926274946,1.1662842315369262,2.511005799874569,1.225004863921649,3.075994318181819,3.595253740301202,7.229241864669824,58,0.198714083963221,2.511005799874569,-0.0064974051896207,1.1662842315369262,57.55728529845336
