media,desvio_padrao,maximo,minimo,rms,variancia,skewness,kurtosis,pico_a_pico,crest_factor,shape_factor,impulse_factor,margin_factor,energia,zero_crossings,mean_abs,peak_to_rms,mediana,amplitude,coeficiente_variacao
-0.0016028722719849,0.1679531332923638,0.4023518163672654,-0.4488082634730539,0.1679607816790659,0.0282082549827225,0.1629348854376095,-0.3646498979155272,0.8511600798403194,2.672101540528803,1.2155221758887915,3.2479986787393624,3.7545538166227095,3.413509726051384,54,0.1381799402847198,2.672101540528803,-0.017542994011976,0.8511600798403194,-104.7826057184054
