media,desvio_padrao,maximo,minimo,rms,variancia,skewness,kurtosis,pico_a_pico,crest_factor,shape_factor,impulse_factor,margin_factor,energia,zero_crossings,mean_abs,peak_to_rms,mediana,amplitude,coeficiente_variacao
0.0039507982382342,0.1688997184199944,0.5394470658682634,-0.3791235928143713,0.1689459194211942,0.0285271148823534,0.1441411958828699,0.1423802573828121,0.9185706586826348,3.1930162487285854,1.270762561499524,4.057565507143938,4.834354757689936,3.45366956637779,55,0.1329484551558041,3.1930162487285854,0.0058476646706586,0.9185706586826348,42.7507830659256
