media,desvio_padrao,maximo,minimo,rms,variancia,skewness,kurtosis,pico_a_pico,crest_factor,shape_factor,impulse_factor,margin_factor,energia,zero_crossings,mean_abs,peak_to_rms,mediana,amplitude,coeficiente_variacao
0.0030191455106316,0.217008018444805,0.4523818363273453,-0.5539037924151697,0.2170290195088095,0.0470924800693408,-0.194700588488677,-0.5501368543952516,1.006285628742515,2.552210730476465,1.2124015511056958,3.0943042483782675,3.592714412384625,5.699293032383582,56,0.1790075402913181,2.552210730476465,0.0152689021956087,1.006285628742515,71.87729696387014
