media,desvio_padrao,maximo,minimo,rms,variancia,skewness,kurtosis,pico_a_pico,crest_factor,shape_factor,impulse_factor,margin_factor,energia,zero_crossings,mean_abs,peak_to_rms,mediana,amplitude,coeficiente_variacao
0.0038326635984229,0.2371905484255976,0.5238532934131735,-0.539284630738523,0.237221511614555,0.0562593562624357,-0.107271612803787,-0.5981735252972076,1.0631379241516965,2.2733378059523104,1.2087234840899084,2.7478367933239847,3.1938849474701536,6.809159514296027,60,0.1962578825819435,2.2733378059523104,0.0071471457085828,1.0631379241516965,61.88660766449569
