media,desvio_padrao,maximo,minimo,rms,variancia,skewness,kurtosis,pico_a_pico,crest_factor,shape_factor,impulse_factor,margin_factor,energia,zero_crossings,mean_abs,peak_to_rms,mediana,amplitude,coeficiente_variacao
0.0064571320169578,0.1612859429957374,0.4481585229540918,-0.4743105788423153,0.1614151478700456,0.0260131554080242,-0.0361927628921878,0.3295775502109292,0.9224691017964072,2.9384514718790826,1.2895221407794544,3.7891982325940536,4.552373310080653,3.152636845390953,56,0.1251743903927682,2.9384514718790826,0.0055227944111776,0.9224691017964072,24.977953458619982
