media,desvio_padrao,maximo,minimo,rms,variancia,skewness,kurtosis,pico_a_pico,crest_factor,shape_factor,impulse_factor,margin_factor,energia,zero_crossings,mean_abs,peak_to_rms,mediana,amplitude,coeficiente_variacao
0.0025573464640965,0.1742207216399667,0.3848088223552894,-0.4491331337325349,0.1742394899834368,0.0303528598487507,-0.1390898629374466,0.128681472859033,0.8339419560878244,2.577677045400152,1.2972965098030853,3.344011434397146,4.051880778047399,3.673487384232272,50,0.1343096883918114,2.577677045400152,-0.0017867864271457,0.8339419560878244,68.12558411068147
