media,desvio_padrao,maximo,minimo,rms,variancia,skewness,kurtosis,pico_a_pico,crest_factor,shape_factor,impulse_factor,margin_factor,energia,zero_crossings,mean_abs,peak_to_rms,mediana,amplitude,coeficiente_variacao
0.0041038362943534,0.1933566695818222,0.509883872255489,-0.4492955688622754,0.1934002149536159,0.0373868016717739,0.104218552062797,-0.0159238002918584,0.9591794411177644,2.636418332718901,1.274798797764597,3.3609029209545978,4.05619794121528,4.5258408204366845,50,0.1517103838603784,2.636418332718901,0.0063349700598802,0.9591794411177644,47.11607766807505
