media,desvio_padrao,maximo,minimo,rms,variancia,skewness,kurtosis,pico_a_pico,crest_factor,shape_factor,impulse_factor,margin_factor,energia,zero_crossings,mean_abs,peak_to_rms,mediana,amplitude,coeficiente_variacao
0.0084812440692385,0.1438337933176091,0.3674282634730539,-0.4033264271457085,0.1440836271097265,0.0206881601001327,-0.1885893558941545,-0.1288281855718023,0.7707546906187625,2.799252317812324,1.2432705382767513,3.480227935938972,4.088797863224422,2.532731175333555,59,0.1158908078924118,2.799252317812324,0.013157245508982,0.7707546906187625,16.95904423259007
