media,desvio_padrao,maximo,minimo,rms,variancia,skewness,kurtosis,pico_a_pico,crest_factor,shape_factor,impulse_factor,margin_factor,energia,zero_crossings,mean_abs,peak_to_rms,mediana,amplitude,coeficiente_variacao
0.0072612530311278,0.1638323447955529,0.402514251497006,-0.4730110978043912,0.1639931797264477,0.0268410372012089,-0.1942600471743713,0.6577434267829747,0.8755253493013972,2.884333961896508,1.329263134322908,3.8340388026245633,4.690297735907032,3.254145322611711,49,0.1233714946965573,2.884333961896508,0.0126699401197604,0.8755253493013972,22.56254452134225
