media,desvio_padrao,maximo,minimo,rms,variancia,skewness,kurtosis,pico_a_pico,crest_factor,shape_factor,impulse_factor,margin_factor,energia,zero_crossings,mean_abs,peak_to_rms,mediana,amplitude,coeficiente_variacao
0.0043165138575308,0.2556340731678944,0.5573149301397206,-0.6193651497005987,0.2556705138577592,0.0653487793644083,0.0263669615251877,-0.5340746936041683,1.1766800798403194,2.4225130241071877,1.2092787648771284,2.9294935576910963,3.379365255018102,7.974824222067456,66,0.2114239671476718,2.4225130241071877,0.007228363273453,1.1766800798403194,59.2223450694824
