media,desvio_padrao,maximo,minimo,rms,variancia,skewness,kurtosis,pico_a_pico,crest_factor,shape_factor,impulse_factor,margin_factor,energia,zero_crossings,mean_abs,peak_to_rms,mediana,amplitude,coeficiente_variacao
0.0049603124329852,0.1071800731508483,0.2459267864271457,-0.3453370858283433,0.1072947938161681,0.0114875680806212,-0.0256921624080638,0.3885557283163323,0.591263872255489,3.218581941823022,1.3044975510658527,4.19863226101291,5.158357925260381,1.3929729063865386,56,0.0822499005295194,3.218581941823022,-0.0045481836327345,0.591263872255489,21.607524646657
