media,desvio_padrao,maximo,minimo,rms,variancia,skewness,kurtosis,pico_a_pico,crest_factor,shape_factor,impulse_factor,margin_factor,energia,zero_crossings,mean_abs,peak_to_rms,mediana,amplitude,coeficiente_variacao
0.0105112980650269,0.2516071704338954,0.5376602794411177,-0.4674883033932135,0.2518266379888417,0.0633061682137513,0.0221295653863194,-1.0270388184621169,1.0051485828343312,2.13504132737912,1.1732077168672763,2.5048469611117365,2.8467285191218945,7.673415327692341,57,0.21464795565893,2.13504132737912,-0.0022740918163672,1.0051485828343312,23.93683148145507
