media,desvio_padrao,maximo,minimo,rms,variancia,skewness,kurtosis,pico_a_pico,crest_factor,shape_factor,impulse_factor,margin_factor,energia,zero_crossings,mean_abs,peak_to_rms,mediana,amplitude,coeficiente_variacao
-0.0014229854340904,0.1455341255900993,0.364341996007984,-0.3316925349301397,0.1455410821686456,0.0211801817112748,0.0802373509762515,-0.5849554665688035,0.6960345309381237,2.503361872669072,1.1932663608405518,2.987177511666813,3.3887865553955576,2.563046998457275,61,0.1219686458487982,2.503361872669072,-0.0077968862275449,0.6960345309381237,-102.27379852494244
