media,desvio_padrao,maximo,minimo,rms,variancia,skewness,kurtosis,pico_a_pico,crest_factor,shape_factor,impulse_factor,margin_factor,energia,zero_crossings,mean_abs,peak_to_rms,mediana,amplitude,coeficiente_variacao
0.0012329092634403,0.1417516621557204,0.360281117764471,-0.4171334131736527,0.1417570237736437,0.0200935337239095,-0.132505032130103,0.035546079828975,0.7774145309381237,2.9425943213912804,1.2332257791252508,3.6288831746473,4.167167088167049,2.4515965622776896,62,0.114948151565721,2.9425943213912804,0.0162435129740518,0.7774145309381237,114.97331260223788
