media,desvio_padrao,maximo,minimo,rms,variancia,skewness,kurtosis,pico_a_pico,crest_factor,shape_factor,impulse_factor,margin_factor,energia,zero_crossings,mean_abs,peak_to_rms,mediana,amplitude,coeficiente_variacao
0.0089728628693027,0.2243956172168209,0.5613758083832335,-0.620664630738523,0.2245749436027744,0.050353393026118,-0.2655278231750929,-0.0401680038087768,1.1820404391217565,2.763730542603842,1.2498411626462038,3.454224194608809,4.079103630062355,6.102502540596906,55,0.1796827871529668,2.763730542603842,0.0121826347305389,1.1820404391217565,25.00825215823885
