media,desvio_padrao,maximo,minimo,rms,variancia,skewness,kurtosis,pico_a_pico,crest_factor,shape_factor,impulse_factor,margin_factor,energia,zero_crossings,mean_abs,peak_to_rms,mediana,amplitude,coeficiente_variacao
0.0025358674386763,0.1781965196178818,0.432564750499002,-0.4030015568862276,0.1782145623331401,0.0317539996039261,-0.0943621964453083,-0.1574815494398631,0.8355663073852295,2.4272132694207094,1.2536171997746663,3.042796302067103,3.6151204924032383,3.843012057538717,47,0.1421602721829069,2.4272132694207094,0.0242028343313373,0.8355663073852295,70.27043957427614
