media,desvio_padrao,maximo,minimo,rms,variancia,skewness,kurtosis,pico_a_pico,crest_factor,shape_factor,impulse_factor,margin_factor,energia,zero_crossings,mean_abs,peak_to_rms,mediana,amplitude,coeficiente_variacao
0.0050663651209976,0.1404999663619167,0.3146368463073852,-0.2993679441117764,0.1405912821025507,0.0197402405476997,0.0201779232849546,-0.6019079476250764,0.6140047904191617,2.237954171851717,1.2246625108366955,2.740738575237382,3.219953653039167,2.39167494099192,59,0.1148000211147952,2.237954171851717,0.0025989620758483,0.6140047904191617,27.731906999677392
