media,desvio_padrao,maximo,minimo,rms,variancia,skewness,kurtosis,pico_a_pico,crest_factor,shape_factor,impulse_factor,margin_factor,energia,zero_crossings,mean_abs,peak_to_rms,mediana,amplitude,coeficiente_variacao
0.001838712411243,0.141752546320536,0.3144744111776447,-0.304240998003992,0.1417644710485916,0.0200937843883557,-0.0590730669933449,-0.6080208720282787,0.6187154091816367,2.2182879028261917,1.209900887842286,2.683908503119212,3.113834407727929,2.451854160705812,51,0.1171703173979909,2.2182879028261917,0.0074720159680638,0.6187154091816367,77.09337548045497
