media,desvio_padrao,maximo,minimo,rms,variancia,skewness,kurtosis,pico_a_pico,crest_factor,shape_factor,impulse_factor,margin_factor,energia,zero_crossings,mean_abs,peak_to_rms,mediana,amplitude,coeficiente_variacao
0.0031520469804193,0.2030628682259651,0.5240157285429141,-0.5493556087824352,0.2030873306051424,0.0412345284521556,0.0543650146003695,0.1789990629144804,1.0733713373253493,2.705021564592492,1.2519434527378055,3.386534037306145,3.932669894977447,4.990580126131014,57,0.1622176546081391,2.705021564592492,-0.004710618762475,1.0733713373253493,64.42253858759149
