media,desvio_padrao,maximo,minimo,rms,variancia,skewness,kurtosis,pico_a_pico,crest_factor,shape_factor,impulse_factor,margin_factor,energia,zero_crossings,mean_abs,peak_to_rms,mediana,amplitude,coeficiente_variacao
0.004439005922581,0.1240714655900039,0.4530315768463073,-0.4052756487025948,0.1241508491603349,0.0153937285736515,0.1602391073987681,1.0525509263154236,0.8583072255489022,3.649041306686822,1.2664456649674856,4.621312544140816,5.454296104563294,1.8804388683623348,45,0.0980309322338928,3.649041306686822,0.0004873053892215,0.8583072255489022,27.950281606712164
