media,desvio_padrao,maximo,minimo,rms,variancia,skewness,kurtosis,pico_a_pico,crest_factor,shape_factor,impulse_factor,margin_factor,energia,zero_crossings,mean_abs,peak_to_rms,mediana,amplitude,coeficiente_variacao
-0.0003794591145577,0.152888051773663,0.3669409580838323,-0.4099862674650698,0.152888522670493,0.0233747563751462,0.0236479499328394,-0.4060377660680809,0.7769272255489021,2.681602649459021,1.2130894982387903,3.253024012508055,3.733783326068366,2.851737844452637,52,0.1260323520172769,2.681602649459021,-0.0159186427145708,0.7769272255489021,-402.9104741675328
