media,desvio_padrao,maximo,minimo,rms,variancia,skewness,kurtosis,pico_a_pico,crest_factor,shape_factor,impulse_factor,margin_factor,energia,zero_crossings,mean_abs,peak_to_rms,mediana,amplitude,coeficiente_variacao
0.0014914498276174,0.1217641675578211,0.2996928143712575,-0.4401992015968064,0.1217733013580457,0.0148265125010491,-0.3588995330107308,0.7339772618505833,0.739892015968064,3.6149073457613183,1.264416238932048,4.570747550215359,5.433914133256787,1.79427716776013,55,0.0963079226670625,3.6149073457613183,-0.0019492215568862,0.739892015968064,81.64147750939267
