media,desvio_padrao,maximo,minimo,rms,variancia,skewness,kurtosis,pico_a_pico,crest_factor,shape_factor,impulse_factor,margin_factor,energia,zero_crossings,mean_abs,peak_to_rms,mediana,amplitude,coeficiente_variacao
0.0019532488741525,0.2669238972353793,0.7189378842315369,-0.6460045109780439,0.2669310437107077,0.0712483669153233,-0.0101180364264016,-0.064340418428229,1.3649423952095807,2.6933468443284605,1.2528137804198505,3.374262042025013,3.991073327490181,8.621514033675018,53,0.2130652199732766,2.6933468443284605,-0.0149440319361277,1.3649423952095807,136.65636815031726
