media,desvio_padrao,maximo,minimo,rms,variancia,skewness,kurtosis,pico_a_pico,crest_factor,shape_factor,impulse_factor,margin_factor,energia,zero_crossings,mean_abs,peak_to_rms,mediana,amplitude,coeficiente_variacao
0.0067712627637287,0.2691405121653856,0.8024295409181638,-0.8553833932135729,0.2692256772450606,0.0724366152886461,-0.0938339449812856,3.1456930657091737,1.6578129341317367,3.177198408289142,1.4961924869223608,4.753700387943898,6.21566036252805,8.77037829985545,62,0.1799405354580096,3.177198408289142,-0.000324870259481,1.6578129341317367,39.74746240938635
