media,desvio_padrao,maximo,minimo,rms,variancia,skewness,kurtosis,pico_a_pico,crest_factor,shape_factor,impulse_factor,margin_factor,energia,zero_crossings,mean_abs,peak_to_rms,mediana,amplitude,coeficiente_variacao
0.0032487025948103,0.1640382132976073,0.3932554491017964,-0.3826971656686627,0.1640703796863433,0.0269085354218713,-0.146495339672318,-0.4393647791488022,0.7759526147704592,2.3968704762772592,1.2123370089098464,2.905814783954291,3.35487711142763,3.2572098283409234,55,0.1353339694165388,2.3968704762772592,0.0060100998003992,0.7759526147704592,50.493453466515874
