media,desvio_padrao,maximo,minimo,rms,variancia,skewness,kurtosis,pico_a_pico,crest_factor,shape_factor,impulse_factor,margin_factor,energia,zero_crossings,mean_abs,peak_to_rms,mediana,amplitude,coeficiente_variacao
0.0126484610943402,0.2373743377094044,0.4907165269461078,-0.5285639121756487,0.2377110846616822,0.0563465762029783,0.0056121531815972,-0.6874967433809362,1.0192804391217565,2.2235560151850606,1.2178573224103637,2.7079739748827354,3.168762573709689,6.837293732295046,60,0.1951879586281981,2.2235560151850606,0.0069847105788423,1.0192804391217565,18.767052840572145
