media,desvio_padrao,maximo,minimo,rms,variancia,skewness,kurtosis,pico_a_pico,crest_factor,shape_factor,impulse_factor,margin_factor,energia,zero_crossings,mean_abs,peak_to_rms,mediana,amplitude,coeficiente_variacao
0.0058006793025519,0.0992739888240262,0.2683428343313373,-0.3055404790419161,0.0994433141915732,0.0098553248570328,-0.2419687550607393,0.3197510804595858,0.5738833133732535,3.072509012051889,1.2742167908910929,3.91504257332072,4.682688044740081,1.1965657012258772,47,0.0780426964253311,3.072509012051889,0.0102334131736526,0.5738833133732535,17.114200535160105
