media,desvio_padrao,maximo,minimo,rms,variancia,skewness,kurtosis,pico_a_pico,crest_factor,shape_factor,impulse_factor,margin_factor,energia,zero_crossings,mean_abs,peak_to_rms,mediana,amplitude,coeficiente_variacao
0.0044058850893254,0.2165466731999798,0.4778841516966067,-0.60409624750499,0.2165914899006865,0.0468924616739788,-0.037155711928581,0.0213307071164474,1.0819803992015968,2.789104261584726,1.2880138223784832,3.5924048409758598,4.370006962754995,5.676336693185306,53,0.1681592900150113,2.789104261584726,-0.0110455888223552,1.0819803992015968,49.14941466009318
