media,desvio_padrao,maximo,minimo,rms,variancia,skewness,kurtosis,pico_a_pico,crest_factor,shape_factor,impulse_factor,margin_factor,energia,zero_crossings,mean_abs,peak_to_rms,mediana,amplitude,coeficiente_variacao
-0.0004738809983339,0.2353599859827367,0.6234260279441117,-0.6383700598802394,0.2353604630455051,0.055394323001794,0.1178734780382437,-0.0430099802051628,1.2617960878243513,2.712307970590691,1.2766455566464083,3.462655918911243,4.193825524143819,6.702740255364345,57,0.1843585024991339,2.712307970590691,-0.0155937724550898,1.2617960878243513,-496.6647466562752
