media,desvio_padrao,maximo,minimo,rms,variancia,skewness,kurtosis,pico_a_pico,crest_factor,shape_factor,impulse_factor,margin_factor,energia,zero_crossings,mean_abs,peak_to_rms,mediana,amplitude,coeficiente_variacao
0.0091071067781791,0.13998464253632,0.432889620758483,-0.3789611576846307,0.1402805743497311,0.0195957001460213,0.0743250245955074,0.4030854714014413,0.8118507784431137,3.0858842912864977,1.2759070709226548,3.937301587301587,4.699367608688184,2.381115384326746,59,0.1099457613698223,3.0858842912864977,0.0162435129740518,0.8118507784431137,15.370923603501188
