media,desvio_padrao,maximo,minimo,rms,variancia,skewness,kurtosis,pico_a_pico,crest_factor,shape_factor,impulse_factor,margin_factor,energia,zero_crossings,mean_abs,peak_to_rms,mediana,amplitude,coeficiente_variacao
0.003110233303884,0.1345284626230324,0.3500477045908183,-0.4479960878243513,0.1345644113683897,0.0180979072557166,-0.1147882818708729,0.5839184703530504,0.7980437924151697,3.329231579647732,1.276326191320773,4.24918546207663,5.05806792926154,2.209124858444388,53,0.1054310506855142,3.329231579647732,0.0012182634730538,0.7980437924151697,43.25349563167315
