media,desvio_padrao,maximo,minimo,rms,variancia,skewness,kurtosis,pico_a_pico,crest_factor,shape_factor,impulse_factor,margin_factor,energia,zero_crossings,mean_abs,peak_to_rms,mediana,amplitude,coeficiente_variacao
0.0050887464415431,0.1507421697656207,0.4499453093812375,-0.3164236327345309,0.1508280381294987,0.0227232017456472,0.3100148868962747,0.3835171170299745,0.7663689421157684,2.9831675526729384,1.3001523313329435,3.878572248364513,4.691120171560016,2.7753898444912117,58,0.1160079742155034,2.9831675526729384,0.0104770658682634,0.7663689421157684,29.622652945527523
