media,desvio_padrao,maximo,minimo,rms,variancia,skewness,kurtosis,pico_a_pico,crest_factor,shape_factor,impulse_factor,margin_factor,energia,zero_crossings,mean_abs,peak_to_rms,mediana,amplitude,coeficiente_variacao
-0.000781299549661,0.2457673270170482,0.5602387624750499,-0.5233659880239522,0.2457685688978373,0.0604015790291047,0.0339229916861542,-0.4136181750438576,1.083604750499002,2.2795378798333386,1.2271341359632502,2.7972987465647834,3.228627992229286,7.308664924429013,43,0.2002784876527935,2.2795378798333386,0.0206292614770459,1.083604750499002,-314.56222792356573
