media,desvio_padrao,maximo,minimo,rms,variancia,skewness,kurtosis,pico_a_pico,crest_factor,shape_factor,impulse_factor,margin_factor,energia,zero_crossings,mean_abs,peak_to_rms,mediana,amplitude,coeficiente_variacao
0.0039601953118556,0.1022440170733024,0.2040185229540918,-0.2170133333333333,0.1023206830225141,0.0104538390272857,-0.2239858348434556,-0.6422102299913965,0.4210318562874251,2.1209136503279877,1.2065087200651188,2.558900813625859,2.945113578392629,1.2668121830774506,53,0.084807246993616,2.1209136503279877,0.0154313373253493,0.4210318562874251,25.817922860323264
