media,desvio_padrao,maximo,minimo,rms,variancia,skewness,kurtosis,pico_a_pico,crest_factor,shape_factor,impulse_factor,margin_factor,energia,zero_crossings,mean_abs,peak_to_rms,mediana,amplitude,coeficiente_variacao
0.0009812679558914,0.1888352960284722,0.3804230738522954,-0.5204421556886227,0.188837845552638,0.0356587690261607,-0.1094679372412467,-0.3963774927453114,0.900865229540918,2.756026760237268,1.2096707200448902,3.3338848755192023,3.868093126862845,4.350487293381364,65,0.1561068168580871,2.756026760237268,0.0005685229540918,0.900865229540918,192.44009232617032
