media,desvio_padrao,maximo,minimo,rms,variancia,skewness,kurtosis,pico_a_pico,crest_factor,shape_factor,impulse_factor,margin_factor,energia,zero_crossings,mean_abs,peak_to_rms,mediana,amplitude,coeficiente_variacao
0.0080734286798304,0.1095773225741433,0.3403015968063872,-0.2366679840319361,0.1098743367359556,0.0120071896225178,0.1496506231825856,-0.1968834329612248,0.5769695808383233,3.097189088150606,1.2440991499850005,3.853210311910988,4.567829711971784,1.4607567546531082,56,0.0883163827716467,3.097189088150606,0.0099085429141716,0.5769695808383233,13.572588167886687
