media,desvio_padrao,maximo,minimo,rms,variancia,skewness,kurtosis,pico_a_pico,crest_factor,shape_factor,impulse_factor,margin_factor,energia,zero_crossings,mean_abs,peak_to_rms,mediana,amplitude,coeficiente_variacao
0.0048797660876593,0.1839735626255158,0.5665737325349302,-0.556827624750499,0.1840382673853317,0.0338462717451245,-0.0536159753091594,0.6743978805921431,1.1234013572854291,3.0785648038549582,1.2871443049802114,3.9625571547944314,4.762068708205538,4.098280147325579,58,0.1429818449052308,3.0785648038549582,0.0227409181636726,1.1234013572854291,37.7013076693928
