media,desvio_padrao,maximo,minimo,rms,variancia,skewness,kurtosis,pico_a_pico,crest_factor,shape_factor,impulse_factor,margin_factor,energia,zero_crossings,mean_abs,peak_to_rms,mediana,amplitude,coeficiente_variacao
-0.0012498107916398,0.104276103123756,0.334616367265469,-0.3365655888223552,0.104283592715686,0.0108735056826761,-0.3192845668849621,1.445643545269026,0.6711819560878243,3.227406920472638,1.3430760965560422,4.334653088746348,5.314745748213539,1.315883192872623,44,0.0776453344550568,3.227406920472638,0.0019492215568862,0.6711819560878243,-83.4335115533263
