media,desvio_padrao,maximo,minimo,rms,variancia,skewness,kurtosis,pico_a_pico,crest_factor,shape_factor,impulse_factor,margin_factor,energia,zero_crossings,mean_abs,peak_to_rms,mediana,amplitude,coeficiente_variacao
0.0020525893667211,0.2373414972122111,0.518655369261477,-0.6091317365269461,0.2373503727025563,0.056330986298934,-0.1526684523212278,-0.1618696207066499,1.127787105788423,2.5663820519477345,1.2515684485732446,3.212002803202446,3.799285333451759,6.816559130067129,58,0.1896423427525115,2.5663820519477345,-0.0056852295409181,1.127787105788423,115.63028682709742
