media,desvio_padrao,maximo,minimo,rms,variancia,skewness,kurtosis,pico_a_pico,crest_factor,shape_factor,impulse_factor,margin_factor,energia,zero_crossings,mean_abs,peak_to_rms,mediana,amplitude,coeficiente_variacao
0.0091245584863331,0.1853396244891802,0.6097814770459081,-0.5717716566866267,0.1855640966710986,0.0343507764057903,0.0875289441340357,1.8452710099060996,1.181553133732535,3.286096222194909,1.427912426796364,4.692257631320696,6.039886475561565,4.166518110776663,50,0.129954815987859,3.286096222194909,0.0116953293413173,1.181553133732535,20.312174530612563
