media,desvio_padrao,maximo,minimo,rms,variancia,skewness,kurtosis,pico_a_pico,crest_factor,shape_factor,impulse_factor,margin_factor,energia,zero_crossings,mean_abs,peak_to_rms,mediana,amplitude,coeficiente_variacao
0.0083499711321159,0.1835336661447225,0.3763621956087825,-0.5285639121756487,0.1837235113599499,0.0336846066085224,-0.1673910296615822,-0.5135283431214761,0.9049261077844312,2.8769530272045025,1.1967504416055252,3.442994805785341,3.92508165645574,4.084273763797987,59,0.1535186493129443,2.8769530272045025,0.0212790019960079,0.9049261077844312,21.980155768300715
