media,desvio_padrao,maximo,minimo,rms,variancia,skewness,kurtosis,pico_a_pico,crest_factor,shape_factor,impulse_factor,margin_factor,energia,zero_crossings,mean_abs,peak_to_rms,mediana,amplitude,coeficiente_variacao
0.0033010577192721,0.0990658566801745,0.240079121756487,-0.2452770459081836,0.0991208400985526,0.0098140439597768,-0.102352007649131,-0.2979040404699606,0.4853561676646706,2.474525494984835,1.2462046291652706,3.083765126837584,3.657507987259783,1.1888178539629837,53,0.0795381735702149,2.474525494984835,0.0025989620758483,0.4853561676646706,30.010337626576277
