media,desvio_padrao,maximo,minimo,rms,variancia,skewness,kurtosis,pico_a_pico,crest_factor,shape_factor,impulse_factor,margin_factor,energia,zero_crossings,mean_abs,peak_to_rms,mediana,amplitude,coeficiente_variacao
0.00688939740354,0.1311640972260826,0.2858858283433133,-0.2602210778443113,0.1313449054882494,0.0172040204011332,-0.008495966086788,-0.7256292624686234,0.5461069061876247,2.1766038605044318,1.2133900761390968,2.641069524022124,3.0962417219692098,2.0874295879237774,61,0.1082462334834463,2.1766038605044318,-0.0048730538922155,0.5461069061876247,19.03854423591324
