media,desvio_padrao,maximo,minimo,rms,variancia,skewness,kurtosis,pico_a_pico,crest_factor,shape_factor,impulse_factor,margin_factor,energia,zero_crossings,mean_abs,peak_to_rms,mediana,amplitude,coeficiente_variacao
0.0044340763101895,0.1051799382907204,0.2857233932135729,-0.2663936127744511,0.1052733605978471,0.0110628194188397,0.0496875145754662,-0.3359682016200711,0.552117005988024,2.714109168653404,1.2145817249065731,3.296507395647797,3.809050362906176,1.340980134639287,43,0.0866745797660876,2.714109168653404,0.0014619161676646,0.552117005988024,23.72082276730698
