media,desvio_padrao,maximo,minimo,rms,variancia,skewness,kurtosis,pico_a_pico,crest_factor,shape_factor,impulse_factor,margin_factor,energia,zero_crossings,mean_abs,peak_to_rms,mediana,amplitude,coeficiente_variacao
0.0020184562023494,0.2104566924204201,0.4723613572854291,-0.6182281037924152,0.2104663715418311,0.0442920193845433,-0.004759857227972,0.132740732333926,1.0905894610778444,2.9374198797813147,1.2857043593199624,3.776653544587956,4.580891651833288,5.404123413098064,45,0.1636973305847321,2.9374198797813147,0.002842614770459,1.0905894610778444,104.26616746771953
