media,desvio_padrao,maximo,minimo,rms,variancia,skewness,kurtosis,pico_a_pico,crest_factor,shape_factor,impulse_factor,margin_factor,energia,zero_crossings,mean_abs,peak_to_rms,mediana,amplitude,coeficiente_variacao
0.0067645505682849,0.2798766349484531,0.5566651896207585,-0.6927858283433134,0.2799583717884868,0.0783309307900697,-0.0687596211211816,-0.9237098803280944,1.249451017964072,2.474603005859473,1.1644874391091469,2.8816441171050946,3.2589043400603552,9.483579482069736,61,0.2404133890895894,2.474603005859473,0.0008121756487025,1.249451017964072,41.37401770054517
