media,desvio_padrao,maximo,minimo,rms,variancia,skewness,kurtosis,pico_a_pico,crest_factor,shape_factor,impulse_factor,margin_factor,energia,zero_crossings,mean_abs,peak_to_rms,mediana,amplitude,coeficiente_variacao
0.0095663639933248,0.23075279399962,0.4899043512974052,-0.4475087824351297,0.2309510061867751,0.053246851938631,0.0663437802780881,-0.6147023982674948,0.937413133732535,2.121247962441042,1.2306066108404516,2.6104217658117843,3.063285260505917,6.50728080555943,63,0.1876724894473348,2.121247962441042,0.0060913173652694,0.937413133732535,24.12126427142368
