media,desvio_padrao,maximo,minimo,rms,variancia,skewness,kurtosis,pico_a_pico,crest_factor,shape_factor,impulse_factor,margin_factor,energia,zero_crossings,mean_abs,peak_to_rms,mediana,amplitude,coeficiente_variacao
0.0007839844278385,0.1796156705864251,0.4107984431137724,-0.4465341716566866,0.179617381541415,0.0322617891202111,-0.0717257746478163,-0.1165822479329348,0.8573326147704591,2.48602984758314,1.2655525569001178,3.146201430138853,3.740834957685665,3.903750853967106,62,0.1419280302205506,2.48602984758314,-0.0125075049900199,0.8573326147704591,229.10617125601556
