media,desvio_padrao,maximo,minimo,rms,variancia,skewness,kurtosis,pico_a_pico,crest_factor,shape_factor,impulse_factor,margin_factor,energia,zero_crossings,mean_abs,peak_to_rms,mediana,amplitude,coeficiente_variacao
0.0106186931921281,0.2733543351814261,0.7132526546906187,-0.6819026746506986,0.2735605037420205,0.0747225925624794,0.0164847460628848,-0.2574930322471371,1.3951553293413173,2.6072939804323765,1.2572258461265586,3.2779573806497777,3.952936309502273,9.055077254118151,61,0.2175905821415021,2.6072939804323765,0.0089339321357285,1.3951553293413173,25.74274726988717
