media,desvio_padrao,maximo,minimo,rms,variancia,skewness,kurtosis,pico_a_pico,crest_factor,shape_factor,impulse_factor,margin_factor,energia,zero_crossings,mean_abs,peak_to_rms,mediana,amplitude,coeficiente_variacao
0.0023653776744032,0.1013570552559381,0.4151841916167664,-0.3165860678642714,0.1013846520026471,0.0102732526501552,0.2505110581879141,2.2541132177790333,0.7317702594810379,4.095138498931043,1.3276152381190642,5.436768273388883,6.576539326387421,1.2437405670654411,48,0.0763659900034641,4.095138498931043,0.000649740518962,0.7317702594810379,42.85026292112468
