media,desvio_padrao,maximo,minimo,rms,variancia,skewness,kurtosis,pico_a_pico,crest_factor,shape_factor,impulse_factor,margin_factor,energia,zero_crossings,mean_abs,peak_to_rms,mediana,amplitude,coeficiente_variacao
0.0053230790877261,0.1433095627507672,0.3336417564870259,-0.2816625149700599,0.1434083886904468,0.020537630775816,0.143464894265411,-0.5653536011207567,0.6153042714570858,2.3265149238041154,1.2268446990533943,2.854272501537691,3.3360373639883805,2.509047845508415,57,0.1168920473806485,2.3265149238041154,-0.0022740918163672,0.6153042714570858,26.92230575367677
