media,desvio_padrao,maximo,minimo,rms,variancia,skewness,kurtosis,pico_a_pico,crest_factor,shape_factor,impulse_factor,margin_factor,energia,zero_crossings,mean_abs,peak_to_rms,mediana,amplitude,coeficiente_variacao
0.0020956794607506,0.1518014375937054,0.3939051896207585,-0.5131325748502994,0.1518159027503965,0.0230436764555156,-0.3754385586401182,0.8806412495040434,0.907037764471058,3.379965903136976,1.285185491535543,4.3438831405964695,5.127057304041449,2.8118643360059794,57,0.1181276195150682,3.379965903136976,0.0111268063872255,0.907037764471058,72.43542747674469
