media,desvio_padrao,maximo,minimo,rms,variancia,skewness,kurtosis,pico_a_pico,crest_factor,shape_factor,impulse_factor,margin_factor,energia,zero_crossings,mean_abs,peak_to_rms,mediana,amplitude,coeficiente_variacao
0.0079180468571054,0.1562390860937529,0.3328295808383233,-0.386270738522954,0.156439596935822,0.0244106520234111,0.0028386337219939,-0.3890004078023503,0.7191003193612775,2.469136625821264,1.2528329777656415,3.0934157914378626,3.65406540145945,2.985748393711978,60,0.1248686773992997,2.469136625821264,-0.0114516766467065,0.7191003193612775,19.73202342867518
