media,desvio_padrao,maximo,minimo,rms,variancia,skewness,kurtosis,pico_a_pico,crest_factor,shape_factor,impulse_factor,margin_factor,energia,zero_crossings,mean_abs,peak_to_rms,mediana,amplitude,coeficiente_variacao
0.0117978498740224,0.1343703357587267,0.3026166467065868,-0.2983933333333333,0.1348872729117278,0.0180553871319129,-0.2148526662477108,-0.5272146293380873,0.6010099800399202,2.2434781293608297,1.2183230966434244,2.733281221814684,3.1702125205891862,2.2197383200146787,51,0.1107155181440397,2.2434781293608297,0.0271266666666666,0.6010099800399202,11.389391897128249
