media,desvio_padrao,maximo,minimo,rms,variancia,skewness,kurtosis,pico_a_pico,crest_factor,shape_factor,impulse_factor,margin_factor,energia,zero_crossings,mean_abs,peak_to_rms,mediana,amplitude,coeficiente_variacao
0.0027507457216714,0.2282223814344019,0.4994880239520958,-0.5680356487025948,0.2282389580891372,0.0520854553875896,-0.0035771266888204,-0.68689132773987,1.0675236726546906,2.488776033058967,1.1990153138355877,2.9840805763446867,3.427583058084336,6.355348682733022,65,0.1903553319590328,2.488776033058967,-0.0185176047904191,1.0675236726546906,82.96745847367123
