media,desvio_padrao,maximo,minimo,rms,variancia,skewness,kurtosis,pico_a_pico,crest_factor,shape_factor,impulse_factor,margin_factor,energia,zero_crossings,mean_abs,peak_to_rms,mediana,amplitude,coeficiente_variacao
0.00407286116292,0.2672977858410762,0.5966242315369261,-0.6918112175648702,0.2673288134743322,0.0714481063155418,-0.0119156738795448,-0.5170410117709783,1.2884354491017964,2.587866263175163,1.2224120419929845,3.1634388831727045,3.707187644327112,8.718692730658503,62,0.2186896106148359,2.587866263175163,-0.0100709780439121,1.2884354491017964,65.628995231803
