media,desvio_padrao,maximo,minimo,rms,variancia,skewness,kurtosis,pico_a_pico,crest_factor,shape_factor,impulse_factor,margin_factor,energia,zero_crossings,mean_abs,peak_to_rms,mediana,amplitude,coeficiente_variacao
0.0063967222579634,0.1741973293326431,0.5423708982035929,-0.5009499401197605,0.1743147371918703,0.0303447095466253,0.0797411918270221,0.7351768557622926,1.0433208383233534,3.1114460368694963,1.3072118139452884,4.067319017849053,4.947030100525277,3.676660939874772,50,0.1333485020042559,3.1114460368694963,0.004385748502994,1.0433208383233534,27.232279643809942
