media,desvio_padrao,maximo,minimo,rms,variancia,skewness,kurtosis,pico_a_pico,crest_factor,shape_factor,impulse_factor,margin_factor,energia,zero_crossings,mean_abs,peak_to_rms,mediana,amplitude,coeficiente_variacao
-0.0025627162204516,0.1194177489352919,0.3287687025948103,-0.2793884231536926,0.1194452438366592,0.0142605987607724,0.044949721370371,-0.1862371733919383,0.608157125748503,2.7524637401586274,1.239206775048034,3.4108717148786227,3.963634598784216,1.7263271192990766,52,0.0963884690123884,2.7524637401586274,0.0053603592814371,0.608157125748503,-46.59811647590284
