media,desvio_padrao,maximo,minimo,rms,variancia,skewness,kurtosis,pico_a_pico,crest_factor,shape_factor,impulse_factor,margin_factor,energia,zero_crossings,mean_abs,peak_to_rms,mediana,amplitude,coeficiente_variacao
-0.0012766595734151,0.2512383235681909,0.577132015968064,-0.7288464271457086,0.2512415671998194,0.063120695229355,-0.1930231642150455,-0.0617200469833782,1.3059784431137724,2.9009786687329355,1.2365334548206466,3.587157175609337,4.174545056497699,7.637801335771588,65,0.2031821834017914,2.9009786687329355,0.0141318562874251,1.3059784431137724,-196.79351394836743
