media,desvio_padrao,maximo,minimo,rms,variancia,skewness,kurtosis,pico_a_pico,crest_factor,shape_factor,impulse_factor,margin_factor,energia,zero_crossings,mean_abs,peak_to_rms,mediana,amplitude,coeficiente_variacao
0.0072762949510814,0.2481043573614294,0.4962393213572854,-0.5365232335329342,0.2482110324098085,0.0615557721417279,-0.1285153691408485,-0.8059384599365425,1.0327625548902195,2.1615607828708763,1.1967954245075842,2.5869460547348964,2.984514267564101,7.51626342641305,59,0.2073963747914007,2.1615607828708763,0.0181927345309381,1.0327625548902195,34.097622351682524
