media,desvio_padrao,maximo,minimo,rms,variancia,skewness,kurtosis,pico_a_pico,crest_factor,shape_factor,impulse_factor,margin_factor,energia,zero_crossings,mean_abs,peak_to_rms,mediana,amplitude,coeficiente_variacao
0.0067484412992197,0.1672527017222553,0.4790211976047904,-0.5217416367265469,0.1673887920183508,0.0279734662333937,0.1347434503146979,0.7670038983248628,1.0007628343313373,3.11694487089284,1.284630046615123,4.004121034791837,4.767828550780959,3.390299930896889,48,0.1303011652727602,3.11694487089284,0.0105582834331337,1.0007628343313373,24.783901097516125
