media,desvio_padrao,maximo,minimo,rms,variancia,skewness,kurtosis,pico_a_pico,crest_factor,shape_factor,impulse_factor,margin_factor,energia,zero_crossings,mean_abs,peak_to_rms,mediana,amplitude,coeficiente_variacao
0.0043671084061385,0.1972775779285503,0.7371306187624751,-0.7416788023952096,0.1973259090671729,0.0389184427533552,-0.2650955103470824,4.759025116923895,1.4788094211576848,3.758648856105003,1.5022744621349673,5.646522188659353,7.198486126300998,4.750376755480719,59,0.1313514367985341,3.758648856105003,0.0073095808383233,1.4788094211576848,45.17350145264332
