media,desvio_padrao,maximo,minimo,rms,variancia,skewness,kurtosis,pico_a_pico,crest_factor,shape_factor,impulse_factor,margin_factor,energia,zero_crossings,mean_abs,peak_to_rms,mediana,amplitude,coeficiente_variacao
0.0085052099080527,0.1575565702877422,0.450107744510978,-0.3880575249500997,0.1577859671720407,0.0248240728408362,0.3832725488881126,0.4500466421482043,0.8381652694610777,2.852647498241758,1.2897302945582427,3.679145898178177,4.377118406373722,3.0373621952427885,59,0.1223402814044043,2.852647498241758,-0.0009746107784431,0.8381652694610777,18.524712733846517
