media,desvio_padrao,maximo,minimo,rms,variancia,skewness,kurtosis,pico_a_pico,crest_factor,shape_factor,impulse_factor,margin_factor,energia,zero_crossings,mean_abs,peak_to_rms,mediana,amplitude,coeficiente_variacao
-0.0035056696443179,0.143075164153142,0.4073873053892216,-0.6029592015968064,0.143118106181935,0.0204705025974485,-0.5182664925159607,2.278371499964263,1.010346506986028,4.213018308321596,1.3251097929986555,5.582711818439576,6.725166812299428,2.4989006626866423,48,0.1080047154870586,4.213018308321596,0.0005685229540918,1.010346506986028,-40.81250621690548
