media,desvio_padrao,maximo,minimo,rms,variancia,skewness,kurtosis,pico_a_pico,crest_factor,shape_factor,impulse_factor,margin_factor,energia,zero_crossings,mean_abs,peak_to_rms,mediana,amplitude,coeficiente_variacao
0.0043311596479172,0.1190781413166504,0.2743529341317365,-0.3165860678642714,0.119156882651922,0.0141796037394281,-0.0613218635549097,-0.1720671454327655,0.5909390019960079,2.6568844435874883,1.273497654861462,3.3835361081465667,4.058797854648364,1.7322002473655178,56,0.0935666290370079,2.6568844435874883,0.0159998602794411,0.5909390019960079,27.493362285528168
