media,desvio_padrao,maximo,minimo,rms,variancia,skewness,kurtosis,pico_a_pico,crest_factor,shape_factor,impulse_factor,margin_factor,energia,zero_crossings,mean_abs,peak_to_rms,mediana,amplitude,coeficiente_variacao
-0.0053429075732831,0.2662697634621517,0.6710195209580838,-0.6744306586826347,0.2663233628421038,0.0708995869341902,0.0975348310999293,0.1444622668664359,1.3454501796407186,2.532375122803203,1.2921921078198,3.272315147725496,3.953835469098134,8.582304165058753,59,0.2061019884198545,2.532375122803203,0.0053603592814371,1.3454501796407186,-49.83611634863642
