media,desvio_padrao,maximo,minimo,rms,variancia,skewness,kurtosis,pico_a_pico,crest_factor,shape_factor,impulse_factor,margin_factor,energia,zero_crossings,mean_abs,peak_to_rms,mediana,amplitude,coeficiente_variacao
0.0052167182989393,0.1036139018532991,0.2158762874251497,-0.2243229141716567,0.1037451435348932,0.0107358406572651,-0.024603115057057,-0.6310888217323467,0.4401992015968064,2.162249783732853,1.2193676147247563,2.636577361229449,3.0721428312837795,1.302329631656148,46,0.085081104567724,2.162249783732853,0.0144567265469061,0.4401992015968064,19.8618932278491
