media,desvio_padrao,maximo,minimo,rms,variancia,skewness,kurtosis,pico_a_pico,crest_factor,shape_factor,impulse_factor,margin_factor,energia,zero_crossings,mean_abs,peak_to_rms,mediana,amplitude,coeficiente_variacao
0.002349268405338,0.1548602409700236,0.3352661077844311,-0.3729510578842315,0.1548780594381725,0.0239816942332937,-0.1061153371552837,-0.3787514403456011,0.7082171656686627,2.40803028677612,1.2499256997846946,3.0098589413013808,3.584087262518562,2.902452808735427,54,0.1239098127711519,2.40803028677612,-0.0103958483033932,0.7082171656686627,65.91849642133063
