media,desvio_padrao,maximo,minimo,rms,variancia,skewness,kurtosis,pico_a_pico,crest_factor,shape_factor,impulse_factor,margin_factor,energia,zero_crossings,mean_abs,peak_to_rms,mediana,amplitude,coeficiente_variacao
0.0001571093877818,0.2449462167264689,0.5488683033932136,-0.5409089820359282,0.244946267111728,0.0599986490886102,0.0292346438105727,-0.2152491484460257,1.089777285429142,2.2407702304067234,1.2966336040758364,2.905457979758112,3.5995003204376075,7.319838200180341,60,0.1889093930172442,2.2407702304067234,-0.0017055688622754,1.089777285429142,1559.0807155753016
