media,desvio_padrao,maximo,minimo,rms,variancia,skewness,kurtosis,pico_a_pico,crest_factor,shape_factor,impulse_factor,margin_factor,energia,zero_crossings,mean_abs,peak_to_rms,mediana,amplitude,coeficiente_variacao
0.0009571590702891,0.2198555570025396,0.3784738522954091,-0.4324023153692615,0.2198576405276441,0.0483364659448969,-0.1030475347232969,-1.0932165302227632,0.8108761676646706,1.966737723244568,1.159409874966295,2.2802551377984805,2.5552635136400106,5.848823233904319,58,0.1896289183616238,1.966737723244568,0.0136445508982035,0.8108761676646706,229.6959448298573
