media,desvio_padrao,maximo,minimo,rms,variancia,skewness,kurtosis,pico_a_pico,crest_factor,shape_factor,impulse_factor,margin_factor,energia,zero_crossings,mean_abs,peak_to_rms,mediana,amplitude,coeficiente_variacao
0.0012041678626218,0.1643906026327334,0.3316925349301397,-0.3373777644710579,0.1643950128629047,0.0270242702339532,0.0153180602378708,-0.8382976817739487,0.6690702994011977,2.052238438354636,1.18991344251206,2.441986105038138,2.7912510236230843,3.270112150757549,63,0.1381571188202108,2.052238438354636,-0.0037360079840319,0.6690702994011977,136.51801192800622
