media,desvio_padrao,maximo,minimo,rms,variancia,skewness,kurtosis,pico_a_pico,crest_factor,shape_factor,impulse_factor,margin_factor,energia,zero_crossings,mean_abs,peak_to_rms,mediana,amplitude,coeficiente_variacao
0.0056439550407381,0.2248231213791879,0.5685229540918164,-0.5409089820359282,0.2248939530871894,0.050545435906681,-0.0370663718111933,-0.256574925123112,1.1094319361277445,2.5279601620564915,1.2485743933886095,3.1563463258502558,3.763529487593648,6.170429396492322,65,0.1801205873498903,2.5279601620564915,0.0049542714570858,1.1094319361277445,39.83432181093036
