media,desvio_padrao,maximo,minimo,rms,variancia,skewness,kurtosis,pico_a_pico,crest_factor,shape_factor,impulse_factor,margin_factor,energia,zero_crossings,mean_abs,peak_to_rms,mediana,amplitude,coeficiente_variacao
0.003330591379225,0.1337505527275995,0.3506974451097804,-0.2962816766467065,0.1337920146865041,0.0178892103549383,-0.0042783134730714,-0.3568339442609609,0.646979121756487,2.6212135749022085,1.223989907939829,3.208338962235185,3.72132962912494,2.1659366864587235,53,0.1093081028026591,2.6212135749022085,0.0238779640718562,0.646979121756487,40.15819940022823
