media,desvio_padrao,maximo,minimo,rms,variancia,skewness,kurtosis,pico_a_pico,crest_factor,shape_factor,impulse_factor,margin_factor,energia,zero_crossings,mean_abs,peak_to_rms,mediana,amplitude,coeficiente_variacao
0.0018525659424951,0.2104807696475554,0.4398743313373253,-0.4946149700598802,0.2104889222548269,0.0443021543914273,-0.1472956355074838,-0.7210399790989577,0.9344893013972057,2.349838484426644,1.2067534015401102,2.8356755841517103,3.2847998000237357,5.360975953431828,56,0.1744257956813645,2.349838484426644,0.025989620758483,0.9344893013972057,113.6158043389614
