media,desvio_padrao,maximo,minimo,rms,variancia,skewness,kurtosis,pico_a_pico,crest_factor,shape_factor,impulse_factor,margin_factor,energia,zero_crossings,mean_abs,peak_to_rms,mediana,amplitude,coeficiente_variacao
0.0040689328780455,0.1615748476114166,0.4366256287425149,-0.4311028343313373,0.1616260733774676,0.0261064313806525,-0.1681727626957708,-0.0333590890705832,0.8677284630738522,2.7014554002237188,1.2348823409506755,3.3359795686021108,3.8546634142591696,3.160881499045644,58,0.1308837838372841,2.7014554002237188,0.0181927345309381,0.8677284630738522,39.70939124683379
