media,desvio_padrao,maximo,minimo,rms,variancia,skewness,kurtosis,pico_a_pico,crest_factor,shape_factor,impulse_factor,margin_factor,energia,zero_crossings,mean_abs,peak_to_rms,mediana,amplitude,coeficiente_variacao
0.0011894010326454,0.1386829433041307,0.3593065069860279,-0.3044034331337325,0.1386880436025874,0.0192329587634967,0.0881532934484053,-0.4872562171497745,0.6637099401197604,2.590753302538652,1.2106320034021456,3.136448860973094,3.600896745935534,2.3273591860358955,52,0.1145583820788175,2.590753302538652,0.0008121756487025,0.6637099401197604,116.59897670987664
