media,desvio_padrao,maximo,minimo,rms,variancia,skewness,kurtosis,pico_a_pico,crest_factor,shape_factor,impulse_factor,margin_factor,energia,zero_crossings,mean_abs,peak_to_rms,mediana,amplitude,coeficiente_variacao
0.0038198884198815,0.1039959421176124,0.2756524151696606,-0.2862106986027944,0.1040660728790615,0.0108151559769297,-0.0705447059253782,-0.0134195677217703,0.561863113772455,2.7502786516736237,1.2587294855255815,3.4618568322731296,4.102707625604275,1.321229197985358,53,0.0826754867314551,2.7502786516736237,0.0085278443113772,0.561863113772455,27.224863840613786
