media,desvio_padrao,maximo,minimo,rms,variancia,skewness,kurtosis,pico_a_pico,crest_factor,shape_factor,impulse_factor,margin_factor,energia,zero_crossings,mean_abs,peak_to_rms,mediana,amplitude,coeficiente_variacao
0.0075159533392231,0.237326946031444,0.625050379241517,-0.5209294610778443,0.2374459283020228,0.0563240793126119,0.1764202096254161,-0.2742580255731717,1.1459798403193613,2.632390387619008,1.2427495583415238,3.271401991595994,3.871669979388972,6.878429401799542,60,0.1910649870750302,2.632390387619008,0.0013806986027944,1.1459798403193613,31.57642621234965
