media,desvio_padrao,maximo,minimo,rms,variancia,skewness,kurtosis,pico_a_pico,crest_factor,shape_factor,impulse_factor,margin_factor,energia,zero_crossings,mean_abs,peak_to_rms,mediana,amplitude,coeficiente_variacao
0.0033198518665149,0.1814510283497978,0.5709594810379242,-0.6536389620758483,0.1814813960317,0.0329244756891991,-0.1827495532779596,2.55254232972029,1.2245984431137724,3.6016857725828526,1.3841991163158005,4.985450263656375,6.183240211684568,3.9851951497793854,59,0.1311093136041966,3.6016857725828526,0.0053603592814371,1.2245984431137724,54.65636288774555
