media,desvio_padrao,maximo,minimo,rms,variancia,skewness,kurtosis,pico_a_pico,crest_factor,shape_factor,impulse_factor,margin_factor,energia,zero_crossings,mean_abs,peak_to_rms,mediana,amplitude,coeficiente_variacao
0.0061512319623049,0.1751788488832075,0.4148593213572854,-0.479833373253493,0.1752868128260073,0.0306876290960456,-0.0608096304475089,-0.1769624815087924,0.8946926946107785,2.737418551444504,1.2493831639512718,3.420084650862642,4.043839201945591,3.748506943585368,64,0.1402986832891593,2.737418551444504,0.0112080239520958,0.8946926946107785,28.47866085309634
