media,desvio_padrao,maximo,minimo,rms,variancia,skewness,kurtosis,pico_a_pico,crest_factor,shape_factor,impulse_factor,margin_factor,energia,zero_crossings,mean_abs,peak_to_rms,mediana,amplitude,coeficiente_variacao
0.002737233301991,0.2095766898986603,0.5243405988023951,-0.4916911377245509,0.2095945643260548,0.0439223889488792,-0.0207121420553536,-0.1355979962416222,1.016031736526946,2.501689872007878,1.2507082609586628,3.128884189276873,3.665110220458125,5.315515648798478,57,0.1675806987677537,2.501689872007878,0.008771497005988,1.016031736526946,76.56515421839065
