media,desvio_padrao,maximo,minimo,rms,variancia,skewness,kurtosis,pico_a_pico,crest_factor,shape_factor,impulse_factor,margin_factor,energia,zero_crossings,mean_abs,peak_to_rms,mediana,amplitude,coeficiente_variacao
0.0030662959327247,0.1419432393875047,0.2876726147704591,-0.386270738522954,0.1419763549981668,0.0201478832078184,-0.1999161085752645,-0.3761789249554796,0.6739433532934131,2.7206694982973847,1.2223208348485608,3.3255310125058744,3.8538977079394687,2.459188816184992,55,0.1161531006838781,2.7206694982973847,0.0130760279441117,0.6739433532934131,46.29143517187327
