media,desvio_padrao,maximo,minimo,rms,variancia,skewness,kurtosis,pico_a_pico,crest_factor,shape_factor,impulse_factor,margin_factor,energia,zero_crossings,mean_abs,peak_to_rms,mediana,amplitude,coeficiente_variacao
-0.0007799571105722,0.1544038025919775,0.4109608782435129,-0.3961792814371258,0.1544057725214854,0.0238405342548623,-0.015867934799801,-0.3349581707110785,0.8071401596806387,2.6615642118323533,1.2216421428692,3.2514790071268496,3.76124251120104,2.8847782531427604,57,0.1263919826462776,2.6615642118323533,0.0107207185628742,0.8071401596806387,-197.9644784297092
