media,desvio_padrao,maximo,minimo,rms,variancia,skewness,kurtosis,pico_a_pico,crest_factor,shape_factor,impulse_factor,margin_factor,energia,zero_crossings,mean_abs,peak_to_rms,mediana,amplitude,coeficiente_variacao
0.0021729027191518,0.1897144020599586,0.5298633932135728,-0.5228786826347306,0.1897268453730113,0.0359915543489676,0.0024093916716597,0.3922199312631091,1.0527420758483037,2.7927697431106187,1.271168270931384,3.5500802854594107,4.16732018890797,4.391545654333734,61,0.1492539183927227,2.7927697431106187,0.0157562075848303,1.0527420758483037,87.30920182842299
