media,desvio_padrao,maximo,minimo,rms,variancia,skewness,kurtosis,pico_a_pico,crest_factor,shape_factor,impulse_factor,margin_factor,energia,zero_crossings,mean_abs,peak_to_rms,mediana,amplitude,coeficiente_variacao
-0.0015048742185051,0.2565353806895186,0.6654967265469062,-0.5847664670658683,0.2565397945581343,0.0658104015455162,0.0685004913285577,-0.4107591514793651,1.2502631936127746,2.5941266839055577,1.2023314634074551,3.1190001321244987,3.5637643767044955,7.963332609223503,57,0.2133686112073374,2.5941266839055577,-0.0196546506986027,1.2502631936127746,-170.46964957931598
