media,desvio_padrao,maximo,minimo,rms,variancia,skewness,kurtosis,pico_a_pico,crest_factor,shape_factor,impulse_factor,margin_factor,energia,zero_crossings,mean_abs,peak_to_rms,mediana,amplitude,coeficiente_variacao
0.0036447221259959,0.1280706228131311,0.2964441117764471,-0.3292560079840319,0.128122474324839,0.0164020844277433,-0.1216483125138704,-0.0887370938259639,0.625700119760479,2.5698536476062994,1.232805008250659,3.16812844724027,3.646935184803688,1.9862595796814024,49,0.1039276069348905,2.5698536476062994,0.0082841916167664,0.625700119760479,35.13865210729471
