media,desvio_padrao,maximo,minimo,rms,variancia,skewness,kurtosis,pico_a_pico,crest_factor,shape_factor,impulse_factor,margin_factor,energia,zero_crossings,mean_abs,peak_to_rms,mediana,amplitude,coeficiente_variacao
-0.0034420138235924,0.1491371653685228,0.3292560079840319,-0.3531339720558882,0.1491768800897777,0.0222418940941581,-0.0750079366667102,-0.6649965065784782,0.6823899800399201,2.367216500595567,1.182444409611804,2.799101917470046,3.1546860817651496,2.69270272795171,59,0.1261597406839214,2.367216500595567,0.0076344510978043,0.6823899800399201,-43.32846206087169
