media,desvio_padrao,maximo,minimo,rms,variancia,skewness,kurtosis,pico_a_pico,crest_factor,shape_factor,impulse_factor,margin_factor,energia,zero_crossings,mean_abs,peak_to_rms,mediana,amplitude,coeficiente_variacao
0.0074853303229606,0.2245783586355534,0.5212543313373253,-0.5743706187624751,0.224703069265827,0.0504354391674392,0.1487740170534105,-0.1449936401663989,1.0956249500998003,2.5561316124391085,1.2926632050793707,3.3042172827402374,4.053346066055816,6.159959259172934,65,0.1738295546611695,2.5561316124391085,0.0034111377245508,1.0956249500998003,30.002464680373265
