media,desvio_padrao,maximo,minimo,rms,variancia,skewness,kurtosis,pico_a_pico,crest_factor,shape_factor,impulse_factor,margin_factor,energia,zero_crossings,mean_abs,peak_to_rms,mediana,amplitude,coeficiente_variacao
0.0034550750957102,0.1286518303256463,0.3092764870259481,-0.2845863473053892,0.1286982167322294,0.0165512934461389,0.1935270396650937,-0.659986943782723,0.5938628343313374,2.403114004830629,1.211643061310641,2.911716409491458,3.388601168959032,2.020714180786819,61,0.1062179290599129,2.403114004830629,-0.0009746107784431,0.5938628343313374,37.23561044603025
