media,desvio_padrao,maximo,minimo,rms,variancia,skewness,kurtosis,pico_a_pico,crest_factor,shape_factor,impulse_factor,margin_factor,energia,zero_crossings,mean_abs,peak_to_rms,mediana,amplitude,coeficiente_variacao
0.0067390442255983,0.2108260373815889,0.5321374850299401,-0.492990618762475,0.2109337164966703,0.0444476180380231,-0.0229941845475396,-0.4998556332596102,1.0251281037924151,2.5227711049140886,1.2225896037425996,3.084313725490196,3.605228881422432,5.38365696336682,62,0.1725302716880289,2.5227711049140886,0.0266393612774451,1.0251281037924151,31.28426381010562
