media,desvio_padrao,maximo,minimo,rms,variancia,skewness,kurtosis,pico_a_pico,crest_factor,shape_factor,impulse_factor,margin_factor,energia,zero_crossings,mean_abs,peak_to_rms,mediana,amplitude,coeficiente_variacao
0.0091349788946696,0.1355798916661183,0.4315901397205589,-0.2990430738522954,0.1358872873509602,0.0183819070241963,0.2031808048672221,0.0232091772697073,0.7306332135728544,3.1760891554621864,1.2467869996577223,3.959906668784129,4.630650112990413,2.252773293359499,47,0.1089899777494191,3.1760891554621864,0.0053603592814371,0.7306332135728544,14.84183961773904
