media,desvio_padrao,maximo,minimo,rms,variancia,skewness,kurtosis,pico_a_pico,crest_factor,shape_factor,impulse_factor,margin_factor,energia,zero_crossings,mean_abs,peak_to_rms,mediana,amplitude,coeficiente_variacao
0.0073136081555896,0.1489596820454031,0.4746354491017964,-0.3966665868263473,0.1491391153900313,0.0221889868750675,-0.013908719872353,0.8784270200160704,0.8713020359281438,3.182501437403065,1.29238069519054,4.113003420115866,4.875681108247909,2.691339564457853,45,0.1153987489483842,3.182501437403065,0.0089339321357285,0.8713020359281438,20.36746826961957
