media,desvio_padrao,maximo,minimo,rms,variancia,skewness,kurtosis,pico_a_pico,crest_factor,shape_factor,impulse_factor,margin_factor,energia,zero_crossings,mean_abs,peak_to_rms,mediana,amplitude,coeficiente_variacao
0.0001154497616337,0.1850226583275122,0.5426957684630739,-0.5941877045908184,0.1850226943464687,0.0342333840945793,-0.3429499331810015,1.6290415935175018,1.136883473053892,3.211431477039016,1.3626417750462811,4.376030688311945,5.399816703575982,4.14224108821044,46,0.1357823440721862,3.211431477039016,-0.0042233133732534,1.136883473053892,1602.6248621843708
