media,desvio_padrao,maximo,minimo,rms,variancia,skewness,kurtosis,pico_a_pico,crest_factor,shape_factor,impulse_factor,margin_factor,energia,zero_crossings,mean_abs,peak_to_rms,mediana,amplitude,coeficiente_variacao
0.0084842150409923,0.122877704855395,0.372788622754491,-0.3354285429141716,0.1231702571865114,0.0150989303505295,-0.1999113512367913,0.3420665496184729,0.7082171656686627,3.0266123597516983,1.295809615173673,3.921913397169731,4.772057436697807,1.835680382902356,55,0.0950527421190676,3.0266123597516983,0.0170556886227544,0.7082171656686627,14.483096463455748
