media,desvio_padrao,maximo,minimo,rms,variancia,skewness,kurtosis,pico_a_pico,crest_factor,shape_factor,impulse_factor,margin_factor,energia,zero_crossings,mean_abs,peak_to_rms,mediana,amplitude,coeficiente_variacao
0.0034594655317464,0.2955248864708659,0.8419012774451098,-0.61660375249501,0.2955451343287241,0.0873349585236182,0.1855814389914916,-0.3736132179683817,1.45850502994012,2.84863859916805,1.216455540817847,3.4652422077455647,4.019720353877905,10.56897809747141,63,0.2429559687237096,2.84863859916805,-0.0138069860279441,1.45850502994012,85.42501255148439
