media,desvio_padrao,maximo,minimo,rms,variancia,skewness,kurtosis,pico_a_pico,crest_factor,shape_factor,impulse_factor,margin_factor,energia,zero_crossings,mean_abs,peak_to_rms,mediana,amplitude,coeficiente_variacao
-0.0054972880684911,0.1391944657613509,0.3305554890219561,-0.2857233932135729,0.1393029772642921,0.0193750992985879,0.1256693758654605,-0.4384988728932772,0.616278882235529,2.372924796824772,1.2483436339295504,2.9622255639097754,3.5636226760846874,2.348043656438202,51,0.1115902492535589,2.372924796824772,-0.0092588023952095,0.616278882235529,-25.32056971130436
