media,desvio_padrao,maximo,minimo,rms,variancia,skewness,kurtosis,pico_a_pico,crest_factor,shape_factor,impulse_factor,margin_factor,energia,zero_crossings,mean_abs,peak_to_rms,mediana,amplitude,coeficiente_variacao
-0.0002236811622656,0.1519845736752991,0.5128077045908184,-0.6305731736526946,0.1519847382750148,0.0230993106352624,-0.1623800839111183,2.7007891295856856,1.143380878243513,4.148924298646873,1.3415644311603618,5.566049266641595,6.678022001582864,2.818122001560022,42,0.1132891829455842,4.148924298646873,0.0030050499001996,1.143380878243513,-679.4697065048659
