media,desvio_padrao,maximo,minimo,rms,variancia,skewness,kurtosis,pico_a_pico,crest_factor,shape_factor,impulse_factor,margin_factor,energia,zero_crossings,mean_abs,peak_to_rms,mediana,amplitude,coeficiente_variacao
0.0026681967213114,0.1257902629984989,0.3261697405189621,-0.3219464271457086,0.1258185580070569,0.0158231902652315,-0.3671605971850408,0.0652802026056753,0.6481161676646707,2.592381805080518,1.2662257260348455,3.2825405332976025,3.8971431759383175,1.9312977637549684,49,0.0993650305945485,2.592381805080518,0.0220099600798403,0.6481161676646707,47.14429861703388
