media,desvio_padrao,maximo,minimo,rms,variancia,skewness,kurtosis,pico_a_pico,crest_factor,shape_factor,impulse_factor,margin_factor,energia,zero_crossings,mean_abs,peak_to_rms,mediana,amplitude,coeficiente_variacao
-0.0012014829844443,0.1358202970408604,0.4762598003992016,-0.3852961277445109,0.1358256111697255,0.0184471530882675,0.0832903785281369,1.3377381278660003,0.8615559281437126,3.5064064597071813,1.3318357515937804,4.6699574826574,5.732402304768384,2.232280194605168,59,0.1019837551343593,3.5064064597071813,0.0035735728542914,0.8615559281437126,-113.04387893905572
