media,desvio_padrao,maximo,minimo,rms,variancia,skewness,kurtosis,pico_a_pico,crest_factor,shape_factor,impulse_factor,margin_factor,energia,zero_crossings,mean_abs,peak_to_rms,mediana,amplitude,coeficiente_variacao
0.0009356800448689,0.23813461061683,0.5248279041916167,-0.5901268263473054,0.2381364488497626,0.0567080927736292,-0.1611149931303174,-0.2914592322989326,1.1149547305389222,2.478103747652713,1.2337574378605898,3.0573789304567365,3.5525677573565995,6.861785160763852,49,0.1930172346216657,2.478103747652713,0.0040608782435129,1.1149547305389222,254.5043168577837
