media,desvio_padrao,maximo,minimo,rms,variancia,skewness,kurtosis,pico_a_pico,crest_factor,shape_factor,impulse_factor,margin_factor,energia,zero_crossings,mean_abs,peak_to_rms,mediana,amplitude,coeficiente_variacao
0.0023640352353144,0.1794067832043635,0.5769695808383234,-0.523041117764471,0.1794223579221143,0.0321867938597374,0.1014049831022594,1.0106977162810755,1.1000106986027944,3.2157061556886952,1.30144018758259,4.185049222469985,5.006035144057269,3.895278285202088,60,0.1378644670988601,3.2157061556886952,0.0105582834331337,1.1000106986027944,75.89006311088096
