media,desvio_padrao,maximo,minimo,rms,variancia,skewness,kurtosis,pico_a_pico,crest_factor,shape_factor,impulse_factor,margin_factor,energia,zero_crossings,mean_abs,peak_to_rms,mediana,amplitude,coeficiente_variacao
-0.0007799571105722,0.1614486278359858,0.4280165668662674,-0.4099862674650698,0.1614505118084702,0.0260656594301226,0.0334170114234107,-0.2934831778989171,0.8380028343313373,2.651069743117483,1.1976234606669742,3.174983320221866,3.593215537168554,3.154018399349257,54,0.1348090757328318,2.651069743117483,0.0116953293413173,0.8380028343313373,-206.99680232100584
