media,desvio_padrao,maximo,minimo,rms,variancia,skewness,kurtosis,pico_a_pico,crest_factor,shape_factor,impulse_factor,margin_factor,energia,zero_crossings,mean_abs,peak_to_rms,mediana,amplitude,coeficiente_variacao
0.0045777172926873,0.1372134540655137,0.3459868263473054,-0.3606059880239521,0.1372897937655986,0.0188275319765888,-0.1426868978819236,-0.1427250594105418,0.7065928143712574,2.626604484814303,1.2612090383793972,3.312697316495659,3.957634615384284,2.280666984136273,54,0.1088557008297454,2.626604484814303,0.0268017964071856,0.7065928143712574,29.974208823402996
