media,desvio_padrao,maximo,minimo,rms,variancia,skewness,kurtosis,pico_a_pico,crest_factor,shape_factor,impulse_factor,margin_factor,energia,zero_crossings,mean_abs,peak_to_rms,mediana,amplitude,coeficiente_variacao
0.0023371864535392,0.2183431703340624,0.6019845908183633,-0.5284014770459081,0.2183556788179506,0.0476737400315293,0.1336578405009711,-0.2280916073716605,1.1303860678642714,2.7568991751309344,1.2336531204110517,3.401057270058931,3.963958162613396,5.769183499117809,59,0.1769992514145263,2.7568991751309344,0.0076344510978043,1.1303860678642714,93.42137423542972
