media,desvio_padrao,maximo,minimo,rms,variancia,skewness,kurtosis,pico_a_pico,crest_factor,shape_factor,impulse_factor,margin_factor,energia,zero_crossings,mean_abs,peak_to_rms,mediana,amplitude,coeficiente_variacao
0.0066917947711135,0.2222834339368331,0.4616406387225549,-0.4288287425149701,0.2223841386430452,0.0494099250027504,-0.0273416408599838,-0.8773613090319556,0.8904693812375251,2.075870345517522,1.1992091160871905,2.4894026421596784,2.8772934227791827,6.033474024641119,66,0.1854423350021269,2.075870345517522,0.0118577644710578,0.8904693812375251,33.217311878177235
