media,desvio_padrao,maximo,minimo,rms,variancia,skewness,kurtosis,pico_a_pico,crest_factor,shape_factor,impulse_factor,margin_factor,energia,zero_crossings,mean_abs,peak_to_rms,mediana,amplitude,coeficiente_variacao
0.0009665561439105,0.1387288432798948,0.4384124151696607,-0.2855609580838323,0.1387322103498569,0.0192456919577776,0.1716042289552234,-0.1477934872938093,0.7239733732534931,3.160134290833151,1.2079882292894497,3.817405026300409,4.334393428581002,2.328841768815391,52,0.1148456640438132,3.160134290833151,0.0045481836327345,0.7239733732534931,143.529006725487
