media,desvio_padrao,maximo,minimo,rms,variancia,skewness,kurtosis,pico_a_pico,crest_factor,shape_factor,impulse_factor,margin_factor,energia,zero_crossings,mean_abs,peak_to_rms,mediana,amplitude,coeficiente_variacao
0.0093433760578017,0.2104984809944561,0.4530315768463073,-0.5232035528942116,0.2107057407313121,0.0443096105009734,-0.201534576710324,-0.5724304821409993,0.976235129740519,2.483100607882301,1.201541711839225,2.983548955063921,3.434832175319141,5.372026010432841,59,0.1753628181653222,2.483100607882301,0.0302129341317365,0.976235129740519,22.529167154594965
