media,desvio_padrao,maximo,minimo,rms,variancia,skewness,kurtosis,pico_a_pico,crest_factor,shape_factor,impulse_factor,margin_factor,energia,zero_crossings,mean_abs,peak_to_rms,mediana,amplitude,coeficiente_variacao
0.0083307918589051,0.1243922250325812,0.3831844710578842,-0.2831244311377245,0.1246708776802053,0.0154734256485563,0.304963956994392,0.2111437668160718,0.6663089021956088,3.073568408179453,1.2656138237637544,3.889950665675474,4.566505860988685,1.8962249844694337,56,0.0985062547037073,3.073568408179453,0.0014619161676646,0.6663089021956088,14.93162080380308
