media,desvio_padrao,maximo,minimo,rms,variancia,skewness,kurtosis,pico_a_pico,crest_factor,shape_factor,impulse_factor,margin_factor,energia,zero_crossings,mean_abs,peak_to_rms,mediana,amplitude,coeficiente_variacao
0.0056253149438827,0.1187049003268948,0.2615205588822355,-0.2717539720558882,0.1188381148025999,0.014090853361618,-0.0393273105083347,-0.7039605867333396,0.5332745309381237,2.286757682981545,1.198367785433108,2.74037674037674,3.137524650670468,1.7229446986399812,56,0.0991666467065868,2.286757682981545,0.0081217564870259,0.5332745309381237,21.10191189490305
