media,desvio_padrao,maximo,minimo,rms,variancia,skewness,kurtosis,pico_a_pico,crest_factor,shape_factor,impulse_factor,margin_factor,energia,zero_crossings,mean_abs,peak_to_rms,mediana,amplitude,coeficiente_variacao
0.006199383711915,0.1134216887214207,0.3305554890219561,-0.2925456686626746,0.1135909848131726,0.0128644794724188,-0.2665480789280176,-0.0160890052919273,0.6231011576846308,2.9100503844176817,1.255048552917407,3.652254523880155,4.3437679342738,1.561252331529997,54,0.0905072433645106,2.9100503844176817,0.0105582834331337,0.6231011576846308,18.29563937193112
