media,desvio_padrao,maximo,minimo,rms,variancia,skewness,kurtosis,pico_a_pico,crest_factor,shape_factor,impulse_factor,margin_factor,energia,zero_crossings,mean_abs,peak_to_rms,mediana,amplitude,coeficiente_variacao
0.0043307085003546,0.1271861083234429,0.329580878243513,-0.2842614770459082,0.1272598176431885,0.0161763061504625,-0.0177026383518179,-0.1238635495489197,0.6138423552894212,2.5898267367284213,1.242040005220036,3.216668413605157,3.750160766697176,1.9596024035758903,55,0.1024603210108708,2.5898267367284213,0.0217663073852295,0.6138423552894212,29.368429741467715
