media,desvio_padrao,maximo,minimo,rms,variancia,skewness,kurtosis,pico_a_pico,crest_factor,shape_factor,impulse_factor,margin_factor,energia,zero_crossings,mean_abs,peak_to_rms,mediana,amplitude,coeficiente_variacao
0.0122631810758648,0.1046418544256504,0.2264345708582834,-0.214739241516966,0.10535797695352,0.010949917697639,-0.2206349963469043,-0.6998383292380512,0.4411738123752495,2.149192471284616,1.2138659171172117,2.6088314902173075,3.0929545002969485,1.3431367002363543,40,0.0867953992840764,2.149192471284616,0.0112080239520958,0.4411738123752495,8.533010625733674
