media,desvio_padrao,maximo,minimo,rms,variancia,skewness,kurtosis,pico_a_pico,crest_factor,shape_factor,impulse_factor,margin_factor,energia,zero_crossings,mean_abs,peak_to_rms,mediana,amplitude,coeficiente_variacao
0.0052724845391184,0.1990019841364161,0.5147569261477045,-0.6279742115768463,0.1990718181547696,0.0396017896902304,-0.034491005189847,0.7095360326759312,1.1427311377245508,3.1545108564217963,1.2831626910156388,4.04775063936424,4.813551046939794,4.834809831580369,58,0.1551415261280717,3.1545108564217963,-0.0008121756487025,1.1427311377245508,37.74349315961911
