media,desvio_padrao,maximo,minimo,rms,variancia,skewness,kurtosis,pico_a_pico,crest_factor,shape_factor,impulse_factor,margin_factor,energia,zero_crossings,mean_abs,peak_to_rms,mediana,amplitude,coeficiente_variacao
0.0085185242629495,0.1771215381860206,0.4161588023952096,-0.4190826347305389,0.1773262658068466,0.0313720392893819,0.0939539551575342,-0.5063446153655686,0.8352414371257485,2.363342129964133,1.2383014257847984,2.9265299291518683,3.491693135741221,3.836241754490052,57,0.1432012126566539,2.363342129964133,-0.0007309580838323,0.8352414371257485,20.792514374396216
