media,desvio_padrao,maximo,minimo,rms,variancia,skewness,kurtosis,pico_a_pico,crest_factor,shape_factor,impulse_factor,margin_factor,energia,zero_crossings,mean_abs,peak_to_rms,mediana,amplitude,coeficiente_variacao
0.0080063067253921,0.2119766838832958,0.6045835528942115,-0.4481585229540918,0.2121278281073461,0.0449341145101587,0.0059557520867403,-0.3241965615079452,1.0527420758483033,2.8500907131725555,1.219660112402608,3.476141959585668,4.020519307322401,5.444784070362317,62,0.1739237234621665,2.8500907131725555,0.0211165668662674,1.0527420758483033,26.4762132096447
