media,desvio_padrao,maximo,minimo,rms,variancia,skewness,kurtosis,pico_a_pico,crest_factor,shape_factor,impulse_factor,margin_factor,energia,zero_crossings,mean_abs,peak_to_rms,mediana,amplitude,coeficiente_variacao
0.0033574401610003,0.1484465509883983,0.4010523353293413,-0.3437127345309381,0.1484845140234692,0.0220363785003511,0.0644146791551356,-0.3400647146140492,0.7447650698602795,2.700970791243265,1.240097411372999,3.349466886414853,3.961275761071656,2.6677657594790856,58,0.1197361696441827,2.700970791243265,0.0086090618762475,0.7447650698602795,44.21420602301076
