media,desvio_padrao,maximo,minimo,rms,variancia,skewness,kurtosis,pico_a_pico,crest_factor,shape_factor,impulse_factor,margin_factor,energia,zero_crossings,mean_abs,peak_to_rms,mediana,amplitude,coeficiente_variacao
0.0057691099767677,0.1344715960892694,0.3245453892215569,-0.2879974850299401,0.1345952925800886,0.0180826101547956,-0.134254493899053,-0.731700591417273,0.612542874251497,2.411268499813555,1.2041017176884057,2.903412542433447,3.3760276265106874,2.2101389197357992,61,0.1117806665357808,2.411268499813555,0.0116141117764471,0.612542874251497,23.30889801560153
