media,desvio_padrao,maximo,minimo,rms,variancia,skewness,kurtosis,pico_a_pico,crest_factor,shape_factor,impulse_factor,margin_factor,energia,zero_crossings,mean_abs,peak_to_rms,mediana,amplitude,coeficiente_variacao
0.0059768139131572,0.2058706706337545,0.518330499001996,-0.6063703393213573,0.2059574114513589,0.0423827330271918,-0.0677919122779537,-0.0894188414241461,1.1247008383233532,2.944154012464679,1.2182382569964485,3.58668105247407,4.096882794174727,5.175051550472814,60,0.1690616841726383,2.944154012464679,0.0246089221556886,1.1247008383233532,34.44488545653951
