media,desvio_padrao,maximo,minimo,rms,variancia,skewness,kurtosis,pico_a_pico,crest_factor,shape_factor,impulse_factor,margin_factor,energia,zero_crossings,mean_abs,peak_to_rms,mediana,amplitude,coeficiente_variacao
0.0036353250523745,0.1384347320523233,0.3864331736526946,-0.4007274650698603,0.1384824560247072,0.0191641750383985,-0.293417062934605,0.3332356960439355,0.7871606387225549,2.8937056474385803,1.279709066285794,3.7031013521895546,4.43399553094792,2.320464265822833,51,0.1082140149453159,2.8937056474385803,0.0201419560878243,0.7871606387225549,38.080427488017314
