media,desvio_padrao,maximo,minimo,rms,variancia,skewness,kurtosis,pico_a_pico,crest_factor,shape_factor,impulse_factor,margin_factor,energia,zero_crossings,mean_abs,peak_to_rms,mediana,amplitude,coeficiente_variacao
0.0058610890615463,0.1207339858435679,0.3334793213572854,-0.308951616766467,0.1208761668099309,0.0145766953376748,0.0383236309617702,-0.0094791917445609,0.6424309381237525,2.758850898057163,1.240284834697968,3.421760930053169,3.971767224762776,1.7679367720221322,49,0.0974583929661338,2.758850898057163,-0.0063349700598802,0.6424309381237525,20.599240956033995
