media,desvio_padrao,maximo,minimo,rms,variancia,skewness,kurtosis,pico_a_pico,crest_factor,shape_factor,impulse_factor,margin_factor,energia,zero_crossings,mean_abs,peak_to_rms,mediana,amplitude,coeficiente_variacao
0.0051522812226786,0.1320066445631842,0.3321798403193612,-0.304890738522954,0.1321071542749613,0.0174257542088308,0.1836034554621872,-0.3365778782373811,0.6370705788423153,2.5144727561686664,1.2366891728841976,3.109621233066077,3.656290114782196,2.11172832548604,60,0.1068232480493558,2.5144727561686664,-0.0034111377245508,0.6370705788423153,25.621009191450067
