media,desvio_padrao,maximo,minimo,rms,variancia,skewness,kurtosis,pico_a_pico,crest_factor,shape_factor,impulse_factor,margin_factor,energia,zero_crossings,mean_abs,peak_to_rms,mediana,amplitude,coeficiente_variacao
0.0042447923986737,0.2166523560439495,0.48828,-0.595324750499002,0.2166939354063748,0.0469382433793943,-0.0026514364404568,-0.421723952664744,1.083604750499002,2.74730693031425,1.2141079217333737,3.335527107527529,3.854447516554647,5.68170765867016,51,0.1784799617294337,2.74730693031425,-0.0063349700598802,1.083604750499002,51.03956464670493
