media,desvio_padrao,maximo,minimo,rms,variancia,skewness,kurtosis,pico_a_pico,crest_factor,shape_factor,impulse_factor,margin_factor,energia,zero_crossings,mean_abs,peak_to_rms,mediana,amplitude,coeficiente_variacao
0.0019008937496907,0.2730997215115585,0.6827148502994012,-0.6219641117764471,0.2731063369582229,0.0745834578896908,0.1272058960303085,-0.5463283077118688,1.3046789620758483,2.499813288491493,1.188792241457658,2.971758642451441,3.359741598053151,9.025035625695349,60,0.2297342861384668,2.499813288491493,-0.0264769261477045,1.3046789620758483,143.66911436054465
