media,desvio_padrao,maximo,minimo,rms,variancia,skewness,kurtosis,pico_a_pico,crest_factor,shape_factor,impulse_factor,margin_factor,energia,zero_crossings,mean_abs,peak_to_rms,mediana,amplitude,coeficiente_variacao
0.0088260858610647,0.2349644183991546,0.6328472654690618,-0.5651118163672655,0.2351301293013719,0.0552082779136529,0.0260893685084453,-0.152821575709924,1.1979590818363273,2.69147670419526,1.2568874053951191,3.382883171417387,4.022747899585491,6.744913680044144,55,0.1870733434769804,2.69147670419526,-0.0121014171656686,1.1979590818363273,26.62158765480321
