media,desvio_padrao,maximo,minimo,rms,variancia,skewness,kurtosis,pico_a_pico,crest_factor,shape_factor,impulse_factor,margin_factor,energia,zero_crossings,mean_abs,peak_to_rms,mediana,amplitude,coeficiente_variacao
0.0091957077580376,0.2688020264176549,0.7894347305389221,-0.907362634730539,0.2689592728414637,0.0722545294062376,-0.1468158526931065,1.0126333557258578,1.696797365269461,3.3736060673594177,1.303029389747863,4.39590785520103,5.267848384075619,8.753029944136479,58,0.2064107494102703,3.3736060673594177,0.0167308183632734,1.696797365269461,29.231249349209094
