rms,media,desvio_padrao,minimo,skewness,kurtosis,pico_a_pico,crest_factor,shape_factor,mean_abs
0.0620351920966733,0.0619619838351351,0.0030129085093334,0.05729787,0.0173404868700594,-1.4132214025038905,0.009800956,1.0816251829354488,1.0011815028668705,0.0619619838351351
