rms,media,desvio_padrao,minimo,skewness,kurtosis,pico_a_pico,crest_factor,shape_factor,mean_abs
0.0311735599047537,0.0310298947972972,0.0029893922465837,0.026387177,0.0556825087370763,-1.4646905546870908,0.009047033,1.1366751217462492,1.0046298934751463,0.0310298947972972
