rms,media,desvio_padrao,minimo,skewness,kurtosis,pico_a_pico,crest_factor,shape_factor,mean_abs
0.0308972475003907,0.0307415713081081,0.0030976921423705,0.024879338,-0.0025837117733146,-1.273711010655502,0.0113087919999999,1.171241224628258,1.005064028468888,0.0307415713081081
