rms,media,desvio_padrao,minimo,skewness,kurtosis,pico_a_pico,crest_factor,shape_factor,mean_abs
0.0390813288032518,0.0389684616472973,0.0029680393984925,0.034680292,0.0674216587688606,-1.4597113123244636,0.0090470309999999,1.118880149140721,1.0028963718654362,0.0389684616472973
