rms,media,desvio_padrao,minimo,skewness,kurtosis,pico_a_pico,crest_factor,shape_factor,mean_abs
0.0494381168352038,0.0493440218864864,0.0030487538892479,0.044481244,-0.0945400559655929,-1.424461613379434,0.0098009519999999,1.0979826796587613,1.0019069168892187,0.0493440218864864
