rms,media,desvio_padrao,minimo,skewness,kurtosis,pico_a_pico,crest_factor,shape_factor,mean_abs
0.0366218566856839,0.0365019227743243,0.0029614221050096,0.031664614,-0.0140349805295579,-1.4733567061257826,0.0090470309999999,1.1116761596610905,1.0032856874992904,0.0365019227743243
