rms,media,desvio_padrao,minimo,skewness,kurtosis,pico_a_pico,crest_factor,shape_factor,mean_abs
0.0469307987995771,0.0468295990621621,0.0030803453773125,0.040711645,-0.0307917596310329,-1.2755592451332378,0.01206271,1.124514313625438,1.0021610207954297,0.0468295990621621
