rms,media,desvio_padrao,minimo,skewness,kurtosis,pico_a_pico,crest_factor,shape_factor,mean_abs
0.0257065079739224,0.0255354525364864,0.0029606107427668,0.021109741,0.0271649355562962,-1.4459221890403735,0.009047033,1.1731182636938475,1.0066987431372754,0.0255354525364864
