rms,media,desvio_padrao,minimo,skewness,kurtosis,pico_a_pico,crest_factor,shape_factor,mean_abs
0.0326494422504976,0.0325112444054054,0.0030008442946239,0.027895017,0.0413678137509838,-1.4699150695750165,0.0090470329999999,1.1314756839203557,1.004250770698561,0.0325112444054054
