rms,media,desvio_padrao,minimo,skewness,kurtosis,pico_a_pico,crest_factor,shape_factor,mean_abs
0.044822623647175,0.0447186249405405,0.003051585496682,0.039957725,-0.023850501730516,-1.3135768733634452,0.010554872,1.1269442279330648,1.0023256239826868,0.0447186249405405
