rms,media,desvio_padrao,minimo,skewness,kurtosis,pico_a_pico,crest_factor,shape_factor,mean_abs
0.0493012129757223,0.0492064826108108,0.0030547782160905,0.043727323,-0.0463747764543604,-1.41337963050075,0.010554873,1.1010316526437294,1.001925160261113,0.0492064826108108
