rms,media,desvio_padrao,minimo,skewness,kurtosis,pico_a_pico,crest_factor,shape_factor,mean_abs
0.0446329674143116,0.0445005995621621,0.003434882649392,0.03694205,-0.1709621080980004,-0.954366706180001,0.014324467,1.1486244354786352,1.002974518398669,0.0445005995621621
