rms,media,desvio_padrao,minimo,skewness,kurtosis,pico_a_pico,crest_factor,shape_factor,mean_abs
0.0339294955057893,0.0337980012567567,0.0029842547353822,0.029402856,-0.0452324614080778,-1.4681208102039418,0.009047031,1.1332289627895968,1.0038905924653263,0.0337980012567567
