rms,media,desvio_padrao,minimo,skewness,kurtosis,pico_a_pico,crest_factor,shape_factor,mean_abs
0.0558454210656827,0.0557645968326585,0.003003463682892,0.051266517,-0.0451431347971648,-1.4637429926205916,0.009047033,1.0800088682125255,1.0014493825404451,0.0557645968326585
