rms,media,desvio_padrao,minimo,skewness,kurtosis,pico_a_pico,crest_factor,shape_factor,mean_abs
0.0374399990579913,0.0373220646527027,0.002969346648991,0.032418534,-0.0284109689529538,-1.4622424675420609,0.009800948,1.1276571330732572,1.0031599110710003,0.0373220646527027
