rms,media,desvio_padrao,minimo,skewness,kurtosis,pico_a_pico,crest_factor,shape_factor,mean_abs
0.0310022389017827,0.0308587346864864,0.0029794815777655,0.026387177,-0.0092395884239844,-1.4715876258130354,0.009047033,1.1429564849254306,1.004650359671392,0.0308587346864864
