rms,media,desvio_padrao,minimo,skewness,kurtosis,pico_a_pico,crest_factor,shape_factor,mean_abs
0.0497671708626403,0.049681352465587,0.0029213888582904,0.04523516,-0.055356268475811,-1.465855408957186,0.0090470359999999,1.090722961725539,1.0017273764258476,0.049681352465587
