rms,media,desvio_padrao,minimo,skewness,kurtosis,pico_a_pico,crest_factor,shape_factor,mean_abs
0.0415632921332604,0.0414533387891891,0.0030212507647418,0.03694205,0.0130481274824088,-1.4564796475749393,0.00980095,1.1246221750224294,1.0026524605081977,0.0414533387891891
