rms,media,desvio_padrao,minimo,skewness,kurtosis,pico_a_pico,crest_factor,shape_factor,mean_abs
0.0492803654938933,0.0491899313724696,0.0029841371924628,0.044481244,0.0045531912736472,-1.40490413937301,0.0098009519999999,1.101497431197552,1.0018384681356625,0.0491899313724696
