rms,media,desvio_padrao,minimo,skewness,kurtosis,pico_a_pico,crest_factor,shape_factor,mean_abs
0.0547444445866413,0.0546647494871794,0.0029528590558564,0.049758676,0.0238400381387043,-1.4631365274250343,0.009800954,1.0879575169629845,1.0014578883139404,0.0546647494871794
