rms,media,desvio_padrao,minimo,skewness,kurtosis,pico_a_pico,crest_factor,shape_factor,mean_abs
0.0322803553552067,0.0321403976013513,0.0030026961027502,0.027141098,-0.0114542218556945,-1.4818509662875856,0.0098009519999999,1.1444127424712929,1.0043545744390383,0.0321403976013513
