rms,media,desvio_padrao,minimo,skewness,kurtosis,pico_a_pico,crest_factor,shape_factor,mean_abs
0.0421199872167718,0.0420065526405405,0.0030891517279862,0.034680292,-0.14120167675099,-1.087004589347772,0.0128166279999999,1.127657512229422,1.0027004019397163,0.0420065526405405
