rms,media,desvio_padrao,minimo,skewness,kurtosis,pico_a_pico,crest_factor,shape_factor,mean_abs
0.0484158903678427,0.0483119675135135,0.0031705259948757,0.042219482,0.0257124123825217,-1.1794137703512582,0.0120627139999999,1.121164881768932,1.0021510789081438,0.0483119675135135
