rms,media,desvio_padrao,minimo,skewness,kurtosis,pico_a_pico,crest_factor,shape_factor,mean_abs
0.0414735107667375,0.0413371947635135,0.0033598250552739,0.03392637,0.1658581955100869,-0.9206274526099762,0.015832306,1.1997700479195337,1.0032976597469636,0.0413371947635135
