rms,media,desvio_padrao,minimo,skewness,kurtosis,pico_a_pico,crest_factor,shape_factor,mean_abs
0.0214742936667991,0.0212065289608108,0.0033805943149428,0.014324468,-0.0350984183500045,-0.9659178664019046,0.013570549,1.298995786908126,1.0126265220717263,0.0212065289608108
