rms,media,desvio_padrao,minimo,skewness,kurtosis,pico_a_pico,crest_factor,shape_factor,mean_abs
0.0423156973458288,0.0421980889527027,0.0031527021114555,0.03618813,0.0408990067055802,-1.270218341373228,0.0113087899999999,1.1224420954670118,1.0027870549601894,0.0421980889527027
