rms,media,desvio_padrao,minimo,skewness,kurtosis,pico_a_pico,crest_factor,shape_factor,mean_abs
0.0369786556148839,0.0368534121027027,0.0030408859683577,0.031664614,0.0677747230640574,-1.3606592376777094,0.010554868,1.1417257144147392,1.0033984237831828,0.0368534121027027
