rms,media,desvio_padrao,minimo,skewness,kurtosis,pico_a_pico,crest_factor,shape_factor,mean_abs
0.0288030852588916,0.0286448605256756,0.0030149105949546,0.02412542,0.0617832919594132,-1.4580898552518746,0.0098009499999999,1.1778727763035994,1.005523669178775,0.0286448605256756
