rms,media,desvio_padrao,minimo,skewness,kurtosis,pico_a_pico,crest_factor,shape_factor,mean_abs
0.0346220920622865,0.0344877354959459,0.003047188725878,0.028648935,0.0731300727295628,-1.371413547522308,0.0113087899999999,1.1541106449637526,1.0038957781486246,0.0344877354959459
