rms,media,desvio_padrao,minimo,skewness,kurtosis,pico_a_pico,crest_factor,shape_factor,mean_abs
0.0486672476648521,0.0485340680837837,0.0035979480972765,0.040711645,0.0193646198003618,-0.7683820667846577,0.015078388,1.1463568555221997,1.0027440432324457,0.0485340680837837
