rms,media,desvio_padrao,minimo,skewness,kurtosis,pico_a_pico,crest_factor,shape_factor,mean_abs
0.0459203684222523,0.0458016198283783,0.0033002813716534,0.038449887,-0.0196443205177885,-1.1843588660704158,0.0135705469999999,1.132840083547581,1.0025926723622196,0.0458016198283783
