rms,media,desvio_padrao,minimo,skewness,kurtosis,pico_a_pico,crest_factor,shape_factor,mean_abs
0.039930564596157,0.0398201867527027,0.0029669371324227,0.03543421,-0.0371095776164243,-1.4844087620945932,0.009047034,1.1139648149197707,1.002771906725094,0.0398201867527027
