rms,media,desvio_padrao,minimo,skewness,kurtosis,pico_a_pico,crest_factor,shape_factor,mean_abs
0.0364339103686059,0.0363124241716216,0.0029728228214683,0.031664614,-0.0401096838879782,-1.4681662959989537,0.0090470309999999,1.117410801863311,1.0033455821184003,0.0363124241716216
