rms,media,desvio_padrao,minimo,skewness,kurtosis,pico_a_pico,crest_factor,shape_factor,mean_abs
0.0521033794311814,0.0520194186936572,0.00295672570991,0.04749692,-0.062476518232035,-1.479495994165804,0.009047034,1.085226229417302,1.001614026831377,0.0520194186936572
