rms,media,desvio_padrao,minimo,skewness,kurtosis,pico_a_pico,crest_factor,shape_factor,mean_abs
0.0573631725626335,0.0572856461662162,0.0029813268471517,0.052774355,0.0660640062031344,-1.466997738488505,0.0090470309999999,1.077719087668986,1.0013533302250333,0.0572856461662162
