rms,media,desvio_padrao,minimo,skewness,kurtosis,pico_a_pico,crest_factor,shape_factor,mean_abs
0.0355525306413567,0.0354311538189189,0.0029352638833196,0.030910693,0.0164152739753229,-1.4849004542827862,0.009047032,1.123906632781826,1.0034257089977423,0.0354311538189189
