rms,media,desvio_padrao,minimo,skewness,kurtosis,pico_a_pico,crest_factor,shape_factor,mean_abs
0.04733388889906,0.0472340665756756,0.0030724571653963,0.041465566,-0.0244061927548586,-1.3288671679182196,0.011308789,1.114938075604602,1.0021133544202554,0.0472340665756756
