rms,media,desvio_padrao,minimo,skewness,kurtosis,pico_a_pico,crest_factor,shape_factor,mean_abs
0.0364491389639147,0.0363297439554054,0.0029477848200731,0.031664614,0.0173782114527949,-1.4759949181345873,0.0090470309999999,1.1169439431835464,1.0032864258183574,0.0363297439554054
