rms,media,desvio_padrao,minimo,skewness,kurtosis,pico_a_pico,crest_factor,shape_factor,mean_abs
0.0442637731648393,0.0441592982486486,0.0030394066814509,0.038449887,0.0138725936579964,-1.3711716857554952,0.011308789,1.1241399555952336,1.0023658645027018,0.0441592982486486
