rms,media,desvio_padrao,minimo,skewness,kurtosis,pico_a_pico,crest_factor,shape_factor,mean_abs
0.0439800651848349,0.0438781065689189,0.0029929747056943,0.039203808,0.0079785692606992,-1.4744590314812407,0.009047032,1.0971070596920731,1.0023236785697645,0.0438781065689189
