rms,media,desvio_padrao,minimo,skewness,kurtosis,pico_a_pico,crest_factor,shape_factor,mean_abs
0.051755090229511,0.0516699654527027,0.0029671593791603,0.046743,-0.0638103048954347,-1.4536129892886456,0.009047033,1.0779622400926316,1.001647471138456,0.0516699654527027
