rms,media,desvio_padrao,minimo,skewness,kurtosis,pico_a_pico,crest_factor,shape_factor,mean_abs
0.0311359743833351,0.0309921988675675,0.0029887305252975,0.026387177,0.0599325729299622,-1.4821609540062457,0.009047033,1.138047249260502,1.004639087287157,0.0309921988675675
