rms,media,desvio_padrao,minimo,skewness,kurtosis,pico_a_pico,crest_factor,shape_factor,mean_abs
0.0478838337058808,0.0477821863986486,0.0031183638878827,0.042219482,0.0248962035921344,-1.2962929468692534,0.0120627139999999,1.1336225986711936,1.0021273054854416,0.0477821863986486
