rms,media,desvio_padrao,minimo,skewness,kurtosis,pico_a_pico,crest_factor,shape_factor,mean_abs
0.0314482869524895,0.0312886724986486,0.0031644471110178,0.025633259,0.0706727360409466,-1.2464119956398905,0.0120627079999999,1.1986651946081888,1.0051013495010934,0.0312886724986486
