rms,media,desvio_padrao,minimo,skewness,kurtosis,pico_a_pico,crest_factor,shape_factor,mean_abs
0.0299323358990766,0.029777777104054,0.0030378813532501,0.024879338,0.0627935777079862,-1.359965317070802,0.010554872,1.1838103821724488,1.0051904074129672,0.029777777104054
