rms,media,desvio_padrao,minimo,skewness,kurtosis,pico_a_pico,crest_factor,shape_factor,mean_abs
0.0340780273482826,0.0339477661959459,0.0029767630499743,0.029402856,0.0548822052902337,-1.4705955439352223,0.009047031,1.128289692564544,1.003837105262976,0.0339477661959459
