rms,media,desvio_padrao,minimo,skewness,kurtosis,pico_a_pico,crest_factor,shape_factor,mean_abs
0.0477698878313498,0.0476701172986486,0.0030857900370605,0.041465566,0.0034199941765409,-1.2930984917640105,0.0120627089999999,1.1205442890923252,1.002092936589103,0.0476701172986486
