rms,media,desvio_padrao,minimo,skewness,kurtosis,pico_a_pico,crest_factor,shape_factor,mean_abs
0.0410343574598742,0.0409225391635135,0.0030272562751513,0.03543421,-0.0564653752632569,-1.4102849413387462,0.01055487,1.1207457079100294,1.0027324378849998,0.0409225391635135
