rms,media,desvio_padrao,minimo,skewness,kurtosis,pico_a_pico,crest_factor,shape_factor,mean_abs
0.0446146445216822,0.0445077313418918,0.0030868036209068,0.039203808,-0.0101323065942039,-1.348197576792223,0.010554868,1.115299169890681,1.0024021260254554,0.0445077313418918
