rms,media,desvio_padrao,minimo,skewness,kurtosis,pico_a_pico,crest_factor,shape_factor,mean_abs
0.0462338538573055,0.0461368080378378,0.0029940251465864,0.041465566,0.0497912998424921,-1.4640167808676754,0.0098009509999999,1.1088523392020713,1.0021034359244827,0.0461368080378378
