rms,media,desvio_padrao,minimo,skewness,kurtosis,pico_a_pico,crest_factor,shape_factor,mean_abs
0.0365728395533812,0.0364520011378378,0.002970556520997,0.031664614,0.0074933137025222,-1.475238817153952,0.0090470309999999,1.1131660953090006,1.003315000871598,0.0364520011378378
