rms,media,desvio_padrao,minimo,skewness,kurtosis,pico_a_pico,crest_factor,shape_factor,mean_abs
0.0297176926961784,0.0295648457527027,0.0030101752114111,0.024879338,0.019263008807597,-1.4217322528526062,0.009800954,1.166991406585873,1.0051698880743107,0.0295648457527027
