rms,media,desvio_padrao,minimo,skewness,kurtosis,pico_a_pico,crest_factor,shape_factor,mean_abs
0.0389087599979593,0.0387952639851351,0.0029696964327146,0.03392637,-0.0300815266570161,-1.4708313339640784,0.009047033,1.1044660123389654,1.0029255120642482,0.0387952639851351
