rms,media,desvio_padrao,minimo,skewness,kurtosis,pico_a_pico,crest_factor,shape_factor,mean_abs
0.0475945279985071,0.0474948819581081,0.003078194793391,0.041465566,-0.0625087594400037,-1.3668155801456805,0.0105548679999999,1.0929919086839488,1.0020980374366852,0.0474948819581081
