rms,media,desvio_padrao,minimo,skewness,kurtosis,pico_a_pico,crest_factor,shape_factor,mean_abs
0.0942917469670394,-0.094216487477027,0.0037665678790369,-0.102533035,0.0229205414633473,-0.711324647034373,0.0165862289999999,1.087402008108317,1.0007987932051776,0.094216487477027
