rms,media,desvio_padrao,minimo,skewness,kurtosis,pico_a_pico,crest_factor,shape_factor,mean_abs
0.0498620488887662,0.0497739597175675,0.0029625754707134,0.04523516,-0.0645797753119729,-1.4636319540642306,0.0090470359999999,1.088647522709995,1.0017697842747189,0.0497739597175675
