rms,media,desvio_padrao,minimo,skewness,kurtosis,pico_a_pico,crest_factor,shape_factor,mean_abs
0.0334864383791366,0.0333548191513513,0.0029660739539596,0.028648935,-0.0403190803702773,-1.4765471930307152,0.0090470319999999,1.1257084606371903,1.003946033320943,0.0333548191513513
