rms,media,desvio_padrao,minimo,skewness,kurtosis,pico_a_pico,crest_factor,shape_factor,mean_abs
0.041031942700693,0.0409225391648648,0.0029943463548922,0.03618813,0.0028718095587369,-1.4743431267893958,0.00904703,1.1024376869008443,1.0026734298032531,0.0409225391648648
