rms,media,desvio_padrao,minimo,skewness,kurtosis,pico_a_pico,crest_factor,shape_factor,mean_abs
0.2007751344008521,0.199304695608108,0.0242547500964167,0.15756914,0.0633153775758033,-1.1542907952402732,0.08594681,1.2128790287038973,1.0073778431976106,0.199304695608108
