rms,media,desvio_padrao,minimo,skewness,kurtosis,pico_a_pico,crest_factor,shape_factor,mean_abs
0.0482491196408151,0.0481530331756756,0.0030435081889113,0.042973403,-0.0178439803278052,-1.334597234196697,0.010554872,1.1094145426587034,1.001995439514452,0.0481530331756756
