rms,media,desvio_padrao,minimo,skewness,kurtosis,pico_a_pico,crest_factor,shape_factor,mean_abs
0.0521041695839676,0.0520194173554054,0.002970640678205,0.04749692,-0.0701761881316695,-1.47784097129353,0.009047034,1.0852097721061935,1.0016292421728448,0.0520194173554054
