rms,media,desvio_padrao,minimo,skewness,kurtosis,pico_a_pico,crest_factor,shape_factor,mean_abs
0.0270244186997934,0.0268599052837837,0.0029773636338062,0.021863662,-0.0232625944548944,-1.4499109592452275,0.009800952,1.1717037969161563,1.006124869550788,0.0268599052837837
