rms,media,desvio_padrao,minimo,skewness,kurtosis,pico_a_pico,crest_factor,shape_factor,mean_abs
0.0309823129030054,0.0308363208959459,0.0030041681747174,0.026387177,0.0534837704617746,-1.4643966104812804,0.009047033,1.1436915672155226,1.004734417168382,0.0308363208959459
