rms,media,desvio_padrao,minimo,skewness,kurtosis,pico_a_pico,crest_factor,shape_factor,mean_abs
0.0470789450481611,0.0469763076108108,0.003107022707071,0.040711645,0.0137950746924746,-1.2723395659120635,0.01206271,1.120975734397033,1.002184876644641,0.0469763076108108
