rms,media,desvio_padrao,minimo,skewness,kurtosis,pico_a_pico,crest_factor,shape_factor,mean_abs
0.0387149231867826,0.0386027088324324,0.0029455301996286,0.03392637,-0.0274990599471228,-1.463069280439678,0.009047033,1.1099958223518107,1.00290690362786,0.0386027088324324
