rms,media,desvio_padrao,minimo,skewness,kurtosis,pico_a_pico,crest_factor,shape_factor,mean_abs
0.0412527449365847,0.0411466772621621,0.0029563347385548,0.03618813,-0.0458688711453238,-1.4614956458894792,0.00980095,1.114812603881175,1.0025777944048018,0.0411466772621621
