rms,media,desvio_padrao,minimo,skewness,kurtosis,pico_a_pico,crest_factor,shape_factor,mean_abs
0.0341528101140897,0.0340241769256756,0.002961388731556,0.029402856,0.0130212315525451,-1.4723457274963967,0.009047031,1.1258191308871983,1.0037806407101346,0.0340241769256756
