rms,media,desvio_padrao,minimo,skewness,kurtosis,pico_a_pico,crest_factor,shape_factor,mean_abs
0.03278222170729,0.0326284075162162,0.0031719210301712,0.027141098,0.0873293728090324,-1.2572049286126863,0.011308789,1.1728883827129268,1.0047141188547852,0.0326284075162162
