rms,media,desvio_padrao,minimo,skewness,kurtosis,pico_a_pico,crest_factor,shape_factor,mean_abs
0.0517317028773547,0.0516444952256756,0.0030025315112551,0.046743,-0.0511767863134585,-1.3821122389241247,0.009800954,1.0930232498639,1.001688614658698,0.0516444952256756
