rms,media,desvio_padrao,minimo,skewness,kurtosis,pico_a_pico,crest_factor,shape_factor,mean_abs
0.0505726332567225,0.0504769388013513,0.0031096436714819,0.044481244,-0.029072970032064,-1.325914064161313,0.011308789,1.1031664639013816,1.001895805443903,0.0504769388013513
