rms,media,desvio_padrao,minimo,skewness,kurtosis,pico_a_pico,crest_factor,shape_factor,mean_abs
0.0535284178105589,0.0534448448380566,0.0029899955748812,0.04900476,-0.0466463976404396,-1.4659981414154313,0.0090470299999999,1.0845041264894024,1.0015637237371628,0.0534448448380566
