rms,media,desvio_padrao,minimo,skewness,kurtosis,pico_a_pico,crest_factor,shape_factor,mean_abs
0.0553371785973184,0.0552561762608108,0.002993045296303,0.050512597,0.0450276891453638,-1.446538216110032,0.009800953,1.089928173586406,1.0014659417641434,0.0552561762608108
