rms,media,desvio_padrao,minimo,skewness,kurtosis,pico_a_pico,crest_factor,shape_factor,mean_abs
0.03098207727126,0.0308332643567567,0.003032972329033,0.025633259,0.0680666984749363,-1.3339449303011046,0.010554871,1.1680343342752322,1.0048263755916798,0.0308332643567567
