rms,media,desvio_padrao,minimo,skewness,kurtosis,pico_a_pico,crest_factor,shape_factor,mean_abs
0.045232402172862,0.0450853964702702,0.0036437935515163,0.03618813,-0.1880872015253017,-0.874905364454718,0.015832304,1.1500701156926525,1.003260605741566,0.0450853964702702
