rms,media,desvio_padrao,minimo,skewness,kurtosis,pico_a_pico,crest_factor,shape_factor,mean_abs
0.0325411503538436,0.0324022317337837,0.0030036386303341,0.027895017,0.0518177254216748,-1.4629942795899868,0.0090470329999999,1.1352410593449258,1.0042873164170063,0.0324022317337837
