rms,media,desvio_padrao,minimo,skewness,kurtosis,pico_a_pico,crest_factor,shape_factor,mean_abs
0.034060115079019,0.0339304464756756,0.0029692155794639,0.029402856,-0.04726218893048,-1.4600184980120343,0.009047031,1.1288830619273216,1.003821600267959,0.0339304464756756
