rms,media,desvio_padrao,minimo,skewness,kurtosis,pico_a_pico,crest_factor,shape_factor,mean_abs
0.0364642137333099,0.0363429884824324,0.002970870470804,0.031664614,0.0243156134029988,-1.4615621974491333,0.009800952,1.137157825567518,1.0033355884020418,0.0363429884824324
