rms,media,desvio_padrao,minimo,skewness,kurtosis,pico_a_pico,crest_factor,shape_factor,mean_abs
0.0473775607662963,0.0472534240094594,0.0034274164535911,0.039957725,-0.0980536283421112,-0.8918509267525403,0.0143244709999999,1.1457364018329843,1.0026270425781647,0.0472534240094594
