rms,media,desvio_padrao,minimo,skewness,kurtosis,pico_a_pico,crest_factor,shape_factor,mean_abs
0.037268816084909,0.0371509045459459,0.0029622531608202,0.032418534,-0.0131079387094973,-1.456328261521325,0.009047032,1.112607545824089,1.003173853783756,0.0371509045459459
