rms,media,desvio_padrao,minimo,skewness,kurtosis,pico_a_pico,crest_factor,shape_factor,mean_abs
0.0447254488836994,0.0446116498837837,0.0031884906296091,0.038449887,0.0677690954894086,-1.229777652927205,0.0128166299999999,1.1462493564527312,1.0025508807724464,0.0446116498837837
