rms,media,desvio_padrao,minimo,skewness,kurtosis,pico_a_pico,crest_factor,shape_factor,mean_abs
0.0499762889700847,0.0498809349175675,0.003085739938946,0.043727323,-0.0961760271713581,-1.3248029279926832,0.0113087899999999,1.101244492822265,1.0019116332256963,0.0498809349175675
