rms,media,desvio_padrao,minimo,skewness,kurtosis,pico_a_pico,crest_factor,shape_factor,mean_abs
0.0474633516145537,0.0473624366067567,0.0030934358176158,0.042219482,-0.008837715367967,-1.3362785851874606,0.010554873,1.1118969311012106,1.0021306971310382,0.0473624366067567
