rms,media,desvio_padrao,minimo,skewness,kurtosis,pico_a_pico,crest_factor,shape_factor,mean_abs
0.032184081248684,0.0320446294148648,0.0029927932581242,0.027141098,-0.0191588336297295,-1.476231549062848,0.009047032,1.1244108452367163,1.004351800484686,0.0320446294148648
