rms,media,desvio_padrao,minimo,skewness,kurtosis,pico_a_pico,crest_factor,shape_factor,mean_abs
0.0411993753179728,0.0410886052081081,0.0030191138838114,0.03618813,-0.0526927771886422,-1.4214400992145806,0.00980095,1.1162567307164404,1.0026958839148643,0.0410886052081081
