rms,media,desvio_padrao,minimo,skewness,kurtosis,pico_a_pico,crest_factor,shape_factor,mean_abs
0.036524397963059,0.0364030982216216,0.0029742371174607,0.031664614,-0.0330315046599544,-1.4635090891387856,0.0090470309999999,1.1146424655972684,1.0033321268618118,0.0364030982216216
