rms,media,desvio_padrao,minimo,skewness,kurtosis,pico_a_pico,crest_factor,shape_factor,mean_abs
0.0386357504934843,0.0385222228986486,0.0029596552403283,0.03392637,0.0642766390171209,-1.4383951378756454,0.009047033,1.11227043479451,1.002947067596134,0.0385222228986486
