rms,media,desvio_padrao,minimo,skewness,kurtosis,pico_a_pico,crest_factor,shape_factor,mean_abs
0.0334693338363124,0.033337499231081,0.0029677352415938,0.027895017,-0.0273610260882212,-1.4016814934684363,0.0098009499999999,1.1262837552835268,1.0039545439301718,0.033337499231081
