rms,media,desvio_padrao,minimo,skewness,kurtosis,pico_a_pico,crest_factor,shape_factor,mean_abs
0.2056350316674597,-0.2029469416891892,0.0331406865934009,-0.26311785,-0.1008362486127669,-1.1692041523881702,0.1145957399999999,1.279538062490723,1.0132452844861657,0.2029469416891892
