rms,media,desvio_padrao,minimo,skewness,kurtosis,pico_a_pico,crest_factor,shape_factor,mean_abs
0.0505997254843387,0.0505136147462888,0.0029507531841802,0.04598908,-0.0322747147956168,-1.4476581344325976,0.0090470329999999,1.0876761182634165,1.0017047035434388,0.0505136147462888
