rms,media,desvio_padrao,minimo,skewness,kurtosis,pico_a_pico,crest_factor,shape_factor,mean_abs
0.0353110235482277,-0.0300304421784864,0.018575277295052,-0.06483707,-0.1131847705945502,-1.1429085076803378,0.0663449087,1.8361707898794133,1.1737702429380352,0.0300834202951351
