rms,media,desvio_padrao,minimo,skewness,kurtosis,pico_a_pico,crest_factor,shape_factor,mean_abs
0.0351358516817242,0.0350103851486486,0.0029666488068879,0.030156774,-0.0081014809204327,-1.48840386099332,0.0090470339999999,1.1157779340351563,1.0035836947392305,0.0350103851486486
