rms,media,desvio_padrao,minimo,skewness,kurtosis,pico_a_pico,crest_factor,shape_factor,mean_abs
0.036464761420115,0.0363450261189189,0.0029526093275289,0.031664614,-0.0125049489504103,-1.4779704440284982,0.0090470309999999,1.1164654152252935,1.0032944068001035,0.0363450261189189
