rms,media,desvio_padrao,minimo,skewness,kurtosis,pico_a_pico,crest_factor,shape_factor,mean_abs
0.0506003744404741,0.0505136161432432,0.002961836870806,0.04598908,-0.0574239950603127,-1.4460866534545584,0.0090470329999999,1.087662168681064,1.0017175229938973,0.0505136161432432
