rms,media,desvio_padrao,minimo,skewness,kurtosis,pico_a_pico,crest_factor,shape_factor,mean_abs
0.0366707768764887,0.0365508255905405,0.0029636169413586,0.032418534,0.0204756624897687,-1.4673892756709768,0.009047032,1.130752319201217,1.003281766800344,0.0365508255905405
