rms,media,desvio_padrao,minimo,skewness,kurtosis,pico_a_pico,crest_factor,shape_factor,mean_abs
0.0301818776251827,0.0300243291351351,0.0030798371655954,0.02412542,-0.0440090538275907,-1.3471943260262933,0.0113087899999999,1.174022717872094,1.0052473608765249,0.0300243291351351
