rms,media,desvio_padrao,minimo,skewness,kurtosis,pico_a_pico,crest_factor,shape_factor,mean_abs
0.0152080084577627,0.0057654454542702,0.0140727808184884,-0.021863662,0.0390109461621508,-1.067887438249313,0.0557900319999999,2.2308226678216205,1.1954214885355792,0.0127218797751351
