rms,media,desvio_padrao,minimo,skewness,kurtosis,pico_a_pico,crest_factor,shape_factor,mean_abs
0.0339349960380967,0.0338041140216216,0.0029775545870478,0.029402856,0.0281452809255526,-1.4631931296261032,0.009047031,1.133045277413164,1.0038717777484558,0.0338041140216216
