rms,media,desvio_padrao,minimo,skewness,kurtosis,pico_a_pico,crest_factor,shape_factor,mean_abs
0.0341864726521692,0.0340496473567567,0.0030555567869087,0.028648935,-0.0003836402258484,-1.2911901927432703,0.0113087899999999,1.16881684187048,1.0040184056527492,0.0340496473567567
