rms,media,desvio_padrao,minimo,skewness,kurtosis,pico_a_pico,crest_factor,shape_factor,mean_abs
0.0463102954639848,0.0462040496972973,0.0031351646737058,0.039957725,-0.1250790541820978,-1.2966952686366235,0.0113087919999999,1.1070220236420132,1.002299490356009,0.0462040496972973
