rms,media,desvio_padrao,minimo,skewness,kurtosis,pico_a_pico,crest_factor,shape_factor,mean_abs
0.0348174038759935,0.0346843658567567,0.0030407857173263,0.029402856,0.0058361045858623,-1.3526740972589424,0.0105548689999999,1.1476365424117878,1.0038356768518186,0.0346843658567567
