rms,media,desvio_padrao,minimo,skewness,kurtosis,pico_a_pico,crest_factor,shape_factor,mean_abs
0.0434465648709928,0.0433340621,0.0031245897335067,0.037695967,0.0259357053846424,-1.3156776286816223,0.011308793,1.1279317512330662,1.0025961741304854,0.0433340621
