rms,media,desvio_padrao,minimo,skewness,kurtosis,pico_a_pico,crest_factor,shape_factor,mean_abs
0.0311233164334271,0.0309779354608108,0.003004719687604,0.026387177,0.0086942677810899,-1.4651177388397911,0.009047033,1.138510096627841,1.004693049115563,0.0309779354608108
