rms,media,desvio_padrao,minimo,skewness,kurtosis,pico_a_pico,crest_factor,shape_factor,mean_abs
0.0442632352370404,0.0441592982621621,0.003031562409547,0.038449887,-0.0121661449946185,-1.3891052150129048,0.010554873,1.107121061927976,1.0023536826663595,0.0441592982621621
