rms,media,desvio_padrao,minimo,skewness,kurtosis,pico_a_pico,crest_factor,shape_factor,mean_abs
0.0450841082874053,0.0449539697932432,0.0034230717051593,0.038449887,0.2013156579899556,-1.0452791375662382,0.0135705469999999,1.1538530088779069,1.0028949277396548,0.0449539697932432
