rms,media,desvio_padrao,minimo,skewness,kurtosis,pico_a_pico,crest_factor,shape_factor,mean_abs
0.0319179145833149,0.0317685319689189,0.00308442018661,0.025633259,-0.0163669440251314,-1.3755391486310176,0.0113087909999999,1.1574080099616335,1.0047022196223043,0.0317685319689189
