rms,media,desvio_padrao,minimo,skewness,kurtosis,pico_a_pico,crest_factor,shape_factor,mean_abs
0.0317919873758949,0.0316513688405405,0.0029868565129791,0.027141098,-0.0500603151894992,-1.4625339527110552,0.009047032,1.138278320638684,1.0044427315628242,0.0316513688405405
