rms,media,desvio_padrao,minimo,skewness,kurtosis,pico_a_pico,crest_factor,shape_factor,mean_abs
0.0307913371053061,0.0306335774662162,0.003112936291339,0.02412542,0.0257852440265655,-1.2340593562106494,0.0120627099999999,1.1752698454190804,1.0051498927692644,0.0306335774662162
