rms,media,desvio_padrao,minimo,skewness,kurtosis,pico_a_pico,crest_factor,shape_factor,mean_abs
0.0304813902755152,0.0303309908851351,0.0030242594224248,0.025633259,-0.0441572700966388,-1.4560716007378327,0.009800951,1.1624866739908248,1.0049586045820165,0.0303309908851351
