rms,media,desvio_padrao,minimo,skewness,kurtosis,pico_a_pico,crest_factor,shape_factor,mean_abs
0.0476161163122029,0.0475193333932432,0.0030343840427726,0.042219482,-0.0575125862738988,-1.356751143300536,0.010554873,1.1083296809419787,1.002036706158286,0.0475193333932432
