rms,media,desvio_padrao,minimo,skewness,kurtosis,pico_a_pico,crest_factor,shape_factor,mean_abs
0.0470433155631716,0.0469396304459459,0.0031216394369264,0.041465566,-0.0106937134208074,-1.299419055002649,0.011308789,1.1218247346773944,1.002208903569131,0.0469396304459459
