rms,media,desvio_padrao,minimo,skewness,kurtosis,pico_a_pico,crest_factor,shape_factor,mean_abs
0.0291092387392789,0.028949484631081,0.0030455080980249,0.02412542,0.0105295306359314,-1.3974986258525612,0.0098009499999999,1.1654846182638587,1.0055183748599898,0.028949484631081
