rms,media,desvio_padrao,minimo,skewness,kurtosis,pico_a_pico,crest_factor,shape_factor,mean_abs
0.0455017457680022,0.0454002088054054,0.0030380764245656,0.039203808,-0.1241119522508531,-1.276384616323579,0.011308789,1.1101243731954007,1.0022364866873643,0.0454002088054054
