rms,media,desvio_padrao,minimo,skewness,kurtosis,pico_a_pico,crest_factor,shape_factor,mean_abs
0.0265663889742604,0.0263983844864864,0.0029830051349834,0.021109741,-0.0565672266658607,-1.4111955816054629,0.0098009519999999,1.1635263275693442,1.0063641958037235,0.0263983844864864
