rms,media,desvio_padrao,minimo,skewness,kurtosis,pico_a_pico,crest_factor,shape_factor,mean_abs
0.0324464312523664,0.0322962754094594,0.0031179313159344,0.026387177,0.0830144871237967,-1.250687230773523,0.0113087899999999,1.1617908517211952,1.0046493238307903,0.0322962754094594
