rms,media,desvio_padrao,minimo,skewness,kurtosis,pico_a_pico,crest_factor,shape_factor,mean_abs
0.0453174573297314,0.0451638447108108,0.0037281456207873,0.037695967,0.0383177260857261,-0.8908696036000259,0.015078388,1.1645480154813608,1.0034012298975925,0.0451638447108108
