rms,media,desvio_padrao,minimo,skewness,kurtosis,pico_a_pico,crest_factor,shape_factor,mean_abs
0.0511511714702455,0.0510627546554054,0.0030062318241172,0.04598908,0.0115453908405835,-1.4404274429796888,0.009800953,1.0906892529812904,1.001731532414121,0.0510627546554054
