rms,media,desvio_padrao,minimo,skewness,kurtosis,pico_a_pico,crest_factor,shape_factor,mean_abs
0.0529409084188595,0.0528568792554054,0.0029816270044334,0.04825084,-0.059513907979896,-1.4673542129081172,0.0090470299999999,1.0822985798934337,1.001589748858386,0.0528568792554054
