rms,media,desvio_padrao,minimo,skewness,kurtosis,pico_a_pico,crest_factor,shape_factor,mean_abs
0.0379651544894863,0.0378487894554054,0.0029702006954009,0.03317245,-0.0510357540191455,-1.4718250260213326,0.009047032,1.1120587435431553,1.0030744717533984,0.0378487894554054
