rms,media,desvio_padrao,minimo,skewness,kurtosis,pico_a_pico,crest_factor,shape_factor,mean_abs
0.0633785837081018,0.063306813231081,0.003015339345728,0.05805179,-0.0521553342548937,-1.4383271585714696,0.01055487,1.082489635867799,1.0011336927789876,0.063306813231081
