rms,media,desvio_padrao,minimo,skewness,kurtosis,pico_a_pico,crest_factor,shape_factor,mean_abs
0.0368319883097022,0.0367128163621621,0.0029604860418862,0.032418534,-0.051164869075059,-1.460200034200986,0.009047032,1.1258030832149548,1.0032460584435832,0.0367128163621621
