rms,media,desvio_padrao,minimo,skewness,kurtosis,pico_a_pico,crest_factor,shape_factor,mean_abs
0.0449136030141934,0.0448092990837837,0.0030591585994482,0.038449887,-0.0221710495384206,-1.3448764626702607,0.011308789,1.1078754021198314,1.002327729568245,0.0448092990837837
