rms,media,desvio_padrao,minimo,skewness,kurtosis,pico_a_pico,crest_factor,shape_factor,mean_abs
0.0517389629363219,0.0516546833405405,0.0029519442261964,0.04749692,0.0311489321162441,-1.4729971866802172,0.009047034,1.0928698758340378,1.0016315964077398,0.0516546833405405
