rms,media,desvio_padrao,minimo,skewness,kurtosis,pico_a_pico,crest_factor,shape_factor,mean_abs
0.0737173545629713,-0.0730853504027027,0.0096322334002555,-0.09197816,0.0614022573993712,-0.9994723222351268,0.039203805,1.24771379202749,1.0086474807439014,0.0730853504027027
