rms,media,desvio_padrao,minimo,skewness,kurtosis,pico_a_pico,crest_factor,shape_factor,mean_abs
0.0369264720237164,0.0368075656256756,0.0029609878131961,0.032418534,0.0009045804352592,-1.4455246632545329,0.009047032,1.1229224923888808,1.0032304879722302,0.0368075656256756
