rms,media,desvio_padrao,minimo,skewness,kurtosis,pico_a_pico,crest_factor,shape_factor,mean_abs
0.0281387006222926,0.0279755025297297,0.0030261743043156,0.0233715,0.0553539474482332,-1.4300303206290634,0.00980095,1.1788906120888667,1.005833607185055,0.0279755025297297
