rms,media,desvio_padrao,minimo,skewness,kurtosis,pico_a_pico,crest_factor,shape_factor,mean_abs
0.0473951235771469,0.0472951952256756,0.0030760766340015,0.041465566,-0.0631032093781546,-1.356312087459786,0.011308789,1.113497571413589,1.0021128647634163,0.0472951952256756
