rms,media,desvio_padrao,minimo,skewness,kurtosis,pico_a_pico,crest_factor,shape_factor,mean_abs
0.0445298423414209,0.0444282641527027,0.0030060278324526,0.039957725,0.0511051385346282,-1.439029900195873,0.009047035,1.1004925556274994,1.00228634160383,0.0444282641527027
