rms,media,desvio_padrao,minimo,skewness,kurtosis,pico_a_pico,crest_factor,shape_factor,mean_abs
0.042869448333687,0.0427635284756756,0.003011682709838,0.037695967,0.0010150860179263,-1.4030048077992954,0.009800953,1.1079433453468697,1.002476873676867,0.0427635284756756
