rms,media,desvio_padrao,minimo,skewness,kurtosis,pico_a_pico,crest_factor,shape_factor,mean_abs
0.03193148424145,0.0317848328797297,0.0030568095573034,0.025633259,0.0279423973265336,-1.3630318614110126,0.0113087909999999,1.1569161558749537,1.0046138786469376,0.0317848328797297
