rms,media,desvio_padrao,minimo,skewness,kurtosis,pico_a_pico,crest_factor,shape_factor,mean_abs
0.0352560230353192,0.0351255106351351,0.0030307858532019,0.029402856,0.00466651103242,-1.3153629495849883,0.0113087889999999,1.1547429770855142,1.0037156015051223,0.0351255106351351
