rms,media,desvio_padrao,minimo,skewness,kurtosis,pico_a_pico,crest_factor,shape_factor,mean_abs
0.0466687651861382,0.0465657271324324,0.0030994677973418,0.041465566,0.0314566934414096,-1.2964685357411183,0.0105548679999999,1.1146734607722442,1.0022127444378313,0.0465657271324324
