rms,media,desvio_padrao,minimo,skewness,kurtosis,pico_a_pico,crest_factor,shape_factor,mean_abs
0.043105538311224,0.0429937796094594,0.0031019909725254,0.03694205,0.0559930518833263,-1.2601599863844055,0.01206271,1.1368553072271903,1.0025994156080191,0.0429937796094594
