rms,media,desvio_padrao,minimo,skewness,kurtosis,pico_a_pico,crest_factor,shape_factor,mean_abs
0.0331649722628894,0.0330277810702702,0.0030134801762292,0.027895017,-0.0286826894117308,-1.3543363774892294,0.01055487,1.1593523038469162,1.004153811978084,0.0330277810702702
