rms,media,desvio_padrao,minimo,skewness,kurtosis,pico_a_pico,crest_factor,shape_factor,mean_abs
0.0350856998308456,0.0349604634648648,0.0029618114291852,0.030910693,0.0426648107371064,-1.4866851879869811,0.009047032,1.1388607094241592,1.0035822284251656,0.0349604634648648
