rms,media,desvio_padrao,minimo,skewness,kurtosis,pico_a_pico,crest_factor,shape_factor,mean_abs
0.0459834770913049,0.0458698801135135,0.0032302111043181,0.039203808,0.0308747921144379,-1.0440081879993874,0.014324467,1.164076281002285,1.0024765047894235,0.0458698801135135
