rms,media,desvio_padrao,minimo,skewness,kurtosis,pico_a_pico,crest_factor,shape_factor,mean_abs
0.0363057698835708,0.0361850729581081,0.0029579421656274,0.031664614,0.0025007998976542,-1.463358394127791,0.0090470309999999,1.1213546808278223,1.0033355446209136,0.0361850729581081
