rms,media,desvio_padrao,minimo,skewness,kurtosis,pico_a_pico,crest_factor,shape_factor,mean_abs
0.0334605317283032,0.033328330077027,0.0029714639182605,0.028648935,-0.0541357417683301,-1.4636083427114632,0.0090470319999999,1.126580034832923,1.0039666449225235,0.033328330077027
