rms,media,desvio_padrao,minimo,skewness,kurtosis,pico_a_pico,crest_factor,shape_factor,mean_abs
0.0305399470556185,0.0303880443986486,0.0030422234937197,0.025633259,0.0415671716052306,-1.3903709764543757,0.009800951,1.1602577416217583,1.004998763822282,0.0303880443986486
