rms,media,desvio_padrao,minimo,skewness,kurtosis,pico_a_pico,crest_factor,shape_factor,mean_abs
0.0409284615281543,0.0408186206364864,0.002996526722091,0.03618813,0.0127823111777149,-1.4585621403337825,0.00980095,1.1236454604667845,1.0026909505993844,0.0408186206364864
