rms,media,desvio_padrao,minimo,skewness,kurtosis,pico_a_pico,crest_factor,shape_factor,mean_abs
0.0514780750417749,0.0513857174378378,0.0030822481089777,0.04598908,-0.0615612110404441,-1.330148188726049,0.0105548739999999,1.0984084768926206,1.0017973399719249,0.0513857174378378
