rms,media,desvio_padrao,minimo,skewness,kurtosis,pico_a_pico,crest_factor,shape_factor,mean_abs
0.0489742628102009,0.0488804634189189,0.003029639211913,0.043727323,-0.038777101376544,-1.3722890346923995,0.010554873,1.1083820947008405,1.001918954623612,0.0488804634189189
