rms,media,desvio_padrao,minimo,skewness,kurtosis,pico_a_pico,crest_factor,shape_factor,mean_abs
0.043252588750362,0.0431292812621621,0.0032636683987889,0.03694205,-0.0621114924458836,-1.1572857114369126,0.012816626,1.1504207594876843,1.0028590202431236,0.0431292812621621
