rms,media,desvio_padrao,minimo,skewness,kurtosis,pico_a_pico,crest_factor,shape_factor,mean_abs
0.0565543224593529,0.0564757841862348,0.0029794612577276,0.052020434,0.0056693080785909,-1.4622504106377228,0.009047036,1.079801991154448,1.00139065396346,0.0564757841862348
