rms,media,desvio_padrao,minimo,skewness,kurtosis,pico_a_pico,crest_factor,shape_factor,mean_abs
0.0368433208464407,0.0367077223432432,0.0031580708296574,0.030156774,-0.1048745054054609,-1.1743680096508518,0.012816629,1.1663824544782178,1.0036940048181011,0.0367077223432432
