rms,media,desvio_padrao,minimo,skewness,kurtosis,pico_a_pico,crest_factor,shape_factor,mean_abs
0.0447578095561806,0.0446279508486486,0.0034069809682382,0.03694205,-0.1332234621659424,-0.9540371109662448,0.014324467,1.1454205982902157,1.0029098066360342,0.0446279508486486
