rms,media,desvio_padrao,minimo,skewness,kurtosis,pico_a_pico,crest_factor,shape_factor,mean_abs
0.0363909725659334,0.0362686152851351,0.002981682342803,0.030910693,-0.0183631327569687,-1.3729725965824922,0.010554873,1.139446491155804,1.0033736408141414,0.0362686152851351
