rms,media,desvio_padrao,minimo,skewness,kurtosis,pico_a_pico,crest_factor,shape_factor,mean_abs
0.034429732756233,0.0342911052,0.003086519371097,0.028648935,0.0033820052436479,-1.3326855314983763,0.0113087899999999,1.160558674181583,1.0040426680745482,0.0342911052
