rms,media,desvio_padrao,minimo,skewness,kurtosis,pico_a_pico,crest_factor,shape_factor,mean_abs
0.0369193158465553,0.0368014527729729,0.0029477035767451,0.032418534,-0.0493991640780286,-1.4526802100455691,0.009047032,1.1231401516848198,1.003202674478899,0.0368014527729729
