rms,media,desvio_padrao,minimo,skewness,kurtosis,pico_a_pico,crest_factor,shape_factor,mean_abs
0.0416770581348072,0.0415664268148648,0.0030346888829976,0.03618813,0.010363098656619,-1.394512077833831,0.01055487,1.1215522902025996,1.002661554731061,0.0415664268148648
