rms,media,desvio_padrao,minimo,skewness,kurtosis,pico_a_pico,crest_factor,shape_factor,mean_abs
0.1652746412560962,-0.1652448585405405,0.0031374780075828,-0.1711397,0.0081994657469838,-1.2340897127111443,0.01206271,1.0354867431526638,1.0001802338409729,0.1652448585405405
