rms,media,desvio_padrao,minimo,skewness,kurtosis,pico_a_pico,crest_factor,shape_factor,mean_abs
0.0527857066261441,0.0526582110472973,0.003666556057072,0.044481244,-0.0498936130907522,-0.9118369776047266,0.0158323059999999,1.1426113971945473,1.002421190851552,0.0526582110472973
