rms,media,desvio_padrao,minimo,skewness,kurtosis,pico_a_pico,crest_factor,shape_factor,mean_abs
0.0338168763067746,0.0336788004878378,0.0030527890277759,0.027895017,-0.0691398428872216,-1.3885012724495918,0.01055487,1.1370029168630584,1.00409978434317,0.0336788004878378
