rms,media,desvio_padrao,minimo,skewness,kurtosis,pico_a_pico,crest_factor,shape_factor,mean_abs
0.0316323224310356,0.0314781711121621,0.0031190648942337,0.026387177,0.0544390235792566,-1.2600944409721857,0.0113087899999999,1.1916914125475362,1.004897086248252,0.0314781711121621
