rms,media,desvio_padrao,minimo,skewness,kurtosis,pico_a_pico,crest_factor,shape_factor,mean_abs
0.1234322437212693,-0.1232658164581081,0.0064075957256084,-0.13947508,0.0093432756515338,-0.4019647250432272,0.03015677,1.129972815814303,1.0013501493596788,0.1232658164581081
