rms,media,desvio_padrao,minimo,skewness,kurtosis,pico_a_pico,crest_factor,shape_factor,mean_abs
0.0306811561242591,0.0305357718743243,0.0029832829501052,0.026387177,0.0519166162366676,-1.4671191645796613,0.009047033,1.1549176913833008,1.004761112656107,0.0305357718743243
