rms,media,desvio_padrao,minimo,skewness,kurtosis,pico_a_pico,crest_factor,shape_factor,mean_abs
0.036584430750028,0.0364642268202702,0.0029632306193542,0.031664614,-0.0206247955312476,-1.4718671168853403,0.0090470309999999,1.1128134062867387,1.0032964891961165,0.0364642268202702
