rms,media,desvio_padrao,minimo,skewness,kurtosis,pico_a_pico,crest_factor,shape_factor,mean_abs
0.0454665782324852,0.045364550531081,0.0030442226074476,0.039957725,-0.0640222829655351,-1.339267873985919,0.010554872,1.1109830333330295,1.0022490623231082,0.045364550531081
