rms,media,desvio_padrao,minimo,skewness,kurtosis,pico_a_pico,crest_factor,shape_factor,mean_abs
0.0411312047748892,0.0410223824513513,0.0029900073994778,0.03618813,-0.0169889270011013,-1.4681409331522082,0.00904703,1.0997771703399322,1.0026527548385795,0.0410223824513513
