rms,media,desvio_padrao,minimo,skewness,kurtosis,pico_a_pico,crest_factor,shape_factor,mean_abs
0.0424848775250396,0.0423794370608108,0.0029913429636862,0.037695967,0.0045753967013007,-1.4297369197665009,0.009800953,1.1179723884576658,1.002488010024238,0.0423794370608108
