rms,media,desvio_padrao,minimo,skewness,kurtosis,pico_a_pico,crest_factor,shape_factor,mean_abs
0.0378641447045836,0.0377489460499999,0.002951360080342,0.03317245,0.025484451190649,-1.4589775283271085,0.009047032,1.1150253710838252,1.0030517051901535,0.0377489460499999
