rms,media,desvio_padrao,minimo,skewness,kurtosis,pico_a_pico,crest_factor,shape_factor,mean_abs
0.052079796910001,0.0519960177233468,0.0029528608332183,0.04749692,-0.0530580402625822,-1.449116600672439,0.009047034,1.0857176362978809,1.0016112615989163,0.0519960177233468
