rms,media,desvio_padrao,minimo,skewness,kurtosis,pico_a_pico,crest_factor,shape_factor,mean_abs
0.0426638031310853,0.0425536536175675,0.0030637658859781,0.037695967,0.0486154745678495,-1.3750767558104198,0.010554873,1.13095496554183,1.0025884854566816,0.0425536536175675
