rms,media,desvio_padrao,minimo,skewness,kurtosis,pico_a_pico,crest_factor,shape_factor,mean_abs
0.0261012789492232,0.0259276943283783,0.0030052337012852,0.021109741,0.0212686898721722,-1.4238546810241473,0.0098009519999999,1.184259708504432,1.0066949501427471,0.0259276943283783
