rms,media,desvio_padrao,minimo,skewness,kurtosis,pico_a_pico,crest_factor,shape_factor,mean_abs
0.0630262492987419,0.0629553238081081,0.0029891980334898,0.05805179,-0.0232620280563603,-1.4804280125191005,0.0098009499999999,1.076579056424264,1.001126600362663,0.0629553238081081
