rms,media,desvio_padrao,minimo,skewness,kurtosis,pico_a_pico,crest_factor,shape_factor,mean_abs
0.0365906133141749,0.0364632079621621,0.0030508110094839,0.030910693,-0.0185894774683461,-1.2691988621426704,0.011308789,1.1538336796241813,1.003494079625275,0.0364632079621621
