rms,media,desvio_padrao,minimo,skewness,kurtosis,pico_a_pico,crest_factor,shape_factor,mean_abs
0.0341278482521184,0.0339966691027027,0.0029894006491203,0.029402856,-0.0667287786640109,-1.4734614159131758,0.009047031,1.126642579864768,1.0038585882934423,0.0339966691027027
