rms,media,desvio_padrao,minimo,skewness,kurtosis,pico_a_pico,crest_factor,shape_factor,mean_abs
0.063132582553732,0.063062298881081,0.002978160461928,0.05805179,0.0392748819353927,-1.4094466863286668,0.01055487,1.0867076432618443,1.001114511743118,0.063062298881081
