rms,media,desvio_padrao,minimo,skewness,kurtosis,pico_a_pico,crest_factor,shape_factor,mean_abs
0.0504189776045094,0.0502945718581081,0.0035396813830666,0.040711645,-0.2799427784269632,-0.516406043757347,0.015832309,1.1214815667928717,1.002473542209532,0.0502945718581081
