rms,media,desvio_padrao,minimo,skewness,kurtosis,pico_a_pico,crest_factor,shape_factor,mean_abs
0.0521088348748027,0.0519919092378378,0.0034888459143231,0.044481244,-0.1564961020315411,-0.7188478876382334,0.015078386,1.142985256590339,1.002248919854626,0.0519919092378378
