rms,media,desvio_padrao,minimo,skewness,kurtosis,pico_a_pico,crest_factor,shape_factor,mean_abs
0.0418378153181995,0.0417304550513513,0.0029953149762445,0.03694205,0.008288431223106,-1.4480882648998965,0.00980095,1.117242849429251,1.0025727077913733,0.0417304550513513
