rms,media,desvio_padrao,minimo,skewness,kurtosis,pico_a_pico,crest_factor,shape_factor,mean_abs
0.0341695836312578,0.0340404778972973,0.002967542764163,0.029402856,-0.0225665844010903,-1.4720509725089952,0.009047031,1.125266477196012,1.003792712145524,0.0340404778972973
