rms,media,desvio_padrao,minimo,skewness,kurtosis,pico_a_pico,crest_factor,shape_factor,mean_abs
0.0506269900126674,0.0505421029527665,0.0029305198949461,0.04598908,-0.0222775781123135,-1.4526669631210405,0.0090470329999999,1.087090363978371,1.0016795316170404,0.0505421029527665
