rms,media,desvio_padrao,minimo,skewness,kurtosis,pico_a_pico,crest_factor,shape_factor,mean_abs
0.0393826505375779,-0.0376389146189189,0.0115890150433383,-0.05880571,0.0976858030455076,-1.0541354706766777,0.043727323,1.493188223679587,1.0463280074973944,0.0376389146189189
