rms,media,desvio_padrao,minimo,skewness,kurtosis,pico_a_pico,crest_factor,shape_factor,mean_abs
0.0483744103762904,0.0482824220567567,0.0029818282289496,0.043727323,0.0220213426974444,-1.4632725069885284,0.009047032,1.0909560362489945,1.0019052134423896,0.0482824220567567
