rms,media,desvio_padrao,minimo,skewness,kurtosis,pico_a_pico,crest_factor,shape_factor,mean_abs
0.0525185749316502,0.0524350920054054,0.0029600404112152,0.04749692,-0.0459973092810038,-1.4723552206825417,0.009047034,1.0766467687592167,1.0015921193813524,0.0524350920054054
