rms,media,desvio_padrao,minimo,skewness,kurtosis,pico_a_pico,crest_factor,shape_factor,mean_abs
0.0334791547705318,0.0333456497662162,0.0029868789426537,0.028648935,0.0613668208825331,-1.4884236810203846,0.0090470319999999,1.1259533658591578,1.0040036708011872,0.0333456497662162
