rms,media,desvio_padrao,minimo,skewness,kurtosis,pico_a_pico,crest_factor,shape_factor,mean_abs
0.0336265807741947,0.033488283077027,0.0030466097742159,0.027895017,-0.0069607958319489,-1.366706432408827,0.01055487,1.143437308068702,1.00412973387885,0.033488283077027
