rms,media,desvio_padrao,minimo,skewness,kurtosis,pico_a_pico,crest_factor,shape_factor,mean_abs
0.0359370771296189,0.0358152450459459,0.0029566425078166,0.030910693,-0.0461485581003025,-1.3962630239452412,0.010554873,1.1538380222309312,1.0034016822589584,0.0358152450459459
