rms,media,desvio_padrao,minimo,skewness,kurtosis,pico_a_pico,crest_factor,shape_factor,mean_abs
0.0270029085955173,0.0268344350905405,0.0030116716270917,0.021863662,-0.0660543550057137,-1.4172955129224665,0.009800952,1.172637158252521,1.0062782579327028,0.0268344350905405
