rms,media,desvio_padrao,minimo,skewness,kurtosis,pico_a_pico,crest_factor,shape_factor,mean_abs
0.0323790712240825,0.032242278531081,0.0029731680844508,0.027141098,-0.0561671936527219,-1.4776844803129536,0.0098009519999999,1.1409237079204322,1.0042426496895862,0.032242278531081
