rms,media,desvio_padrao,minimo,skewness,kurtosis,pico_a_pico,crest_factor,shape_factor,mean_abs
0.0519517096649177,0.0518604829783783,0.0030774083832404,0.046743,-0.0066945285205454,-1.3699122938002457,0.01055487,1.102906340706866,1.001759079000044,0.0518604829783783
