rms,media,desvio_padrao,minimo,skewness,kurtosis,pico_a_pico,crest_factor,shape_factor,mean_abs
0.0318038960860697,0.0316635945256756,0.0029840556239995,0.026387177,-0.0233660027370033,-1.4592400451874774,0.0098009529999999,1.1378521015810568,1.004431005465292,0.0316635945256756
