rms,media,desvio_padrao,minimo,skewness,kurtosis,pico_a_pico,crest_factor,shape_factor,mean_abs
0.0530588409343673,0.0529740422189189,0.0029985750426988,0.04825084,0.0059542933892558,-1.4238000755792588,0.0098009499999999,1.0941021133840594,1.0016007597664158,0.0529740422189189
