rms,media,desvio_padrao,minimo,skewness,kurtosis,pico_a_pico,crest_factor,shape_factor,mean_abs
0.0431509796367249,0.0430355507324324,0.0031541110895605,0.03694205,-0.0183887220370021,-1.1808646892866437,0.01206271,1.135658110489176,1.0026821756043094,0.0430355507324324
