rms,media,desvio_padrao,minimo,skewness,kurtosis,pico_a_pico,crest_factor,shape_factor,mean_abs
0.0277617710438445,0.0275965051108108,0.0030247044747942,0.02261758,-0.0073127388640995,-1.3694927297485024,0.0105548699999999,1.1948967501968897,1.0059886544462844,0.0275965051108108
