rms,media,desvio_padrao,minimo,skewness,kurtosis,pico_a_pico,crest_factor,shape_factor,mean_abs
0.0493471653133371,0.0492580993994601,0.0029635060341978,0.044481244,-0.0444664137162056,-1.4496919538896629,0.0090470309999999,1.084728467382356,1.0018081475932457,0.0492580993994601
