rms,media,desvio_padrao,minimo,skewness,kurtosis,pico_a_pico,crest_factor,shape_factor,mean_abs
0.0495276044316602,0.049435714827027,0.0030155762765793,0.044481244,-0.0362225531941891,-1.3777639610762795,0.0098009519999999,1.0959988197067017,1.0018587696153418,0.049435714827027
