rms,media,desvio_padrao,minimo,skewness,kurtosis,pico_a_pico,crest_factor,shape_factor,mean_abs
0.0323428154581165,0.032202545031081,0.0030089541835955,0.026387177,-0.0699045472517394,-1.3484201680998895,0.0105548729999999,1.1422026646950203,1.0043558801610268,0.032202545031081
