rms,media,desvio_padrao,minimo,skewness,kurtosis,pico_a_pico,crest_factor,shape_factor,mean_abs
0.0483561635822305,0.048266100439946,0.0029499330013554,0.043727323,0.0195948491036609,-1.4627053772076026,0.009047032,1.0913676993886456,1.001865970970591,0.048266100439946
