rms,media,desvio_padrao,minimo,skewness,kurtosis,pico_a_pico,crest_factor,shape_factor,mean_abs
0.0407809694393206,0.0406698744175675,0.003008119557146,0.03618813,-0.0420109405236949,-1.452692851924123,0.00904703,1.1092222824007885,1.002731629328687,0.0406698744175675
