rms,media,desvio_padrao,minimo,skewness,kurtosis,pico_a_pico,crest_factor,shape_factor,mean_abs
0.0364307901461976,0.0362961232283783,0.0031295222106041,0.030156774,-0.0631483366122177,-1.2083439254332209,0.012062708,1.158895588884352,1.003710228692248,0.0362961232283783
