rms,media,desvio_padrao,minimo,skewness,kurtosis,pico_a_pico,crest_factor,shape_factor,mean_abs
0.0305531858631959,0.0304074016297297,0.00298112269444,0.025633259,-0.0479247464632082,-1.4340324467876036,0.009800951,1.159754997683685,1.004794366688789,0.0304074016297297
