rms,media,desvio_padrao,minimo,skewness,kurtosis,pico_a_pico,crest_factor,shape_factor,mean_abs
0.0564221901334663,0.0563425000377867,0.0029977039461938,0.051266517,-0.0550441718683382,-1.4818411264440772,0.009800953,1.0823307258287076,1.0014143869304013,0.0563425000377867
