rms,media,desvio_padrao,minimo,skewness,kurtosis,pico_a_pico,crest_factor,shape_factor,mean_abs
0.036857577988849,0.0367321738121621,0.0030378384152552,0.030910693,-0.0663617961535059,-1.2742507018201346,0.011308789,1.1454762983279343,1.0034140145728427,0.0367321738121621
