rms,media,desvio_padrao,minimo,skewness,kurtosis,pico_a_pico,crest_factor,shape_factor,mean_abs
0.049832933720561,0.0497383015351351,0.0030696324857884,0.042973403,-0.0750568775572332,-1.2822569383098683,0.0120627099999999,1.1044124616185715,1.0019026018682828,0.0497383015351351
