rms,media,desvio_padrao,minimo,skewness,kurtosis,pico_a_pico,crest_factor,shape_factor,mean_abs
0.0602320533790931,0.0601566528162162,0.0030128684357518,0.055036113,-0.0469552557359759,-1.4549152589862966,0.0098009569999999,1.0764545846033748,1.0012534035613196,0.0601566528162162
