rms,media,desvio_padrao,minimo,skewness,kurtosis,pico_a_pico,crest_factor,shape_factor,mean_abs
0.0448294263633957,0.0447288131027027,0.0030017905480921,0.039957725,-0.0038618935883931,-1.4199242510257284,0.009800951,1.1099556705599307,1.0022494060028388,0.0447288131027027
