rms,media,desvio_padrao,minimo,skewness,kurtosis,pico_a_pico,crest_factor,shape_factor,mean_abs
0.0466214887611879,0.0465270123851351,0.0029665354916217,0.042219482,0.0655787890073878,-1.455434108133633,0.0090470349999999,1.0996327736895235,1.0020305704409025,0.0465270123851351
