rms,media,desvio_padrao,minimo,skewness,kurtosis,pico_a_pico,crest_factor,shape_factor,mean_abs
0.0372099494172988,0.0370918135878378,0.0029627184144008,0.032418534,0.0321937529818914,-1.4038808052615537,0.009800948,1.1346288468850267,1.0031849569496325,0.0370918135878378
