rms,media,desvio_padrao,minimo,skewness,kurtosis,pico_a_pico,crest_factor,shape_factor,mean_abs
0.0478377339460075,0.047744490404054,0.0029853685109541,0.042973403,0.0352007574704391,-1.4721307955120055,0.009800952,1.103195127502573,1.0019529696759653,0.047744490404054
