rms,media,desvio_padrao,minimo,skewness,kurtosis,pico_a_pico,crest_factor,shape_factor,mean_abs
0.0328929893311967,0.0327476083621621,0.0030891574418715,0.027141098,-0.0125045156158434,-1.4028686322902402,0.0105548689999999,1.1460182782550548,1.004439437757616,0.0327476083621621
