rms,media,desvio_padrao,minimo,skewness,kurtosis,pico_a_pico,crest_factor,shape_factor,mean_abs
0.0370994830194253,0.0369807632472973,0.0029656011120811,0.032418534,-0.0091668179157455,-1.4505191633220185,0.009047032,1.1176858173007027,1.0032103115702122,0.0369807632472973
