rms,media,desvio_padrao,minimo,skewness,kurtosis,pico_a_pico,crest_factor,shape_factor,mean_abs
0.0496266671590759,0.0494520160243243,0.0041598322619641,0.039203808,-0.1898422561502056,-0.5978565763301549,0.0196019019999999,1.18496190387924,1.0035317293164696,0.0494520160243243
