rms,media,desvio_padrao,minimo,skewness,kurtosis,pico_a_pico,crest_factor,shape_factor,mean_abs
0.0119764071557839,-0.0114096526231081,0.0036406256853892,-0.018847983,0.0201351228208158,-0.7968993107534255,0.0150783861999999,1.5737593716407206,1.049673250483367,0.0114096526231081
