rms,media,desvio_padrao,minimo,skewness,kurtosis,pico_a_pico,crest_factor,shape_factor,mean_abs
0.0392597131980307,0.0391477721729729,0.0029626026201013,0.034680292,-0.03366947336237,-1.4571054604043594,0.0090470309999999,1.113796292383342,1.002859448158714,0.0391477721729729
