rms,media,desvio_padrao,minimo,skewness,kurtosis,pico_a_pico,crest_factor,shape_factor,mean_abs
0.830382323144411,0.605084470772973,0.5686893579275949,0.027895017,0.1033124365918669,-1.958381950561608,1.270354083,1.5634353764708246,1.3723411577289832,0.605084470772973
