rms,media,desvio_padrao,minimo,skewness,kurtosis,pico_a_pico,crest_factor,shape_factor,mean_abs
0.0266359047840798,0.0264686823094594,0.0029799799441402,0.021109741,0.0291069061073827,-1.421954162987581,0.010554873,1.1887943832463963,1.0063177483739216,0.0264686823094594
