rms,media,desvio_padrao,minimo,skewness,kurtosis,pico_a_pico,crest_factor,shape_factor,mean_abs
0.0598957145680251,0.0598224831094594,0.0029609353645042,0.055036113,0.0486886278768719,-1.4725899723867486,0.0098009569999999,1.0824993151448736,1.0012241460862072,0.0598224831094594
