rms,media,desvio_padrao,minimo,skewness,kurtosis,pico_a_pico,crest_factor,shape_factor,mean_abs
0.0593661354360033,0.0592896456337837,0.0030126329391802,0.054282196,-0.0197084192893678,-1.406204128944727,0.0098009479999999,1.079456217410035,1.0012901038857949,0.0592896456337837
