rms,media,desvio_padrao,minimo,skewness,kurtosis,pico_a_pico,crest_factor,shape_factor,mean_abs
0.0856229707005452,-0.0855341891216216,0.0038981537800719,-0.09423992,-0.0818391378616632,-0.7078025791580376,0.01658623,1.100638289339334,1.0010379659857107,0.0855341891216216
