rms,media,desvio_padrao,minimo,skewness,kurtosis,pico_a_pico,crest_factor,shape_factor,mean_abs
0.0371848399379686,0.0370612494094594,0.0030292100326959,0.031664614,-0.0287339698437683,-1.2830122764221223,0.010554868,1.1353950177123295,1.003334764220809,0.0370612494094594
