rms,media,desvio_padrao,minimo,skewness,kurtosis,pico_a_pico,crest_factor,shape_factor,mean_abs
0.0294150521536531,0.0292561464635135,0.0030533894785276,0.02412542,0.0037790449999452,-1.3548156024413276,0.0113087899999999,1.204628494789164,1.0054315318094904,0.0292561464635135
