rms,media,desvio_padrao,minimo,skewness,kurtosis,pico_a_pico,crest_factor,shape_factor,mean_abs
0.0393762820949667,0.039265954104054,0.0029455797257451,0.034680292,0.083305661052877,-1.474309586939827,0.0090470309999999,1.110499028185025,1.0028097621318546,0.039265954104054
