rms,media,desvio_padrao,minimo,skewness,kurtosis,pico_a_pico,crest_factor,shape_factor,mean_abs
0.0549509768836446,0.0548557839918918,0.0032330826005143,0.04825084,-0.0684357766860026,-1.0487678063599153,0.0128166299999999,1.1113081780021243,1.0017353300750718,0.0548557839918918
