rms,media,desvio_padrao,minimo,skewness,kurtosis,pico_a_pico,crest_factor,shape_factor,mean_abs
0.0624079001648848,0.0623369056108108,0.002975937139642,0.05729787,-0.0288137675522067,-1.4654670318226084,0.009800956,1.0751655771580435,1.001138884796709,0.0623369056108108
