rms,media,desvio_padrao,minimo,skewness,kurtosis,pico_a_pico,crest_factor,shape_factor,mean_abs
0.0471863394864933,0.0470863391013513,0.0030703915332008,0.042219482,0.0089970181520553,-1.3939455987256015,0.010554873,1.1184244333067237,1.002123766405512,0.0470863391013513
