rms,media,desvio_padrao,minimo,skewness,kurtosis,pico_a_pico,crest_factor,shape_factor,mean_abs
0.0521139572042888,0.0520275679229729,0.002999451868406,0.04749692,0.0673178162663597,-1.4740616292173925,0.009047034,1.0850059568177746,1.0016604520404218,0.0520275679229729
