rms,media,desvio_padrao,minimo,skewness,kurtosis,pico_a_pico,crest_factor,shape_factor,mean_abs
0.0388518048109583,0.0387382106229729,0.0029688002288786,0.03392637,0.0737268289391643,-1.4540023081345954,0.009800953,1.1254901339272272,1.0029323550612843,0.0387382106229729
