rms,media,desvio_padrao,minimo,skewness,kurtosis,pico_a_pico,crest_factor,shape_factor,mean_abs
0.0365282146675498,0.0364081922635135,0.0029587164280547,0.031664614,0.0144627954773956,-1.4731751965463726,0.0090470309999999,1.1145260005320352,1.0032965768574194,0.0364081922635135
