rms,media,desvio_padrao,minimo,skewness,kurtosis,pico_a_pico,crest_factor,shape_factor,mean_abs
0.1655502547233136,-0.1655178999324324,0.0032728643282767,-0.17189361,-0.01035877348808,-1.0441921314868987,0.01281662,1.0383167956297508,1.0001954760838216,0.1655178999324324
