rms,media,desvio_padrao,minimo,skewness,kurtosis,pico_a_pico,crest_factor,shape_factor,mean_abs
0.0429836170184437,0.0428705035189189,0.0031162894638667,0.037695967,0.0621575634080243,-1.3119513308846789,0.011308793,1.140079951367812,1.0026384924421263,0.0428705035189189
