rms,media,desvio_padrao,minimo,skewness,kurtosis,pico_a_pico,crest_factor,shape_factor,mean_abs
0.037863049162756,0.0377387578689189,0.0030653949847278,0.032418534,-0.0182749539911742,-1.2993163414824198,0.010554869,1.1349694213816963,1.0032934654147567,0.0377387578689189
