rms,media,desvio_padrao,minimo,skewness,kurtosis,pico_a_pico,crest_factor,shape_factor,mean_abs
0.0273599661155408,0.0271940750716216,0.0030083262526777,0.021863662,-0.0082292142067307,-1.4315028190826178,0.010554872,1.184889406043008,1.0061002642480872,0.0271940750716216
