rms,media,desvio_padrao,minimo,skewness,kurtosis,pico_a_pico,crest_factor,shape_factor,mean_abs
0.0576475503023542,0.0575698941418918,0.0029912111850921,0.052774355,-0.0628028694861145,-1.4592712831378492,0.0098009549999999,1.085480816995697,1.001348902262542,0.0575698941418918
