rms,media,desvio_padrao,minimo,skewness,kurtosis,pico_a_pico,crest_factor,shape_factor,mean_abs
0.0414256728833738,0.0413178371567567,0.0029870899765527,0.03618813,0.011609102386666,-1.4586141342746957,0.00980095,1.1101589135190058,1.0026099073435988,0.0413178371567567
