rms,media,desvio_padrao,minimo,skewness,kurtosis,pico_a_pico,crest_factor,shape_factor,mean_abs
0.0364811981632259,0.0363541952418918,0.0030414318567025,0.030910693,-0.0725813001137495,-1.3567236475797328,0.0098009519999999,1.115962387470005,1.0034934873537706,0.0363541952418918
