rms,media,desvio_padrao,minimo,skewness,kurtosis,pico_a_pico,crest_factor,shape_factor,mean_abs
0.0490423849112284,0.0489446484635135,0.0030946574227475,0.043727323,-0.0154738719919827,-1.354698685471124,0.010554873,1.1068425016086836,1.001996877100624,0.0489446484635135
