rms,media,desvio_padrao,minimo,skewness,kurtosis,pico_a_pico,crest_factor,shape_factor,mean_abs
0.0315066189807199,0.0313650832351351,0.0029830509967661,0.026387177,-0.0524474549068311,-1.476733262107206,0.0098009529999999,1.1485881751432878,1.0045125257447514,0.0313650832351351
