rms,media,desvio_padrao,minimo,skewness,kurtosis,pico_a_pico,crest_factor,shape_factor,mean_abs
0.0391309724823692,0.039020420927027,0.0029393465419319,0.034680292,0.0659157468623176,-1.472149465502227,0.0090470309999999,1.1174606769535746,1.002833171778155,0.039020420927027
