rms,media,desvio_padrao,minimo,skewness,kurtosis,pico_a_pico,crest_factor,shape_factor,mean_abs
0.0488771229771472,0.0487880444966261,0.002949553308283,0.043727323,0.0273055515150506,-1.429971016707261,0.009800952,1.0951601023044537,1.001825826007994,0.0487880444966261
