rms,media,desvio_padrao,minimo,skewness,kurtosis,pico_a_pico,crest_factor,shape_factor,mean_abs
0.0181404671038824,-0.0177874028418918,0.003561579268709,-0.025633259,-0.0265744484501457,-0.8333181386825474,0.0150783879999999,1.413042941684446,1.0198491182287197,0.0177874028418918
