rms,media,desvio_padrao,minimo,skewness,kurtosis,pico_a_pico,crest_factor,shape_factor,mean_abs
0.0631965641153121,0.0631264840135135,0.0029753541087375,0.05880571,0.040570803420081,-1.4631123548478735,0.0090470299999999,1.073677674567749,1.0011101537317306,0.0631264840135135
