rms,media,desvio_padrao,minimo,skewness,kurtosis,pico_a_pico,crest_factor,shape_factor,mean_abs
0.0291960802208004,0.0290371023121621,0.0030426615934807,0.0233715,-0.0204094019654114,-1.3413499626651988,0.011308792,1.1878406874390066,1.0054749921989192,0.0290371023121621
