rms,media,desvio_padrao,minimo,skewness,kurtosis,pico_a_pico,crest_factor,shape_factor,mean_abs
0.049155256059113,0.0490628303148648,0.0030129519962565,0.043727323,-0.0944161869738421,-1.4203651425360766,0.009800952,1.0889634047603791,1.001883824142534,0.0490628303148648
