rms,media,desvio_padrao,minimo,skewness,kurtosis,pico_a_pico,crest_factor,shape_factor,mean_abs
0.0619084474411335,0.0618376890094594,0.0029590678500112,0.05729787,0.0504462619047079,-1.4712306631305818,0.0090470299999999,1.07166150569492,1.0011442606088217,0.0618376890094594
