rms,media,desvio_padrao,minimo,skewness,kurtosis,pico_a_pico,crest_factor,shape_factor,mean_abs
0.0307693025729966,0.0306233894527027,0.0029929916900509,0.025633259,-0.0337608584219,-1.4309721326475624,0.009800951,1.1516091375791313,1.004764760625838,0.0306233894527027
