rms,media,desvio_padrao,minimo,skewness,kurtosis,pico_a_pico,crest_factor,shape_factor,mean_abs
0.0511867804943835,0.0511016921659919,0.0029501788339704,0.046743,-0.0038447554953273,-1.4702053747117212,0.009047033,1.0899304949667918,1.001665078489285,0.0511016921659919
