rms,media,desvio_padrao,minimo,skewness,kurtosis,pico_a_pico,crest_factor,shape_factor,mean_abs
0.0342854130758492,0.0341515282175675,0.0030269902851353,0.028648935,-0.0703892149500832,-1.400020491995322,0.010554873,1.1434544455763094,1.0039203182191083,0.0341515282175675
