rms,media,desvio_padrao,minimo,skewness,kurtosis,pico_a_pico,crest_factor,shape_factor,mean_abs
0.0509849790884973,0.0508987262837837,0.0029644148398915,0.04598908,-0.0546879918051513,-1.4673697608925995,0.009800953,1.094244500976695,1.0016945965255135,0.0508987262837837
