rms,media,desvio_padrao,minimo,skewness,kurtosis,pico_a_pico,crest_factor,shape_factor,mean_abs
0.0467745397798777,0.046669645854054,0.0031307710674106,0.040711645,-0.0460719488001581,-1.338409622415256,0.011308789,1.1121527703919616,1.0022475834968123,0.046669645854054
