rms,media,desvio_padrao,minimo,skewness,kurtosis,pico_a_pico,crest_factor,shape_factor,mean_abs
0.0392937799512615,0.039182411704054,0.0029563078175612,0.034680292,0.0797653862393326,-1.45137040329138,0.0090470309999999,1.1128306580389469,1.002842302001436,0.039182411704054
