rms,media,desvio_padrao,minimo,skewness,kurtosis,pico_a_pico,crest_factor,shape_factor,mean_abs
0.0410978107066966,0.0409643102716216,0.0033098835106067,0.034680292,0.0344400061259188,-1.141477870142773,0.0128166279999999,1.1557043838410743,1.003258945022871,0.0409643102716216
