rms,media,desvio_padrao,minimo,skewness,kurtosis,pico_a_pico,crest_factor,shape_factor,mean_abs
0.0358284746282483,0.0357041947297297,0.0029816225261723,0.030156774,-0.026254472864889,-1.3789615351086204,0.0105548709999999,1.1362930022117534,1.003480820655932,0.0357041947297297
