rms,media,desvio_padrao,minimo,skewness,kurtosis,pico_a_pico,crest_factor,shape_factor,mean_abs
0.0427208003540825,0.0425923683972973,0.003310126463187,0.03543421,-0.0659102596293443,-1.1819969298977584,0.01357055,1.1470936778766814,1.003015374857469,0.0425923683972973
