rms,media,desvio_padrao,minimo,skewness,kurtosis,pico_a_pico,crest_factor,shape_factor,mean_abs
0.0420465597706843,0.0419230102621621,0.0032209314038606,0.03543421,0.0335166434196381,-1.282682647523785,0.01281663,1.1475573807501231,1.0029470571829064,0.0419230102621621
