rms,media,desvio_padrao,minimo,skewness,kurtosis,pico_a_pico,crest_factor,shape_factor,mean_abs
0.0424539053946937,0.0423397035864864,0.0031118456693844,0.03618813,0.0317727172331062,-1.2608934226540691,0.01206271,1.1365465568223283,1.0026972746272051,0.0423397035864864
