rms,media,desvio_padrao,minimo,skewness,kurtosis,pico_a_pico,crest_factor,shape_factor,mean_abs
0.036489419211321,0.0363694775216216,0.0029561493845518,0.031664614,0.0124815472657608,-1.4766259878301662,0.0090470309999999,1.1157109616962322,1.0032978667243195,0.0363694775216216
