rms,media,desvio_padrao,minimo,skewness,kurtosis,pico_a_pico,crest_factor,shape_factor,mean_abs
0.0469379913579541,0.0468408059229729,0.0030189291488477,0.042219482,0.0275941702536814,-1.4484956785858247,0.0098009519999999,1.1082799347608752,1.0020748027935522,0.0468408059229729
