rms,media,desvio_padrao,minimo,skewness,kurtosis,pico_a_pico,crest_factor,shape_factor,mean_abs
0.0499140583593385,0.0498228627499999,0.003015886154037,0.044481244,-0.0377772350305212,-1.4132525737197472,0.0105548689999999,1.1026174750966369,1.001830396815938,0.0498228627499999
