rms,media,desvio_padrao,minimo,skewness,kurtosis,pico_a_pico,crest_factor,shape_factor,mean_abs
0.0499861096377536,0.049901118588394,0.0029136781470429,0.04523516,-0.0238976749498344,-1.465408478071475,0.0090470359999999,1.0859456035562651,1.001703189262361,0.049901118588394
