rms,media,desvio_padrao,minimo,skewness,kurtosis,pico_a_pico,crest_factor,shape_factor,mean_abs
0.050321879446957,0.0502324245256756,0.0029991794455103,0.04523516,0.0627832372393273,-1.4477852931938404,0.0098009529999999,1.0936815875093084,1.001780820299359,0.0502324245256756
