rms,media,desvio_padrao,minimo,skewness,kurtosis,pico_a_pico,crest_factor,shape_factor,mean_abs
0.0456296564362558,0.045475600581081,0.0037463713484813,0.03618813,0.0522138232722859,-0.6013892282231916,0.018847983,1.2061478717659178,1.0033876596066078,0.045475600581081
