rms,media,desvio_padrao,minimo,skewness,kurtosis,pico_a_pico,crest_factor,shape_factor,mean_abs
0.0504197546359447,0.0503292114689189,0.0030202864873566,0.04523516,0.0225160060848034,-1.4353895988040095,0.010554873,1.1065113942507518,1.0017990181920833,0.0503292114689189
