rms,media,desvio_padrao,minimo,skewness,kurtosis,pico_a_pico,crest_factor,shape_factor,mean_abs
0.0439972821418397,0.0438882947702702,0.0030949019413419,0.038449887,-0.0600321455649619,-1.337105560599167,0.011308789,1.1309488581496112,1.0024832901834078,0.0438882947702702
