rms,media,desvio_padrao,minimo,skewness,kurtosis,pico_a_pico,crest_factor,shape_factor,mean_abs
0.0269149411307158,0.0267437610756756,0.0030307259191613,0.021109741,0.0034103996861475,-1.3571378061360426,0.010554873,1.1764697476474764,1.0064007472455287,0.0267437610756756
