rms,media,desvio_padrao,minimo,skewness,kurtosis,pico_a_pico,crest_factor,shape_factor,mean_abs
0.039413600184094,0.0392883679,0.003139431035374,0.03317245,0.0037180964461582,-1.10597882579402,0.01281663,1.1668327629344442,1.0031875155621843,0.0392883679
