rms,media,desvio_padrao,minimo,skewness,kurtosis,pico_a_pico,crest_factor,shape_factor,mean_abs
0.0488660263074487,0.0487758353387314,0.0029675602924333,0.043727323,-0.0763694396517528,-1.4518672013227514,0.009800952,1.095408795125226,1.001849091216807,0.0487758353387314
