rms,media,desvio_padrao,minimo,skewness,kurtosis,pico_a_pico,crest_factor,shape_factor,mean_abs
0.0691123895411928,-0.069018261477027,0.0036058245634398,-0.07614586,0.0291447639668556,-0.8094730519677591,0.0150783899999999,1.1017685903424743,1.0013638138972412,0.069018261477027
