rms,media,desvio_padrao,minimo,skewness,kurtosis,pico_a_pico,crest_factor,shape_factor,mean_abs
0.0501632527842751,0.0500755278013513,0.0029653743971343,0.04598908,0.0547407932666471,-1.473024899449467,0.0090470329999999,1.0971400366854265,1.0017518533857863,0.0500755278013513
