rms,media,desvio_padrao,minimo,skewness,kurtosis,pico_a_pico,crest_factor,shape_factor,mean_abs
0.0497972096026663,0.0497088232739541,0.0029656319614346,0.044481244,-0.0569244794532697,-1.443910221314819,0.0098009519999999,1.0900650143475812,1.00177808129203,0.0497088232739541
