rms,media,desvio_padrao,minimo,skewness,kurtosis,pico_a_pico,crest_factor,shape_factor,mean_abs
0.0559037732403439,0.0558246254777327,0.0029737270854375,0.051266517,-0.0737543873872405,-1.4421457769838717,0.009047033,1.07888155850764,1.0014177929889156,0.0558246254777327
