rms,media,desvio_padrao,minimo,skewness,kurtosis,pico_a_pico,crest_factor,shape_factor,mean_abs
0.0361908566935112,0.0360709662459459,0.0029433827977505,0.031664614,-0.0332163134680136,-1.485664843669184,0.0090470309999999,1.1249152056491476,1.0033237381762332,0.0360709662459459
