rms,media,desvio_padrao,minimo,skewness,kurtosis,pico_a_pico,crest_factor,shape_factor,mean_abs
0.0462702147215585,0.0461500527527027,0.0033324767518906,0.038449887,-0.0534710377722133,-0.8446176456593188,0.014324468,1.1405686210358343,1.0026037233261624,0.0461500527527027
