rms,media,desvio_padrao,minimo,skewness,kurtosis,pico_a_pico,crest_factor,shape_factor,mean_abs
0.0321817900935508,0.0320425918364864,0.002989970238263,0.027141098,0.0443731778162733,-1.4666350464250877,0.0098009519999999,1.147917809811427,1.004344163473876,0.0320425918364864
