rms,media,desvio_padrao,minimo,skewness,kurtosis,pico_a_pico,crest_factor,shape_factor,mean_abs
0.0369574626760783,0.0368371111743243,0.0029801489533572,0.032418534,-0.0607899122785286,-1.4415529677449048,0.009047032,1.1219808665825863,1.003267126490579,0.0368371111743243
