rms,media,desvio_padrao,minimo,skewness,kurtosis,pico_a_pico,crest_factor,shape_factor,mean_abs
0.0452898812069992,0.0451913529162162,0.0029857932524038,0.039957725,0.0043260524111486,-1.4606565423921267,0.009800951,1.0986709320913413,1.0021802465388836,0.0451913529162162
