rms,media,desvio_padrao,minimo,skewness,kurtosis,pico_a_pico,crest_factor,shape_factor,mean_abs
0.0512761120649497,0.0511860306824324,0.0030380802284293,0.04598908,0.0087419146826996,-1.4083497999858658,0.0105548739999999,1.1027348159388064,1.0017598821654334,0.0511860306824324
