rms,media,desvio_padrao,minimo,skewness,kurtosis,pico_a_pico,crest_factor,shape_factor,mean_abs
0.0061723404564566,-0.0051531406884324,0.0033974884481972,-0.01206271,0.014115198939137,-0.9094465635520196,0.014324468,1.9543170188192784,1.171834164417622,0.0052672474005945
