rms,media,desvio_padrao,minimo,skewness,kurtosis,pico_a_pico,crest_factor,shape_factor,mean_abs
0.0409896897125568,0.0408817868891891,0.0029722320701135,0.03618813,0.0016752401723417,-1.4909339151442735,0.00904703,1.1035741016146932,1.002639386180946,0.0408817868891891
