rms,media,desvio_padrao,minimo,skewness,kurtosis,pico_a_pico,crest_factor,shape_factor,mean_abs
0.0631160582926754,0.0630459978891891,0.002973039616413,0.05805179,0.0536252776949657,-1.4477121174032952,0.0098009499999999,1.0750471723909,1.001111258538717,0.0630459978891891
