rms,media,desvio_padrao,minimo,skewness,kurtosis,pico_a_pico,crest_factor,shape_factor,mean_abs
0.0410813607465409,0.0409704232743243,0.0030170544426872,0.03618813,-0.0597745766698574,-1.4380389420550908,0.00980095,1.1194634054051456,1.0027077453282291,0.0409704232743243
