rms,media,desvio_padrao,minimo,skewness,kurtosis,pico_a_pico,crest_factor,shape_factor,mean_abs
0.0416764222613324,0.0415654079675675,0.0030399067410948,0.03694205,-0.0423365492153143,-1.4379587930800446,0.00980095,1.1215694021645517,1.0026708337339418,0.0415654079675675
