rms,media,desvio_padrao,minimo,skewness,kurtosis,pico_a_pico,crest_factor,shape_factor,mean_abs
0.0321376645565376,0.0319947077959459,0.0030278963325336,0.027141098,-0.0369221440927108,-1.4673424278765057,0.009047032,1.1260348410301146,1.004468137715257,0.0319947077959459
