rms,media,desvio_padrao,minimo,skewness,kurtosis,pico_a_pico,crest_factor,shape_factor,mean_abs
0.0394536378317998,0.0393423648108108,0.0029610588065593,0.034680292,-0.0443937519741639,-1.4776317506712433,0.0090470309999999,1.10832170119318,1.002828325687185,0.0393423648108108
