rms,media,desvio_padrao,minimo,skewness,kurtosis,pico_a_pico,crest_factor,shape_factor,mean_abs
0.0324787524211937,0.0323125764729729,0.0032812742213161,0.026387177,0.1028857992689694,-0.9864212842441972,0.0135705479999999,1.2302727790100052,1.005142763789195,0.0323125764729729
