rms,media,desvio_padrao,minimo,skewness,kurtosis,pico_a_pico,crest_factor,shape_factor,mean_abs
0.0293673058236755,0.0292113187891891,0.0030228307821725,0.02412542,0.0311123742964294,-1.4193961431999669,0.0098009499999999,1.1552428473928649,1.005339951804712,0.0292113187891891
