rms,media,desvio_padrao,minimo,skewness,kurtosis,pico_a_pico,crest_factor,shape_factor,mean_abs
0.0488504869627705,0.0487561685689189,0.0030341560571238,0.042973403,-0.0746912764664192,-1.377482288825872,0.010554872,1.095757244770035,1.0019344915037436,0.0487561685689189
