rms,media,desvio_padrao,minimo,skewness,kurtosis,pico_a_pico,crest_factor,shape_factor,mean_abs
0.0427662554184498,0.0426585910337837,0.0030326908066062,0.037695967,0.0342575466603277,-1.343394336272713,0.010554873,1.128245611589927,1.0025238617135952,0.0426585910337837
