rms,media,desvio_padrao,minimo,skewness,kurtosis,pico_a_pico,crest_factor,shape_factor,mean_abs
0.0478696112734974,0.0477750546851351,0.0030072966777649,0.042219482,-0.0195308928003219,-1.3979548216020623,0.010554873,1.1024604878965891,1.0019792041889943,0.0477750546851351
