rms,media,desvio_padrao,minimo,skewness,kurtosis,pico_a_pico,crest_factor,shape_factor,mean_abs
0.0348171831834232,0.0346904786283783,0.0029676484566195,0.030156774,-0.0757710799028502,-1.484778239113986,0.0090470339999999,1.1259902271090445,1.0036524302936904,0.0346904786283783
