rms,media,desvio_padrao,minimo,skewness,kurtosis,pico_a_pico,crest_factor,shape_factor,mean_abs
0.0499071173905626,0.0498207411875843,0.0029349810485146,0.04523516,0.032986745247804,-1.4325561165316298,0.0098009529999999,1.1027708246360708,1.0017337398223989,0.0498207411875843
