rms,media,desvio_padrao,minimo,skewness,kurtosis,pico_a_pico,crest_factor,shape_factor,mean_abs
0.0497479548486001,0.049659986391363,0.0029571545830399,0.04523516,0.0196680469359749,-1.4727239379623622,0.0090470359999999,1.0911442724670617,1.0017714152505766,0.049659986391363
