rms,media,desvio_padrao,minimo,skewness,kurtosis,pico_a_pico,crest_factor,shape_factor,mean_abs
0.0302165828911318,0.030068137931081,0.0029914817355494,0.025633259,0.0588584581139891,-1.456158662848781,0.009047033,1.147723821881202,1.0049369522113751,0.030068137931081
