rms,media,desvio_padrao,minimo,skewness,kurtosis,pico_a_pico,crest_factor,shape_factor,mean_abs
0.0415255939894561,0.0414044361256756,0.0031697989355794,0.03618813,0.0719712753268629,-1.269036535774833,0.0113087899999999,1.143798689840777,1.0029262048977727,0.0414044361256756
