rms,media,desvio_padrao,minimo,skewness,kurtosis,pico_a_pico,crest_factor,shape_factor,mean_abs
0.0469460826413613,0.0468418246378378,0.0031270017536891,0.041465566,-0.0047212662563099,-1.40034003740388,0.0105548679999999,1.1080889197380648,1.0022257459936623,0.0468418246378378
