rms,media,desvio_padrao,minimo,skewness,kurtosis,pico_a_pico,crest_factor,shape_factor,mean_abs
0.0419882266422123,0.0418761450608108,0.0030658850930396,0.03618813,0.0312901980826272,-1.3011451152355562,0.0113087899999999,1.1311961423074135,1.0026765018900092,0.0418761450608108
