rms,media,desvio_padrao,minimo,skewness,kurtosis,pico_a_pico,crest_factor,shape_factor,mean_abs
0.0323841948076848,0.0322463537702702,0.00298475155828,0.027895017,0.0524672242628166,-1.474274489536402,0.0090470329999999,1.1407431995571375,1.0042746239899414,0.0322463537702702
