rms,media,desvio_padrao,minimo,skewness,kurtosis,pico_a_pico,crest_factor,shape_factor,mean_abs
0.0565093973694171,0.0564298456405405,0.0029974175617449,0.052020434,0.0673479786866519,-1.4599376811319864,0.009047036,1.0806604360118284,1.0014097456403364,0.0564298456405405
