rms,media,desvio_padrao,minimo,skewness,kurtosis,pico_a_pico,crest_factor,shape_factor,mean_abs
0.0506956210851807,0.0506042901635135,0.0030416795128931,0.044481244,-0.0708526217103229,-1.4045125625177386,0.0105548689999999,1.085618675181554,1.0018048059042457,0.0506042901635135
