rms,media,desvio_padrao,minimo,skewness,kurtosis,pico_a_pico,crest_factor,shape_factor,mean_abs
0.0315042297262457,0.0313610079662162,0.0030006116021556,0.025633259,0.0683812750352067,-1.358773394531978,0.0113087909999999,1.1726060380147636,1.0045668736216593,0.0313610079662162
