rms,media,desvio_padrao,minimo,skewness,kurtosis,pico_a_pico,crest_factor,shape_factor,mean_abs
0.0292658061422254,0.0291114754229729,0.0030015675657829,0.02412542,0.0068352086521653,-1.448267484425232,0.0098009499999999,1.1592494611330797,1.0053013705767269,0.0291114754229729
