rms,media,desvio_padrao,minimo,skewness,kurtosis,pico_a_pico,crest_factor,shape_factor,mean_abs
0.0339739050514718,0.0338428288364864,0.0029814695689717,0.029402856,0.0153307649672512,-1.460695395889149,0.009047031,1.131747644015218,1.0038730868397163,0.0338428288364864
