rms,media,desvio_padrao,minimo,skewness,kurtosis,pico_a_pico,crest_factor,shape_factor,mean_abs
0.0335553866756264,0.0334240980986486,0.0029654074328365,0.028648935,0.0537935288140431,-1.4777276925685354,0.009800952,1.1458633265558145,1.003927961693696,0.0334240980986486
