rms,media,desvio_padrao,minimo,skewness,kurtosis,pico_a_pico,crest_factor,shape_factor,mean_abs
0.046788134687193,0.0466920596851351,0.00299684999069,0.041465566,-0.0490608953685723,-1.4125385292545585,0.0098009509999999,1.095716196910768,1.0020576304130902,0.0466920596851351
