rms,media,desvio_padrao,minimo,skewness,kurtosis,pico_a_pico,crest_factor,shape_factor,mean_abs
0.0423117399453682,0.0422062392797297,0.002986084906139,0.03694205,-0.054159854789476,-1.451152336514919,0.00980095,1.104728854458674,1.002499646200158,0.0422062392797297
