rms,media,desvio_padrao,minimo,skewness,kurtosis,pico_a_pico,crest_factor,shape_factor,mean_abs
0.1403738996763121,-0.1402473408648648,0.005959453890228,-0.15379955,0.1661636506575639,-0.1638403525072642,0.02864893,1.0956420698908134,1.0009023972266913,0.1402473408648648
