rms,media,desvio_padrao,minimo,skewness,kurtosis,pico_a_pico,crest_factor,shape_factor,mean_abs
0.0485969163935924,0.0485014660891891,0.0030443505325511,0.042973403,-0.0585048855445758,-1.3215268796427024,0.010554872,1.1014747225208257,1.0019679880238614,0.0485014660891891
