rms,media,desvio_padrao,minimo,skewness,kurtosis,pico_a_pico,crest_factor,shape_factor,mean_abs
0.0487175998813406,0.0485992718135135,0.0033934226666644,0.041465566,-0.3425352177966279,-1.0168575240909177,0.0120627089999999,1.098746143701178,1.0024347703867085,0.0485992718135135
