rms,media,desvio_padrao,minimo,skewness,kurtosis,pico_a_pico,crest_factor,shape_factor,mean_abs
0.0420822581923815,0.0419759882878378,0.0029887893585129,0.03618813,-0.0911028838557498,-1.37886190334381,0.01055487,1.1107531298893625,1.0025316832045728,0.0419759882878378
