rms,media,desvio_padrao,minimo,skewness,kurtosis,pico_a_pico,crest_factor,shape_factor,mean_abs
0.0271549746427081,0.0269872566013513,0.0030134081998526,0.021863662,-0.0539391084292751,-1.423884008828323,0.009800952,1.1660704683627032,1.0062147125154022,0.0269872566013513
