rms,media,desvio_padrao,minimo,skewness,kurtosis,pico_a_pico,crest_factor,shape_factor,mean_abs
0.0467735626311216,0.0466686269716216,0.0031313603738773,0.040711645,-0.0334939727947519,-1.3434300473388652,0.011308789,1.1121760044292042,1.0022485268221804,0.0466686269716216
