rms,media,desvio_padrao,minimo,skewness,kurtosis,pico_a_pico,crest_factor,shape_factor,mean_abs
0.0414927115571505,0.0413840597405405,0.0030007851899567,0.03694205,0.077116508502648,-1.4456436959621166,0.00904703,1.1083652592011577,1.0026254508931984,0.0413840597405405
