rms,media,desvio_padrao,minimo,skewness,kurtosis,pico_a_pico,crest_factor,shape_factor,mean_abs
0.0352840618327936,0.0351489432635135,0.0030849322324342,0.029402856,-0.064976717825443,-1.3321434728392996,0.0113087889999999,1.1538253501801166,1.0038441715947797,0.0351489432635135
