rms,media,desvio_padrao,minimo,skewness,kurtosis,pico_a_pico,crest_factor,shape_factor,mean_abs
0.0471576488744291,0.0470578124216216,0.0030669426886439,0.040711645,-0.0595276592076016,-1.3098919924079495,0.011308789,1.1031176329108214,1.0021215702063049,0.0470578124216216
