rms,media,desvio_padrao,minimo,skewness,kurtosis,pico_a_pico,crest_factor,shape_factor,mean_abs
0.0447183041320844,0.0446157251824324,0.0030271753988278,0.039957725,0.0251305023010409,-1.4268682511419142,0.009800951,1.1127138420327338,1.0022991658038194,0.0446157251824324
