rms,media,desvio_padrao,minimo,skewness,kurtosis,pico_a_pico,crest_factor,shape_factor,mean_abs
0.0443892902679656,0.0442846119094594,0.0030466766356583,0.039203808,0.0244902960271411,-1.3656406851686294,0.010554868,1.120961288176065,1.0023637637091674,0.0442846119094594
