rms,media,desvio_padrao,minimo,skewness,kurtosis,pico_a_pico,crest_factor,shape_factor,mean_abs
0.0490598799350461,0.0489691479136302,0.0029823433494732,0.043727323,-0.0690726609427906,-1.4204082889907834,0.009800952,1.0910804321345646,1.0018528405186045,0.0489691479136302
