rms,media,desvio_padrao,minimo,skewness,kurtosis,pico_a_pico,crest_factor,shape_factor,mean_abs
0.0342716211140969,0.0341443964851351,0.0029502885374325,0.029402856,-0.0571966805677704,-1.460595771557586,0.009047031,1.1219162020959794,1.0037260763714826,0.0341443964851351
