rms,media,desvio_padrao,minimo,skewness,kurtosis,pico_a_pico,crest_factor,shape_factor,mean_abs
0.0484944674558894,0.0483955097878378,0.0030964505818134,0.042973403,-0.0767965325728798,-1.3803302126795265,0.010554872,1.1038016872479175,1.0020447696177897,0.0483955097878378
