rms,media,desvio_padrao,minimo,skewness,kurtosis,pico_a_pico,crest_factor,shape_factor,mean_abs
0.0507255965757115,0.0506368921621621,0.0029985496693239,0.04598908,-0.0794388007853608,-1.440553162971301,0.0090470329999999,1.0849771459632742,1.001751774442739,0.0506368921621621
