rms,media,desvio_padrao,minimo,skewness,kurtosis,pico_a_pico,crest_factor,shape_factor,mean_abs
0.1506729614054516,-0.1506300313783783,0.003596518544016,-0.15756914,0.0205785494944473,-0.8237376770399822,0.0143244599999999,1.0457691846647337,1.000285003107816,0.1506300313783783
