rms,media,desvio_padrao,minimo,skewness,kurtosis,pico_a_pico,crest_factor,shape_factor,mean_abs
0.0440567995087608,0.0439545173729729,0.0030003308924455,0.039203808,-0.004524045424057,-1.460107771491144,0.009800952,1.112308668500881,1.0023269994053154,0.0439545173729729
