rms,media,desvio_padrao,minimo,skewness,kurtosis,pico_a_pico,crest_factor,shape_factor,mean_abs
0.0321668216509858,0.032026290881081,0.0030035158609066,0.027141098,-0.018835870966678,-1.4818420794316158,0.009047032,1.1250141649879437,1.0043879814377077,0.032026290881081
