rms,media,desvio_padrao,minimo,skewness,kurtosis,pico_a_pico,crest_factor,shape_factor,mean_abs
0.0331181909107664,0.0329839723121621,0.0029786137232767,0.028648935,-0.0677248843907858,-1.4872870218841958,0.0082931149999999,1.1154609893860616,1.0040692066235692,0.0329839723121621
