rms,media,desvio_padrao,minimo,skewness,kurtosis,pico_a_pico,crest_factor,shape_factor,mean_abs
0.034244334690113,0.0341158698243243,0.0029634244546196,0.029402856,-0.0459993813609373,-1.4762371449525131,0.009047031,1.122810162555185,1.0037655456668773,0.0341158698243243
