rms,media,desvio_padrao,minimo,skewness,kurtosis,pico_a_pico,crest_factor,shape_factor,mean_abs
0.0397005137844852,0.0395715971729729,0.0031967940083872,0.03317245,0.0303226276550826,-1.1361239308311692,0.01281663,1.158400121712588,1.00325780662703,0.0395715971729729
