rms,media,desvio_padrao,minimo,skewness,kurtosis,pico_a_pico,crest_factor,shape_factor,mean_abs
0.0325258159339472,0.0323869495716216,0.0030023656696441,0.027895017,-0.0695109043747217,-1.4745825400576156,0.0090470329999999,1.1357762730694012,1.00428772589461,0.0323869495716216
