rms,media,desvio_padrao,minimo,skewness,kurtosis,pico_a_pico,crest_factor,shape_factor,mean_abs
0.050900838149226,0.050814165077027,0.0029691668559299,0.04598908,0.0288518135449263,-1.4442498696921484,0.009800953,1.096053326989239,1.001705687224569,0.050814165077027
