rms,media,desvio_padrao,minimo,skewness,kurtosis,pico_a_pico,crest_factor,shape_factor,mean_abs
0.0497650053124731,0.049676265317139,0.0029705921786221,0.04523516,-0.0268679768000674,-1.4635453998186632,0.0090470359999999,1.0907704251042185,1.001786366079809,0.049676265317139
