rms,media,desvio_padrao,minimo,skewness,kurtosis,pico_a_pico,crest_factor,shape_factor,mean_abs
0.0366506843453298,0.0365345246675675,0.0029156766446058,0.031664614,0.0226290742684091,-1.3831076651491496,0.009800952,1.131372216936073,1.0031794495431154,0.0365345246675675
