rms,media,desvio_padrao,minimo,skewness,kurtosis,pico_a_pico,crest_factor,shape_factor,mean_abs
0.0443309296616887,0.0442265397391892,0.0030404781478434,0.037695967,-0.0480448139728039,-1.2871469189572535,0.011308793,1.1054304607185002,1.0023603456909616,0.0442265397391892
