rms,media,desvio_padrao,minimo,skewness,kurtosis,pico_a_pico,crest_factor,shape_factor,mean_abs
0.0294974000327027,0.0293396887648648,0.0030461897298349,0.02412542,-0.0313068018115616,-1.4139960301629324,0.010554872,1.1757067389516098,1.0053753558567635,0.0293396887648648
