rms,media,desvio_padrao,minimo,skewness,kurtosis,pico_a_pico,crest_factor,shape_factor,mean_abs
0.0358395137497307,0.0357184581864864,0.0029432109332082,0.030910693,-0.0464467637785996,-1.4781603733650115,0.009047032,1.1149070068033549,1.003389159817936,0.0357184581864864
