rms,media,desvio_padrao,minimo,skewness,kurtosis,pico_a_pico,crest_factor,shape_factor,mean_abs
0.0354092947246022,0.0352813886513513,0.0030069532297725,0.029402856,0.0322818543953255,-1.262309939796889,0.01206271,1.171036201723326,1.0036253128955563,0.0352813886513513
