rms,media,desvio_padrao,minimo,skewness,kurtosis,pico_a_pico,crest_factor,shape_factor,mean_abs
0.2918583059734861,0.2904270570540541,0.0288685866753857,0.23823851,0.0462377140844834,-1.1720668465792805,0.10705656,1.183091462304891,1.0049280839531616,0.2904270570540541
