rms,media,desvio_padrao,minimo,skewness,kurtosis,pico_a_pico,crest_factor,shape_factor,mean_abs
0.0496658871766979,0.0495701978216216,0.0030815315954552,0.043727323,0.0074289707412883,-1.357223045207958,0.0113087899999999,1.1081270491393058,1.0019303807384563,0.0495701978216216
