rms,media,desvio_padrao,minimo,skewness,kurtosis,pico_a_pico,crest_factor,shape_factor,mean_abs
0.1601823435979062,-0.1601436763918919,0.0035193908857502,-0.1673701,-0.0081756769407916,-0.8527170290187662,0.01432448,1.0448723388648666,1.0002414532180448,0.1601436763918919
