rms,media,desvio_padrao,minimo,skewness,kurtosis,pico_a_pico,crest_factor,shape_factor,mean_abs
0.041826293719292,0.0417049850594594,0.0031832479455348,0.03543421,5.207259609738798e-05,-1.1986950676237014,0.0120627099999999,1.1355756338050205,1.0029087328447577,0.0417049850594594
