rms,media,desvio_padrao,minimo,skewness,kurtosis,pico_a_pico,crest_factor,shape_factor,mean_abs
0.0308603087692092,0.0307150824391891,0.0029903792543329,0.026387177,-0.0233711521687644,-1.4710515039965435,0.009047033,1.1482130741139682,1.004728176468599,0.0307150824391891
