rms,media,desvio_padrao,minimo,skewness,kurtosis,pico_a_pico,crest_factor,shape_factor,mean_abs
0.0501944287273245,0.0501076579865047,0.0029501332800291,0.04523516,-0.0803137664273444,-1.4627613357789369,0.0090470359999999,1.081438665133171,1.0017316862193644,0.0501076579865047
