rms,media,desvio_padrao,minimo,skewness,kurtosis,pico_a_pico,crest_factor,shape_factor,mean_abs
0.044830094488165,0.0446778725324324,0.003691216302728,0.03618813,0.1858545891006687,-0.1935692954105228,0.019601903,1.2444772565609543,1.0034070994679103,0.0446778725324324
