rms,media,desvio_padrao,minimo,skewness,kurtosis,pico_a_pico,crest_factor,shape_factor,mean_abs
0.0361180395695221,0.0359965931378378,0.0029594027800438,0.030156774,-0.051705045916976,-1.2802609421645097,0.011308792,1.1480569403603609,1.003373831273955,0.0359965931378378
