rms,media,desvio_padrao,minimo,skewness,kurtosis,pico_a_pico,crest_factor,shape_factor,mean_abs
0.049073698791344,0.0489752126891891,0.0031074837267869,0.042973403,0.0038885254906193,-1.290998017976026,0.0120627099999999,1.121499180936156,1.0020109377121014,0.0489752126891891
