rms,media,desvio_padrao,minimo,skewness,kurtosis,pico_a_pico,crest_factor,shape_factor,mean_abs
0.0493269673423991,0.049231952831081,0.0030601515708083,0.044481244,-0.0212872354187353,-1.412834367350041,0.0098009519999999,1.1004567871202078,1.0019299358618596,0.049231952831081
