rms,media,desvio_padrao,minimo,skewness,kurtosis,pico_a_pico,crest_factor,shape_factor,mean_abs
0.032015132960577,0.0318765257878378,0.0029758767079192,0.027141098,-0.0009826022995597,-1.469037809134884,0.009047032,1.1303445169058493,1.004348252179731,0.0318765257878378
