rms,media,desvio_padrao,minimo,skewness,kurtosis,pico_a_pico,crest_factor,shape_factor,mean_abs
0.0562290238329704,0.0561323531837837,0.0032957620150308,0.04900476,-0.1126236148866815,-0.8585368687193449,0.0135705499999999,1.1128649536204167,1.001722191280137,0.0561323531837837
