rms,media,desvio_padrao,minimo,skewness,kurtosis,pico_a_pico,crest_factor,shape_factor,mean_abs
0.0517937145551049,0.05170766145,0.0029843952130823,0.046743,-0.0474211734079192,-1.4248248288503338,0.009800954,1.0917145928941083,1.001664223495934,0.05170766145
