rms,media,desvio_padrao,minimo,skewness,kurtosis,pico_a_pico,crest_factor,shape_factor,mean_abs
0.0298301709813687,0.0296789525378378,0.002999812833239,0.024879338,0.0651123028883656,-1.321515726243885,0.010554872,1.1878647970918894,1.0050951408523654,0.0296789525378378
