rms,media,desvio_padrao,minimo,skewness,kurtosis,pico_a_pico,crest_factor,shape_factor,mean_abs
0.0625511520277017,0.0624805580743243,0.0029709397021219,0.05805179,0.0602541741145921,-1.4530756813095969,0.009047036,1.0727032808330088,1.0011298547188625,0.0624805580743243
