rms,media,desvio_padrao,minimo,skewness,kurtosis,pico_a_pico,crest_factor,shape_factor,mean_abs
0.0416996284844365,0.0415908781905405,0.0030096290601417,0.03618813,0.0012613147100722,-1.4173268248747313,0.01055487,1.1209452385755856,1.002614763107376,0.0415908781905405
