rms,media,desvio_padrao,minimo,skewness,kurtosis,pico_a_pico,crest_factor,shape_factor,mean_abs
0.0272022415700635,0.0270351407027027,0.0030105005599005,0.02261758,0.0666282548285682,-1.4269719636145997,0.0098009539999999,1.191759653942528,1.0061808765561242,0.0270351407027027
