rms,media,desvio_padrao,minimo,skewness,kurtosis,pico_a_pico,crest_factor,shape_factor,mean_abs
0.0386775267314929,0.0385639940432432,0.0029613236057626,0.03392637,-0.0287913128364101,-1.4573389520462954,0.009047033,1.111069053053209,1.0029440075144278,0.0385639940432432
