rms,media,desvio_padrao,minimo,skewness,kurtosis,pico_a_pico,crest_factor,shape_factor,mean_abs
0.0368027704596076,0.0366832708797297,0.0029633681963168,0.032418534,-0.0429766123247808,-1.4696208130389956,0.009047032,1.126696862278614,1.0032576042706145,0.0366832708797297
