rms,media,desvio_padrao,minimo,skewness,kurtosis,pico_a_pico,crest_factor,shape_factor,mean_abs
0.0367956738073717,0.0366730828486486,0.0030011006838583,0.030910693,-0.1000519496761366,-1.2947336990727714,0.010554873,1.126914164341045,1.003342804836698,0.0366730828486486
