rms,media,desvio_padrao,minimo,skewness,kurtosis,pico_a_pico,crest_factor,shape_factor,mean_abs
0.0623614644617425,0.0622910593851351,0.0029624602091415,0.05729787,-0.0329391774781893,-1.456020138207652,0.009800956,1.0759661688375477,1.0011302597403604,0.0622910593851351
