rms,media,desvio_padrao,minimo,skewness,kurtosis,pico_a_pico,crest_factor,shape_factor,mean_abs
0.030395693936509,0.0302494860297297,0.0029777180556793,0.025633259,-0.0653848252544086,-1.4641595728366017,0.009047033,1.1409606924073088,1.0048334013555016,0.0302494860297297
