rms,media,desvio_padrao,minimo,skewness,kurtosis,pico_a_pico,crest_factor,shape_factor,mean_abs
0.0500518488974708,0.0499624397959459,0.002990349091951,0.04523516,0.0629728696375216,-1.4557727988902316,0.0098009529999999,1.0995820176940754,1.0017895263299808,0.0499624397959459
