rms,media,desvio_padrao,minimo,skewness,kurtosis,pico_a_pico,crest_factor,shape_factor,mean_abs
0.0609840837330293,0.0609105724729729,0.0029934311035738,0.056543954,0.0337912376352042,-1.4420869924138764,0.009047031,1.0755426823683754,1.001206871928334,0.0609105724729729
