rms,media,desvio_padrao,minimo,skewness,kurtosis,pico_a_pico,crest_factor,shape_factor,mean_abs
0.0430934017391337,0.0429734033189189,0.0032137020147955,0.03694205,0.0103848959447342,-1.146892017177376,0.01206271,1.1371754844662938,1.0027923881039684,0.0429734033189189
