rms,media,desvio_padrao,minimo,skewness,kurtosis,pico_a_pico,crest_factor,shape_factor,mean_abs
0.0614640081201633,0.0613914506662162,0.0029856455404234,0.056543954,-0.0514591636242361,-1.4641146245444303,0.009047031,1.067144610416039,1.001181882056211,0.0613914506662162
