rms,media,desvio_padrao,minimo,skewness,kurtosis,pico_a_pico,crest_factor,shape_factor,mean_abs
0.038934326151256,0.0388207342297297,0.0029719264319754,0.03392637,-0.021239308473375,-1.4688673685861389,0.009047033,1.1037407667735788,1.002926063192266,0.0388207342297297
