rms,media,desvio_padrao,minimo,skewness,kurtosis,pico_a_pico,crest_factor,shape_factor,mean_abs
0.0448342148988777,0.0446911170324324,0.0035792295249368,0.037695967,0.1164130979267033,-0.6624389044993473,0.015832308,1.1939157431602505,1.0032019308521978,0.0446911170324324
