rms,media,desvio_padrao,minimo,skewness,kurtosis,pico_a_pico,crest_factor,shape_factor,mean_abs
0.0561084952680464,0.0560291299190283,0.0029832602570059,0.051266517,0.0115798243091854,-1.4825332363925958,0.009047033,1.074945063343168,1.0014165015436218,0.0560291299190283
