rms,media,desvio_padrao,minimo,skewness,kurtosis,pico_a_pico,crest_factor,shape_factor,mean_abs
0.0539883917321279,0.0539052340527026,0.0029953603364272,0.04900476,-0.0647740710736718,-1.4550802681497237,0.0098009499999999,1.0892287788785031,1.0015426642864391,0.0539052340527026
