rms,media,desvio_padrao,minimo,skewness,kurtosis,pico_a_pico,crest_factor,shape_factor,mean_abs
0.039891275176189,0.0397397007702702,0.0034741931252905,0.032418534,-0.1742306397658171,-1.0502737212796556,0.014324466,1.1717599849478049,1.0038141808564436,0.0397397007702702
