rms,media,desvio_padrao,minimo,skewness,kurtosis,pico_a_pico,crest_factor,shape_factor,mean_abs
0.0612948191417539,0.0612202905945946,0.0030217334650367,0.056543954,0.0156656478436379,-1.4040514648550375,0.0098009459999999,1.082390011569606,1.0012173831002031,0.0612202905945946
