rms,media,desvio_padrao,minimo,skewness,kurtosis,pico_a_pico,crest_factor,shape_factor,mean_abs
0.0249673412205074,-0.0247275362378378,0.0034521122849157,-0.030910693,0.0406088735324528,-0.8964850500707686,0.0135705469999999,1.23804504160062,1.0096978922753592,0.0247275362378378
