rms,media,desvio_padrao,minimo,skewness,kurtosis,pico_a_pico,crest_factor,shape_factor,mean_abs
0.0326535942639147,0.0325163384689189,0.0029908110818085,0.027141098,-0.0984705946240406,-1.3423532225044548,0.0105548689999999,1.1544201442368491,1.0042211331736202,0.0325163384689189
