rms,media,desvio_padrao,minimo,skewness,kurtosis,pico_a_pico,crest_factor,shape_factor,mean_abs
0.0367002358742632,0.0365793522972973,0.0029762894242278,0.031664614,-0.0202717269783097,-1.467020340763653,0.009800952,1.1298446729896503,1.003304694298124,0.0365793522972973
