rms,media,desvio_padrao,minimo,skewness,kurtosis,pico_a_pico,crest_factor,shape_factor,mean_abs
0.0386163322315639,0.0385028655013513,0.002958118186174,0.03392637,0.0588247354551058,-1.4441801384792787,0.009047033,1.1128297411133905,1.002946968458974,0.0385028655013513
