rms,media,desvio_padrao,minimo,skewness,kurtosis,pico_a_pico,crest_factor,shape_factor,mean_abs
0.0584750394035952,0.0584002244932432,0.0029570276276717,0.053528275,0.0451371570506805,-1.479714481126854,0.009800955,1.0830130367745636,1.0012810723075336,0.0584002244932432
