rms,media,desvio_padrao,minimo,skewness,kurtosis,pico_a_pico,crest_factor,shape_factor,mean_abs
0.0423307694923779,0.0422255966905405,0.0029821183652977,0.03694205,-0.0670764766642353,-1.453323503340814,0.00980095,1.1042322301373837,1.0024907357167308,0.0422255966905405
