rms,media,desvio_padrao,minimo,skewness,kurtosis,pico_a_pico,crest_factor,shape_factor,mean_abs
0.0348249919476631,0.0347006667851351,0.0029400321123797,0.030156774,-0.0313378695906667,-1.4750551484400718,0.0090470339999999,1.1257377477335109,1.0035827888639102,0.0347006667851351
