rms,media,desvio_padrao,minimo,skewness,kurtosis,pico_a_pico,crest_factor,shape_factor,mean_abs
0.0485180540364092,0.0483883783256756,0.0035449133263319,0.039957725,-0.3160277809017295,-0.5262979944503225,0.015832308,1.1498819173195547,1.0026798937104435,0.0483883783256756
