rms,media,desvio_padrao,minimo,skewness,kurtosis,pico_a_pico,crest_factor,shape_factor,mean_abs
0.0441935513381649,0.0440910379148648,0.0030083808716603,0.039203808,-0.0142632548999987,-1.4621889852663728,0.009800952,1.1088667580711062,1.002325039920767,0.0440910379148648
