rms,media,desvio_padrao,minimo,skewness,kurtosis,pico_a_pico,crest_factor,shape_factor,mean_abs
0.052270227522482,0.0521834458283783,0.0030107584972468,0.046743,-0.066515553365777,-1.4415026106010624,0.009800954,1.0817621556301762,1.001663011951896,0.0521834458283783
