rms,media,desvio_padrao,minimo,skewness,kurtosis,pico_a_pico,crest_factor,shape_factor,mean_abs
0.0320793545793398,0.0319386732027027,0.0030010238716102,0.027141098,0.0218694272080322,-1.474397433490399,0.0098009519999999,1.1515833309125196,1.004404734528085,0.0319386732027027
