rms,media,desvio_padrao,minimo,skewness,kurtosis,pico_a_pico,crest_factor,shape_factor,mean_abs
0.4600086005776437,0.0118098327934295,0.459856978260408,-1.2164766866267465,0.422644257908676,2.3958361520168543,2.950959001996008,3.770543231563999,1.4824559836893785,0.3103016923529988
