rms,media,desvio_padrao,minimo,skewness,kurtosis,pico_a_pico,crest_factor,shape_factor,mean_abs
0.4050318719951748,0.0008121756487025,0.4050310577012969,-1.238567864271457,0.3192265437550131,1.88672570161408,2.85154870259481,3.982355340032522,1.3364565237886326,0.3030640090311181
