rms,media,desvio_padrao,minimo,skewness,kurtosis,pico_a_pico,crest_factor,shape_factor,mean_abs
0.2262666756301921,0.0190967792284283,0.2254593567005796,-0.4588792415169661,-0.0206691004949373,-0.4904275763668155,1.0249656686626747,2.5018550591644098,1.242002054309182,0.18217898661693
