rms,media,desvio_padrao,minimo,skewness,kurtosis,pico_a_pico,crest_factor,shape_factor,mean_abs
0.2561659233586029,0.0090178125715781,0.256007147061541,-0.6016597205588823,-0.0028805616331121,-0.1251876535564196,1.301755129740519,2.73297634596614,1.2797971126975534,0.2001613543404993
