rms,media,desvio_padrao,minimo,skewness,kurtosis,pico_a_pico,crest_factor,shape_factor,mean_abs
0.1729066509437836,0.0102414678081852,0.1726030772545186,-0.4574173253493014,0.2132780770556862,0.6952331468212334,1.0520923353293412,3.439283606119836,1.2522762555134055,0.1380738875967074
