rms,media,desvio_padrao,minimo,skewness,kurtosis,pico_a_pico,crest_factor,shape_factor,mean_abs
0.2206699709461175,0.0145951958378325,0.2201867760239376,-0.5919136127744511,-0.2462855484583619,-0.5760125508848599,1.0540415568862276,2.6823478076180227,1.2164106755862325,0.1814107483393868
