rms,media,desvio_padrao,minimo,skewness,kurtosis,pico_a_pico,crest_factor,shape_factor,mean_abs
0.3698254057234781,-0.0056599322666143,0.3697820924345479,-1.2697554091816368,-0.404353317054556,0.9673624828796408,2.1855646706586827,3.433391512672454,1.3479325625824825,0.2743649170511436
