rms,media,desvio_padrao,minimo,skewness,kurtosis,pico_a_pico,crest_factor,shape_factor,mean_abs
0.1800886266129994,0.0100523379470567,0.1798078528239367,-0.3542710179640719,0.3893951254570825,0.4345080081121413,0.9910167265469062,3.535735268563993,1.3049337714605294,0.1380059513759366
