rms,media,desvio_padrao,minimo,skewness,kurtosis,pico_a_pico,crest_factor,shape_factor,mean_abs
0.3796452500504532,0.0080251008726348,0.3795604215956337,-0.7908966467065869,0.3257389383071513,0.2541110531107087,1.9193334930139725,2.972345488735658,1.2541023544309289,0.3027226993945992
