rms,media,desvio_padrao,minimo,skewness,kurtosis,pico_a_pico,crest_factor,shape_factor,mean_abs
0.3783726588129235,0.0014033330061189,0.3783700564178342,-0.9668138922155688,0.3024055999186061,0.2402642198929365,2.120753053892216,3.0497424557496418,1.2432148525135145,0.3043501757141454
