rms,media,desvio_padrao,minimo,skewness,kurtosis,pico_a_pico,crest_factor,shape_factor,mean_abs
0.2176411574307928,0.0154796651325448,0.2170899660859511,-0.5235284231536926,0.4362326530640437,1.6878426005422904,1.375663113772455,3.915319605345008,1.3326292295394366,0.1633171122218373
