rms,media,desvio_padrao,minimo,skewness,kurtosis,pico_a_pico,crest_factor,shape_factor,mean_abs
0.1946153056519311,0.0059142364451425,0.19452541993597,-0.4348388423153692,0.096993798721984,0.2619086805643857,1.01408251497006,2.976352094786759,1.2805040248074344,0.1519833611465593
