rms,media,desvio_padrao,minimo,skewness,kurtosis,pico_a_pico,crest_factor,shape_factor,mean_abs
0.2240934963818392,-2.796014528320228e-05,0.2240934946375456,-0.6806031936127744,-0.3264945320065158,1.7842557594763822,1.5020376447105788,3.6655880887240873,1.3457777267544426,0.1665159795163771
