rms,media,desvio_padrao,minimo,skewness,kurtosis,pico_a_pico,crest_factor,shape_factor,mean_abs
0.3282098087664524,-0.0040901698242858,0.3281843218091319,-1.2333699401197604,-0.365546725686884,1.2344841289392434,2.0271904191616765,3.75787044499149,1.2712900824036708,0.2581706671902097
