rms,media,desvio_padrao,minimo,skewness,kurtosis,pico_a_pico,crest_factor,shape_factor,mean_abs
0.3390562435184986,0.0158946768757566,0.338683473933835,-1.0991985229540917,0.1398964011911378,1.0211771990910252,2.170945508982036,3.2419356492225173,1.3296087929485851,0.2550045135957593
