rms,media,desvio_padrao,minimo,skewness,kurtosis,pico_a_pico,crest_factor,shape_factor,mean_abs
0.3415449794746429,0.0040821812113477,0.3415205832755795,-1.0072602395209582,-0.2211339468002061,0.2546491029992683,1.8871713373253491,2.9491291046652304,1.268262598634935,0.2693014678839043
