rms,media,desvio_padrao,minimo,skewness,kurtosis,pico_a_pico,crest_factor,shape_factor,mean_abs
0.2226618454601595,0.001567968855677,0.2226563246292176,-0.4817825948103792,-0.1922065199205815,-0.6380753767978256,0.9262051097804392,2.1637411376642155,1.2163480201956052,0.183057679022121
