rms,media,desvio_padrao,minimo,skewness,kurtosis,pico_a_pico,crest_factor,shape_factor,mean_abs
0.5347463035606972,0.0011010971499623,0.5347451699238579,-1.4115612774451098,0.2344377551172493,1.2808490443587282,3.1973730938123754,3.3395496228326227,1.3857147392441642,0.3858992680213343
