rms,media,desvio_padrao,minimo,skewness,kurtosis,pico_a_pico,crest_factor,shape_factor,mean_abs
0.1915989922050391,0.0018080893949805,0.1915904606882253,-0.5634874650698604,-0.0260439446506944,0.180172217213574,1.0686607185628745,2.9409730113133667,1.2527341278149278,0.1529446575701057
