rms,media,desvio_padrao,minimo,skewness,kurtosis,pico_a_pico,crest_factor,shape_factor,mean_abs
0.2492733927891272,-0.0011290572952455,0.2492708358036025,-0.5405841117764472,0.0653442793835567,-0.4106074081435316,1.0865285828343314,2.190143380122907,1.2392047529835193,0.2011559366512876
