rms,media,desvio_padrao,minimo,skewness,kurtosis,pico_a_pico,crest_factor,shape_factor,mean_abs
0.2010029458306048,-0.0027986773992997,0.2009834611041309,-0.6218016766467066,-0.1822800180775877,0.2005230172187309,1.1921114171656688,3.0934953419574747,1.2573466146543162,0.1598627963744641
