rms,media,desvio_padrao,minimo,skewness,kurtosis,pico_a_pico,crest_factor,shape_factor,mean_abs
0.5282285942203439,0.0202165164752462,0.5278415862866498,-1.6098945708582837,-0.0773445062330701,1.7713557063089418,3.2712810778443115,3.145203658348344,1.4582564013310628,0.3622330021923367
