rms,media,desvio_padrao,minimo,skewness,kurtosis,pico_a_pico,crest_factor,shape_factor,mean_abs
0.1579761723784206,0.0025962771976707,0.1579548365326283,-0.3619054690618762,0.3450272517937923,0.5063616160020166,0.842875888223553,3.044575722530777,1.3170210603800243,0.1199496174592962
