rms,media,desvio_padrao,minimo,skewness,kurtosis,pico_a_pico,crest_factor,shape_factor,mean_abs
0.2786996659733786,0.0158081335689277,0.2782509779439055,-0.8682157684630738,-0.0665798112383504,1.8921068052697825,1.807902994011976,3.3716840752821757,1.4415071571222795,0.1933390788913975
