rms,media,desvio_padrao,minimo,skewness,kurtosis,pico_a_pico,crest_factor,shape_factor,mean_abs
0.5218449558554408,-0.0059470051632272,0.521811068377584,-1.443885868263473,0.2033559430832371,0.7902652146692297,3.043384590818363,3.0650841875684938,1.3138327928001314,0.397192822949143
