rms,media,desvio_padrao,minimo,skewness,kurtosis,pico_a_pico,crest_factor,shape_factor,mean_abs
0.2594740088909191,0.0136272422368377,0.2591159191538476,-0.5883400399201597,-0.1234014528209175,-0.4907641206378774,1.1955225548902195,2.3400513892137647,1.2274928329566603,0.2113853555184712
