rms,media,desvio_padrao,minimo,skewness,kurtosis,pico_a_pico,crest_factor,shape_factor,mean_abs
0.1831652861057233,0.0098859085108471,0.1828983073926783,-0.4556305389221556,-0.2878360106005205,-0.3917165115081777,0.8061655489021956,2.4875376148467607,1.2433663135370567,0.1473140168842642
