rms,media,desvio_padrao,minimo,skewness,kurtosis,pico_a_pico,crest_factor,shape_factor,mean_abs
0.4035169975173178,-0.0023659608651549,0.4035100612309136,-1.0381229141716566,0.099602601107421,0.2130703258391442,2.146417804391217,2.746587868760091,1.3037867074618423,0.3094961738817448
