rms,media,desvio_padrao,minimo,skewness,kurtosis,pico_a_pico,crest_factor,shape_factor,mean_abs
0.1684417089996904,0.0101354151201728,0.1681365001749416,-0.3172358083832335,0.6775572191823493,1.2400017516293111,0.9660017165668664,3.8515751949822894,1.304388813272502,0.1291345857046238
