rms,media,desvio_padrao,minimo,skewness,kurtosis,pico_a_pico,crest_factor,shape_factor,mean_abs
0.5057240080888098,0.0235517623768855,0.5051753030843384,-1.2462023153692614,0.7377375772209743,3.046710588224558,3.491218243512974,4.439211689055242,1.389881093861205,0.3638613477962108
