rms,media,desvio_padrao,minimo,skewness,kurtosis,pico_a_pico,crest_factor,shape_factor,mean_abs
0.1651922877145922,0.0038984431137724,0.1651462807987794,-0.5020869860279441,0.205087968789644,0.4949123057450775,1.002224750499002,3.039409363319764,1.249683573773945,0.1321872921924745
