rms,media,desvio_padrao,minimo,skewness,kurtosis,pico_a_pico,crest_factor,shape_factor,mean_abs
0.2067765601665451,0.0033805147082883,0.2067489249176785,-0.4627776846307385,-0.2263372077752248,-0.7783617159749858,0.890794251497006,2.238056790663318,1.1826608619837369,0.1748401141978338
