rms,media,desvio_padrao,minimo,skewness,kurtosis,pico_a_pico,crest_factor,shape_factor,mean_abs
0.3362258441055128,-0.0021862170740486,0.3362187363895262,-0.8459621556886228,-0.1718593604933885,0.0354438737753772,1.7635582035928143,2.72910623615309,1.2462312753797995,0.2697940990150846
