rms,media,desvio_padrao,minimo,skewness,kurtosis,pico_a_pico,crest_factor,shape_factor,mean_abs
0.1895527408322922,-0.005027500409018,0.1894860569980585,-0.4455595608782435,0.0480479481665676,-0.4564655029629154,0.8883577245508982,2.3505835838715443,1.2368356005585155,0.1532562134746899
