rms,media,desvio_padrao,minimo,skewness,kurtosis,pico_a_pico,crest_factor,shape_factor,mean_abs
0.4943328780260389,-0.0003648133241713,0.4943327434115053,-1.7305838722554892,-0.3924481511267861,1.5641231465686198,3.129312774451098,3.500847200708205,1.3373512524283584,0.3696357835149373
