rms,media,desvio_padrao,minimo,skewness,kurtosis,pico_a_pico,crest_factor,shape_factor,mean_abs
0.1773364298867308,0.0057518013154019,0.1772431272196457,-0.4088492215568862,0.5029558958282253,1.2037971215975674,1.0035242315369262,3.35337195160562,1.342443814251429,0.1320997035437321
