rms,media,desvio_padrao,minimo,skewness,kurtosis,pico_a_pico,crest_factor,shape_factor,mean_abs
0.3845691199405961,0.0045495150682242,0.3845422082483646,-0.8600940119760478,0.2565235976632306,0.1665378383805276,2.0359619161676648,3.0576243468878923,1.2702818922118353,0.3027431330781061
