rms,media,desvio_padrao,minimo,skewness,kurtosis,pico_a_pico,crest_factor,shape_factor,mean_abs
0.3933412313627287,0.0051012685373055,0.3933081506265258,-0.8545712175648702,0.0702238943903986,0.1335359038749501,2.057403353293413,3.05798639914086,1.273225771311267,0.3089328226192244
