rms,media,desvio_padrao,minimo,skewness,kurtosis,pico_a_pico,crest_factor,shape_factor,mean_abs
0.2482615996972414,-0.0007043293740388,0.2482606005881041,-0.6481161676646706,-0.0847032079124144,-0.0507595457083045,1.3124758483033931,2.6760468854181183,1.2796673278276651,0.1940047966362357
