rms,media,desvio_padrao,minimo,skewness,kurtosis,pico_a_pico,crest_factor,shape_factor,mean_abs
0.2088765077893694,0.0145171363059005,0.208371419008842,-0.4252551696606786,0.6046929579327719,0.4028940467892008,1.0819803992015968,3.144083729143721,1.274238992263254,0.1639225522508701
