rms,media,desvio_padrao,minimo,skewness,kurtosis,pico_a_pico,crest_factor,shape_factor,mean_abs
0.3104077268834599,-0.0001033678098348,0.31040770967238,-1.169370499001996,-0.090496375319504,1.3066459310464262,2.0184189221556883,3.7672080870623,1.3265027565287644,0.2340045848798271
