rms,media,desvio_padrao,minimo,skewness,kurtosis,pico_a_pico,crest_factor,shape_factor,mean_abs
0.2109999602671786,0.0121520117142763,0.2106497373462569,-0.5300258283433134,0.2028786518720325,0.3572639336469603,1.1792790419161676,3.0770300276395206,1.3012944462804332,0.1621462082392592
