rms,media,desvio_padrao,minimo,skewness,kurtosis,pico_a_pico,crest_factor,shape_factor,mean_abs
0.4627704904302322,0.0265461607931677,0.4620084719571502,-1.228496886227545,0.509115332304514,2.9098635693108053,3.1827539321357285,4.222950871589358,1.4092990117042563,0.3283692719479074
