rms,media,desvio_padrao,minimo,skewness,kurtosis,pico_a_pico,crest_factor,shape_factor,mean_abs
0.5037778782993109,-0.0126712715552501,0.5036184960274279,-1.5109715768463077,-0.0595554887711365,2.9731296650841896,3.272742994011976,3.497119450963551,1.6774409898108342,0.3003252462288537
