rms,media,desvio_padrao,minimo,skewness,kurtosis,pico_a_pico,crest_factor,shape_factor,mean_abs
0.5082148875106982,0.007949924283664,0.5081527040087416,-1.8402275848303395,-0.4430318506281789,2.013576382405672,3.229372814371257,3.6209635531222046,1.3897482139737884,0.365688462414015
