rms,media,desvio_padrao,minimo,skewness,kurtosis,pico_a_pico,crest_factor,shape_factor,mean_abs
0.3067400529152403,0.0161522271160159,0.3063144881027293,-0.8358911776447105,-0.3046145736230113,0.4214887909205398,1.6016103792415168,2.7250799812429043,1.280684343773966,0.2395126124610283
