rms,media,desvio_padrao,minimo,skewness,kurtosis,pico_a_pico,crest_factor,shape_factor,mean_abs
0.3113118997993532,-0.0053803308137822,0.3112654028269393,-1.139644870259481,0.3215122923659996,5.04130419987258,2.4519582834331337,4.215429651161633,1.5354496388593448,0.2027496649324302
