rms,media,desvio_padrao,minimo,skewness,kurtosis,pico_a_pico,crest_factor,shape_factor,mean_abs
0.156317486122897,0.0077875661791171,0.1561233815954163,-0.3633673852295409,-0.1695107029958725,-0.4725375304526822,0.728683992015968,2.337016899691021,1.2160170189895865,0.1285487650927653
