rms,media,desvio_padrao,minimo,skewness,kurtosis,pico_a_pico,crest_factor,shape_factor,mean_abs
0.2958035488720743,0.0190250467659721,0.2951911027129141,-0.6797910179640719,-0.3515125767255335,-0.5223345025947554,1.2718670658682636,2.298116505214953,1.205509434754507,0.2453763864007522
