rms,media,desvio_padrao,minimo,skewness,kurtosis,pico_a_pico,crest_factor,shape_factor,mean_abs
0.2263252583565579,0.002291400477733,0.2263136585670722,-0.5171934530938124,0.1604997999536058,0.4005058969837733,1.169370499001996,2.881591964785164,1.3139616041108833,0.1722464778639442
