rms,media,desvio_padrao,minimo,skewness,kurtosis,pico_a_pico,crest_factor,shape_factor,mean_abs
0.2056036757477938,0.009781011200739,0.2053708920487393,-0.5633250299401198,0.0580812797225646,0.1095578412644293,1.108619760479042,2.739858749564036,1.2665542037528985,0.1623331043697728
