rms,media,desvio_padrao,minimo,skewness,kurtosis,pico_a_pico,crest_factor,shape_factor,mean_abs
0.5238941757636812,0.0292543005791695,0.5230767566014863,-1.601285508982036,1.150796322675942,6.929878837691399,4.154928183632735,4.874348280219475,1.7176113139542126,0.3050132305880043
