rms,media,desvio_padrao,minimo,skewness,kurtosis,pico_a_pico,crest_factor,shape_factor,mean_abs
0.1855344326192769,0.0109355088170765,0.1852118795711243,-0.6447050299401197,-0.0368790758653536,0.4357218885860332,1.1570254291417166,3.4748538092822727,1.2560158979375455,0.1477166275713036
