rms,media,desvio_padrao,minimo,skewness,kurtosis,pico_a_pico,crest_factor,shape_factor,mean_abs
0.2289078713929301,0.0027560274492337,0.2288912796467818,-0.5030615968063872,-0.1102356724731557,-0.4828123463203124,1.013107904191617,2.2281728639628704,1.247787443673111,0.183451013675129
