rms,media,desvio_padrao,minimo,skewness,kurtosis,pico_a_pico,crest_factor,shape_factor,mean_abs
0.3025318640890131,0.0069833681397535,0.3024512545164887,-0.7634451097804391,0.1123439139804492,-0.147117549515142,1.525590738522954,2.523519669834886,1.26400720369493,0.239343465135844
