rms,media,desvio_padrao,minimo,skewness,kurtosis,pico_a_pico,crest_factor,shape_factor,mean_abs
0.3841698654679792,1.0651483917402462e-05,0.3841698653203178,-1.10488375249501,0.1725179265981355,1.1140364534398346,2.283513053892216,3.0679899891717173,1.372761999981324,0.2798517627041
