rms,media,desvio_padrao,minimo,skewness,kurtosis,pico_a_pico,crest_factor,shape_factor,mean_abs
0.2531457250378603,0.015214313340532,0.2526881136391661,-0.4947774051896207,0.12039127049668,-0.4544848779352985,1.1247008383233532,2.488382661960898,1.2706416460769223,0.1992266866267465
