rms,media,desvio_padrao,minimo,skewness,kurtosis,pico_a_pico,crest_factor,shape_factor,mean_abs
0.3704530939013387,0.0202205107817152,0.369900832284547,-0.8014549301397206,0.1148965240048464,0.4323413415879198,2.011434211576846,3.2662145393213398,1.3060447553364454,0.283645022414188
