rms,media,desvio_padrao,minimo,skewness,kurtosis,pico_a_pico,crest_factor,shape_factor,mean_abs
0.3341352930915808,-0.0006763692287556,0.3341346085248622,-0.8529468662674651,0.0205742771180818,0.4955011756147338,1.8732019161676647,3.053418992230088,1.316856864383574,0.2537369870095873
