rms,media,desvio_padrao,minimo,skewness,kurtosis,pico_a_pico,crest_factor,shape_factor,mean_abs
0.3237322479986929,0.0101783731710133,0.3235722007742303,-0.80129249500998,0.3101276186561167,1.4738861286866634,1.7955579241516966,3.0712585332114672,1.405955391911774,0.230257837383085
