rms,media,desvio_padrao,minimo,skewness,kurtosis,pico_a_pico,crest_factor,shape_factor,mean_abs
0.3014647093002914,0.0192046255030921,0.3008523779410679,-0.6437304191616767,0.5591657889776939,1.4081897943567867,1.6647976447105788,3.387020749190941,1.373712659907113,0.2194525231504204
