rms,media,desvio_padrao,minimo,skewness,kurtosis,pico_a_pico,crest_factor,shape_factor,mean_abs
0.4072395309219492,-0.00452554922941,0.4072143845073518,-1.3646175249500998,-0.5769222052992721,2.3703306948294447,2.546495528942116,3.3508965150331638,1.4121387238510248,0.2883849327574359
