rms,media,desvio_padrao,minimo,skewness,kurtosis,pico_a_pico,crest_factor,shape_factor,mean_abs
0.2931250386125135,0.0114463509047478,0.2929014669006505,-0.8639924550898204,0.3520944321360227,1.704696739268531,1.8132633532934133,3.2384503988362754,1.3730044643360078,0.2134916864631393
