rms,media,desvio_padrao,minimo,skewness,kurtosis,pico_a_pico,crest_factor,shape_factor,mean_abs
0.5463571343764194,0.0261107813880435,0.5457328516585002,-1.5801689421157683,0.5723205501244318,3.561667457849292,3.9159861077844313,4.2752570044402,1.5087078471931858,0.3621358074015902
