rms,media,desvio_padrao,minimo,skewness,kurtosis,pico_a_pico,crest_factor,shape_factor,mean_abs
0.2495159459514605,0.0023593036877065,0.2495047914773609,-0.5573149301397206,0.1450198231461016,-0.0217697893115924,1.2598468662674651,2.815579314776184,1.2681778030342503,0.1967515480514381
