rms,media,desvio_padrao,minimo,skewness,kurtosis,pico_a_pico,crest_factor,shape_factor,mean_abs
0.3908304760337767,0.0094265632669088,0.3907167783724721,-0.7558106586826348,0.1639069429230158,0.0313413213868596,1.9747238722554887,3.1187772917368712,1.256444765868562,0.3110606105821144
