rms,media,desvio_padrao,minimo,skewness,kurtosis,pico_a_pico,crest_factor,shape_factor,mean_abs
0.2298465126179127,0.0039450433559111,0.2298126541240414,-0.7813129740518963,-0.4168765254629133,1.1265669732525998,1.374688502994012,3.399281395018241,1.2915555314255434,0.1779609989856353
