rms,media,desvio_padrao,minimo,skewness,kurtosis,pico_a_pico,crest_factor,shape_factor,mean_abs
0.3657507046877971,0.00695275612709,0.3656846143357106,-0.827282115768463,0.3260605090295452,0.7881907937571966,2.0513932534930137,3.3468456028524827,1.302174070204408,0.2808769680311508
