rms,media,desvio_padrao,minimo,skewness,kurtosis,pico_a_pico,crest_factor,shape_factor,mean_abs
0.3174320907640795,0.0189183668728117,0.316867839393209,-0.7917088223552894,-0.21518122519665,-0.1876519491561064,1.503661996007984,2.494104551463575,1.2403218288672222,0.2559271983901051
