rms,media,desvio_padrao,minimo,skewness,kurtosis,pico_a_pico,crest_factor,shape_factor,mean_abs
0.1786795559559433,-0.0012475550538267,0.1786752006379194,-0.34744874251497,0.1423020731899091,-0.5980544782619899,0.7939829141716567,2.4990781360951426,1.2188870755700494,0.1465923788488596
