rms,media,desvio_padrao,minimo,skewness,kurtosis,pico_a_pico,crest_factor,shape_factor,mean_abs
0.1603521887498626,0.0009586335525669,0.1603493232245882,-0.3498852694610778,0.2722115819655185,0.3486567008153609,0.8337795209580838,3.0176965794451656,1.2872548895975149,0.1245691044141225
