rms,media,desvio_padrao,minimo,skewness,kurtosis,pico_a_pico,crest_factor,shape_factor,mean_abs
0.3958421728686379,-0.0256164226918064,0.3950124361457995,-1.8959428343313371,-1.0738872221366154,3.912822488340658,2.6608498602794413,4.78964335859311,1.4067587283286969,0.2813859725177743
