rms,media,desvio_padrao,minimo,skewness,kurtosis,pico_a_pico,crest_factor,shape_factor,mean_abs
0.1744232157319113,0.0080871391642943,0.1742356346055484,-0.4730110978043912,0.4962013700257569,1.2161785630873192,1.0894524151696603,3.5341701205230645,1.3195926554415038,0.1321795896731128
