rms,media,desvio_padrao,minimo,skewness,kurtosis,pico_a_pico,crest_factor,shape_factor,mean_abs
0.1933828856526916,0.0120415025686332,0.1930076233708182,-0.4863307784431137,-0.0967582591749556,-0.1316339434921904,0.9994633532934132,2.653453914075241,1.2367919709711797,0.1563584581656359
