rms,media,desvio_padrao,minimo,skewness,kurtosis,pico_a_pico,crest_factor,shape_factor,mean_abs
0.3392838327280893,0.0142610055299237,0.3389839861585463,-0.7941453493013972,0.4787690049979142,2.4275114929703125,2.210092375249501,4.173340694022635,1.3658956432502514,0.2483965992604954
