rms,media,desvio_padrao,minimo,skewness,kurtosis,pico_a_pico,crest_factor,shape_factor,mean_abs
0.2679791745384309,0.0081996179541742,0.2678536993429518,-0.7575974451097804,0.8349495013093934,3.087467074929611,1.726847864271457,3.616887098899084,1.4208716879380452,0.1886019524587189
