rms,media,desvio_padrao,minimo,skewness,kurtosis,pico_a_pico,crest_factor,shape_factor,mean_abs
0.3839151064535304,0.0133706933240956,0.383682203813597,-0.7908966467065869,0.0940176530700141,0.1397590674394866,1.9760233532934133,3.086949918523916,1.2691977828810446,0.3024864301149766
