rms,media,desvio_padrao,minimo,skewness,kurtosis,pico_a_pico,crest_factor,shape_factor,mean_abs
0.2554702682377389,0.0150665240011779,0.2550256022598205,-0.7322575648702595,-0.1665607665589421,0.7762009364414424,1.546544870259481,3.1874053720860043,1.3272908087917568,0.1924749772585975
