rms,media,desvio_padrao,minimo,skewness,kurtosis,pico_a_pico,crest_factor,shape_factor,mean_abs
0.2626884890361614,0.0140083518912588,0.2623147124150534,-0.6853138123752495,-0.0017951315209818,0.1354396190772493,1.45866746506986,2.9439952071449604,1.2462821462737088,0.2107777037660216
