rms,media,desvio_padrao,minimo,skewness,kurtosis,pico_a_pico,crest_factor,shape_factor,mean_abs
0.3261606248988565,-0.0029411409966951,0.3261473638158833,-0.9487835928143712,-0.0143923161921448,1.224322244737805,2.0738093013972057,3.449299586458998,1.334901741801786,0.244333058146003
