rms,media,desvio_padrao,minimo,skewness,kurtosis,pico_a_pico,crest_factor,shape_factor,mean_abs
0.2175657187343032,0.0178262486597053,0.2168341920156881,-0.5459444710578842,0.1711026769190715,0.4376705291834772,1.3025673053892215,3.477674877885263,1.266063159081356,0.1718442853136702
