rms,media,desvio_padrao,minimo,skewness,kurtosis,pico_a_pico,crest_factor,shape_factor,mean_abs
0.3913632335921175,-0.0055014914433428,0.3913245637569627,-0.96713876247505,0.2323626347054775,0.798784499186012,2.3108021556886227,3.4332897878035005,1.315783700147802,0.2974373626517456
