rms,media,desvio_padrao,minimo,skewness,kurtosis,pico_a_pico,crest_factor,shape_factor,mean_abs
0.1778664494349864,0.006307009914597,0.1777545933599066,-0.3289311377245509,0.4485163389031847,-0.0685436429739851,0.8735761277445111,3.0621007601494745,1.2548491603151466,0.1417432907954582
