rms,media,desvio_padrao,minimo,skewness,kurtosis,pico_a_pico,crest_factor,shape_factor,mean_abs
0.527654216976439,0.0099072114786819,0.5275612001026381,-1.2681310578842315,0.2647197873887385,1.066209668741002,2.980034890219561,3.244366816861372,1.3696332692231654,0.3852521903733517
