rms,media,desvio_padrao,minimo,skewness,kurtosis,pico_a_pico,crest_factor,shape_factor,mean_abs
0.1929721098279535,0.0016762772815025,0.1929648290905036,-0.5859035129740519,-0.1600879030781201,0.0962993809713799,1.0727215968063872,3.0362082556718724,1.2583053132053656,0.153358734007395
