rms,media,desvio_padrao,minimo,skewness,kurtosis,pico_a_pico,crest_factor,shape_factor,mean_abs
0.4149278486546119,0.0089392578776872,0.4148315432289844,-1.6418942914171657,-0.0634837761752343,3.1303479367826155,3.272905429141717,3.957059755668236,1.373490360044694,0.302097386865613
