rms,media,desvio_padrao,minimo,skewness,kurtosis,pico_a_pico,crest_factor,shape_factor,mean_abs
0.3356864102259577,-0.0033871718857367,0.3356693210244369,-0.9413115768463074,-0.3072175824305985,0.2286612441016,1.7895478243512974,2.8041396618132093,1.2738279769163332,0.2635257007296882
