rms,media,desvio_padrao,minimo,skewness,kurtosis,pico_a_pico,crest_factor,shape_factor,mean_abs
0.3690962143632582,0.0297229658715356,0.3678974867501649,-1.0093718962075848,0.0446037709602307,1.2144469034155243,2.178579960079841,3.167759566131829,1.329003050506376,0.2777241287915971
