rms,media,desvio_padrao,minimo,skewness,kurtosis,pico_a_pico,crest_factor,shape_factor,mean_abs
0.1791980578786488,0.0112805156628891,0.1788426512716104,-0.3937427544910179,0.1405343051975021,-0.4485740204214545,0.8430383233532934,2.507256909929984,1.2393753213021674,0.1445874020553933
