rms,media,desvio_padrao,minimo,skewness,kurtosis,pico_a_pico,crest_factor,shape_factor,mean_abs
0.261473401249035,0.001174634202669,0.2614707627923794,-0.5972739720558882,0.3081421687988172,0.0823104096292217,1.2765776846307384,2.5979839988690143,1.2576100497655198,0.207912938750598
