rms,media,desvio_padrao,minimo,skewness,kurtosis,pico_a_pico,crest_factor,shape_factor,mean_abs
0.3341755979379963,0.0285187760017155,0.3329564681344715,-0.8099015568862276,0.0769637989175296,0.5313431195499607,1.819760758483034,3.021941780991974,1.2896142803425568,0.259128332426057
