rms,media,desvio_padrao,minimo,skewness,kurtosis,pico_a_pico,crest_factor,shape_factor,mean_abs
0.1886281822225017,0.0075740413388099,0.1884760595576088,-0.3982909381237525,0.2824659215630904,0.1780548904316936,0.8708147305389222,2.505054053151988,1.2954909450830876,0.1456036284455881
