rms,media,desvio_padrao,minimo,skewness,kurtosis,pico_a_pico,crest_factor,shape_factor,mean_abs
0.3497449595591357,0.0077539281767044,0.3496589957871125,-0.8794237924151697,0.3461876181629851,1.7094673071867694,2.2065188023952094,3.794465005736992,1.3916578424233677,0.2513153369294468
