rms,media,desvio_padrao,minimo,skewness,kurtosis,pico_a_pico,crest_factor,shape_factor,mean_abs
0.1725821182615096,0.0031075704329046,0.1725541380252419,-0.4319150099800399,0.1042131856502239,0.1703171372331882,0.9629154491017964,3.0767987116553064,1.2512654366888702,0.1379260652465561
