rms,media,desvio_padrao,minimo,skewness,kurtosis,pico_a_pico,crest_factor,shape_factor,mean_abs
0.306171211228288,0.004850419488891,0.3061327882076317,-0.869515249500998,-0.2361104820749207,1.109837885047976,1.9344399600798403,3.47820001203448,1.3104159572695548,0.233644294034881
