rms,media,desvio_padrao,minimo,skewness,kurtosis,pico_a_pico,crest_factor,shape_factor,mean_abs
0.2050687204344063,0.009322711298714,0.2048566990719257,-0.5108584830339321,-0.0506875883703975,-0.2505477417011197,0.9900421157684632,2.491157510281224,1.2369159238116574,0.1657903471745034
