rms,media,desvio_padrao,minimo,skewness,kurtosis,pico_a_pico,crest_factor,shape_factor,mean_abs
0.2440475301058592,0.020279093943261,0.2432035264950133,-1.0186306986027944,-0.8092894937439296,3.3492371785295703,1.7291219560878244,4.1739029203079765,1.349088069388786,0.1808981456758614
