rms,media,desvio_padrao,minimo,skewness,kurtosis,pico_a_pico,crest_factor,shape_factor,mean_abs
0.35085670542956,0.0059954540100127,0.3508054764055129,-0.873900998003992,0.4266032655164188,1.6432586959820084,2.154377125748503,3.649570060736908,1.4164643730533435,0.247698927063905
