rms,media,desvio_padrao,minimo,skewness,kurtosis,pico_a_pico,crest_factor,shape_factor,mean_abs
0.1598142407738018,0.0063056784791073,0.159689792951913,-0.359631377245509,0.3169453602713411,0.047616159851,0.7852114171656687,2.6629669412409736,1.2612063568141274,0.1267153784234809
