rms,media,desvio_padrao,minimo,skewness,kurtosis,pico_a_pico,crest_factor,shape_factor,mean_abs
0.4389847904017442,0.0064854222702136,0.4389368810000366,-1.2405170858283432,0.0632186148305578,1.9622239624491904,2.8973554091816367,3.77424995029329,1.3440513528929037,0.3266131085370243
