rms,media,desvio_padrao,minimo,skewness,kurtosis,pico_a_pico,crest_factor,shape_factor,mean_abs
0.1863403096394487,0.0068848529171165,0.1862130763314845,-0.5707970459081837,0.1570111262657165,1.034529955445907,1.2346694211576843,3.5626879473047603,1.3065567647116965,0.1426193753476653
