rms,media,desvio_padrao,minimo,skewness,kurtosis,pico_a_pico,crest_factor,shape_factor,mean_abs
0.385366855681424,0.0068007964236815,0.3853068421735995,-1.184152095808383,-0.0942955415078237,1.0113769843745262,2.384710139720559,3.115364038739896,1.313352393891038,0.2934222813876379
