rms,media,desvio_padrao,minimo,skewness,kurtosis,pico_a_pico,crest_factor,shape_factor,mean_abs
0.2546125073066177,0.0133263378161709,0.2542635199893444,-0.6300858682634731,0.4083089034497821,1.0732657926677869,1.4200079041916167,3.102447889478101,1.3276374884954456,0.1917786364974968
