rms,media,desvio_padrao,minimo,skewness,kurtosis,pico_a_pico,crest_factor,shape_factor,mean_abs
0.2729337944694304,0.0085755008990283,0.2727990413249505,-0.7751404391217565,-0.2561211689679686,1.484446338760837,1.6937110978043912,3.365543869231328,1.3793019413878709,0.1978782065620824
