rms,media,desvio_padrao,minimo,skewness,kurtosis,pico_a_pico,crest_factor,shape_factor,mean_abs
0.1961624626905871,0.005578714701744,0.1960831193935687,-0.4767471057884231,-0.0958975635742292,0.5115252448188476,1.1344469461077844,3.3528322967517528,1.2874806107669925,0.1523614888256274
