rms,media,desvio_padrao,minimo,skewness,kurtosis,pico_a_pico,crest_factor,shape_factor,mean_abs
0.1875881296007299,0.001287498118517,0.1875837112216704,-0.5337618363273453,0.3380242437172252,1.2171764918588082,1.1657969261477046,3.369270172721526,1.3755053737653913,0.1363776057720624
