rms,media,desvio_padrao,minimo,skewness,kurtosis,pico_a_pico,crest_factor,shape_factor,mean_abs
0.4309861493731155,0.0036667733385687,0.4309705508787683,-1.2140401596806387,0.1664049754647301,0.4665316628662519,2.509947624750499,3.00684248659685,1.2750634637344296,0.3380115277641438
