rms,media,desvio_padrao,minimo,skewness,kurtosis,pico_a_pico,crest_factor,shape_factor,mean_abs
0.2597326346123244,0.022159080854684,0.2587856576751014,-0.7900844710578843,0.1193710690326818,1.3402894689604263,1.5865039121756488,3.0663048650258986,1.362356191391255,0.1906495792022512
