rms,media,desvio_padrao,minimo,skewness,kurtosis,pico_a_pico,crest_factor,shape_factor,mean_abs
0.3588279552715304,0.0190248817119858,0.3583232553996354,-1.1060207984031938,-0.0700015426973032,2.1251775412045326,2.4470852295409182,3.737346579150784,1.3816850355757886,0.2597031494388273
