rms,media,desvio_padrao,minimo,skewness,kurtosis,pico_a_pico,crest_factor,shape_factor,mean_abs
0.2316866884718007,0.0006081249072103,0.2316858903755826,-0.5144320558882235,-0.0158362183054732,-0.8226931603696075,1.0452700598802394,2.2911890514444715,1.1832086917240603,0.1958121928044737
