rms,media,desvio_padrao,minimo,skewness,kurtosis,pico_a_pico,crest_factor,shape_factor,mean_abs
0.3670799220541771,0.0067377017865096,0.3670180820476517,-0.962103273453094,0.2865396816855088,0.990484374460852,2.1360219560878244,3.197992077761944,1.3524505820667023,0.271418362283697
