rms,media,desvio_padrao,minimo,skewness,kurtosis,pico_a_pico,crest_factor,shape_factor,mean_abs
0.1568886537002335,-0.0018680039920159,0.1568775325563147,-0.4960768862275449,-0.3340290858327931,0.4201729675640102,0.8302059481037924,3.161967895877269,1.2786524167013904,0.1226984375511272
