rms,media,desvio_padrao,minimo,skewness,kurtosis,pico_a_pico,crest_factor,shape_factor,mean_abs
0.5556984226966151,0.0073632784018739,0.5556496370184022,-1.7016704191616767,0.0737174526827251,2.728935451683536,3.948960439121756,4.0440820563332665,1.4711466928253414,0.3777314834793223
