rms,media,desvio_padrao,minimo,skewness,kurtosis,pico_a_pico,crest_factor,shape_factor,mean_abs
0.3449174869765842,0.0104144884002486,0.3447602228413295,-0.9734737325349302,0.2852199551453767,1.2555991108799036,2.0393730538922155,3.0903023523120106,1.4103704937138624,0.2445580707437583
