rms,media,desvio_padrao,minimo,skewness,kurtosis,pico_a_pico,crest_factor,shape_factor,mean_abs
0.2326833570226818,-0.0045801380844867,0.232638274947335,-0.569984870259481,-0.0646585993254958,-0.592327776952275,1.10488375249501,2.4496159826502724,1.2202806285889802,0.1906802022185137
