rms,media,desvio_padrao,minimo,skewness,kurtosis,pico_a_pico,crest_factor,shape_factor,mean_abs
0.214221235204762,0.0058663047675141,0.2141408977309767,-0.527101996007984,0.2617884036840407,0.0277632835408581,1.1971469061876248,3.1278174152024767,1.2431231378579075,0.1723250325578351
