rms,media,desvio_padrao,minimo,skewness,kurtosis,pico_a_pico,crest_factor,shape_factor,mean_abs
0.5095694997282942,0.0092987454598998,0.5094846498043057,-1.4253682634730538,-0.0818618638394266,0.9338906478262112,2.9793851497005983,3.049666212471815,1.3600152251942257,0.3746792611498315
