rms,media,desvio_padrao,minimo,skewness,kurtosis,pico_a_pico,crest_factor,shape_factor,mean_abs
0.175856954220368,0.0065479997382284,0.1757350051842056,-0.4507574850299401,0.2954202770272486,2.2858566951555934,1.097411736526946,3.677160532910613,1.4238666380480225,0.1235066188933608
