rms,media,desvio_padrao,minimo,skewness,kurtosis,pico_a_pico,crest_factor,shape_factor,mean_abs
0.1886086135272884,0.0187759032754163,0.187671720173494,-0.4363007584830339,0.5252040059391341,1.4015182433269937,1.0777570858283434,3.4009916904060256,1.3428834922606512,0.1404504669349825
