rms,media,desvio_padrao,minimo,skewness,kurtosis,pico_a_pico,crest_factor,shape_factor,mean_abs
0.2079605110710134,0.0089191653057521,0.2077691571315766,-0.5805431536926148,-0.0320239245573692,0.1055096401157325,1.1456549700598804,2.7916028418220877,1.2605165117518986,0.1649803942528166
