rms,media,desvio_padrao,minimo,skewness,kurtosis,pico_a_pico,crest_factor,shape_factor,mean_abs
0.2729688875086956,0.0110043143221753,0.272746986443542,-0.8090893812375249,-0.2529390153138264,0.3038316206412981,1.4687384431137724,2.9640351639406184,1.2811973766292228,0.2130576384935048
