rms,media,desvio_padrao,minimo,skewness,kurtosis,pico_a_pico,crest_factor,shape_factor,mean_abs
0.346781528569736,0.0103013163836261,0.3466284919592257,-0.800967624750499,0.036565138660996,0.1582862573863619,1.778827105788423,2.8198142071493915,1.28438645598671,0.2699978086450051
