rms,media,desvio_padrao,minimo,skewness,kurtosis,pico_a_pico,crest_factor,shape_factor,mean_abs
0.5490102159127205,0.0168826020090965,0.5487505762420067,-1.4014902994011975,0.3856563830371342,2.0643092279939577,3.6275013173652697,4.054589429202816,1.3892543583519723,0.3951833676908478
