rms,media,desvio_padrao,minimo,skewness,kurtosis,pico_a_pico,crest_factor,shape_factor,mean_abs
0.5671324465780416,0.0053150904747881,0.5671075398677398,-1.5458951297405188,0.5206476674544774,2.643938304056141,3.836880199600798,4.039594425752932,1.4395158965821886,0.3939744242662216
