rms,media,desvio_padrao,minimo,skewness,kurtosis,pico_a_pico,crest_factor,shape_factor,mean_abs
0.5564612729094128,0.0087473331023902,0.5563925164949292,-1.6170417165668662,0.2914794451320808,1.6659784377858182,3.546608622754491,3.467567286576908,1.3941434648862383,0.3991420445060293
