rms,media,desvio_padrao,minimo,skewness,kurtosis,pico_a_pico,crest_factor,shape_factor,mean_abs
0.3162800325606381,0.0259077319740683,0.3152171448708304,-0.7720541716566865,-0.3606042955897751,-0.2392269943117315,1.4273174850299402,2.441046200122248,1.2338685506237417,0.2563320318041602
