rms,media,desvio_padrao,minimo,skewness,kurtosis,pico_a_pico,crest_factor,shape_factor,mean_abs
0.1891581762100581,0.0029011979320048,0.1891359264594507,-0.398128502994012,0.1768340743803276,-0.5008648642782236,0.8453124151696607,2.3640739255122423,1.2235989747431837,0.1545916432708353
