rms,media,desvio_padrao,minimo,skewness,kurtosis,pico_a_pico,crest_factor,shape_factor,mean_abs
0.2373292150804491,0.0225092483884689,0.2362593703277995,-0.5707970459081837,0.7755618185023933,3.321797434751168,1.5517427944111777,4.133270099808302,1.4053187494576966,0.1688792775105526
