rms,media,desvio_padrao,minimo,skewness,kurtosis,pico_a_pico,crest_factor,shape_factor,mean_abs
0.3187081892448831,0.0131306167991885,0.3184375869683494,-0.860418882235529,-0.1687370057961843,-0.1405513142591541,1.6258132135728545,2.6997074793532088,1.2570334917913586,0.2535399345571152
