rms,media,desvio_padrao,minimo,skewness,kurtosis,pico_a_pico,crest_factor,shape_factor,mean_abs
0.3695019810793989,0.0187026743234841,0.3690283512072618,-0.9304284231536926,0.0719872714377138,0.7911702296221721,2.0647129341317365,3.069765709143269,1.337588407167393,0.2762449039625667
