rms,media,desvio_padrao,minimo,skewness,kurtosis,pico_a_pico,crest_factor,shape_factor,mean_abs
0.212642781846351,0.0012605503043499,0.2126390455308832,-0.480483113772455,-0.0798448186117606,-0.5610547951644409,0.955605868263473,2.259578762093307,1.216097291049456,0.1748567186288579
