rms,media,desvio_padrao,minimo,skewness,kurtosis,pico_a_pico,crest_factor,shape_factor,mean_abs
0.3190711783151801,-0.004208546543277,0.3190434217585916,-0.8886825948103793,-0.0176109192213944,0.5881512102032596,1.876450618762475,3.0957607301539887,1.2890989140316182,0.2475148918691542
