rms,media,desvio_padrao,minimo,skewness,kurtosis,pico_a_pico,crest_factor,shape_factor,mean_abs
0.2020415764182119,0.0024059039298452,0.2020272512010113,-0.4639147305389222,0.1306031401724824,-0.3865647779219148,1.031625508982036,2.8098710597465946,1.2251211146680103,0.164915594057786
