rms,media,desvio_padrao,minimo,skewness,kurtosis,pico_a_pico,crest_factor,shape_factor,mean_abs
0.2835242369043509,-0.0062289173718678,0.2834558051982159,-0.5157315369261477,0.4149279733511365,-0.7670335301147202,1.1925987225548902,2.387334476301188,1.1733770037616431,0.2416309813430989
