rms,media,desvio_padrao,minimo,skewness,kurtosis,pico_a_pico,crest_factor,shape_factor,mean_abs
0.1490382827581927,0.0024459240197291,0.1490182109112866,-0.450107744510978,0.080507760284856,1.1722626378896963,0.8990784431137724,3.0200813923846384,1.335119390605319,0.1116291799871331
