rms,media,desvio_padrao,minimo,skewness,kurtosis,pico_a_pico,crest_factor,shape_factor,mean_abs
0.3251513975903086,0.0028519348188868,0.3251388900496521,-0.8168862674650699,0.4934056128666418,2.1222402933821094,1.961241756487026,3.519454314214101,1.394536056047881,0.2331609829521285
