rms,media,desvio_padrao,minimo,skewness,kurtosis,pico_a_pico,crest_factor,shape_factor,mean_abs
0.2013242218914511,0.0064490773824252,0.2012209027937051,-0.4723613572854291,0.2507485777710456,0.650069577665406,1.143868183632735,3.3354497538272607,1.2970626764170468,0.1552154923211428
