rms,media,desvio_padrao,minimo,skewness,kurtosis,pico_a_pico,crest_factor,shape_factor,mean_abs
0.2237578444657964,0.0131971885736723,0.2233683217775754,-0.5594265868263473,-0.1682544654351281,-0.1503403331357242,1.1255130139720555,2.529906508963713,1.2444838911442286,0.1797997113968783
