rms,media,desvio_padrao,minimo,skewness,kurtosis,pico_a_pico,crest_factor,shape_factor,mean_abs
0.4075440652953726,-0.0040675354209613,0.4075237665622437,-1.4399874251497005,-0.275060199380867,1.5723360437565708,2.583855608782435,3.533329393733293,1.342404525566556,0.3035925889205196
