rms,media,desvio_padrao,minimo,skewness,kurtosis,pico_a_pico,crest_factor,shape_factor,mean_abs
0.1539476858563569,0.0019798445731487,0.1539349544320383,-0.4522194011976048,-0.0544136525988756,0.718967935683748,0.8821851896207584,2.9374874892212057,1.323504727525853,0.116318198684598
