rms,media,desvio_padrao,minimo,skewness,kurtosis,pico_a_pico,crest_factor,shape_factor,mean_abs
0.2208707764281115,0.0146178192375579,0.220386522366262,-0.5423708982035929,-0.2250073118876615,-0.6011881627344908,0.9724991217564872,2.455602805290642,1.220010963768802,0.1810399930717078
