rms,media,desvio_padrao,minimo,skewness,kurtosis,pico_a_pico,crest_factor,shape_factor,mean_abs
0.5704129536451434,0.0052431929583456,0.5703888556184966,-1.5551539321357286,0.0022857995605187,1.2012900520666845,3.2826515369261475,3.028503461836008,1.3548490259241592,0.4210158790615491
