rms,media,desvio_padrao,minimo,skewness,kurtosis,pico_a_pico,crest_factor,shape_factor,mean_abs
0.2282047307937041,0.0072896093059782,0.2280882740361572,-0.4955895808383234,0.7000984706730242,2.027752232620621,1.4437234331337323,4.154751082494066,1.3480900131075737,0.1692800395929452
