rms,media,desvio_padrao,minimo,skewness,kurtosis,pico_a_pico,crest_factor,shape_factor,mean_abs
0.3754523285522809,0.0248029046040151,0.3746321755249194,-0.8636675848303392,0.0360008254857812,-0.1406237160178922,1.9674142914171653,2.939778562148755,1.2494827839323386,0.3004861958727173
