rms,media,desvio_padrao,minimo,skewness,kurtosis,pico_a_pico,crest_factor,shape_factor,mean_abs
0.1993039917728919,0.0177014348352475,0.1985163477937836,-0.4786963273453093,-0.037185390977846,-0.1188886130188966,1.049493373253493,2.8639518999629985,1.220901428983263,0.1632433110827525
