rms,media,desvio_padrao,minimo,skewness,kurtosis,pico_a_pico,crest_factor,shape_factor,mean_abs
0.5448421185307782,0.0093192121542039,0.5447624128094113,-1.4429112574850298,0.4377339306609368,2.103410800706178,3.527928582834331,3.826828459906442,1.4585738542722149,0.3735444159614655
