rms,media,desvio_padrao,minimo,skewness,kurtosis,pico_a_pico,crest_factor,shape_factor,mean_abs
0.2479963994966943,0.0144647151598442,0.2475742033788427,-0.4962393213572854,0.3901780546691869,0.0899003875551893,1.2127406786427146,2.889160321438376,1.2732409757337837,0.1947756977847583
