rms,media,desvio_padrao,minimo,skewness,kurtosis,pico_a_pico,crest_factor,shape_factor,mean_abs
0.3320311514553787,0.0086050675697784,0.3319196263388235,-1.1914616766467063,-0.5811713914762366,2.1661754245128497,2.0890782035928144,3.5884032911497026,1.342064097444712,0.2474033483851968
