rms,media,desvio_padrao,minimo,skewness,kurtosis,pico_a_pico,crest_factor,shape_factor,mean_abs
0.2100146138971956,-0.0025962992048689,0.2099985649494466,-0.4536813173652695,-0.0024178200939264,-0.4874488764254279,0.927667025948104,2.256917743899743,1.2310389159674178,0.1705994921632145
