rms,media,desvio_padrao,minimo,skewness,kurtosis,pico_a_pico,crest_factor,shape_factor,mean_abs
0.3706742614702619,-0.0083813864075128,0.3705794927925883,-1.3441506986027942,-0.47820436204228,3.17494803252941,2.4810341716566864,3.6262315416001214,1.5017826457966268,0.2468228425116979
