rms,media,desvio_padrao,minimo,skewness,kurtosis,pico_a_pico,crest_factor,shape_factor,mean_abs
0.2109583063830238,0.0058929334773076,0.2108759833812892,-0.4991631536926148,0.370488173743031,1.0897901737730449,1.2232989620758483,3.432601544821209,1.3526059126498646,0.1559643532606917
