rms,media,desvio_padrao,minimo,skewness,kurtosis,pico_a_pico,crest_factor,shape_factor,mean_abs
0.3788418090565974,-0.0029611125290402,0.3788302365200879,-1.2275222754491018,0.2976510024402349,1.7326672357839057,2.6943114970059883,3.871772297808223,1.30372952301181,0.2905831327508916
