rms,media,desvio_padrao,minimo,skewness,kurtosis,pico_a_pico,crest_factor,shape_factor,mean_abs
0.3846532903305074,0.0078408235987042,0.3845733678342529,-0.9221442315369262,0.1774395679017232,0.5476161272253544,2.1488543313373256,3.18913195502986,1.3256422143894844,0.2901637305716436
