rms,media,desvio_padrao,minimo,skewness,kurtosis,pico_a_pico,crest_factor,shape_factor,mean_abs
0.1752974338201843,0.013153251202513,0.1748032673800621,-0.5350613173652695,-0.0662354148163776,1.653968853463649,1.1170663872255489,3.320100341327789,1.3782540917049697,0.127188038022316
