rms,media,desvio_padrao,minimo,skewness,kurtosis,pico_a_pico,crest_factor,shape_factor,mean_abs
0.2372491320406822,0.0163806508294885,0.2366829629112739,-0.6778417964071857,0.3246043235050488,1.0122670379119194,1.531113532934132,3.5965220575838885,1.327748461591712,0.1786852998920192
