rms,media,desvio_padrao,minimo,skewness,kurtosis,pico_a_pico,crest_factor,shape_factor,mean_abs
0.2550341165985664,0.0175949199960734,0.2544264518864793,-0.5423708982035929,0.4843447948017943,0.5508353737199938,1.326770139720559,3.075663962055872,1.2917747408634446,0.1974292487156833
