rms,media,desvio_padrao,minimo,skewness,kurtosis,pico_a_pico,crest_factor,shape_factor,mean_abs
0.1707183997379388,0.0012315778279506,0.1707139573237536,-0.4382499800399201,0.0197085696006547,0.4547560032000683,0.9309157285429142,2.8858386047389164,1.3205758051416123,0.1292757288701286
