rms,media,desvio_padrao,minimo,skewness,kurtosis,pico_a_pico,crest_factor,shape_factor,mean_abs
0.5164467397986681,0.0095011236543306,0.5163593358292056,-1.5434586027944113,0.1791078685715897,1.7749113134303212,3.2027334530938125,3.212867315119956,1.4375562097821906,0.3592532495664408
