rms,media,desvio_padrao,minimo,skewness,kurtosis,pico_a_pico,crest_factor,shape_factor,mean_abs
0.1759894324900198,0.0078301721147868,0.1758151550714899,-0.5072849101796407,0.1270862107623994,1.109041512506864,1.0696353293413172,3.195364694374857,1.3138011252263824,0.1339543931808514
