rms,media,desvio_padrao,minimo,skewness,kurtosis,pico_a_pico,crest_factor,shape_factor,mean_abs
0.3175314490535649,0.023348052746965,0.3166718957706566,-0.792520998003992,0.0176475763435761,0.1523723293522438,1.6706453093812377,2.7654719366997678,1.2780298948586333,0.2484538509865514
