rms,media,desvio_padrao,minimo,skewness,kurtosis,pico_a_pico,crest_factor,shape_factor,mean_abs
0.2068651421858182,0.0109084509669186,0.2065773287392911,-0.535548622754491,-0.339370922875025,-0.2801516827262023,1.015381996007984,2.5888780347219167,1.2171658816516764,0.1699564088217008
