rms,media,desvio_padrao,minimo,skewness,kurtosis,pico_a_pico,crest_factor,shape_factor,mean_abs
0.2778933195002315,0.0044123772127875,0.2778582875319537,-0.6333345708582834,0.1853290759253865,-0.3650886291234294,1.3137753293413172,2.4485682480843765,1.2341505570446731,0.2251697071430909
