rms,media,desvio_padrao,minimo,skewness,kurtosis,pico_a_pico,crest_factor,shape_factor,mean_abs
0.1669967722448765,0.0049263113118026,0.1669240947169293,-0.3594689421157684,0.1733104678288947,-0.454026832470034,0.707080119760479,2.1525502396457066,1.232737488864836,0.1354682353326134
