rms,media,desvio_padrao,minimo,skewness,kurtosis,pico_a_pico,crest_factor,shape_factor,mean_abs
0.1582719942819307,0.0099618003337587,0.1579581802506278,-0.3232459081836327,0.1748230559293876,-0.3323722458833291,0.7085420359281437,2.434392322486194,1.2397605207305114,0.1276633604921305
