rms,media,desvio_padrao,minimo,skewness,kurtosis,pico_a_pico,crest_factor,shape_factor,mean_abs
0.4841754520135357,-0.0120725547252602,0.4840249185268431,-1.503986866267465,0.6210941417634115,4.206943132795687,3.5920904590818363,4.312700249735081,1.5400217332052455,0.3143952072714076
