rms,media,desvio_padrao,minimo,skewness,kurtosis,pico_a_pico,crest_factor,shape_factor,mean_abs
0.215058054492417,0.0110294795532901,0.2147750390125607,-0.4358134530938123,0.3411965134250021,0.1322746202410631,1.0782443912175648,2.98724425662655,1.255718064932789,0.1712630091882351
