rms,media,desvio_padrao,minimo,skewness,kurtosis,pico_a_pico,crest_factor,shape_factor,mean_abs
0.2649789175418453,0.0040302552272504,0.2649482662416406,-0.8919312974051896,-0.4192832631176638,0.468933528534984,1.4872560479041916,3.36604627145228,1.245953923679482,0.2126715222014986
