rms,media,desvio_padrao,minimo,skewness,kurtosis,pico_a_pico,crest_factor,shape_factor,mean_abs
0.3947058585951569,0.0227635525669971,0.394048899863798,-1.267968622754491,-0.0926352160660195,1.4596891978376396,2.721438163672655,3.682411875241413,1.301315390054656,0.3033129874676876
