rms,media,desvio_padrao,minimo,skewness,kurtosis,pico_a_pico,crest_factor,shape_factor,mean_abs
0.2545499550110418,0.009549055331959,0.2543707827923454,-0.7905717764471059,-0.382000116410582,0.5448993632240202,1.3810234730538924,3.105762782055147,1.2835488090744245,0.1983173161872975
