rms,media,desvio_padrao,minimo,skewness,kurtosis,pico_a_pico,crest_factor,shape_factor,mean_abs
0.338954906171205,0.0142490226105166,0.3386552727659432,-0.779038882235529,0.5558698976138893,1.6306521472091795,2.0674743313373254,3.801200176317884,1.3746883866959558,0.2465685383331697
