rms,media,desvio_padrao,minimo,skewness,kurtosis,pico_a_pico,crest_factor,shape_factor,mean_abs
0.3656893316561886,0.0082016426164065,0.3655973472900791,-1.1713197205588823,-0.3151422266638512,1.351123139751401,2.2661324950099804,3.2030459167458734,1.3370164541834997,0.273511466902261
