rms,media,desvio_padrao,minimo,skewness,kurtosis,pico_a_pico,crest_factor,shape_factor,mean_abs
0.2522761318084626,0.0116340833087922,0.2520077276311282,-0.5816801996007984,0.2674754580511169,0.0020181131160676,1.294770419161677,2.8266257867877997,1.2589485785038308,0.2003863669382546
