rms,media,desvio_padrao,minimo,skewness,kurtosis,pico_a_pico,crest_factor,shape_factor,mean_abs
0.2671407081057478,0.0065227024639246,0.267061064702078,-0.7007451497005989,0.659435686516898,2.710324217687625,1.8990291017964076,4.485590985337461,1.325282342133252,0.2015726759595563
