rms,media,desvio_padrao,minimo,skewness,kurtosis,pico_a_pico,crest_factor,shape_factor,mean_abs
0.2584578846986287,0.0101555517065043,0.2582582872483013,-0.6864508582834331,0.5620464057719758,2.0217196184389463,1.655213972055888,3.7482436061181423,1.3624843421507329,0.189696040316062
