rms,media,desvio_padrao,minimo,skewness,kurtosis,pico_a_pico,crest_factor,shape_factor,mean_abs
0.3347313485976582,0.0072907866910806,0.3346519388311266,-0.7551609181636726,0.0090437328882262,0.3177627717009255,1.6982592814371258,2.817478456154528,1.3127669991993842,0.2549815380808631
