rms,media,desvio_padrao,minimo,skewness,kurtosis,pico_a_pico,crest_factor,shape_factor,mean_abs
0.2890985223418559,0.0256860534668368,0.2879551740767013,-0.5833045508982035,0.3968592469616656,0.3340672407939129,1.5411845109780438,3.3133339884288917,1.2739254831938625,0.2269351906024017
