rms,media,desvio_padrao,minimo,skewness,kurtosis,pico_a_pico,crest_factor,shape_factor,mean_abs
0.3836193776759777,0.0120886639943254,0.3834288605873803,-0.8150994810379242,0.2967174392125467,0.5133874887775094,2.176305868263473,3.54832541429981,1.2735726939109344,0.3012151402979166
