rms,media,desvio_padrao,minimo,skewness,kurtosis,pico_a_pico,crest_factor,shape_factor,mean_abs
0.385805456129938,0.0292423176597624,0.3846956418228767,-1.0231788822355288,0.0362660950990458,0.1828709332626807,2.271167984031936,3.23476270738921,1.2569635091074467,0.3069344919996074
