rms,media,desvio_padrao,minimo,skewness,kurtosis,pico_a_pico,crest_factor,shape_factor,mean_abs
0.365810406733392,-0.0076921759786212,0.365729523149504,-0.9999506586826348,0.1406702670782028,0.9426603510485974,2.343776487025948,3.67355822471916,1.2803978812289187,0.2857005717490638
