rms,media,desvio_padrao,minimo,skewness,kurtosis,pico_a_pico,crest_factor,shape_factor,mean_abs
0.2132507436569666,0.0161156951670429,0.2126409274799474,-0.69798375249501,0.2845047566545112,1.4218035620072325,1.3894700998003993,3.273065971660952,1.3365435704909918,0.1595539033408592
