rms,media,desvio_padrao,minimo,skewness,kurtosis,pico_a_pico,crest_factor,shape_factor,mean_abs
0.2332874863185133,0.0093346942181211,0.2331006537027828,-0.6731311776447105,-0.1120211732678412,-0.3371359518952381,1.1874007984031936,2.8854148512949704,1.2214616740978734,0.1909904266876084
