rms,media,desvio_padrao,minimo,skewness,kurtosis,pico_a_pico,crest_factor,shape_factor,mean_abs
0.4661692522697522,-0.0007893541841935,0.4661685839711978,-1.6301989620758484,-0.5827494637255157,2.4233741332553302,3.1246021556886228,3.4970109121064934,1.412721503924507,0.3299795826528761
