rms,media,desvio_padrao,minimo,skewness,kurtosis,pico_a_pico,crest_factor,shape_factor,mean_abs
0.4943548388539193,-0.0008175013906613,0.4943541629133518,-1.3508105389221556,0.1561942695573362,0.9353309219748862,2.9317916566866264,3.1980694705643358,1.333682797649376,0.3706689774549261
