rms,media,desvio_padrao,minimo,skewness,kurtosis,pico_a_pico,crest_factor,shape_factor,mean_abs
0.2794298586884272,0.0063456215437976,0.2793577974817551,-0.76685624750499,0.1565418391778178,0.2642612361210528,1.546544870259481,2.7902838530361485,1.2661602190479346,0.2206907581558194
