rms,media,desvio_padrao,minimo,skewness,kurtosis,pico_a_pico,crest_factor,shape_factor,mean_abs
0.2845733509416328,0.0079928823345045,0.2844610797598442,-0.7985310978043912,0.5445193846421534,2.4177455202416427,1.864105548902196,3.7444632379381098,1.4719767716778431,0.1933273380511704
