rms,media,desvio_padrao,minimo,skewness,kurtosis,pico_a_pico,crest_factor,shape_factor,mean_abs
0.2409590357942622,0.0324467527754408,0.2387644554058035,-0.4133974051896207,0.5804679588966418,0.7607062684410795,1.2517251097804392,3.4791295617011304,1.3379857116555975,0.1800908886359512
