rms,media,desvio_padrao,minimo,skewness,kurtosis,pico_a_pico,crest_factor,shape_factor,mean_abs
0.1889245776068409,0.0043644455351591,0.1888741582088293,-0.4996504590818363,-0.0023719813027969,0.2535164012131328,0.9989760479041916,2.644708620821307,1.3234783206989365,0.1427485245901639
