rms,media,desvio_padrao,minimo,skewness,kurtosis,pico_a_pico,crest_factor,shape_factor,mean_abs
0.3675849789161775,-0.003295302836949,0.3675702078569745,-0.9179209181636726,0.3041856843489358,-0.0748915605092186,1.883922634730539,2.62796842084004,1.248193612226672,0.2944935587840712
