rms,media,desvio_padrao,minimo,skewness,kurtosis,pico_a_pico,crest_factor,shape_factor,mean_abs
0.1534553709741513,0.0008296273568565,0.1534531283462906,-0.2979060279441118,0.3065432052994393,-0.2657816544871787,0.6758925748502995,2.463169223121277,1.2483985666985489,0.1229217776018211
