rms,media,desvio_padrao,minimo,skewness,kurtosis,pico_a_pico,crest_factor,shape_factor,mean_abs
0.1874018706999786,0.0172820326559994,0.1866033024604025,-0.3867580439121756,0.5058861060362281,0.4025623490311045,0.997839001996008,3.260805005848333,1.2687881680291582,0.1477014646117601
