rms,media,desvio_padrao,minimo,skewness,kurtosis,pico_a_pico,crest_factor,shape_factor,mean_abs
0.2415733295677714,0.0096076384935047,0.2413822007543995,-0.6307356087824351,0.6315176431774936,3.998572482899963,1.816024750499002,4.906539740282231,1.352442330230318,0.1786200595530251
