rms,media,desvio_padrao,minimo,skewness,kurtosis,pico_a_pico,crest_factor,shape_factor,mean_abs
0.2625782241717994,0.0102613733189359,0.2623776439158359,-0.5384724550898203,-0.2131853202552752,-0.5937245848957868,1.1087821956087824,2.171961297696265,1.2292785039891998,0.2136035270442721
