rms,media,desvio_padrao,minimo,skewness,kurtosis,pico_a_pico,crest_factor,shape_factor,mean_abs
0.4382021999385815,0.0161361178469507,0.4379050053742728,-1.4663019161676647,0.1071494619839082,3.171604808634127,3.0480952095808385,3.609733802420157,1.563580314769066,0.2802556388050345
