rms,media,desvio_padrao,minimo,skewness,kurtosis,pico_a_pico,crest_factor,shape_factor,mean_abs
0.3185669052015633,0.0163726622165505,0.318145892668198,-0.8212720159680639,0.1093443766235132,-0.0389982051643547,1.7135281836327343,2.800843882700632,1.270453327569176,0.2507505772062433
