rms,media,desvio_padrao,minimo,skewness,kurtosis,pico_a_pico,crest_factor,shape_factor,mean_abs
0.1859590459660262,0.0026735224632701,0.1859398264338036,-0.342413253493014,0.5330236564328741,-0.065018952685242,0.8981038323353294,2.988241717178078,1.2457906880378091,0.1492698956185988
