rms,media,desvio_padrao,minimo,skewness,kurtosis,pico_a_pico,crest_factor,shape_factor,mean_abs
0.1644251208392463,0.0049455456030088,0.164350728448916,-0.3882199600798403,0.1989209529981299,-0.0098157795850486,0.8891699001996007,3.046675213391053,1.2511734095218503,0.1314167321555236
