rms,media,desvio_padrao,minimo,skewness,kurtosis,pico_a_pico,crest_factor,shape_factor,mean_abs
0.2103602955626029,0.0175070452537547,0.2096305257248301,-0.6097814770459081,-0.0699943228428569,0.3722556498839022,1.155888383233533,2.8987479572371964,1.2709459926459596,0.1655147400281404
