rms,media,desvio_padrao,minimo,skewness,kurtosis,pico_a_pico,crest_factor,shape_factor,mean_abs
0.3297568383160527,0.0103625624161513,0.3295939770632508,-0.868865508982036,0.3996635108976901,2.1755289359923395,2.117666786427146,3.7870367869314863,1.39407605674949,0.2365414976604168
