rms,media,desvio_padrao,minimo,skewness,kurtosis,pico_a_pico,crest_factor,shape_factor,mean_abs
0.3762643064963905,0.0088721799376453,0.3761596905123723,-0.9479714171656688,0.1696745714561743,0.3260577972927025,2.2126913373253494,3.3612540395771324,1.2436784496026745,0.302541470117616
