rms,media,desvio_padrao,minimo,skewness,kurtosis,pico_a_pico,crest_factor,shape_factor,mean_abs
0.2665524706107942,0.0168293445895095,0.2660206622602948,-0.7525619560878244,0.5380381276968781,2.558801365701939,1.7929589620758484,3.9031602430995904,1.4446062547308138,0.1845156559013122
