rms,media,desvio_padrao,minimo,skewness,kurtosis,pico_a_pico,crest_factor,shape_factor,mean_abs
0.312224567884471,-0.0037145289586117,0.3122024712670614,-0.655750618762475,0.1693350874304821,-0.8104814834639225,1.3261203992015966,2.147075692926161,1.1922719342718684,0.2618736203625806
