rms,media,desvio_padrao,minimo,skewness,kurtosis,pico_a_pico,crest_factor,shape_factor,mean_abs
0.4494806444065915,-0.00861711651078,0.4493980362654073,-1.5127583632734531,-0.0924150442447803,1.5058698526714602,2.769031656686627,3.3655695347473986,1.3566882033006962,0.3313072549116642
