rms,media,desvio_padrao,minimo,skewness,kurtosis,pico_a_pico,crest_factor,shape_factor,mean_abs
0.3108453008859804,0.0074387300808219,0.3107562813165333,-0.8690279441117765,0.0427554340918114,1.6336953584552276,1.824146506986028,3.072649192868428,1.4275180073568317,0.2177522800301037
