rms,media,desvio_padrao,minimo,skewness,kurtosis,pico_a_pico,crest_factor,shape_factor,mean_abs
0.2644057968089877,0.0104025054808415,0.2642010849067746,-0.5256400798403195,0.1925674695215081,-0.5616025828735798,1.2208624351297406,2.6293763740424514,1.220309170945878,0.2166711544124864
