rms,media,desvio_padrao,minimo,skewness,kurtosis,pico_a_pico,crest_factor,shape_factor,mean_abs
0.4472947920613357,0.0058556532835967,0.4472564614735217,-1.5179562874251498,-0.0526989113065507,1.5175192415484675,3.130774690618763,3.605716927221575,1.3282197525476247,0.3367626412748273
