rms,media,desvio_padrao,minimo,skewness,kurtosis,pico_a_pico,crest_factor,shape_factor,mean_abs
0.254762131263332,0.0053217476522365,0.2547065419806902,-0.8209471457085828,-0.4390104143489156,1.4331822894300703,1.5041493013972056,3.2224064920387248,1.3899648711670658,0.1832867409443408
