rms,media,desvio_padrao,minimo,skewness,kurtosis,pico_a_pico,crest_factor,shape_factor,mean_abs
0.2273634228733035,0.0111637234621665,0.227089183668278,-0.5297009580838323,-0.2388808749082216,-0.5994006852282885,1.0098592015968064,2.3297545022402484,1.206842863041188,0.1883952168390491
