rms,media,desvio_padrao,minimo,skewness,kurtosis,pico_a_pico,crest_factor,shape_factor,mean_abs
0.4295360670316576,0.0039929750335394,0.4295175072466851,-1.3430136526946108,-0.1987854222499126,0.9136787249650468,2.456344031936128,3.12666096231595,1.361154238623915,0.315567519714669
