rms,media,desvio_padrao,minimo,skewness,kurtosis,pico_a_pico,crest_factor,shape_factor,mean_abs
0.5160234729081431,0.0088127715061679,0.5159482141170383,-1.3982415968063873,-0.1727956673731499,0.4964175814462455,2.8483,2.8100628737323667,1.287242021632458,0.4008752544092144
