rms,media,desvio_padrao,minimo,skewness,kurtosis,pico_a_pico,crest_factor,shape_factor,mean_abs
0.4010709009572714,0.0111315049240362,0.4009163967622221,-1.6431937724550898,-0.1913207026786866,2.9318103038051664,3.060927584830339,4.097015686087258,1.3663100911583492,0.2935431009056267
