rms,media,desvio_padrao,minimo,skewness,kurtosis,pico_a_pico,crest_factor,shape_factor,mean_abs
0.165265383549082,0.0106334600221045,0.1649229411803691,-0.3593065069860279,0.1983616506344903,-0.072008848860618,0.8159116566866267,2.762860194282561,1.2415491812158486,0.1331122327246333
