rms,media,desvio_padrao,minimo,skewness,kurtosis,pico_a_pico,crest_factor,shape_factor,mean_abs
0.2398423683403727,0.0028929562362877,0.2398249204218234,-0.6788164071856287,0.1741703771818903,1.0506246258113512,1.4367387225548902,3.160085186840945,1.364360471332749,0.1757910562346381
