rms,media,desvio_padrao,minimo,skewness,kurtosis,pico_a_pico,crest_factor,shape_factor,mean_abs
0.1576646604415079,0.0043777598900559,0.1576038716862025,-0.3199972055888224,0.4579298049426323,0.134988086445924,0.7959321357285429,3.0186531896682576,1.2463378111592114,0.1265023487451327
