rms,media,desvio_padrao,minimo,skewness,kurtosis,pico_a_pico,crest_factor,shape_factor,mean_abs
0.1963838356337197,0.0086929423120971,0.1961913444884111,-0.364341996007984,0.4876540662890188,-0.1351875033743992,0.9141849101796408,2.7998379418415165,1.2415119109510413,0.1581811933510029
