rms,media,desvio_padrao,minimo,skewness,kurtosis,pico_a_pico,crest_factor,shape_factor,mean_abs
0.2118300697802559,0.0024072353653349,0.211816391436083,-0.5030615968063872,0.2116086515056716,0.2103014258162394,1.194385508982036,3.2635777956019214,1.2666110271634856,0.1672416118582507
