rms,media,desvio_padrao,minimo,skewness,kurtosis,pico_a_pico,crest_factor,shape_factor,mean_abs
0.1617298423835811,0.0138509233991034,0.1611356380147178,-0.3797733333333333,0.2421919417268734,0.0591658385777025,0.8126629540918164,2.6766217933470884,1.2662519205734009,0.1277232750891659
