rms,media,desvio_padrao,minimo,skewness,kurtosis,pico_a_pico,crest_factor,shape_factor,mean_abs
0.2148084483925532,0.0151770331468211,0.2142716200659259,-0.5028991616766466,0.0633198289420538,-0.1871394449179364,1.0975741716566865,2.7683967480333767,1.260801787570668,0.1703744795654592
