rms,media,desvio_padrao,minimo,skewness,kurtosis,pico_a_pico,crest_factor,shape_factor,mean_abs
0.5269532754293036,0.00452554922941,0.5269338420426645,-1.358120119760479,0.0123813960416801,1.15880217778588,3.037861796407186,3.187648231768249,1.36652924862651,0.3856143408265436
