rms,media,desvio_padrao,minimo,skewness,kurtosis,pico_a_pico,crest_factor,shape_factor,mean_abs
0.2311950832534137,-0.0043065445967568,0.2311549700832519,-0.590289261477046,0.2565642307932457,0.1595275752965821,1.1545889021956088,2.5532085421990907,1.280771097551478,0.1805124145098233
