rms,media,desvio_padrao,minimo,skewness,kurtosis,pico_a_pico,crest_factor,shape_factor,mean_abs
0.4652348623151965,0.0267352246327018,0.4644660427601558,-1.3106890618762477,0.4764851546798457,2.3588488630167275,3.0682371656686627,3.77776526687219,1.4257063182637053,0.3263188612938058
