rms,media,desvio_padrao,minimo,skewness,kurtosis,pico_a_pico,crest_factor,shape_factor,mean_abs
0.4851382135800691,0.0033245944177219,0.4851268219214625,-1.733020399201597,-0.482055519908268,1.577749192512659,3.0095980838323357,3.572219937928209,1.3712692785643124,0.3537877068813193
