rms,media,desvio_padrao,minimo,skewness,kurtosis,pico_a_pico,crest_factor,shape_factor,mean_abs
0.46699110260553,0.0294786199501822,0.4660597610592029,-1.1885378443113772,0.5312137555272968,1.978119418109709,2.798757285429142,3.4480730620641524,1.3914760810702045,0.3356084297520661
