rms,media,desvio_padrao,minimo,skewness,kurtosis,pico_a_pico,crest_factor,shape_factor,mean_abs
0.1946626992631047,0.0146244874186054,0.194112572627692,-0.3878950898203592,0.4202638622204888,0.4189536656685053,1.0571278243512974,3.437909456019655,1.291541936597436,0.1507211603023461
