rms,media,desvio_padrao,minimo,skewness,kurtosis,pico_a_pico,crest_factor,shape_factor,mean_abs
0.3485517070339971,0.0009200219233663,0.3485504928069589,-0.8073025948103792,0.0642874779812873,0.2028528270762892,2.0127336926147708,3.458399639072248,1.2348123984015744,0.2822709809888419
