rms,media,desvio_padrao,minimo,skewness,kurtosis,pico_a_pico,crest_factor,shape_factor,mean_abs
0.3695031203766669,0.0037652995648048,0.3694839353575211,-1.0449451896207584,-0.2836960801861394,0.3366899453436378,2.0302766866267463,2.8279739249713347,1.3072425331688315,0.2826584287163377
