rms,media,desvio_padrao,minimo,skewness,kurtosis,pico_a_pico,crest_factor,shape_factor,mean_abs
0.3342064480234448,0.0127671349105068,0.3339624981440647,-0.8042163273453095,0.474573505191629,1.6926597235825662,2.086479241516966,3.8367390029581503,1.328043227257616,0.2516532904682438
