rms,media,desvio_padrao,minimo,skewness,kurtosis,pico_a_pico,crest_factor,shape_factor,mean_abs
0.4343726392179209,0.0114370308563201,0.4342220446112032,-1.365917005988024,-0.0279056933177697,0.7650585231435847,2.5781703792415174,3.1445742265151178,1.323697778492678,0.3281509165276005
