rms,media,desvio_padrao,minimo,skewness,kurtosis,pico_a_pico,crest_factor,shape_factor,mean_abs
0.3343042870818326,0.0091922306207257,0.3341778856500049,-0.8920937325349302,0.3201509567271663,1.7670448003716297,2.081931057884232,3.5591446814382235,1.427303975932978,0.2342208056019109
