rms,media,desvio_padrao,minimo,skewness,kurtosis,pico_a_pico,crest_factor,shape_factor,mean_abs
0.2303049521188569,0.004661355649357,0.2302577745353654,-0.5027367265469063,0.1152741675300845,0.0573359399077499,1.1469544510978045,2.797237830207086,1.2850748022728429,0.1792152112169104
