rms,media,desvio_padrao,minimo,skewness,kurtosis,pico_a_pico,crest_factor,shape_factor,mean_abs
0.257864599692787,0.0119933508190231,0.2575855417348829,-0.6414563273453094,-0.1378204026603459,-0.3995515345060174,1.2424663073852296,2.487570329969772,1.229275754307601,0.2097695320103594
