rms,media,desvio_padrao,minimo,skewness,kurtosis,pico_a_pico,crest_factor,shape_factor,mean_abs
0.4659352141060662,0.0022539552300357,0.4659297623353619,-1.633285229540918,-0.3511333432561682,1.040104742134373,2.6780679840319364,3.505391264909019,1.3481756646288967,0.3456042312070075
