rms,media,desvio_padrao,minimo,skewness,kurtosis,pico_a_pico,crest_factor,shape_factor,mean_abs
0.5880947896295036,-0.0003408474853571,0.5880946908554453,-1.508047744510978,0.4538969807756398,2.632975731470486,3.6388717764471057,3.6232662990919113,1.5517949117652667,0.3789771349105068
