rms,media,desvio_padrao,minimo,skewness,kurtosis,pico_a_pico,crest_factor,shape_factor,mean_abs
0.2725337224317939,-0.0036460645650847,0.2725093320892283,-0.8995657485029941,-0.2445991297629826,0.463036520423191,1.5476819161676647,3.3007502355167277,1.311865733565382,0.2077451338645023
