rms,media,desvio_padrao,minimo,skewness,kurtosis,pico_a_pico,crest_factor,shape_factor,mean_abs
0.2310914908845722,0.0038238827263505,0.2310598517271,-0.6931106986027944,-0.2538093361738057,-0.1997859210806303,1.1489036726546906,2.999291302114607,1.2491052200814468,0.185005624161513
