rms,media,desvio_padrao,minimo,skewness,kurtosis,pico_a_pico,crest_factor,shape_factor,mean_abs
0.2179919378814968,0.0019290849705547,0.217983402149124,-0.5974364071856287,0.3018848313412335,1.1684300871859978,1.4433985628742514,3.8807038641424367,1.267118015263046,0.1720375965424523
