rms,media,desvio_padrao,minimo,skewness,kurtosis,pico_a_pico,crest_factor,shape_factor,mean_abs
0.1842245837458786,0.002336669284382,0.1842097642173119,-0.3614181636726546,0.2879388841839883,-0.328041154833314,0.87325125748503,2.7783104914944654,1.2168375828667393,0.151396198095612
