rms,media,desvio_padrao,minimo,skewness,kurtosis,pico_a_pico,crest_factor,shape_factor,mean_abs
0.4823552270594814,0.0039091826264825,0.4823393860787202,-1.2262227944111777,0.2604292678423948,1.6461696990383716,2.891507744510978,3.4524036574697394,1.3908299053442974,0.3468110839478068
