rms,media,desvio_padrao,minimo,skewness,kurtosis,pico_a_pico,crest_factor,shape_factor,mean_abs
0.5828247793145336,0.0139095065606491,0.5826587757944387,-1.952470259481038,0.1784325497700142,2.285295981241965,4.079233413173653,3.649060968536588,1.4767764953030504,0.3946601135434049
