rms,media,desvio_padrao,minimo,skewness,kurtosis,pico_a_pico,crest_factor,shape_factor,mean_abs
0.4994772801263671,0.0262452563725009,0.4987872691642952,-1.381835648702595,-0.0820192421612356,2.0430669551629927,3.035100399201597,3.309989895998329,1.502960435593155,0.332328961094205
