rms,media,desvio_padrao,minimo,skewness,kurtosis,pico_a_pico,crest_factor,shape_factor,mean_abs
0.3153314256682164,0.0078653506210719,0.3152333172010177,-0.8555458283433134,-0.2369674754838971,0.0748180447728761,1.6261380838323354,2.71316386094514,1.3001511124069514,0.2425344428498375
