rms,media,desvio_padrao,minimo,skewness,kurtosis,pico_a_pico,crest_factor,shape_factor,mean_abs
0.2756534527772747,0.0105915693203756,0.2754498950578215,-0.5256400798403195,0.2862027053096569,-0.8394436976560846,1.1510153293413177,2.2687009475128725,1.1651787112866816,0.2365761149831484
