rms,media,desvio_padrao,minimo,skewness,kurtosis,pico_a_pico,crest_factor,shape_factor,mean_abs
0.2629494436712361,0.0200673957004024,0.262182588202985,-0.6606236726546907,0.4888841913575802,1.258664139434316,1.4762104590818366,3.1016866780173467,1.3581816323053295,0.1936040345538431
