rms,media,desvio_padrao,minimo,skewness,kurtosis,pico_a_pico,crest_factor,shape_factor,mean_abs
0.2872204272339559,0.0058276931383135,0.2871612992956082,-0.7934956087824351,0.1539620313846257,0.3869238311227088,1.6318233133732534,2.918760732529504,1.2814911512774143,0.2241298560256536
