rms,media,desvio_padrao,minimo,skewness,kurtosis,pico_a_pico,crest_factor,shape_factor,mean_abs
0.2877098301576539,0.0022740918163672,0.2877008426747423,-0.8025919760479041,-0.2611348969505759,0.3434956979179322,1.4096120558882237,2.789588300156844,1.2930691104625045,0.2225015104217794
