rms,media,desvio_padrao,minimo,skewness,kurtosis,pico_a_pico,crest_factor,shape_factor,mean_abs
0.3662975763846764,0.000786669306016,0.3662967316489334,-1.1960098602794411,-0.277461922769712,2.0956593095160194,2.559490339321357,3.722330058799034,1.3232770939184295,0.2768109401032645
