rms,media,desvio_padrao,minimo,skewness,kurtosis,pico_a_pico,crest_factor,shape_factor,mean_abs
0.2173492884657935,-0.0007155200343115,0.2173481107064591,-0.6369081437125749,-0.1331609792011345,0.0963799996476812,1.2637453093812376,2.930343817586555,1.2432045431132623,0.1748298698470826
