rms,media,desvio_padrao,minimo,skewness,kurtosis,pico_a_pico,crest_factor,shape_factor,mean_abs
0.4515389899247677,0.0101708357056379,0.4514244272559122,-1.207217884231537,-0.168615507707274,0.6789274124443301,2.480709301397206,2.8203354429655096,1.3419633983695451,0.336476382644547
