rms,media,desvio_padrao,minimo,skewness,kurtosis,pico_a_pico,crest_factor,shape_factor,mean_abs
0.1957479262638892,-0.0033426733310239,0.1957193837401269,-0.4871429540918163,-0.2159325009527069,-0.2976700716547005,0.9736361676646706,2.4886238306049555,1.2568969333706892,0.155739043565761
