rms,media,desvio_padrao,minimo,skewness,kurtosis,pico_a_pico,crest_factor,shape_factor,mean_abs
0.2034251952532271,-0.002011799024901,0.2034152470403754,-0.4536813173652695,-0.1471535995564257,-0.3678735226889413,0.8865709381237525,2.230212028556833,1.2840161854441856,0.1584288403520827
