rms,media,desvio_padrao,minimo,skewness,kurtosis,pico_a_pico,crest_factor,shape_factor,mean_abs
0.2800687653233869,0.0037719567422532,0.2800433638779911,-0.6898619960079839,0.2683728863802558,0.5934618484602607,1.5406972055888222,3.0379510853286504,1.2895237578576366,0.2171877513824809
