rms,media,desvio_padrao,minimo,skewness,kurtosis,pico_a_pico,crest_factor,shape_factor,mean_abs
0.4038013873791956,0.0232255606819148,0.4031328984099087,-0.8909566866267465,0.2249647382997106,-0.0143803409497196,2.0522054291417167,2.875791859091565,1.261407499565376,0.3201196976538726
