rms,media,desvio_padrao,minimo,skewness,kurtosis,pico_a_pico,crest_factor,shape_factor,mean_abs
0.171646414601189,0.0084040208108373,0.171440555527723,-0.398453373253493,0.3188660407415592,0.5045275469830917,0.9660017165668664,3.306496932266489,1.2632857525728556,0.1358729917214751
