rms,media,desvio_padrao,minimo,skewness,kurtosis,pico_a_pico,crest_factor,shape_factor,mean_abs
0.5992078232579439,0.0040502267595955,0.5991941347482627,-1.7192134131736527,0.3895534757001292,2.0882874239047373,3.897793373253493,3.635766883407357,1.4044640363314973,0.4266451883119007
