rms,media,desvio_padrao,minimo,skewness,kurtosis,pico_a_pico,crest_factor,shape_factor,mean_abs
0.2753635148839948,0.0221497608062563,0.2744712251320594,-0.7610085828343313,0.0563844985117282,0.3432623736960258,1.561001596806387,2.9052251686614223,1.2803628795541149,0.2150667746474264
