rms,media,desvio_padrao,minimo,skewness,kurtosis,pico_a_pico,crest_factor,shape_factor,mean_abs
0.1817334325094209,0.0146431275154608,0.181142538649049,-0.4476712175648702,0.5481169457759587,0.2207685957342713,1.029513852295409,3.201626837155439,1.2755528380668444,0.1424742488792905
