rms,media,desvio_padrao,minimo,skewness,kurtosis,pico_a_pico,crest_factor,shape_factor,mean_abs
0.4656358584501146,0.0182739520958083,0.4652771382191213,-1.5119461876247506,-0.3782107429669283,0.8167716203236726,2.5028004790419165,3.247057030052017,1.3242081094741216,0.3516334442590229
