rms,media,desvio_padrao,minimo,skewness,kurtosis,pico_a_pico,crest_factor,shape_factor,mean_abs
0.2398588803083266,0.0103652252871306,0.2396348150154964,-0.5121579640718563,-0.1504713028248148,-0.7259317089885755,0.9913415968063872,2.135247039482144,1.2023906469650685,0.1994849851117437
