rms,media,desvio_padrao,minimo,skewness,kurtosis,pico_a_pico,crest_factor,shape_factor,mean_abs
0.2384450878748474,0.0210413902772966,0.2375148833796362,-0.492990618762475,0.7804935241374915,1.5494118150911689,1.3758255489021955,3.702466416934928,1.3638378583456394,0.1748338971643489
