rms,media,desvio_padrao,minimo,skewness,kurtosis,pico_a_pico,crest_factor,shape_factor,mean_abs
0.2140232661337089,-9.397073621352464e-05,0.2140232455039431,-0.5707970459081837,0.2801747369382701,0.8599182736034465,1.2937958083832335,3.378131618752905,1.2837272997033824,0.1667201953118556
