rms,media,desvio_padrao,minimo,skewness,kurtosis,pico_a_pico,crest_factor,shape_factor,mean_abs
0.3238519973034426,0.0237061318684944,0.3229831814030919,-0.7928458682634731,0.0548947429966977,0.740799724171826,1.7862991217564872,3.067615027126632,1.3666137006996115,0.2369740601441745
