rms,media,desvio_padrao,minimo,skewness,kurtosis,pico_a_pico,crest_factor,shape_factor,mean_abs
0.3150590741557194,0.0200727214423611,0.3144189976158508,-0.942773493013972,-0.5879883060382348,0.7186730539601491,1.5869912175648704,2.9923705436524006,1.3000709960366823,0.2423398992179575
