rms,media,desvio_padrao,minimo,skewness,kurtosis,pico_a_pico,crest_factor,shape_factor,mean_abs
0.2171753362689246,-0.0033605431759431,0.2171493344062631,-0.711140998003992,-0.2334969682809973,0.6704054890312658,1.237918123752495,3.274501654844442,1.281614773024288,0.1694544576420928
