rms,media,desvio_padrao,minimo,skewness,kurtosis,pico_a_pico,crest_factor,shape_factor,mean_abs
0.2951717744336666,0.0054069595235758,0.2951222479092855,-0.6406441516966067,0.5951170897801062,1.8938131873591164,1.6612240718562874,3.457579648724284,1.406520703656045,0.2098595304473021
