rms,media,desvio_padrao,minimo,skewness,kurtosis,pico_a_pico,crest_factor,shape_factor,mean_abs
0.1447811576430428,0.0035292723643621,0.1447381354206201,-0.3264946107784431,0.2123995849047733,0.0259810501984674,0.7145521357285429,2.6803040621270178,1.2612924206040217,0.1147879391629963
