rms,media,desvio_padrao,minimo,skewness,kurtosis,pico_a_pico,crest_factor,shape_factor,mean_abs
0.1716017410617886,0.0089019776839763,0.1713706869005056,-0.4894170459081836,-0.056788533906996,1.377728137865173,1.0507928542914171,3.2713876031193587,1.349126555885693,0.1271946951997644
