rms,media,desvio_padrao,minimo,skewness,kurtosis,pico_a_pico,crest_factor,shape_factor,mean_abs
0.3218416737780712,-0.0002134478151135,0.3218416029979665,-0.8193227944111777,-0.286942257042782,0.1895648649282084,1.6272751297405192,2.545732455319472,1.2682114878799848,0.2537760277791524
