rms,media,desvio_padrao,minimo,skewness,kurtosis,pico_a_pico,crest_factor,shape_factor,mean_abs
0.3474233276004663,-0.002472475704329,0.3474145296686257,-0.9624281437125748,0.1166759759047592,1.0575611464276111,2.0340126946107784,3.084377086303532,1.3610345848607397,0.2552641435162461
