rms,media,desvio_padrao,minimo,skewness,kurtosis,pico_a_pico,crest_factor,shape_factor,mean_abs
0.4601370609884824,-0.0010430751719701,0.4601358787242134,-1.4997635528942117,-0.3892894435153169,0.9352938466669114,2.5360996806387224,3.259384387930778,1.3741534498678634,0.3348512941060029
