rms,media,desvio_padrao,minimo,skewness,kurtosis,pico_a_pico,crest_factor,shape_factor,mean_abs
0.1392150763320468,0.0153674284218448,0.1383643003879147,-0.3385148103792415,0.3677125734257381,0.4973497148991188,0.7356687025948103,2.8528080627438874,1.2851856774094843,0.1083229285690913
