rms,media,desvio_padrao,minimo,skewness,kurtosis,pico_a_pico,crest_factor,shape_factor,mean_abs
0.3148424192584936,0.0102560475769771,0.3146753286367392,-0.8539214770459083,-0.1333999372385126,-0.0926325289200571,1.6391328942115768,2.712218636411941,1.2501567503364546,0.2518423543077779
