rms,media,desvio_padrao,minimo,skewness,kurtosis,pico_a_pico,crest_factor,shape_factor,mean_abs
0.1710294228743185,0.005309346596064,0.1709469927417424,-0.3677531337325349,-0.1014266844268242,-0.7242525621508067,0.6970091417165669,2.1502331444033427,1.2219057073358808,0.139969411590043
