rms,media,desvio_padrao,minimo,skewness,kurtosis,pico_a_pico,crest_factor,shape_factor,mean_abs
0.2004880973448779,0.0080898020352737,0.2003248169348953,-0.4661888223552894,0.3627095402760358,0.8805816791186594,1.1182034331337325,3.252136258527373,1.3064864871307995,0.1534559287981414
