rms,media,desvio_padrao,minimo,skewness,kurtosis,pico_a_pico,crest_factor,shape_factor,mean_abs
0.2187460817154046,0.0024205497202316,0.2187326889262196,-0.5295385229540919,0.0249501248660446,-0.2040230638081843,1.01408251497006,2.420790895093782,1.2368884097957509,0.1768519132227348
