rms,media,desvio_padrao,minimo,skewness,kurtosis,pico_a_pico,crest_factor,shape_factor,mean_abs
0.399788150922008,0.0124768819737573,0.3995934096476707,-1.1199902195608782,0.1273414034054958,0.6340035749908703,2.3676544510978044,3.1208134324629464,1.3202155751964897,0.3028203563365073
