rms,media,desvio_padrao,minimo,skewness,kurtosis,pico_a_pico,crest_factor,shape_factor,mean_abs
0.313295821935271,0.0200367726841399,0.3126544414885244,-0.7523995209580838,0.4791635373157395,1.6036528910231995,1.8275576447105788,3.4317665556824117,1.405849059829565,0.2228516779555642
