rms,media,desvio_padrao,minimo,skewness,kurtosis,pico_a_pico,crest_factor,shape_factor,mean_abs
0.4115243517231512,0.0014246359739537,0.4115218857770527,-0.9063880239520958,0.29872495910439,-0.0979959121769256,2.166559760479042,3.0622045360142227,1.2419464278377268,0.3313543503157619
