rms,media,desvio_padrao,minimo,skewness,kurtosis,pico_a_pico,crest_factor,shape_factor,mean_abs
0.1890673881795045,0.0018413752822224,0.189058421156238,-0.4250927345309381,0.2062875373456722,-0.1447765836381993,0.9203574451097803,2.619514213147259,1.256894336804219,0.1504242501881483
