rms,media,desvio_padrao,minimo,skewness,kurtosis,pico_a_pico,crest_factor,shape_factor,mean_abs
0.2377907605948904,0.0213501512677125,0.2368303546109372,-0.6489283433133732,0.8639937438161753,2.0706096643475886,1.5208801197604789,3.6668866959578654,1.361914860472187,0.1746003127629039
