rms,media,desvio_padrao,minimo,skewness,kurtosis,pico_a_pico,crest_factor,shape_factor,mean_abs
0.2064113505201588,0.0069592042361557,0.2062940016092454,-0.5795685429141716,-0.1134280115337789,0.2097002810269481,1.0468944111776446,2.8078327158543,1.2944591585797771,0.159457599841639
