rms,media,desvio_padrao,minimo,skewness,kurtosis,pico_a_pico,crest_factor,shape_factor,mean_abs
0.2215480147836135,0.003570909983312,0.2215192349581663,-0.5784314970059881,-0.3943164723175402,-0.4271022639943962,0.985006626746507,2.6108629209381253,1.2438543455368165,0.178114114066948
