rms,media,desvio_padrao,minimo,skewness,kurtosis,pico_a_pico,crest_factor,shape_factor,mean_abs
0.4715713211050759,-0.0006124603252511,0.4715709233838921,-1.759984630738523,-0.0701544092431219,2.406591074449728,3.2110176447105787,3.732170621856713,1.450628807041564,0.3250806262884067
