rms,media,desvio_padrao,minimo,skewness,kurtosis,pico_a_pico,crest_factor,shape_factor,mean_abs
0.3743417687962814,-0.005971169066825,0.3742941423606627,-1.1414316566866267,0.1101979466050535,1.4536038620628124,2.352385548902196,3.234888524754969,1.4044985861775907,0.2665305415615051
