rms,media,desvio_padrao,minimo,skewness,kurtosis,pico_a_pico,crest_factor,shape_factor,mean_abs
0.206691235696473,0.0060500428650894,0.2066026715583938,-0.4479960878243513,0.1407816625539369,-0.2348538351240572,0.985331497005988,2.5997009857288584,1.2513856211302663,0.1651698982363142
