rms,media,desvio_padrao,minimo,skewness,kurtosis,pico_a_pico,crest_factor,shape_factor,mean_abs
0.3239562210164826,0.0079313612120022,0.3238591154261446,-0.8256577644710579,0.7266914965033551,2.823429036507468,2.021180319361277,3.690383074413602,1.4294480156906102,0.2266302918752658
