rms,media,desvio_padrao,minimo,skewness,kurtosis,pico_a_pico,crest_factor,shape_factor,mean_abs
0.4091451639174596,0.0279441680573279,0.4081897703625468,-1.4909920558882237,0.5146382795090143,5.43687886055312,3.3066919361277445,4.437788932550643,1.6010684677395963,0.2555450764045679
