rms,media,desvio_padrao,minimo,skewness,kurtosis,pico_a_pico,crest_factor,shape_factor,mean_abs
0.1873063871976353,0.0079969096517708,0.1871355982197184,-0.4452346906187625,0.2166334392812302,0.9635317408682162,1.091726506986028,3.4515203994892243,1.331046190432761,0.1407211774797512
