rms,media,desvio_padrao,minimo,skewness,kurtosis,pico_a_pico,crest_factor,shape_factor,mean_abs
0.5080870337441467,0.021078978571782,0.5076495942294212,-1.203806746506986,0.5733237004515762,1.277816468666094,2.832218922155689,3.2049866804290645,1.3838915941141097,0.3671436663862357
