rms,media,desvio_padrao,minimo,skewness,kurtosis,pico_a_pico,crest_factor,shape_factor,mean_abs
0.1692437024771057,0.0099498174143516,0.1689509750240588,-0.4106360079840319,0.1668025378098353,0.3253345175955129,0.891443992015968,2.8409209736886782,1.2788742725148063,0.1323380304963843
