rms,media,desvio_padrao,minimo,skewness,kurtosis,pico_a_pico,crest_factor,shape_factor,mean_abs
0.4277177280691274,-0.0044273641147457,0.4276948133326047,-1.4390128143712573,-0.2195383803977984,1.3112277932523917,2.661986906187624,3.364398340156443,1.3840557039831476,0.3090321631117929
